Consumption_ethylene_co2_per_tonneethylene,ConventionalSC_ethylene_co2_per_tonneethylene,ODHE_ethylene_co2_per_tonneethylene,ElectrifiedSC_ethylene_co2_per_tonneethylene,ElectrifiedReactor_ethylene_co2_per_tonneethylene,Time_Index,Load_tonneperhr_z1,Load_tonneperhr_z2,Load_tonneperhr_z3
0,0,2.42,1,0.4,1,4303.652968,4781.836631,5260.020294
,,,,,2,4303.652968,4781.836631,5260.020294
,,,,,3,4303.652968,4781.836631,5260.020294
,,,,,4,4303.652968,4781.836631,5260.020294
,,,,,5,4303.652968,4781.836631,5260.020294
,,,,,6,4303.652968,4781.836631,5260.020294
,,,,,7,4303.652968,4781.836631,5260.020294
,,,,,8,4303.652968,4781.836631,5260.020294
,,,,,9,4303.652968,4781.836631,5260.020294
,,,,,10,4303.652968,4781.836631,5260.020294
,,,,,11,4303.652968,4781.836631,5260.020294
,,,,,12,4303.652968,4781.836631,5260.020294
,,,,,13,4303.652968,4781.836631,5260.020294
,,,,,14,4303.652968,4781.836631,5260.020294
,,,,,15,4303.652968,4781.836631,5260.020294
,,,,,16,4303.652968,4781.836631,5260.020294
,,,,,17,4303.652968,4781.836631,5260.020294
,,,,,18,4303.652968,4781.836631,5260.020294
,,,,,19,4303.652968,4781.836631,5260.020294
,,,,,20,4303.652968,4781.836631,5260.020294
,,,,,21,4303.652968,4781.836631,5260.020294
,,,,,22,4303.652968,4781.836631,5260.020294
,,,,,23,4303.652968,4781.836631,5260.020294
,,,,,24,4303.652968,4781.836631,5260.020294
,,,,,25,4303.652968,4781.836631,5260.020294
,,,,,26,4303.652968,4781.836631,5260.020294
,,,,,27,4303.652968,4781.836631,5260.020294
,,,,,28,4303.652968,4781.836631,5260.020294
,,,,,29,4303.652968,4781.836631,5260.020294
,,,,,30,4303.652968,4781.836631,5260.020294
,,,,,31,4303.652968,4781.836631,5260.020294
,,,,,32,4303.652968,4781.836631,5260.020294
,,,,,33,4303.652968,4781.836631,5260.020294
,,,,,34,4303.652968,4781.836631,5260.020294
,,,,,35,4303.652968,4781.836631,5260.020294
,,,,,36,4303.652968,4781.836631,5260.020294
,,,,,37,4303.652968,4781.836631,5260.020294
,,,,,38,4303.652968,4781.836631,5260.020294
,,,,,39,4303.652968,4781.836631,5260.020294
,,,,,40,4303.652968,4781.836631,5260.020294
,,,,,41,4303.652968,4781.836631,5260.020294
,,,,,42,4303.652968,4781.836631,5260.020294
,,,,,43,4303.652968,4781.836631,5260.020294
,,,,,44,4303.652968,4781.836631,5260.020294
,,,,,45,4303.652968,4781.836631,5260.020294
,,,,,46,4303.652968,4781.836631,5260.020294
,,,,,47,4303.652968,4781.836631,5260.020294
,,,,,48,4303.652968,4781.836631,5260.020294
,,,,,49,4303.652968,4781.836631,5260.020294
,,,,,50,4303.652968,4781.836631,5260.020294
,,,,,51,4303.652968,4781.836631,5260.020294
,,,,,52,4303.652968,4781.836631,5260.020294
,,,,,53,4303.652968,4781.836631,5260.020294
,,,,,54,4303.652968,4781.836631,5260.020294
,,,,,55,4303.652968,4781.836631,5260.020294
,,,,,56,4303.652968,4781.836631,5260.020294
,,,,,57,4303.652968,4781.836631,5260.020294
,,,,,58,4303.652968,4781.836631,5260.020294
,,,,,59,4303.652968,4781.836631,5260.020294
,,,,,60,4303.652968,4781.836631,5260.020294
,,,,,61,4303.652968,4781.836631,5260.020294
,,,,,62,4303.652968,4781.836631,5260.020294
,,,,,63,4303.652968,4781.836631,5260.020294
,,,,,64,4303.652968,4781.836631,5260.020294
,,,,,65,4303.652968,4781.836631,5260.020294
,,,,,66,4303.652968,4781.836631,5260.020294
,,,,,67,4303.652968,4781.836631,5260.020294
,,,,,68,4303.652968,4781.836631,5260.020294
,,,,,69,4303.652968,4781.836631,5260.020294
,,,,,70,4303.652968,4781.836631,5260.020294
,,,,,71,4303.652968,4781.836631,5260.020294
,,,,,72,4303.652968,4781.836631,5260.020294
,,,,,73,4303.652968,4781.836631,5260.020294
,,,,,74,4303.652968,4781.836631,5260.020294
,,,,,75,4303.652968,4781.836631,5260.020294
,,,,,76,4303.652968,4781.836631,5260.020294
,,,,,77,4303.652968,4781.836631,5260.020294
,,,,,78,4303.652968,4781.836631,5260.020294
,,,,,79,4303.652968,4781.836631,5260.020294
,,,,,80,4303.652968,4781.836631,5260.020294
,,,,,81,4303.652968,4781.836631,5260.020294
,,,,,82,4303.652968,4781.836631,5260.020294
,,,,,83,4303.652968,4781.836631,5260.020294
,,,,,84,4303.652968,4781.836631,5260.020294
,,,,,85,4303.652968,4781.836631,5260.020294
,,,,,86,4303.652968,4781.836631,5260.020294
,,,,,87,4303.652968,4781.836631,5260.020294
,,,,,88,4303.652968,4781.836631,5260.020294
,,,,,89,4303.652968,4781.836631,5260.020294
,,,,,90,4303.652968,4781.836631,5260.020294
,,,,,91,4303.652968,4781.836631,5260.020294
,,,,,92,4303.652968,4781.836631,5260.020294
,,,,,93,4303.652968,4781.836631,5260.020294
,,,,,94,4303.652968,4781.836631,5260.020294
,,,,,95,4303.652968,4781.836631,5260.020294
,,,,,96,4303.652968,4781.836631,5260.020294
,,,,,97,4303.652968,4781.836631,5260.020294
,,,,,98,4303.652968,4781.836631,5260.020294
,,,,,99,4303.652968,4781.836631,5260.020294
,,,,,100,4303.652968,4781.836631,5260.020294
,,,,,101,4303.652968,4781.836631,5260.020294
,,,,,102,4303.652968,4781.836631,5260.020294
,,,,,103,4303.652968,4781.836631,5260.020294
,,,,,104,4303.652968,4781.836631,5260.020294
,,,,,105,4303.652968,4781.836631,5260.020294
,,,,,106,4303.652968,4781.836631,5260.020294
,,,,,107,4303.652968,4781.836631,5260.020294
,,,,,108,4303.652968,4781.836631,5260.020294
,,,,,109,4303.652968,4781.836631,5260.020294
,,,,,110,4303.652968,4781.836631,5260.020294
,,,,,111,4303.652968,4781.836631,5260.020294
,,,,,112,4303.652968,4781.836631,5260.020294
,,,,,113,4303.652968,4781.836631,5260.020294
,,,,,114,4303.652968,4781.836631,5260.020294
,,,,,115,4303.652968,4781.836631,5260.020294
,,,,,116,4303.652968,4781.836631,5260.020294
,,,,,117,4303.652968,4781.836631,5260.020294
,,,,,118,4303.652968,4781.836631,5260.020294
,,,,,119,4303.652968,4781.836631,5260.020294
,,,,,120,4303.652968,4781.836631,5260.020294
,,,,,121,4303.652968,4781.836631,5260.020294
,,,,,122,4303.652968,4781.836631,5260.020294
,,,,,123,4303.652968,4781.836631,5260.020294
,,,,,124,4303.652968,4781.836631,5260.020294
,,,,,125,4303.652968,4781.836631,5260.020294
,,,,,126,4303.652968,4781.836631,5260.020294
,,,,,127,4303.652968,4781.836631,5260.020294
,,,,,128,4303.652968,4781.836631,5260.020294
,,,,,129,4303.652968,4781.836631,5260.020294
,,,,,130,4303.652968,4781.836631,5260.020294
,,,,,131,4303.652968,4781.836631,5260.020294
,,,,,132,4303.652968,4781.836631,5260.020294
,,,,,133,4303.652968,4781.836631,5260.020294
,,,,,134,4303.652968,4781.836631,5260.020294
,,,,,135,4303.652968,4781.836631,5260.020294
,,,,,136,4303.652968,4781.836631,5260.020294
,,,,,137,4303.652968,4781.836631,5260.020294
,,,,,138,4303.652968,4781.836631,5260.020294
,,,,,139,4303.652968,4781.836631,5260.020294
,,,,,140,4303.652968,4781.836631,5260.020294
,,,,,141,4303.652968,4781.836631,5260.020294
,,,,,142,4303.652968,4781.836631,5260.020294
,,,,,143,4303.652968,4781.836631,5260.020294
,,,,,144,4303.652968,4781.836631,5260.020294
,,,,,145,4303.652968,4781.836631,5260.020294
,,,,,146,4303.652968,4781.836631,5260.020294
,,,,,147,4303.652968,4781.836631,5260.020294
,,,,,148,4303.652968,4781.836631,5260.020294
,,,,,149,4303.652968,4781.836631,5260.020294
,,,,,150,4303.652968,4781.836631,5260.020294
,,,,,151,4303.652968,4781.836631,5260.020294
,,,,,152,4303.652968,4781.836631,5260.020294
,,,,,153,4303.652968,4781.836631,5260.020294
,,,,,154,4303.652968,4781.836631,5260.020294
,,,,,155,4303.652968,4781.836631,5260.020294
,,,,,156,4303.652968,4781.836631,5260.020294
,,,,,157,4303.652968,4781.836631,5260.020294
,,,,,158,4303.652968,4781.836631,5260.020294
,,,,,159,4303.652968,4781.836631,5260.020294
,,,,,160,4303.652968,4781.836631,5260.020294
,,,,,161,4303.652968,4781.836631,5260.020294
,,,,,162,4303.652968,4781.836631,5260.020294
,,,,,163,4303.652968,4781.836631,5260.020294
,,,,,164,4303.652968,4781.836631,5260.020294
,,,,,165,4303.652968,4781.836631,5260.020294
,,,,,166,4303.652968,4781.836631,5260.020294
,,,,,167,4303.652968,4781.836631,5260.020294
,,,,,168,4303.652968,4781.836631,5260.020294
,,,,,169,4303.652968,4781.836631,5260.020294
,,,,,170,4303.652968,4781.836631,5260.020294
,,,,,171,4303.652968,4781.836631,5260.020294
,,,,,172,4303.652968,4781.836631,5260.020294
,,,,,173,4303.652968,4781.836631,5260.020294
,,,,,174,4303.652968,4781.836631,5260.020294
,,,,,175,4303.652968,4781.836631,5260.020294
,,,,,176,4303.652968,4781.836631,5260.020294
,,,,,177,4303.652968,4781.836631,5260.020294
,,,,,178,4303.652968,4781.836631,5260.020294
,,,,,179,4303.652968,4781.836631,5260.020294
,,,,,180,4303.652968,4781.836631,5260.020294
,,,,,181,4303.652968,4781.836631,5260.020294
,,,,,182,4303.652968,4781.836631,5260.020294
,,,,,183,4303.652968,4781.836631,5260.020294
,,,,,184,4303.652968,4781.836631,5260.020294
,,,,,185,4303.652968,4781.836631,5260.020294
,,,,,186,4303.652968,4781.836631,5260.020294
,,,,,187,4303.652968,4781.836631,5260.020294
,,,,,188,4303.652968,4781.836631,5260.020294
,,,,,189,4303.652968,4781.836631,5260.020294
,,,,,190,4303.652968,4781.836631,5260.020294
,,,,,191,4303.652968,4781.836631,5260.020294
,,,,,192,4303.652968,4781.836631,5260.020294
,,,,,193,4303.652968,4781.836631,5260.020294
,,,,,194,4303.652968,4781.836631,5260.020294
,,,,,195,4303.652968,4781.836631,5260.020294
,,,,,196,4303.652968,4781.836631,5260.020294
,,,,,197,4303.652968,4781.836631,5260.020294
,,,,,198,4303.652968,4781.836631,5260.020294
,,,,,199,4303.652968,4781.836631,5260.020294
,,,,,200,4303.652968,4781.836631,5260.020294
,,,,,201,4303.652968,4781.836631,5260.020294
,,,,,202,4303.652968,4781.836631,5260.020294
,,,,,203,4303.652968,4781.836631,5260.020294
,,,,,204,4303.652968,4781.836631,5260.020294
,,,,,205,4303.652968,4781.836631,5260.020294
,,,,,206,4303.652968,4781.836631,5260.020294
,,,,,207,4303.652968,4781.836631,5260.020294
,,,,,208,4303.652968,4781.836631,5260.020294
,,,,,209,4303.652968,4781.836631,5260.020294
,,,,,210,4303.652968,4781.836631,5260.020294
,,,,,211,4303.652968,4781.836631,5260.020294
,,,,,212,4303.652968,4781.836631,5260.020294
,,,,,213,4303.652968,4781.836631,5260.020294
,,,,,214,4303.652968,4781.836631,5260.020294
,,,,,215,4303.652968,4781.836631,5260.020294
,,,,,216,4303.652968,4781.836631,5260.020294
,,,,,217,4303.652968,4781.836631,5260.020294
,,,,,218,4303.652968,4781.836631,5260.020294
,,,,,219,4303.652968,4781.836631,5260.020294
,,,,,220,4303.652968,4781.836631,5260.020294
,,,,,221,4303.652968,4781.836631,5260.020294
,,,,,222,4303.652968,4781.836631,5260.020294
,,,,,223,4303.652968,4781.836631,5260.020294
,,,,,224,4303.652968,4781.836631,5260.020294
,,,,,225,4303.652968,4781.836631,5260.020294
,,,,,226,4303.652968,4781.836631,5260.020294
,,,,,227,4303.652968,4781.836631,5260.020294
,,,,,228,4303.652968,4781.836631,5260.020294
,,,,,229,4303.652968,4781.836631,5260.020294
,,,,,230,4303.652968,4781.836631,5260.020294
,,,,,231,4303.652968,4781.836631,5260.020294
,,,,,232,4303.652968,4781.836631,5260.020294
,,,,,233,4303.652968,4781.836631,5260.020294
,,,,,234,4303.652968,4781.836631,5260.020294
,,,,,235,4303.652968,4781.836631,5260.020294
,,,,,236,4303.652968,4781.836631,5260.020294
,,,,,237,4303.652968,4781.836631,5260.020294
,,,,,238,4303.652968,4781.836631,5260.020294
,,,,,239,4303.652968,4781.836631,5260.020294
,,,,,240,4303.652968,4781.836631,5260.020294
,,,,,241,4303.652968,4781.836631,5260.020294
,,,,,242,4303.652968,4781.836631,5260.020294
,,,,,243,4303.652968,4781.836631,5260.020294
,,,,,244,4303.652968,4781.836631,5260.020294
,,,,,245,4303.652968,4781.836631,5260.020294
,,,,,246,4303.652968,4781.836631,5260.020294
,,,,,247,4303.652968,4781.836631,5260.020294
,,,,,248,4303.652968,4781.836631,5260.020294
,,,,,249,4303.652968,4781.836631,5260.020294
,,,,,250,4303.652968,4781.836631,5260.020294
,,,,,251,4303.652968,4781.836631,5260.020294
,,,,,252,4303.652968,4781.836631,5260.020294
,,,,,253,4303.652968,4781.836631,5260.020294
,,,,,254,4303.652968,4781.836631,5260.020294
,,,,,255,4303.652968,4781.836631,5260.020294
,,,,,256,4303.652968,4781.836631,5260.020294
,,,,,257,4303.652968,4781.836631,5260.020294
,,,,,258,4303.652968,4781.836631,5260.020294
,,,,,259,4303.652968,4781.836631,5260.020294
,,,,,260,4303.652968,4781.836631,5260.020294
,,,,,261,4303.652968,4781.836631,5260.020294
,,,,,262,4303.652968,4781.836631,5260.020294
,,,,,263,4303.652968,4781.836631,5260.020294
,,,,,264,4303.652968,4781.836631,5260.020294
,,,,,265,4303.652968,4781.836631,5260.020294
,,,,,266,4303.652968,4781.836631,5260.020294
,,,,,267,4303.652968,4781.836631,5260.020294
,,,,,268,4303.652968,4781.836631,5260.020294
,,,,,269,4303.652968,4781.836631,5260.020294
,,,,,270,4303.652968,4781.836631,5260.020294
,,,,,271,4303.652968,4781.836631,5260.020294
,,,,,272,4303.652968,4781.836631,5260.020294
,,,,,273,4303.652968,4781.836631,5260.020294
,,,,,274,4303.652968,4781.836631,5260.020294
,,,,,275,4303.652968,4781.836631,5260.020294
,,,,,276,4303.652968,4781.836631,5260.020294
,,,,,277,4303.652968,4781.836631,5260.020294
,,,,,278,4303.652968,4781.836631,5260.020294
,,,,,279,4303.652968,4781.836631,5260.020294
,,,,,280,4303.652968,4781.836631,5260.020294
,,,,,281,4303.652968,4781.836631,5260.020294
,,,,,282,4303.652968,4781.836631,5260.020294
,,,,,283,4303.652968,4781.836631,5260.020294
,,,,,284,4303.652968,4781.836631,5260.020294
,,,,,285,4303.652968,4781.836631,5260.020294
,,,,,286,4303.652968,4781.836631,5260.020294
,,,,,287,4303.652968,4781.836631,5260.020294
,,,,,288,4303.652968,4781.836631,5260.020294
,,,,,289,4303.652968,4781.836631,5260.020294
,,,,,290,4303.652968,4781.836631,5260.020294
,,,,,291,4303.652968,4781.836631,5260.020294
,,,,,292,4303.652968,4781.836631,5260.020294
,,,,,293,4303.652968,4781.836631,5260.020294
,,,,,294,4303.652968,4781.836631,5260.020294
,,,,,295,4303.652968,4781.836631,5260.020294
,,,,,296,4303.652968,4781.836631,5260.020294
,,,,,297,4303.652968,4781.836631,5260.020294
,,,,,298,4303.652968,4781.836631,5260.020294
,,,,,299,4303.652968,4781.836631,5260.020294
,,,,,300,4303.652968,4781.836631,5260.020294
,,,,,301,4303.652968,4781.836631,5260.020294
,,,,,302,4303.652968,4781.836631,5260.020294
,,,,,303,4303.652968,4781.836631,5260.020294
,,,,,304,4303.652968,4781.836631,5260.020294
,,,,,305,4303.652968,4781.836631,5260.020294
,,,,,306,4303.652968,4781.836631,5260.020294
,,,,,307,4303.652968,4781.836631,5260.020294
,,,,,308,4303.652968,4781.836631,5260.020294
,,,,,309,4303.652968,4781.836631,5260.020294
,,,,,310,4303.652968,4781.836631,5260.020294
,,,,,311,4303.652968,4781.836631,5260.020294
,,,,,312,4303.652968,4781.836631,5260.020294
,,,,,313,4303.652968,4781.836631,5260.020294
,,,,,314,4303.652968,4781.836631,5260.020294
,,,,,315,4303.652968,4781.836631,5260.020294
,,,,,316,4303.652968,4781.836631,5260.020294
,,,,,317,4303.652968,4781.836631,5260.020294
,,,,,318,4303.652968,4781.836631,5260.020294
,,,,,319,4303.652968,4781.836631,5260.020294
,,,,,320,4303.652968,4781.836631,5260.020294
,,,,,321,4303.652968,4781.836631,5260.020294
,,,,,322,4303.652968,4781.836631,5260.020294
,,,,,323,4303.652968,4781.836631,5260.020294
,,,,,324,4303.652968,4781.836631,5260.020294
,,,,,325,4303.652968,4781.836631,5260.020294
,,,,,326,4303.652968,4781.836631,5260.020294
,,,,,327,4303.652968,4781.836631,5260.020294
,,,,,328,4303.652968,4781.836631,5260.020294
,,,,,329,4303.652968,4781.836631,5260.020294
,,,,,330,4303.652968,4781.836631,5260.020294
,,,,,331,4303.652968,4781.836631,5260.020294
,,,,,332,4303.652968,4781.836631,5260.020294
,,,,,333,4303.652968,4781.836631,5260.020294
,,,,,334,4303.652968,4781.836631,5260.020294
,,,,,335,4303.652968,4781.836631,5260.020294
,,,,,336,4303.652968,4781.836631,5260.020294
,,,,,337,4303.652968,4781.836631,5260.020294
,,,,,338,4303.652968,4781.836631,5260.020294
,,,,,339,4303.652968,4781.836631,5260.020294
,,,,,340,4303.652968,4781.836631,5260.020294
,,,,,341,4303.652968,4781.836631,5260.020294
,,,,,342,4303.652968,4781.836631,5260.020294
,,,,,343,4303.652968,4781.836631,5260.020294
,,,,,344,4303.652968,4781.836631,5260.020294
,,,,,345,4303.652968,4781.836631,5260.020294
,,,,,346,4303.652968,4781.836631,5260.020294
,,,,,347,4303.652968,4781.836631,5260.020294
,,,,,348,4303.652968,4781.836631,5260.020294
,,,,,349,4303.652968,4781.836631,5260.020294
,,,,,350,4303.652968,4781.836631,5260.020294
,,,,,351,4303.652968,4781.836631,5260.020294
,,,,,352,4303.652968,4781.836631,5260.020294
,,,,,353,4303.652968,4781.836631,5260.020294
,,,,,354,4303.652968,4781.836631,5260.020294
,,,,,355,4303.652968,4781.836631,5260.020294
,,,,,356,4303.652968,4781.836631,5260.020294
,,,,,357,4303.652968,4781.836631,5260.020294
,,,,,358,4303.652968,4781.836631,5260.020294
,,,,,359,4303.652968,4781.836631,5260.020294
,,,,,360,4303.652968,4781.836631,5260.020294
,,,,,361,4303.652968,4781.836631,5260.020294
,,,,,362,4303.652968,4781.836631,5260.020294
,,,,,363,4303.652968,4781.836631,5260.020294
,,,,,364,4303.652968,4781.836631,5260.020294
,,,,,365,4303.652968,4781.836631,5260.020294
,,,,,366,4303.652968,4781.836631,5260.020294
,,,,,367,4303.652968,4781.836631,5260.020294
,,,,,368,4303.652968,4781.836631,5260.020294
,,,,,369,4303.652968,4781.836631,5260.020294
,,,,,370,4303.652968,4781.836631,5260.020294
,,,,,371,4303.652968,4781.836631,5260.020294
,,,,,372,4303.652968,4781.836631,5260.020294
,,,,,373,4303.652968,4781.836631,5260.020294
,,,,,374,4303.652968,4781.836631,5260.020294
,,,,,375,4303.652968,4781.836631,5260.020294
,,,,,376,4303.652968,4781.836631,5260.020294
,,,,,377,4303.652968,4781.836631,5260.020294
,,,,,378,4303.652968,4781.836631,5260.020294
,,,,,379,4303.652968,4781.836631,5260.020294
,,,,,380,4303.652968,4781.836631,5260.020294
,,,,,381,4303.652968,4781.836631,5260.020294
,,,,,382,4303.652968,4781.836631,5260.020294
,,,,,383,4303.652968,4781.836631,5260.020294
,,,,,384,4303.652968,4781.836631,5260.020294
,,,,,385,4303.652968,4781.836631,5260.020294
,,,,,386,4303.652968,4781.836631,5260.020294
,,,,,387,4303.652968,4781.836631,5260.020294
,,,,,388,4303.652968,4781.836631,5260.020294
,,,,,389,4303.652968,4781.836631,5260.020294
,,,,,390,4303.652968,4781.836631,5260.020294
,,,,,391,4303.652968,4781.836631,5260.020294
,,,,,392,4303.652968,4781.836631,5260.020294
,,,,,393,4303.652968,4781.836631,5260.020294
,,,,,394,4303.652968,4781.836631,5260.020294
,,,,,395,4303.652968,4781.836631,5260.020294
,,,,,396,4303.652968,4781.836631,5260.020294
,,,,,397,4303.652968,4781.836631,5260.020294
,,,,,398,4303.652968,4781.836631,5260.020294
,,,,,399,4303.652968,4781.836631,5260.020294
,,,,,400,4303.652968,4781.836631,5260.020294
,,,,,401,4303.652968,4781.836631,5260.020294
,,,,,402,4303.652968,4781.836631,5260.020294
,,,,,403,4303.652968,4781.836631,5260.020294
,,,,,404,4303.652968,4781.836631,5260.020294
,,,,,405,4303.652968,4781.836631,5260.020294
,,,,,406,4303.652968,4781.836631,5260.020294
,,,,,407,4303.652968,4781.836631,5260.020294
,,,,,408,4303.652968,4781.836631,5260.020294
,,,,,409,4303.652968,4781.836631,5260.020294
,,,,,410,4303.652968,4781.836631,5260.020294
,,,,,411,4303.652968,4781.836631,5260.020294
,,,,,412,4303.652968,4781.836631,5260.020294
,,,,,413,4303.652968,4781.836631,5260.020294
,,,,,414,4303.652968,4781.836631,5260.020294
,,,,,415,4303.652968,4781.836631,5260.020294
,,,,,416,4303.652968,4781.836631,5260.020294
,,,,,417,4303.652968,4781.836631,5260.020294
,,,,,418,4303.652968,4781.836631,5260.020294
,,,,,419,4303.652968,4781.836631,5260.020294
,,,,,420,4303.652968,4781.836631,5260.020294
,,,,,421,4303.652968,4781.836631,5260.020294
,,,,,422,4303.652968,4781.836631,5260.020294
,,,,,423,4303.652968,4781.836631,5260.020294
,,,,,424,4303.652968,4781.836631,5260.020294
,,,,,425,4303.652968,4781.836631,5260.020294
,,,,,426,4303.652968,4781.836631,5260.020294
,,,,,427,4303.652968,4781.836631,5260.020294
,,,,,428,4303.652968,4781.836631,5260.020294
,,,,,429,4303.652968,4781.836631,5260.020294
,,,,,430,4303.652968,4781.836631,5260.020294
,,,,,431,4303.652968,4781.836631,5260.020294
,,,,,432,4303.652968,4781.836631,5260.020294
,,,,,433,4303.652968,4781.836631,5260.020294
,,,,,434,4303.652968,4781.836631,5260.020294
,,,,,435,4303.652968,4781.836631,5260.020294
,,,,,436,4303.652968,4781.836631,5260.020294
,,,,,437,4303.652968,4781.836631,5260.020294
,,,,,438,4303.652968,4781.836631,5260.020294
,,,,,439,4303.652968,4781.836631,5260.020294
,,,,,440,4303.652968,4781.836631,5260.020294
,,,,,441,4303.652968,4781.836631,5260.020294
,,,,,442,4303.652968,4781.836631,5260.020294
,,,,,443,4303.652968,4781.836631,5260.020294
,,,,,444,4303.652968,4781.836631,5260.020294
,,,,,445,4303.652968,4781.836631,5260.020294
,,,,,446,4303.652968,4781.836631,5260.020294
,,,,,447,4303.652968,4781.836631,5260.020294
,,,,,448,4303.652968,4781.836631,5260.020294
,,,,,449,4303.652968,4781.836631,5260.020294
,,,,,450,4303.652968,4781.836631,5260.020294
,,,,,451,4303.652968,4781.836631,5260.020294
,,,,,452,4303.652968,4781.836631,5260.020294
,,,,,453,4303.652968,4781.836631,5260.020294
,,,,,454,4303.652968,4781.836631,5260.020294
,,,,,455,4303.652968,4781.836631,5260.020294
,,,,,456,4303.652968,4781.836631,5260.020294
,,,,,457,4303.652968,4781.836631,5260.020294
,,,,,458,4303.652968,4781.836631,5260.020294
,,,,,459,4303.652968,4781.836631,5260.020294
,,,,,460,4303.652968,4781.836631,5260.020294
,,,,,461,4303.652968,4781.836631,5260.020294
,,,,,462,4303.652968,4781.836631,5260.020294
,,,,,463,4303.652968,4781.836631,5260.020294
,,,,,464,4303.652968,4781.836631,5260.020294
,,,,,465,4303.652968,4781.836631,5260.020294
,,,,,466,4303.652968,4781.836631,5260.020294
,,,,,467,4303.652968,4781.836631,5260.020294
,,,,,468,4303.652968,4781.836631,5260.020294
,,,,,469,4303.652968,4781.836631,5260.020294
,,,,,470,4303.652968,4781.836631,5260.020294
,,,,,471,4303.652968,4781.836631,5260.020294
,,,,,472,4303.652968,4781.836631,5260.020294
,,,,,473,4303.652968,4781.836631,5260.020294
,,,,,474,4303.652968,4781.836631,5260.020294
,,,,,475,4303.652968,4781.836631,5260.020294
,,,,,476,4303.652968,4781.836631,5260.020294
,,,,,477,4303.652968,4781.836631,5260.020294
,,,,,478,4303.652968,4781.836631,5260.020294
,,,,,479,4303.652968,4781.836631,5260.020294
,,,,,480,4303.652968,4781.836631,5260.020294
,,,,,481,4303.652968,4781.836631,5260.020294
,,,,,482,4303.652968,4781.836631,5260.020294
,,,,,483,4303.652968,4781.836631,5260.020294
,,,,,484,4303.652968,4781.836631,5260.020294
,,,,,485,4303.652968,4781.836631,5260.020294
,,,,,486,4303.652968,4781.836631,5260.020294
,,,,,487,4303.652968,4781.836631,5260.020294
,,,,,488,4303.652968,4781.836631,5260.020294
,,,,,489,4303.652968,4781.836631,5260.020294
,,,,,490,4303.652968,4781.836631,5260.020294
,,,,,491,4303.652968,4781.836631,5260.020294
,,,,,492,4303.652968,4781.836631,5260.020294
,,,,,493,4303.652968,4781.836631,5260.020294
,,,,,494,4303.652968,4781.836631,5260.020294
,,,,,495,4303.652968,4781.836631,5260.020294
,,,,,496,4303.652968,4781.836631,5260.020294
,,,,,497,4303.652968,4781.836631,5260.020294
,,,,,498,4303.652968,4781.836631,5260.020294
,,,,,499,4303.652968,4781.836631,5260.020294
,,,,,500,4303.652968,4781.836631,5260.020294
,,,,,501,4303.652968,4781.836631,5260.020294
,,,,,502,4303.652968,4781.836631,5260.020294
,,,,,503,4303.652968,4781.836631,5260.020294
,,,,,504,4303.652968,4781.836631,5260.020294
,,,,,505,4303.652968,4781.836631,5260.020294
,,,,,506,4303.652968,4781.836631,5260.020294
,,,,,507,4303.652968,4781.836631,5260.020294
,,,,,508,4303.652968,4781.836631,5260.020294
,,,,,509,4303.652968,4781.836631,5260.020294
,,,,,510,4303.652968,4781.836631,5260.020294
,,,,,511,4303.652968,4781.836631,5260.020294
,,,,,512,4303.652968,4781.836631,5260.020294
,,,,,513,4303.652968,4781.836631,5260.020294
,,,,,514,4303.652968,4781.836631,5260.020294
,,,,,515,4303.652968,4781.836631,5260.020294
,,,,,516,4303.652968,4781.836631,5260.020294
,,,,,517,4303.652968,4781.836631,5260.020294
,,,,,518,4303.652968,4781.836631,5260.020294
,,,,,519,4303.652968,4781.836631,5260.020294
,,,,,520,4303.652968,4781.836631,5260.020294
,,,,,521,4303.652968,4781.836631,5260.020294
,,,,,522,4303.652968,4781.836631,5260.020294
,,,,,523,4303.652968,4781.836631,5260.020294
,,,,,524,4303.652968,4781.836631,5260.020294
,,,,,525,4303.652968,4781.836631,5260.020294
,,,,,526,4303.652968,4781.836631,5260.020294
,,,,,527,4303.652968,4781.836631,5260.020294
,,,,,528,4303.652968,4781.836631,5260.020294
,,,,,529,4303.652968,4781.836631,5260.020294
,,,,,530,4303.652968,4781.836631,5260.020294
,,,,,531,4303.652968,4781.836631,5260.020294
,,,,,532,4303.652968,4781.836631,5260.020294
,,,,,533,4303.652968,4781.836631,5260.020294
,,,,,534,4303.652968,4781.836631,5260.020294
,,,,,535,4303.652968,4781.836631,5260.020294
,,,,,536,4303.652968,4781.836631,5260.020294
,,,,,537,4303.652968,4781.836631,5260.020294
,,,,,538,4303.652968,4781.836631,5260.020294
,,,,,539,4303.652968,4781.836631,5260.020294
,,,,,540,4303.652968,4781.836631,5260.020294
,,,,,541,4303.652968,4781.836631,5260.020294
,,,,,542,4303.652968,4781.836631,5260.020294
,,,,,543,4303.652968,4781.836631,5260.020294
,,,,,544,4303.652968,4781.836631,5260.020294
,,,,,545,4303.652968,4781.836631,5260.020294
,,,,,546,4303.652968,4781.836631,5260.020294
,,,,,547,4303.652968,4781.836631,5260.020294
,,,,,548,4303.652968,4781.836631,5260.020294
,,,,,549,4303.652968,4781.836631,5260.020294
,,,,,550,4303.652968,4781.836631,5260.020294
,,,,,551,4303.652968,4781.836631,5260.020294
,,,,,552,4303.652968,4781.836631,5260.020294
,,,,,553,4303.652968,4781.836631,5260.020294
,,,,,554,4303.652968,4781.836631,5260.020294
,,,,,555,4303.652968,4781.836631,5260.020294
,,,,,556,4303.652968,4781.836631,5260.020294
,,,,,557,4303.652968,4781.836631,5260.020294
,,,,,558,4303.652968,4781.836631,5260.020294
,,,,,559,4303.652968,4781.836631,5260.020294
,,,,,560,4303.652968,4781.836631,5260.020294
,,,,,561,4303.652968,4781.836631,5260.020294
,,,,,562,4303.652968,4781.836631,5260.020294
,,,,,563,4303.652968,4781.836631,5260.020294
,,,,,564,4303.652968,4781.836631,5260.020294
,,,,,565,4303.652968,4781.836631,5260.020294
,,,,,566,4303.652968,4781.836631,5260.020294
,,,,,567,4303.652968,4781.836631,5260.020294
,,,,,568,4303.652968,4781.836631,5260.020294
,,,,,569,4303.652968,4781.836631,5260.020294
,,,,,570,4303.652968,4781.836631,5260.020294
,,,,,571,4303.652968,4781.836631,5260.020294
,,,,,572,4303.652968,4781.836631,5260.020294
,,,,,573,4303.652968,4781.836631,5260.020294
,,,,,574,4303.652968,4781.836631,5260.020294
,,,,,575,4303.652968,4781.836631,5260.020294
,,,,,576,4303.652968,4781.836631,5260.020294
,,,,,577,4303.652968,4781.836631,5260.020294
,,,,,578,4303.652968,4781.836631,5260.020294
,,,,,579,4303.652968,4781.836631,5260.020294
,,,,,580,4303.652968,4781.836631,5260.020294
,,,,,581,4303.652968,4781.836631,5260.020294
,,,,,582,4303.652968,4781.836631,5260.020294
,,,,,583,4303.652968,4781.836631,5260.020294
,,,,,584,4303.652968,4781.836631,5260.020294
,,,,,585,4303.652968,4781.836631,5260.020294
,,,,,586,4303.652968,4781.836631,5260.020294
,,,,,587,4303.652968,4781.836631,5260.020294
,,,,,588,4303.652968,4781.836631,5260.020294
,,,,,589,4303.652968,4781.836631,5260.020294
,,,,,590,4303.652968,4781.836631,5260.020294
,,,,,591,4303.652968,4781.836631,5260.020294
,,,,,592,4303.652968,4781.836631,5260.020294
,,,,,593,4303.652968,4781.836631,5260.020294
,,,,,594,4303.652968,4781.836631,5260.020294
,,,,,595,4303.652968,4781.836631,5260.020294
,,,,,596,4303.652968,4781.836631,5260.020294
,,,,,597,4303.652968,4781.836631,5260.020294
,,,,,598,4303.652968,4781.836631,5260.020294
,,,,,599,4303.652968,4781.836631,5260.020294
,,,,,600,4303.652968,4781.836631,5260.020294
,,,,,601,4303.652968,4781.836631,5260.020294
,,,,,602,4303.652968,4781.836631,5260.020294
,,,,,603,4303.652968,4781.836631,5260.020294
,,,,,604,4303.652968,4781.836631,5260.020294
,,,,,605,4303.652968,4781.836631,5260.020294
,,,,,606,4303.652968,4781.836631,5260.020294
,,,,,607,4303.652968,4781.836631,5260.020294
,,,,,608,4303.652968,4781.836631,5260.020294
,,,,,609,4303.652968,4781.836631,5260.020294
,,,,,610,4303.652968,4781.836631,5260.020294
,,,,,611,4303.652968,4781.836631,5260.020294
,,,,,612,4303.652968,4781.836631,5260.020294
,,,,,613,4303.652968,4781.836631,5260.020294
,,,,,614,4303.652968,4781.836631,5260.020294
,,,,,615,4303.652968,4781.836631,5260.020294
,,,,,616,4303.652968,4781.836631,5260.020294
,,,,,617,4303.652968,4781.836631,5260.020294
,,,,,618,4303.652968,4781.836631,5260.020294
,,,,,619,4303.652968,4781.836631,5260.020294
,,,,,620,4303.652968,4781.836631,5260.020294
,,,,,621,4303.652968,4781.836631,5260.020294
,,,,,622,4303.652968,4781.836631,5260.020294
,,,,,623,4303.652968,4781.836631,5260.020294
,,,,,624,4303.652968,4781.836631,5260.020294
,,,,,625,4303.652968,4781.836631,5260.020294
,,,,,626,4303.652968,4781.836631,5260.020294
,,,,,627,4303.652968,4781.836631,5260.020294
,,,,,628,4303.652968,4781.836631,5260.020294
,,,,,629,4303.652968,4781.836631,5260.020294
,,,,,630,4303.652968,4781.836631,5260.020294
,,,,,631,4303.652968,4781.836631,5260.020294
,,,,,632,4303.652968,4781.836631,5260.020294
,,,,,633,4303.652968,4781.836631,5260.020294
,,,,,634,4303.652968,4781.836631,5260.020294
,,,,,635,4303.652968,4781.836631,5260.020294
,,,,,636,4303.652968,4781.836631,5260.020294
,,,,,637,4303.652968,4781.836631,5260.020294
,,,,,638,4303.652968,4781.836631,5260.020294
,,,,,639,4303.652968,4781.836631,5260.020294
,,,,,640,4303.652968,4781.836631,5260.020294
,,,,,641,4303.652968,4781.836631,5260.020294
,,,,,642,4303.652968,4781.836631,5260.020294
,,,,,643,4303.652968,4781.836631,5260.020294
,,,,,644,4303.652968,4781.836631,5260.020294
,,,,,645,4303.652968,4781.836631,5260.020294
,,,,,646,4303.652968,4781.836631,5260.020294
,,,,,647,4303.652968,4781.836631,5260.020294
,,,,,648,4303.652968,4781.836631,5260.020294
,,,,,649,4303.652968,4781.836631,5260.020294
,,,,,650,4303.652968,4781.836631,5260.020294
,,,,,651,4303.652968,4781.836631,5260.020294
,,,,,652,4303.652968,4781.836631,5260.020294
,,,,,653,4303.652968,4781.836631,5260.020294
,,,,,654,4303.652968,4781.836631,5260.020294
,,,,,655,4303.652968,4781.836631,5260.020294
,,,,,656,4303.652968,4781.836631,5260.020294
,,,,,657,4303.652968,4781.836631,5260.020294
,,,,,658,4303.652968,4781.836631,5260.020294
,,,,,659,4303.652968,4781.836631,5260.020294
,,,,,660,4303.652968,4781.836631,5260.020294
,,,,,661,4303.652968,4781.836631,5260.020294
,,,,,662,4303.652968,4781.836631,5260.020294
,,,,,663,4303.652968,4781.836631,5260.020294
,,,,,664,4303.652968,4781.836631,5260.020294
,,,,,665,4303.652968,4781.836631,5260.020294
,,,,,666,4303.652968,4781.836631,5260.020294
,,,,,667,4303.652968,4781.836631,5260.020294
,,,,,668,4303.652968,4781.836631,5260.020294
,,,,,669,4303.652968,4781.836631,5260.020294
,,,,,670,4303.652968,4781.836631,5260.020294
,,,,,671,4303.652968,4781.836631,5260.020294
,,,,,672,4303.652968,4781.836631,5260.020294
,,,,,673,4303.652968,4781.836631,5260.020294
,,,,,674,4303.652968,4781.836631,5260.020294
,,,,,675,4303.652968,4781.836631,5260.020294
,,,,,676,4303.652968,4781.836631,5260.020294
,,,,,677,4303.652968,4781.836631,5260.020294
,,,,,678,4303.652968,4781.836631,5260.020294
,,,,,679,4303.652968,4781.836631,5260.020294
,,,,,680,4303.652968,4781.836631,5260.020294
,,,,,681,4303.652968,4781.836631,5260.020294
,,,,,682,4303.652968,4781.836631,5260.020294
,,,,,683,4303.652968,4781.836631,5260.020294
,,,,,684,4303.652968,4781.836631,5260.020294
,,,,,685,4303.652968,4781.836631,5260.020294
,,,,,686,4303.652968,4781.836631,5260.020294
,,,,,687,4303.652968,4781.836631,5260.020294
,,,,,688,4303.652968,4781.836631,5260.020294
,,,,,689,4303.652968,4781.836631,5260.020294
,,,,,690,4303.652968,4781.836631,5260.020294
,,,,,691,4303.652968,4781.836631,5260.020294
,,,,,692,4303.652968,4781.836631,5260.020294
,,,,,693,4303.652968,4781.836631,5260.020294
,,,,,694,4303.652968,4781.836631,5260.020294
,,,,,695,4303.652968,4781.836631,5260.020294
,,,,,696,4303.652968,4781.836631,5260.020294
,,,,,697,4303.652968,4781.836631,5260.020294
,,,,,698,4303.652968,4781.836631,5260.020294
,,,,,699,4303.652968,4781.836631,5260.020294
,,,,,700,4303.652968,4781.836631,5260.020294
,,,,,701,4303.652968,4781.836631,5260.020294
,,,,,702,4303.652968,4781.836631,5260.020294
,,,,,703,4303.652968,4781.836631,5260.020294
,,,,,704,4303.652968,4781.836631,5260.020294
,,,,,705,4303.652968,4781.836631,5260.020294
,,,,,706,4303.652968,4781.836631,5260.020294
,,,,,707,4303.652968,4781.836631,5260.020294
,,,,,708,4303.652968,4781.836631,5260.020294
,,,,,709,4303.652968,4781.836631,5260.020294
,,,,,710,4303.652968,4781.836631,5260.020294
,,,,,711,4303.652968,4781.836631,5260.020294
,,,,,712,4303.652968,4781.836631,5260.020294
,,,,,713,4303.652968,4781.836631,5260.020294
,,,,,714,4303.652968,4781.836631,5260.020294
,,,,,715,4303.652968,4781.836631,5260.020294
,,,,,716,4303.652968,4781.836631,5260.020294
,,,,,717,4303.652968,4781.836631,5260.020294
,,,,,718,4303.652968,4781.836631,5260.020294
,,,,,719,4303.652968,4781.836631,5260.020294
,,,,,720,4303.652968,4781.836631,5260.020294
,,,,,721,4303.652968,4781.836631,5260.020294
,,,,,722,4303.652968,4781.836631,5260.020294
,,,,,723,4303.652968,4781.836631,5260.020294
,,,,,724,4303.652968,4781.836631,5260.020294
,,,,,725,4303.652968,4781.836631,5260.020294
,,,,,726,4303.652968,4781.836631,5260.020294
,,,,,727,4303.652968,4781.836631,5260.020294
,,,,,728,4303.652968,4781.836631,5260.020294
,,,,,729,4303.652968,4781.836631,5260.020294
,,,,,730,4303.652968,4781.836631,5260.020294
,,,,,731,4303.652968,4781.836631,5260.020294
,,,,,732,4303.652968,4781.836631,5260.020294
,,,,,733,4303.652968,4781.836631,5260.020294
,,,,,734,4303.652968,4781.836631,5260.020294
,,,,,735,4303.652968,4781.836631,5260.020294
,,,,,736,4303.652968,4781.836631,5260.020294
,,,,,737,4303.652968,4781.836631,5260.020294
,,,,,738,4303.652968,4781.836631,5260.020294
,,,,,739,4303.652968,4781.836631,5260.020294
,,,,,740,4303.652968,4781.836631,5260.020294
,,,,,741,4303.652968,4781.836631,5260.020294
,,,,,742,4303.652968,4781.836631,5260.020294
,,,,,743,4303.652968,4781.836631,5260.020294
,,,,,744,4303.652968,4781.836631,5260.020294
,,,,,745,4303.652968,4781.836631,5260.020294
,,,,,746,4303.652968,4781.836631,5260.020294
,,,,,747,4303.652968,4781.836631,5260.020294
,,,,,748,4303.652968,4781.836631,5260.020294
,,,,,749,4303.652968,4781.836631,5260.020294
,,,,,750,4303.652968,4781.836631,5260.020294
,,,,,751,4303.652968,4781.836631,5260.020294
,,,,,752,4303.652968,4781.836631,5260.020294
,,,,,753,4303.652968,4781.836631,5260.020294
,,,,,754,4303.652968,4781.836631,5260.020294
,,,,,755,4303.652968,4781.836631,5260.020294
,,,,,756,4303.652968,4781.836631,5260.020294
,,,,,757,4303.652968,4781.836631,5260.020294
,,,,,758,4303.652968,4781.836631,5260.020294
,,,,,759,4303.652968,4781.836631,5260.020294
,,,,,760,4303.652968,4781.836631,5260.020294
,,,,,761,4303.652968,4781.836631,5260.020294
,,,,,762,4303.652968,4781.836631,5260.020294
,,,,,763,4303.652968,4781.836631,5260.020294
,,,,,764,4303.652968,4781.836631,5260.020294
,,,,,765,4303.652968,4781.836631,5260.020294
,,,,,766,4303.652968,4781.836631,5260.020294
,,,,,767,4303.652968,4781.836631,5260.020294
,,,,,768,4303.652968,4781.836631,5260.020294
,,,,,769,4303.652968,4781.836631,5260.020294
,,,,,770,4303.652968,4781.836631,5260.020294
,,,,,771,4303.652968,4781.836631,5260.020294
,,,,,772,4303.652968,4781.836631,5260.020294
,,,,,773,4303.652968,4781.836631,5260.020294
,,,,,774,4303.652968,4781.836631,5260.020294
,,,,,775,4303.652968,4781.836631,5260.020294
,,,,,776,4303.652968,4781.836631,5260.020294
,,,,,777,4303.652968,4781.836631,5260.020294
,,,,,778,4303.652968,4781.836631,5260.020294
,,,,,779,4303.652968,4781.836631,5260.020294
,,,,,780,4303.652968,4781.836631,5260.020294
,,,,,781,4303.652968,4781.836631,5260.020294
,,,,,782,4303.652968,4781.836631,5260.020294
,,,,,783,4303.652968,4781.836631,5260.020294
,,,,,784,4303.652968,4781.836631,5260.020294
,,,,,785,4303.652968,4781.836631,5260.020294
,,,,,786,4303.652968,4781.836631,5260.020294
,,,,,787,4303.652968,4781.836631,5260.020294
,,,,,788,4303.652968,4781.836631,5260.020294
,,,,,789,4303.652968,4781.836631,5260.020294
,,,,,790,4303.652968,4781.836631,5260.020294
,,,,,791,4303.652968,4781.836631,5260.020294
,,,,,792,4303.652968,4781.836631,5260.020294
,,,,,793,4303.652968,4781.836631,5260.020294
,,,,,794,4303.652968,4781.836631,5260.020294
,,,,,795,4303.652968,4781.836631,5260.020294
,,,,,796,4303.652968,4781.836631,5260.020294
,,,,,797,4303.652968,4781.836631,5260.020294
,,,,,798,4303.652968,4781.836631,5260.020294
,,,,,799,4303.652968,4781.836631,5260.020294
,,,,,800,4303.652968,4781.836631,5260.020294
,,,,,801,4303.652968,4781.836631,5260.020294
,,,,,802,4303.652968,4781.836631,5260.020294
,,,,,803,4303.652968,4781.836631,5260.020294
,,,,,804,4303.652968,4781.836631,5260.020294
,,,,,805,4303.652968,4781.836631,5260.020294
,,,,,806,4303.652968,4781.836631,5260.020294
,,,,,807,4303.652968,4781.836631,5260.020294
,,,,,808,4303.652968,4781.836631,5260.020294
,,,,,809,4303.652968,4781.836631,5260.020294
,,,,,810,4303.652968,4781.836631,5260.020294
,,,,,811,4303.652968,4781.836631,5260.020294
,,,,,812,4303.652968,4781.836631,5260.020294
,,,,,813,4303.652968,4781.836631,5260.020294
,,,,,814,4303.652968,4781.836631,5260.020294
,,,,,815,4303.652968,4781.836631,5260.020294
,,,,,816,4303.652968,4781.836631,5260.020294
,,,,,817,4303.652968,4781.836631,5260.020294
,,,,,818,4303.652968,4781.836631,5260.020294
,,,,,819,4303.652968,4781.836631,5260.020294
,,,,,820,4303.652968,4781.836631,5260.020294
,,,,,821,4303.652968,4781.836631,5260.020294
,,,,,822,4303.652968,4781.836631,5260.020294
,,,,,823,4303.652968,4781.836631,5260.020294
,,,,,824,4303.652968,4781.836631,5260.020294
,,,,,825,4303.652968,4781.836631,5260.020294
,,,,,826,4303.652968,4781.836631,5260.020294
,,,,,827,4303.652968,4781.836631,5260.020294
,,,,,828,4303.652968,4781.836631,5260.020294
,,,,,829,4303.652968,4781.836631,5260.020294
,,,,,830,4303.652968,4781.836631,5260.020294
,,,,,831,4303.652968,4781.836631,5260.020294
,,,,,832,4303.652968,4781.836631,5260.020294
,,,,,833,4303.652968,4781.836631,5260.020294
,,,,,834,4303.652968,4781.836631,5260.020294
,,,,,835,4303.652968,4781.836631,5260.020294
,,,,,836,4303.652968,4781.836631,5260.020294
,,,,,837,4303.652968,4781.836631,5260.020294
,,,,,838,4303.652968,4781.836631,5260.020294
,,,,,839,4303.652968,4781.836631,5260.020294
,,,,,840,4303.652968,4781.836631,5260.020294
,,,,,841,4303.652968,4781.836631,5260.020294
,,,,,842,4303.652968,4781.836631,5260.020294
,,,,,843,4303.652968,4781.836631,5260.020294
,,,,,844,4303.652968,4781.836631,5260.020294
,,,,,845,4303.652968,4781.836631,5260.020294
,,,,,846,4303.652968,4781.836631,5260.020294
,,,,,847,4303.652968,4781.836631,5260.020294
,,,,,848,4303.652968,4781.836631,5260.020294
,,,,,849,4303.652968,4781.836631,5260.020294
,,,,,850,4303.652968,4781.836631,5260.020294
,,,,,851,4303.652968,4781.836631,5260.020294
,,,,,852,4303.652968,4781.836631,5260.020294
,,,,,853,4303.652968,4781.836631,5260.020294
,,,,,854,4303.652968,4781.836631,5260.020294
,,,,,855,4303.652968,4781.836631,5260.020294
,,,,,856,4303.652968,4781.836631,5260.020294
,,,,,857,4303.652968,4781.836631,5260.020294
,,,,,858,4303.652968,4781.836631,5260.020294
,,,,,859,4303.652968,4781.836631,5260.020294
,,,,,860,4303.652968,4781.836631,5260.020294
,,,,,861,4303.652968,4781.836631,5260.020294
,,,,,862,4303.652968,4781.836631,5260.020294
,,,,,863,4303.652968,4781.836631,5260.020294
,,,,,864,4303.652968,4781.836631,5260.020294
,,,,,865,4303.652968,4781.836631,5260.020294
,,,,,866,4303.652968,4781.836631,5260.020294
,,,,,867,4303.652968,4781.836631,5260.020294
,,,,,868,4303.652968,4781.836631,5260.020294
,,,,,869,4303.652968,4781.836631,5260.020294
,,,,,870,4303.652968,4781.836631,5260.020294
,,,,,871,4303.652968,4781.836631,5260.020294
,,,,,872,4303.652968,4781.836631,5260.020294
,,,,,873,4303.652968,4781.836631,5260.020294
,,,,,874,4303.652968,4781.836631,5260.020294
,,,,,875,4303.652968,4781.836631,5260.020294
,,,,,876,4303.652968,4781.836631,5260.020294
,,,,,877,4303.652968,4781.836631,5260.020294
,,,,,878,4303.652968,4781.836631,5260.020294
,,,,,879,4303.652968,4781.836631,5260.020294
,,,,,880,4303.652968,4781.836631,5260.020294
,,,,,881,4303.652968,4781.836631,5260.020294
,,,,,882,4303.652968,4781.836631,5260.020294
,,,,,883,4303.652968,4781.836631,5260.020294
,,,,,884,4303.652968,4781.836631,5260.020294
,,,,,885,4303.652968,4781.836631,5260.020294
,,,,,886,4303.652968,4781.836631,5260.020294
,,,,,887,4303.652968,4781.836631,5260.020294
,,,,,888,4303.652968,4781.836631,5260.020294
,,,,,889,4303.652968,4781.836631,5260.020294
,,,,,890,4303.652968,4781.836631,5260.020294
,,,,,891,4303.652968,4781.836631,5260.020294
,,,,,892,4303.652968,4781.836631,5260.020294
,,,,,893,4303.652968,4781.836631,5260.020294
,,,,,894,4303.652968,4781.836631,5260.020294
,,,,,895,4303.652968,4781.836631,5260.020294
,,,,,896,4303.652968,4781.836631,5260.020294
,,,,,897,4303.652968,4781.836631,5260.020294
,,,,,898,4303.652968,4781.836631,5260.020294
,,,,,899,4303.652968,4781.836631,5260.020294
,,,,,900,4303.652968,4781.836631,5260.020294
,,,,,901,4303.652968,4781.836631,5260.020294
,,,,,902,4303.652968,4781.836631,5260.020294
,,,,,903,4303.652968,4781.836631,5260.020294
,,,,,904,4303.652968,4781.836631,5260.020294
,,,,,905,4303.652968,4781.836631,5260.020294
,,,,,906,4303.652968,4781.836631,5260.020294
,,,,,907,4303.652968,4781.836631,5260.020294
,,,,,908,4303.652968,4781.836631,5260.020294
,,,,,909,4303.652968,4781.836631,5260.020294
,,,,,910,4303.652968,4781.836631,5260.020294
,,,,,911,4303.652968,4781.836631,5260.020294
,,,,,912,4303.652968,4781.836631,5260.020294
,,,,,913,4303.652968,4781.836631,5260.020294
,,,,,914,4303.652968,4781.836631,5260.020294
,,,,,915,4303.652968,4781.836631,5260.020294
,,,,,916,4303.652968,4781.836631,5260.020294
,,,,,917,4303.652968,4781.836631,5260.020294
,,,,,918,4303.652968,4781.836631,5260.020294
,,,,,919,4303.652968,4781.836631,5260.020294
,,,,,920,4303.652968,4781.836631,5260.020294
,,,,,921,4303.652968,4781.836631,5260.020294
,,,,,922,4303.652968,4781.836631,5260.020294
,,,,,923,4303.652968,4781.836631,5260.020294
,,,,,924,4303.652968,4781.836631,5260.020294
,,,,,925,4303.652968,4781.836631,5260.020294
,,,,,926,4303.652968,4781.836631,5260.020294
,,,,,927,4303.652968,4781.836631,5260.020294
,,,,,928,4303.652968,4781.836631,5260.020294
,,,,,929,4303.652968,4781.836631,5260.020294
,,,,,930,4303.652968,4781.836631,5260.020294
,,,,,931,4303.652968,4781.836631,5260.020294
,,,,,932,4303.652968,4781.836631,5260.020294
,,,,,933,4303.652968,4781.836631,5260.020294
,,,,,934,4303.652968,4781.836631,5260.020294
,,,,,935,4303.652968,4781.836631,5260.020294
,,,,,936,4303.652968,4781.836631,5260.020294
,,,,,937,4303.652968,4781.836631,5260.020294
,,,,,938,4303.652968,4781.836631,5260.020294
,,,,,939,4303.652968,4781.836631,5260.020294
,,,,,940,4303.652968,4781.836631,5260.020294
,,,,,941,4303.652968,4781.836631,5260.020294
,,,,,942,4303.652968,4781.836631,5260.020294
,,,,,943,4303.652968,4781.836631,5260.020294
,,,,,944,4303.652968,4781.836631,5260.020294
,,,,,945,4303.652968,4781.836631,5260.020294
,,,,,946,4303.652968,4781.836631,5260.020294
,,,,,947,4303.652968,4781.836631,5260.020294
,,,,,948,4303.652968,4781.836631,5260.020294
,,,,,949,4303.652968,4781.836631,5260.020294
,,,,,950,4303.652968,4781.836631,5260.020294
,,,,,951,4303.652968,4781.836631,5260.020294
,,,,,952,4303.652968,4781.836631,5260.020294
,,,,,953,4303.652968,4781.836631,5260.020294
,,,,,954,4303.652968,4781.836631,5260.020294
,,,,,955,4303.652968,4781.836631,5260.020294
,,,,,956,4303.652968,4781.836631,5260.020294
,,,,,957,4303.652968,4781.836631,5260.020294
,,,,,958,4303.652968,4781.836631,5260.020294
,,,,,959,4303.652968,4781.836631,5260.020294
,,,,,960,4303.652968,4781.836631,5260.020294
,,,,,961,4303.652968,4781.836631,5260.020294
,,,,,962,4303.652968,4781.836631,5260.020294
,,,,,963,4303.652968,4781.836631,5260.020294
,,,,,964,4303.652968,4781.836631,5260.020294
,,,,,965,4303.652968,4781.836631,5260.020294
,,,,,966,4303.652968,4781.836631,5260.020294
,,,,,967,4303.652968,4781.836631,5260.020294
,,,,,968,4303.652968,4781.836631,5260.020294
,,,,,969,4303.652968,4781.836631,5260.020294
,,,,,970,4303.652968,4781.836631,5260.020294
,,,,,971,4303.652968,4781.836631,5260.020294
,,,,,972,4303.652968,4781.836631,5260.020294
,,,,,973,4303.652968,4781.836631,5260.020294
,,,,,974,4303.652968,4781.836631,5260.020294
,,,,,975,4303.652968,4781.836631,5260.020294
,,,,,976,4303.652968,4781.836631,5260.020294
,,,,,977,4303.652968,4781.836631,5260.020294
,,,,,978,4303.652968,4781.836631,5260.020294
,,,,,979,4303.652968,4781.836631,5260.020294
,,,,,980,4303.652968,4781.836631,5260.020294
,,,,,981,4303.652968,4781.836631,5260.020294
,,,,,982,4303.652968,4781.836631,5260.020294
,,,,,983,4303.652968,4781.836631,5260.020294
,,,,,984,4303.652968,4781.836631,5260.020294
,,,,,985,4303.652968,4781.836631,5260.020294
,,,,,986,4303.652968,4781.836631,5260.020294
,,,,,987,4303.652968,4781.836631,5260.020294
,,,,,988,4303.652968,4781.836631,5260.020294
,,,,,989,4303.652968,4781.836631,5260.020294
,,,,,990,4303.652968,4781.836631,5260.020294
,,,,,991,4303.652968,4781.836631,5260.020294
,,,,,992,4303.652968,4781.836631,5260.020294
,,,,,993,4303.652968,4781.836631,5260.020294
,,,,,994,4303.652968,4781.836631,5260.020294
,,,,,995,4303.652968,4781.836631,5260.020294
,,,,,996,4303.652968,4781.836631,5260.020294
,,,,,997,4303.652968,4781.836631,5260.020294
,,,,,998,4303.652968,4781.836631,5260.020294
,,,,,999,4303.652968,4781.836631,5260.020294
,,,,,1000,4303.652968,4781.836631,5260.020294
,,,,,1001,4303.652968,4781.836631,5260.020294
,,,,,1002,4303.652968,4781.836631,5260.020294
,,,,,1003,4303.652968,4781.836631,5260.020294
,,,,,1004,4303.652968,4781.836631,5260.020294
,,,,,1005,4303.652968,4781.836631,5260.020294
,,,,,1006,4303.652968,4781.836631,5260.020294
,,,,,1007,4303.652968,4781.836631,5260.020294
,,,,,1008,4303.652968,4781.836631,5260.020294
,,,,,1009,4303.652968,4781.836631,5260.020294
,,,,,1010,4303.652968,4781.836631,5260.020294
,,,,,1011,4303.652968,4781.836631,5260.020294
,,,,,1012,4303.652968,4781.836631,5260.020294
,,,,,1013,4303.652968,4781.836631,5260.020294
,,,,,1014,4303.652968,4781.836631,5260.020294
,,,,,1015,4303.652968,4781.836631,5260.020294
,,,,,1016,4303.652968,4781.836631,5260.020294
,,,,,1017,4303.652968,4781.836631,5260.020294
,,,,,1018,4303.652968,4781.836631,5260.020294
,,,,,1019,4303.652968,4781.836631,5260.020294
,,,,,1020,4303.652968,4781.836631,5260.020294
,,,,,1021,4303.652968,4781.836631,5260.020294
,,,,,1022,4303.652968,4781.836631,5260.020294
,,,,,1023,4303.652968,4781.836631,5260.020294
,,,,,1024,4303.652968,4781.836631,5260.020294
,,,,,1025,4303.652968,4781.836631,5260.020294
,,,,,1026,4303.652968,4781.836631,5260.020294
,,,,,1027,4303.652968,4781.836631,5260.020294
,,,,,1028,4303.652968,4781.836631,5260.020294
,,,,,1029,4303.652968,4781.836631,5260.020294
,,,,,1030,4303.652968,4781.836631,5260.020294
,,,,,1031,4303.652968,4781.836631,5260.020294
,,,,,1032,4303.652968,4781.836631,5260.020294
,,,,,1033,4303.652968,4781.836631,5260.020294
,,,,,1034,4303.652968,4781.836631,5260.020294
,,,,,1035,4303.652968,4781.836631,5260.020294
,,,,,1036,4303.652968,4781.836631,5260.020294
,,,,,1037,4303.652968,4781.836631,5260.020294
,,,,,1038,4303.652968,4781.836631,5260.020294
,,,,,1039,4303.652968,4781.836631,5260.020294
,,,,,1040,4303.652968,4781.836631,5260.020294
,,,,,1041,4303.652968,4781.836631,5260.020294
,,,,,1042,4303.652968,4781.836631,5260.020294
,,,,,1043,4303.652968,4781.836631,5260.020294
,,,,,1044,4303.652968,4781.836631,5260.020294
,,,,,1045,4303.652968,4781.836631,5260.020294
,,,,,1046,4303.652968,4781.836631,5260.020294
,,,,,1047,4303.652968,4781.836631,5260.020294
,,,,,1048,4303.652968,4781.836631,5260.020294
,,,,,1049,4303.652968,4781.836631,5260.020294
,,,,,1050,4303.652968,4781.836631,5260.020294
,,,,,1051,4303.652968,4781.836631,5260.020294
,,,,,1052,4303.652968,4781.836631,5260.020294
,,,,,1053,4303.652968,4781.836631,5260.020294
,,,,,1054,4303.652968,4781.836631,5260.020294
,,,,,1055,4303.652968,4781.836631,5260.020294
,,,,,1056,4303.652968,4781.836631,5260.020294
,,,,,1057,4303.652968,4781.836631,5260.020294
,,,,,1058,4303.652968,4781.836631,5260.020294
,,,,,1059,4303.652968,4781.836631,5260.020294
,,,,,1060,4303.652968,4781.836631,5260.020294
,,,,,1061,4303.652968,4781.836631,5260.020294
,,,,,1062,4303.652968,4781.836631,5260.020294
,,,,,1063,4303.652968,4781.836631,5260.020294
,,,,,1064,4303.652968,4781.836631,5260.020294
,,,,,1065,4303.652968,4781.836631,5260.020294
,,,,,1066,4303.652968,4781.836631,5260.020294
,,,,,1067,4303.652968,4781.836631,5260.020294
,,,,,1068,4303.652968,4781.836631,5260.020294
,,,,,1069,4303.652968,4781.836631,5260.020294
,,,,,1070,4303.652968,4781.836631,5260.020294
,,,,,1071,4303.652968,4781.836631,5260.020294
,,,,,1072,4303.652968,4781.836631,5260.020294
,,,,,1073,4303.652968,4781.836631,5260.020294
,,,,,1074,4303.652968,4781.836631,5260.020294
,,,,,1075,4303.652968,4781.836631,5260.020294
,,,,,1076,4303.652968,4781.836631,5260.020294
,,,,,1077,4303.652968,4781.836631,5260.020294
,,,,,1078,4303.652968,4781.836631,5260.020294
,,,,,1079,4303.652968,4781.836631,5260.020294
,,,,,1080,4303.652968,4781.836631,5260.020294
,,,,,1081,4303.652968,4781.836631,5260.020294
,,,,,1082,4303.652968,4781.836631,5260.020294
,,,,,1083,4303.652968,4781.836631,5260.020294
,,,,,1084,4303.652968,4781.836631,5260.020294
,,,,,1085,4303.652968,4781.836631,5260.020294
,,,,,1086,4303.652968,4781.836631,5260.020294
,,,,,1087,4303.652968,4781.836631,5260.020294
,,,,,1088,4303.652968,4781.836631,5260.020294
,,,,,1089,4303.652968,4781.836631,5260.020294
,,,,,1090,4303.652968,4781.836631,5260.020294
,,,,,1091,4303.652968,4781.836631,5260.020294
,,,,,1092,4303.652968,4781.836631,5260.020294
,,,,,1093,4303.652968,4781.836631,5260.020294
,,,,,1094,4303.652968,4781.836631,5260.020294
,,,,,1095,4303.652968,4781.836631,5260.020294
,,,,,1096,4303.652968,4781.836631,5260.020294
,,,,,1097,4303.652968,4781.836631,5260.020294
,,,,,1098,4303.652968,4781.836631,5260.020294
,,,,,1099,4303.652968,4781.836631,5260.020294
,,,,,1100,4303.652968,4781.836631,5260.020294
,,,,,1101,4303.652968,4781.836631,5260.020294
,,,,,1102,4303.652968,4781.836631,5260.020294
,,,,,1103,4303.652968,4781.836631,5260.020294
,,,,,1104,4303.652968,4781.836631,5260.020294
,,,,,1105,4303.652968,4781.836631,5260.020294
,,,,,1106,4303.652968,4781.836631,5260.020294
,,,,,1107,4303.652968,4781.836631,5260.020294
,,,,,1108,4303.652968,4781.836631,5260.020294
,,,,,1109,4303.652968,4781.836631,5260.020294
,,,,,1110,4303.652968,4781.836631,5260.020294
,,,,,1111,4303.652968,4781.836631,5260.020294
,,,,,1112,4303.652968,4781.836631,5260.020294
,,,,,1113,4303.652968,4781.836631,5260.020294
,,,,,1114,4303.652968,4781.836631,5260.020294
,,,,,1115,4303.652968,4781.836631,5260.020294
,,,,,1116,4303.652968,4781.836631,5260.020294
,,,,,1117,4303.652968,4781.836631,5260.020294
,,,,,1118,4303.652968,4781.836631,5260.020294
,,,,,1119,4303.652968,4781.836631,5260.020294
,,,,,1120,4303.652968,4781.836631,5260.020294
,,,,,1121,4303.652968,4781.836631,5260.020294
,,,,,1122,4303.652968,4781.836631,5260.020294
,,,,,1123,4303.652968,4781.836631,5260.020294
,,,,,1124,4303.652968,4781.836631,5260.020294
,,,,,1125,4303.652968,4781.836631,5260.020294
,,,,,1126,4303.652968,4781.836631,5260.020294
,,,,,1127,4303.652968,4781.836631,5260.020294
,,,,,1128,4303.652968,4781.836631,5260.020294
,,,,,1129,4303.652968,4781.836631,5260.020294
,,,,,1130,4303.652968,4781.836631,5260.020294
,,,,,1131,4303.652968,4781.836631,5260.020294
,,,,,1132,4303.652968,4781.836631,5260.020294
,,,,,1133,4303.652968,4781.836631,5260.020294
,,,,,1134,4303.652968,4781.836631,5260.020294
,,,,,1135,4303.652968,4781.836631,5260.020294
,,,,,1136,4303.652968,4781.836631,5260.020294
,,,,,1137,4303.652968,4781.836631,5260.020294
,,,,,1138,4303.652968,4781.836631,5260.020294
,,,,,1139,4303.652968,4781.836631,5260.020294
,,,,,1140,4303.652968,4781.836631,5260.020294
,,,,,1141,4303.652968,4781.836631,5260.020294
,,,,,1142,4303.652968,4781.836631,5260.020294
,,,,,1143,4303.652968,4781.836631,5260.020294
,,,,,1144,4303.652968,4781.836631,5260.020294
,,,,,1145,4303.652968,4781.836631,5260.020294
,,,,,1146,4303.652968,4781.836631,5260.020294
,,,,,1147,4303.652968,4781.836631,5260.020294
,,,,,1148,4303.652968,4781.836631,5260.020294
,,,,,1149,4303.652968,4781.836631,5260.020294
,,,,,1150,4303.652968,4781.836631,5260.020294
,,,,,1151,4303.652968,4781.836631,5260.020294
,,,,,1152,4303.652968,4781.836631,5260.020294
,,,,,1153,4303.652968,4781.836631,5260.020294
,,,,,1154,4303.652968,4781.836631,5260.020294
,,,,,1155,4303.652968,4781.836631,5260.020294
,,,,,1156,4303.652968,4781.836631,5260.020294
,,,,,1157,4303.652968,4781.836631,5260.020294
,,,,,1158,4303.652968,4781.836631,5260.020294
,,,,,1159,4303.652968,4781.836631,5260.020294
,,,,,1160,4303.652968,4781.836631,5260.020294
,,,,,1161,4303.652968,4781.836631,5260.020294
,,,,,1162,4303.652968,4781.836631,5260.020294
,,,,,1163,4303.652968,4781.836631,5260.020294
,,,,,1164,4303.652968,4781.836631,5260.020294
,,,,,1165,4303.652968,4781.836631,5260.020294
,,,,,1166,4303.652968,4781.836631,5260.020294
,,,,,1167,4303.652968,4781.836631,5260.020294
,,,,,1168,4303.652968,4781.836631,5260.020294
,,,,,1169,4303.652968,4781.836631,5260.020294
,,,,,1170,4303.652968,4781.836631,5260.020294
,,,,,1171,4303.652968,4781.836631,5260.020294
,,,,,1172,4303.652968,4781.836631,5260.020294
,,,,,1173,4303.652968,4781.836631,5260.020294
,,,,,1174,4303.652968,4781.836631,5260.020294
,,,,,1175,4303.652968,4781.836631,5260.020294
,,,,,1176,4303.652968,4781.836631,5260.020294
,,,,,1177,4303.652968,4781.836631,5260.020294
,,,,,1178,4303.652968,4781.836631,5260.020294
,,,,,1179,4303.652968,4781.836631,5260.020294
,,,,,1180,4303.652968,4781.836631,5260.020294
,,,,,1181,4303.652968,4781.836631,5260.020294
,,,,,1182,4303.652968,4781.836631,5260.020294
,,,,,1183,4303.652968,4781.836631,5260.020294
,,,,,1184,4303.652968,4781.836631,5260.020294
,,,,,1185,4303.652968,4781.836631,5260.020294
,,,,,1186,4303.652968,4781.836631,5260.020294
,,,,,1187,4303.652968,4781.836631,5260.020294
,,,,,1188,4303.652968,4781.836631,5260.020294
,,,,,1189,4303.652968,4781.836631,5260.020294
,,,,,1190,4303.652968,4781.836631,5260.020294
,,,,,1191,4303.652968,4781.836631,5260.020294
,,,,,1192,4303.652968,4781.836631,5260.020294
,,,,,1193,4303.652968,4781.836631,5260.020294
,,,,,1194,4303.652968,4781.836631,5260.020294
,,,,,1195,4303.652968,4781.836631,5260.020294
,,,,,1196,4303.652968,4781.836631,5260.020294
,,,,,1197,4303.652968,4781.836631,5260.020294
,,,,,1198,4303.652968,4781.836631,5260.020294
,,,,,1199,4303.652968,4781.836631,5260.020294
,,,,,1200,4303.652968,4781.836631,5260.020294
,,,,,1201,4303.652968,4781.836631,5260.020294
,,,,,1202,4303.652968,4781.836631,5260.020294
,,,,,1203,4303.652968,4781.836631,5260.020294
,,,,,1204,4303.652968,4781.836631,5260.020294
,,,,,1205,4303.652968,4781.836631,5260.020294
,,,,,1206,4303.652968,4781.836631,5260.020294
,,,,,1207,4303.652968,4781.836631,5260.020294
,,,,,1208,4303.652968,4781.836631,5260.020294
,,,,,1209,4303.652968,4781.836631,5260.020294
,,,,,1210,4303.652968,4781.836631,5260.020294
,,,,,1211,4303.652968,4781.836631,5260.020294
,,,,,1212,4303.652968,4781.836631,5260.020294
,,,,,1213,4303.652968,4781.836631,5260.020294
,,,,,1214,4303.652968,4781.836631,5260.020294
,,,,,1215,4303.652968,4781.836631,5260.020294
,,,,,1216,4303.652968,4781.836631,5260.020294
,,,,,1217,4303.652968,4781.836631,5260.020294
,,,,,1218,4303.652968,4781.836631,5260.020294
,,,,,1219,4303.652968,4781.836631,5260.020294
,,,,,1220,4303.652968,4781.836631,5260.020294
,,,,,1221,4303.652968,4781.836631,5260.020294
,,,,,1222,4303.652968,4781.836631,5260.020294
,,,,,1223,4303.652968,4781.836631,5260.020294
,,,,,1224,4303.652968,4781.836631,5260.020294
,,,,,1225,4303.652968,4781.836631,5260.020294
,,,,,1226,4303.652968,4781.836631,5260.020294
,,,,,1227,4303.652968,4781.836631,5260.020294
,,,,,1228,4303.652968,4781.836631,5260.020294
,,,,,1229,4303.652968,4781.836631,5260.020294
,,,,,1230,4303.652968,4781.836631,5260.020294
,,,,,1231,4303.652968,4781.836631,5260.020294
,,,,,1232,4303.652968,4781.836631,5260.020294
,,,,,1233,4303.652968,4781.836631,5260.020294
,,,,,1234,4303.652968,4781.836631,5260.020294
,,,,,1235,4303.652968,4781.836631,5260.020294
,,,,,1236,4303.652968,4781.836631,5260.020294
,,,,,1237,4303.652968,4781.836631,5260.020294
,,,,,1238,4303.652968,4781.836631,5260.020294
,,,,,1239,4303.652968,4781.836631,5260.020294
,,,,,1240,4303.652968,4781.836631,5260.020294
,,,,,1241,4303.652968,4781.836631,5260.020294
,,,,,1242,4303.652968,4781.836631,5260.020294
,,,,,1243,4303.652968,4781.836631,5260.020294
,,,,,1244,4303.652968,4781.836631,5260.020294
,,,,,1245,4303.652968,4781.836631,5260.020294
,,,,,1246,4303.652968,4781.836631,5260.020294
,,,,,1247,4303.652968,4781.836631,5260.020294
,,,,,1248,4303.652968,4781.836631,5260.020294
,,,,,1249,4303.652968,4781.836631,5260.020294
,,,,,1250,4303.652968,4781.836631,5260.020294
,,,,,1251,4303.652968,4781.836631,5260.020294
,,,,,1252,4303.652968,4781.836631,5260.020294
,,,,,1253,4303.652968,4781.836631,5260.020294
,,,,,1254,4303.652968,4781.836631,5260.020294
,,,,,1255,4303.652968,4781.836631,5260.020294
,,,,,1256,4303.652968,4781.836631,5260.020294
,,,,,1257,4303.652968,4781.836631,5260.020294
,,,,,1258,4303.652968,4781.836631,5260.020294
,,,,,1259,4303.652968,4781.836631,5260.020294
,,,,,1260,4303.652968,4781.836631,5260.020294
,,,,,1261,4303.652968,4781.836631,5260.020294
,,,,,1262,4303.652968,4781.836631,5260.020294
,,,,,1263,4303.652968,4781.836631,5260.020294
,,,,,1264,4303.652968,4781.836631,5260.020294
,,,,,1265,4303.652968,4781.836631,5260.020294
,,,,,1266,4303.652968,4781.836631,5260.020294
,,,,,1267,4303.652968,4781.836631,5260.020294
,,,,,1268,4303.652968,4781.836631,5260.020294
,,,,,1269,4303.652968,4781.836631,5260.020294
,,,,,1270,4303.652968,4781.836631,5260.020294
,,,,,1271,4303.652968,4781.836631,5260.020294
,,,,,1272,4303.652968,4781.836631,5260.020294
,,,,,1273,4303.652968,4781.836631,5260.020294
,,,,,1274,4303.652968,4781.836631,5260.020294
,,,,,1275,4303.652968,4781.836631,5260.020294
,,,,,1276,4303.652968,4781.836631,5260.020294
,,,,,1277,4303.652968,4781.836631,5260.020294
,,,,,1278,4303.652968,4781.836631,5260.020294
,,,,,1279,4303.652968,4781.836631,5260.020294
,,,,,1280,4303.652968,4781.836631,5260.020294
,,,,,1281,4303.652968,4781.836631,5260.020294
,,,,,1282,4303.652968,4781.836631,5260.020294
,,,,,1283,4303.652968,4781.836631,5260.020294
,,,,,1284,4303.652968,4781.836631,5260.020294
,,,,,1285,4303.652968,4781.836631,5260.020294
,,,,,1286,4303.652968,4781.836631,5260.020294
,,,,,1287,4303.652968,4781.836631,5260.020294
,,,,,1288,4303.652968,4781.836631,5260.020294
,,,,,1289,4303.652968,4781.836631,5260.020294
,,,,,1290,4303.652968,4781.836631,5260.020294
,,,,,1291,4303.652968,4781.836631,5260.020294
,,,,,1292,4303.652968,4781.836631,5260.020294
,,,,,1293,4303.652968,4781.836631,5260.020294
,,,,,1294,4303.652968,4781.836631,5260.020294
,,,,,1295,4303.652968,4781.836631,5260.020294
,,,,,1296,4303.652968,4781.836631,5260.020294
,,,,,1297,4303.652968,4781.836631,5260.020294
,,,,,1298,4303.652968,4781.836631,5260.020294
,,,,,1299,4303.652968,4781.836631,5260.020294
,,,,,1300,4303.652968,4781.836631,5260.020294
,,,,,1301,4303.652968,4781.836631,5260.020294
,,,,,1302,4303.652968,4781.836631,5260.020294
,,,,,1303,4303.652968,4781.836631,5260.020294
,,,,,1304,4303.652968,4781.836631,5260.020294
,,,,,1305,4303.652968,4781.836631,5260.020294
,,,,,1306,4303.652968,4781.836631,5260.020294
,,,,,1307,4303.652968,4781.836631,5260.020294
,,,,,1308,4303.652968,4781.836631,5260.020294
,,,,,1309,4303.652968,4781.836631,5260.020294
,,,,,1310,4303.652968,4781.836631,5260.020294
,,,,,1311,4303.652968,4781.836631,5260.020294
,,,,,1312,4303.652968,4781.836631,5260.020294
,,,,,1313,4303.652968,4781.836631,5260.020294
,,,,,1314,4303.652968,4781.836631,5260.020294
,,,,,1315,4303.652968,4781.836631,5260.020294
,,,,,1316,4303.652968,4781.836631,5260.020294
,,,,,1317,4303.652968,4781.836631,5260.020294
,,,,,1318,4303.652968,4781.836631,5260.020294
,,,,,1319,4303.652968,4781.836631,5260.020294
,,,,,1320,4303.652968,4781.836631,5260.020294
,,,,,1321,4303.652968,4781.836631,5260.020294
,,,,,1322,4303.652968,4781.836631,5260.020294
,,,,,1323,4303.652968,4781.836631,5260.020294
,,,,,1324,4303.652968,4781.836631,5260.020294
,,,,,1325,4303.652968,4781.836631,5260.020294
,,,,,1326,4303.652968,4781.836631,5260.020294
,,,,,1327,4303.652968,4781.836631,5260.020294
,,,,,1328,4303.652968,4781.836631,5260.020294
,,,,,1329,4303.652968,4781.836631,5260.020294
,,,,,1330,4303.652968,4781.836631,5260.020294
,,,,,1331,4303.652968,4781.836631,5260.020294
,,,,,1332,4303.652968,4781.836631,5260.020294
,,,,,1333,4303.652968,4781.836631,5260.020294
,,,,,1334,4303.652968,4781.836631,5260.020294
,,,,,1335,4303.652968,4781.836631,5260.020294
,,,,,1336,4303.652968,4781.836631,5260.020294
,,,,,1337,4303.652968,4781.836631,5260.020294
,,,,,1338,4303.652968,4781.836631,5260.020294
,,,,,1339,4303.652968,4781.836631,5260.020294
,,,,,1340,4303.652968,4781.836631,5260.020294
,,,,,1341,4303.652968,4781.836631,5260.020294
,,,,,1342,4303.652968,4781.836631,5260.020294
,,,,,1343,4303.652968,4781.836631,5260.020294
,,,,,1344,4303.652968,4781.836631,5260.020294
,,,,,1345,4303.652968,4781.836631,5260.020294
,,,,,1346,4303.652968,4781.836631,5260.020294
,,,,,1347,4303.652968,4781.836631,5260.020294
,,,,,1348,4303.652968,4781.836631,5260.020294
,,,,,1349,4303.652968,4781.836631,5260.020294
,,,,,1350,4303.652968,4781.836631,5260.020294
,,,,,1351,4303.652968,4781.836631,5260.020294
,,,,,1352,4303.652968,4781.836631,5260.020294
,,,,,1353,4303.652968,4781.836631,5260.020294
,,,,,1354,4303.652968,4781.836631,5260.020294
,,,,,1355,4303.652968,4781.836631,5260.020294
,,,,,1356,4303.652968,4781.836631,5260.020294
,,,,,1357,4303.652968,4781.836631,5260.020294
,,,,,1358,4303.652968,4781.836631,5260.020294
,,,,,1359,4303.652968,4781.836631,5260.020294
,,,,,1360,4303.652968,4781.836631,5260.020294
,,,,,1361,4303.652968,4781.836631,5260.020294
,,,,,1362,4303.652968,4781.836631,5260.020294
,,,,,1363,4303.652968,4781.836631,5260.020294
,,,,,1364,4303.652968,4781.836631,5260.020294
,,,,,1365,4303.652968,4781.836631,5260.020294
,,,,,1366,4303.652968,4781.836631,5260.020294
,,,,,1367,4303.652968,4781.836631,5260.020294
,,,,,1368,4303.652968,4781.836631,5260.020294
,,,,,1369,4303.652968,4781.836631,5260.020294
,,,,,1370,4303.652968,4781.836631,5260.020294
,,,,,1371,4303.652968,4781.836631,5260.020294
,,,,,1372,4303.652968,4781.836631,5260.020294
,,,,,1373,4303.652968,4781.836631,5260.020294
,,,,,1374,4303.652968,4781.836631,5260.020294
,,,,,1375,4303.652968,4781.836631,5260.020294
,,,,,1376,4303.652968,4781.836631,5260.020294
,,,,,1377,4303.652968,4781.836631,5260.020294
,,,,,1378,4303.652968,4781.836631,5260.020294
,,,,,1379,4303.652968,4781.836631,5260.020294
,,,,,1380,4303.652968,4781.836631,5260.020294
,,,,,1381,4303.652968,4781.836631,5260.020294
,,,,,1382,4303.652968,4781.836631,5260.020294
,,,,,1383,4303.652968,4781.836631,5260.020294
,,,,,1384,4303.652968,4781.836631,5260.020294
,,,,,1385,4303.652968,4781.836631,5260.020294
,,,,,1386,4303.652968,4781.836631,5260.020294
,,,,,1387,4303.652968,4781.836631,5260.020294
,,,,,1388,4303.652968,4781.836631,5260.020294
,,,,,1389,4303.652968,4781.836631,5260.020294
,,,,,1390,4303.652968,4781.836631,5260.020294
,,,,,1391,4303.652968,4781.836631,5260.020294
,,,,,1392,4303.652968,4781.836631,5260.020294
,,,,,1393,4303.652968,4781.836631,5260.020294
,,,,,1394,4303.652968,4781.836631,5260.020294
,,,,,1395,4303.652968,4781.836631,5260.020294
,,,,,1396,4303.652968,4781.836631,5260.020294
,,,,,1397,4303.652968,4781.836631,5260.020294
,,,,,1398,4303.652968,4781.836631,5260.020294
,,,,,1399,4303.652968,4781.836631,5260.020294
,,,,,1400,4303.652968,4781.836631,5260.020294
,,,,,1401,4303.652968,4781.836631,5260.020294
,,,,,1402,4303.652968,4781.836631,5260.020294
,,,,,1403,4303.652968,4781.836631,5260.020294
,,,,,1404,4303.652968,4781.836631,5260.020294
,,,,,1405,4303.652968,4781.836631,5260.020294
,,,,,1406,4303.652968,4781.836631,5260.020294
,,,,,1407,4303.652968,4781.836631,5260.020294
,,,,,1408,4303.652968,4781.836631,5260.020294
,,,,,1409,4303.652968,4781.836631,5260.020294
,,,,,1410,4303.652968,4781.836631,5260.020294
,,,,,1411,4303.652968,4781.836631,5260.020294
,,,,,1412,4303.652968,4781.836631,5260.020294
,,,,,1413,4303.652968,4781.836631,5260.020294
,,,,,1414,4303.652968,4781.836631,5260.020294
,,,,,1415,4303.652968,4781.836631,5260.020294
,,,,,1416,4303.652968,4781.836631,5260.020294
,,,,,1417,4303.652968,4781.836631,5260.020294
,,,,,1418,4303.652968,4781.836631,5260.020294
,,,,,1419,4303.652968,4781.836631,5260.020294
,,,,,1420,4303.652968,4781.836631,5260.020294
,,,,,1421,4303.652968,4781.836631,5260.020294
,,,,,1422,4303.652968,4781.836631,5260.020294
,,,,,1423,4303.652968,4781.836631,5260.020294
,,,,,1424,4303.652968,4781.836631,5260.020294
,,,,,1425,4303.652968,4781.836631,5260.020294
,,,,,1426,4303.652968,4781.836631,5260.020294
,,,,,1427,4303.652968,4781.836631,5260.020294
,,,,,1428,4303.652968,4781.836631,5260.020294
,,,,,1429,4303.652968,4781.836631,5260.020294
,,,,,1430,4303.652968,4781.836631,5260.020294
,,,,,1431,4303.652968,4781.836631,5260.020294
,,,,,1432,4303.652968,4781.836631,5260.020294
,,,,,1433,4303.652968,4781.836631,5260.020294
,,,,,1434,4303.652968,4781.836631,5260.020294
,,,,,1435,4303.652968,4781.836631,5260.020294
,,,,,1436,4303.652968,4781.836631,5260.020294
,,,,,1437,4303.652968,4781.836631,5260.020294
,,,,,1438,4303.652968,4781.836631,5260.020294
,,,,,1439,4303.652968,4781.836631,5260.020294
,,,,,1440,4303.652968,4781.836631,5260.020294
,,,,,1441,4303.652968,4781.836631,5260.020294
,,,,,1442,4303.652968,4781.836631,5260.020294
,,,,,1443,4303.652968,4781.836631,5260.020294
,,,,,1444,4303.652968,4781.836631,5260.020294
,,,,,1445,4303.652968,4781.836631,5260.020294
,,,,,1446,4303.652968,4781.836631,5260.020294
,,,,,1447,4303.652968,4781.836631,5260.020294
,,,,,1448,4303.652968,4781.836631,5260.020294
,,,,,1449,4303.652968,4781.836631,5260.020294
,,,,,1450,4303.652968,4781.836631,5260.020294
,,,,,1451,4303.652968,4781.836631,5260.020294
,,,,,1452,4303.652968,4781.836631,5260.020294
,,,,,1453,4303.652968,4781.836631,5260.020294
,,,,,1454,4303.652968,4781.836631,5260.020294
,,,,,1455,4303.652968,4781.836631,5260.020294
,,,,,1456,4303.652968,4781.836631,5260.020294
,,,,,1457,4303.652968,4781.836631,5260.020294
,,,,,1458,4303.652968,4781.836631,5260.020294
,,,,,1459,4303.652968,4781.836631,5260.020294
,,,,,1460,4303.652968,4781.836631,5260.020294
,,,,,1461,4303.652968,4781.836631,5260.020294
,,,,,1462,4303.652968,4781.836631,5260.020294
,,,,,1463,4303.652968,4781.836631,5260.020294
,,,,,1464,4303.652968,4781.836631,5260.020294
,,,,,1465,4303.652968,4781.836631,5260.020294
,,,,,1466,4303.652968,4781.836631,5260.020294
,,,,,1467,4303.652968,4781.836631,5260.020294
,,,,,1468,4303.652968,4781.836631,5260.020294
,,,,,1469,4303.652968,4781.836631,5260.020294
,,,,,1470,4303.652968,4781.836631,5260.020294
,,,,,1471,4303.652968,4781.836631,5260.020294
,,,,,1472,4303.652968,4781.836631,5260.020294
,,,,,1473,4303.652968,4781.836631,5260.020294
,,,,,1474,4303.652968,4781.836631,5260.020294
,,,,,1475,4303.652968,4781.836631,5260.020294
,,,,,1476,4303.652968,4781.836631,5260.020294
,,,,,1477,4303.652968,4781.836631,5260.020294
,,,,,1478,4303.652968,4781.836631,5260.020294
,,,,,1479,4303.652968,4781.836631,5260.020294
,,,,,1480,4303.652968,4781.836631,5260.020294
,,,,,1481,4303.652968,4781.836631,5260.020294
,,,,,1482,4303.652968,4781.836631,5260.020294
,,,,,1483,4303.652968,4781.836631,5260.020294
,,,,,1484,4303.652968,4781.836631,5260.020294
,,,,,1485,4303.652968,4781.836631,5260.020294
,,,,,1486,4303.652968,4781.836631,5260.020294
,,,,,1487,4303.652968,4781.836631,5260.020294
,,,,,1488,4303.652968,4781.836631,5260.020294
,,,,,1489,4303.652968,4781.836631,5260.020294
,,,,,1490,4303.652968,4781.836631,5260.020294
,,,,,1491,4303.652968,4781.836631,5260.020294
,,,,,1492,4303.652968,4781.836631,5260.020294
,,,,,1493,4303.652968,4781.836631,5260.020294
,,,,,1494,4303.652968,4781.836631,5260.020294
,,,,,1495,4303.652968,4781.836631,5260.020294
,,,,,1496,4303.652968,4781.836631,5260.020294
,,,,,1497,4303.652968,4781.836631,5260.020294
,,,,,1498,4303.652968,4781.836631,5260.020294
,,,,,1499,4303.652968,4781.836631,5260.020294
,,,,,1500,4303.652968,4781.836631,5260.020294
,,,,,1501,4303.652968,4781.836631,5260.020294
,,,,,1502,4303.652968,4781.836631,5260.020294
,,,,,1503,4303.652968,4781.836631,5260.020294
,,,,,1504,4303.652968,4781.836631,5260.020294
,,,,,1505,4303.652968,4781.836631,5260.020294
,,,,,1506,4303.652968,4781.836631,5260.020294
,,,,,1507,4303.652968,4781.836631,5260.020294
,,,,,1508,4303.652968,4781.836631,5260.020294
,,,,,1509,4303.652968,4781.836631,5260.020294
,,,,,1510,4303.652968,4781.836631,5260.020294
,,,,,1511,4303.652968,4781.836631,5260.020294
,,,,,1512,4303.652968,4781.836631,5260.020294
,,,,,1513,4303.652968,4781.836631,5260.020294
,,,,,1514,4303.652968,4781.836631,5260.020294
,,,,,1515,4303.652968,4781.836631,5260.020294
,,,,,1516,4303.652968,4781.836631,5260.020294
,,,,,1517,4303.652968,4781.836631,5260.020294
,,,,,1518,4303.652968,4781.836631,5260.020294
,,,,,1519,4303.652968,4781.836631,5260.020294
,,,,,1520,4303.652968,4781.836631,5260.020294
,,,,,1521,4303.652968,4781.836631,5260.020294
,,,,,1522,4303.652968,4781.836631,5260.020294
,,,,,1523,4303.652968,4781.836631,5260.020294
,,,,,1524,4303.652968,4781.836631,5260.020294
,,,,,1525,4303.652968,4781.836631,5260.020294
,,,,,1526,4303.652968,4781.836631,5260.020294
,,,,,1527,4303.652968,4781.836631,5260.020294
,,,,,1528,4303.652968,4781.836631,5260.020294
,,,,,1529,4303.652968,4781.836631,5260.020294
,,,,,1530,4303.652968,4781.836631,5260.020294
,,,,,1531,4303.652968,4781.836631,5260.020294
,,,,,1532,4303.652968,4781.836631,5260.020294
,,,,,1533,4303.652968,4781.836631,5260.020294
,,,,,1534,4303.652968,4781.836631,5260.020294
,,,,,1535,4303.652968,4781.836631,5260.020294
,,,,,1536,4303.652968,4781.836631,5260.020294
,,,,,1537,4303.652968,4781.836631,5260.020294
,,,,,1538,4303.652968,4781.836631,5260.020294
,,,,,1539,4303.652968,4781.836631,5260.020294
,,,,,1540,4303.652968,4781.836631,5260.020294
,,,,,1541,4303.652968,4781.836631,5260.020294
,,,,,1542,4303.652968,4781.836631,5260.020294
,,,,,1543,4303.652968,4781.836631,5260.020294
,,,,,1544,4303.652968,4781.836631,5260.020294
,,,,,1545,4303.652968,4781.836631,5260.020294
,,,,,1546,4303.652968,4781.836631,5260.020294
,,,,,1547,4303.652968,4781.836631,5260.020294
,,,,,1548,4303.652968,4781.836631,5260.020294
,,,,,1549,4303.652968,4781.836631,5260.020294
,,,,,1550,4303.652968,4781.836631,5260.020294
,,,,,1551,4303.652968,4781.836631,5260.020294
,,,,,1552,4303.652968,4781.836631,5260.020294
,,,,,1553,4303.652968,4781.836631,5260.020294
,,,,,1554,4303.652968,4781.836631,5260.020294
,,,,,1555,4303.652968,4781.836631,5260.020294
,,,,,1556,4303.652968,4781.836631,5260.020294
,,,,,1557,4303.652968,4781.836631,5260.020294
,,,,,1558,4303.652968,4781.836631,5260.020294
,,,,,1559,4303.652968,4781.836631,5260.020294
,,,,,1560,4303.652968,4781.836631,5260.020294
,,,,,1561,4303.652968,4781.836631,5260.020294
,,,,,1562,4303.652968,4781.836631,5260.020294
,,,,,1563,4303.652968,4781.836631,5260.020294
,,,,,1564,4303.652968,4781.836631,5260.020294
,,,,,1565,4303.652968,4781.836631,5260.020294
,,,,,1566,4303.652968,4781.836631,5260.020294
,,,,,1567,4303.652968,4781.836631,5260.020294
,,,,,1568,4303.652968,4781.836631,5260.020294
,,,,,1569,4303.652968,4781.836631,5260.020294
,,,,,1570,4303.652968,4781.836631,5260.020294
,,,,,1571,4303.652968,4781.836631,5260.020294
,,,,,1572,4303.652968,4781.836631,5260.020294
,,,,,1573,4303.652968,4781.836631,5260.020294
,,,,,1574,4303.652968,4781.836631,5260.020294
,,,,,1575,4303.652968,4781.836631,5260.020294
,,,,,1576,4303.652968,4781.836631,5260.020294
,,,,,1577,4303.652968,4781.836631,5260.020294
,,,,,1578,4303.652968,4781.836631,5260.020294
,,,,,1579,4303.652968,4781.836631,5260.020294
,,,,,1580,4303.652968,4781.836631,5260.020294
,,,,,1581,4303.652968,4781.836631,5260.020294
,,,,,1582,4303.652968,4781.836631,5260.020294
,,,,,1583,4303.652968,4781.836631,5260.020294
,,,,,1584,4303.652968,4781.836631,5260.020294
,,,,,1585,4303.652968,4781.836631,5260.020294
,,,,,1586,4303.652968,4781.836631,5260.020294
,,,,,1587,4303.652968,4781.836631,5260.020294
,,,,,1588,4303.652968,4781.836631,5260.020294
,,,,,1589,4303.652968,4781.836631,5260.020294
,,,,,1590,4303.652968,4781.836631,5260.020294
,,,,,1591,4303.652968,4781.836631,5260.020294
,,,,,1592,4303.652968,4781.836631,5260.020294
,,,,,1593,4303.652968,4781.836631,5260.020294
,,,,,1594,4303.652968,4781.836631,5260.020294
,,,,,1595,4303.652968,4781.836631,5260.020294
,,,,,1596,4303.652968,4781.836631,5260.020294
,,,,,1597,4303.652968,4781.836631,5260.020294
,,,,,1598,4303.652968,4781.836631,5260.020294
,,,,,1599,4303.652968,4781.836631,5260.020294
,,,,,1600,4303.652968,4781.836631,5260.020294
,,,,,1601,4303.652968,4781.836631,5260.020294
,,,,,1602,4303.652968,4781.836631,5260.020294
,,,,,1603,4303.652968,4781.836631,5260.020294
,,,,,1604,4303.652968,4781.836631,5260.020294
,,,,,1605,4303.652968,4781.836631,5260.020294
,,,,,1606,4303.652968,4781.836631,5260.020294
,,,,,1607,4303.652968,4781.836631,5260.020294
,,,,,1608,4303.652968,4781.836631,5260.020294
,,,,,1609,4303.652968,4781.836631,5260.020294
,,,,,1610,4303.652968,4781.836631,5260.020294
,,,,,1611,4303.652968,4781.836631,5260.020294
,,,,,1612,4303.652968,4781.836631,5260.020294
,,,,,1613,4303.652968,4781.836631,5260.020294
,,,,,1614,4303.652968,4781.836631,5260.020294
,,,,,1615,4303.652968,4781.836631,5260.020294
,,,,,1616,4303.652968,4781.836631,5260.020294
,,,,,1617,4303.652968,4781.836631,5260.020294
,,,,,1618,4303.652968,4781.836631,5260.020294
,,,,,1619,4303.652968,4781.836631,5260.020294
,,,,,1620,4303.652968,4781.836631,5260.020294
,,,,,1621,4303.652968,4781.836631,5260.020294
,,,,,1622,4303.652968,4781.836631,5260.020294
,,,,,1623,4303.652968,4781.836631,5260.020294
,,,,,1624,4303.652968,4781.836631,5260.020294
,,,,,1625,4303.652968,4781.836631,5260.020294
,,,,,1626,4303.652968,4781.836631,5260.020294
,,,,,1627,4303.652968,4781.836631,5260.020294
,,,,,1628,4303.652968,4781.836631,5260.020294
,,,,,1629,4303.652968,4781.836631,5260.020294
,,,,,1630,4303.652968,4781.836631,5260.020294
,,,,,1631,4303.652968,4781.836631,5260.020294
,,,,,1632,4303.652968,4781.836631,5260.020294
,,,,,1633,4303.652968,4781.836631,5260.020294
,,,,,1634,4303.652968,4781.836631,5260.020294
,,,,,1635,4303.652968,4781.836631,5260.020294
,,,,,1636,4303.652968,4781.836631,5260.020294
,,,,,1637,4303.652968,4781.836631,5260.020294
,,,,,1638,4303.652968,4781.836631,5260.020294
,,,,,1639,4303.652968,4781.836631,5260.020294
,,,,,1640,4303.652968,4781.836631,5260.020294
,,,,,1641,4303.652968,4781.836631,5260.020294
,,,,,1642,4303.652968,4781.836631,5260.020294
,,,,,1643,4303.652968,4781.836631,5260.020294
,,,,,1644,4303.652968,4781.836631,5260.020294
,,,,,1645,4303.652968,4781.836631,5260.020294
,,,,,1646,4303.652968,4781.836631,5260.020294
,,,,,1647,4303.652968,4781.836631,5260.020294
,,,,,1648,4303.652968,4781.836631,5260.020294
,,,,,1649,4303.652968,4781.836631,5260.020294
,,,,,1650,4303.652968,4781.836631,5260.020294
,,,,,1651,4303.652968,4781.836631,5260.020294
,,,,,1652,4303.652968,4781.836631,5260.020294
,,,,,1653,4303.652968,4781.836631,5260.020294
,,,,,1654,4303.652968,4781.836631,5260.020294
,,,,,1655,4303.652968,4781.836631,5260.020294
,,,,,1656,4303.652968,4781.836631,5260.020294
,,,,,1657,4303.652968,4781.836631,5260.020294
,,,,,1658,4303.652968,4781.836631,5260.020294
,,,,,1659,4303.652968,4781.836631,5260.020294
,,,,,1660,4303.652968,4781.836631,5260.020294
,,,,,1661,4303.652968,4781.836631,5260.020294
,,,,,1662,4303.652968,4781.836631,5260.020294
,,,,,1663,4303.652968,4781.836631,5260.020294
,,,,,1664,4303.652968,4781.836631,5260.020294
,,,,,1665,4303.652968,4781.836631,5260.020294
,,,,,1666,4303.652968,4781.836631,5260.020294
,,,,,1667,4303.652968,4781.836631,5260.020294
,,,,,1668,4303.652968,4781.836631,5260.020294
,,,,,1669,4303.652968,4781.836631,5260.020294
,,,,,1670,4303.652968,4781.836631,5260.020294
,,,,,1671,4303.652968,4781.836631,5260.020294
,,,,,1672,4303.652968,4781.836631,5260.020294
,,,,,1673,4303.652968,4781.836631,5260.020294
,,,,,1674,4303.652968,4781.836631,5260.020294
,,,,,1675,4303.652968,4781.836631,5260.020294
,,,,,1676,4303.652968,4781.836631,5260.020294
,,,,,1677,4303.652968,4781.836631,5260.020294
,,,,,1678,4303.652968,4781.836631,5260.020294
,,,,,1679,4303.652968,4781.836631,5260.020294
,,,,,1680,4303.652968,4781.836631,5260.020294
,,,,,1681,4303.652968,4781.836631,5260.020294
,,,,,1682,4303.652968,4781.836631,5260.020294
,,,,,1683,4303.652968,4781.836631,5260.020294
,,,,,1684,4303.652968,4781.836631,5260.020294
,,,,,1685,4303.652968,4781.836631,5260.020294
,,,,,1686,4303.652968,4781.836631,5260.020294
,,,,,1687,4303.652968,4781.836631,5260.020294
,,,,,1688,4303.652968,4781.836631,5260.020294
,,,,,1689,4303.652968,4781.836631,5260.020294
,,,,,1690,4303.652968,4781.836631,5260.020294
,,,,,1691,4303.652968,4781.836631,5260.020294
,,,,,1692,4303.652968,4781.836631,5260.020294
,,,,,1693,4303.652968,4781.836631,5260.020294
,,,,,1694,4303.652968,4781.836631,5260.020294
,,,,,1695,4303.652968,4781.836631,5260.020294
,,,,,1696,4303.652968,4781.836631,5260.020294
,,,,,1697,4303.652968,4781.836631,5260.020294
,,,,,1698,4303.652968,4781.836631,5260.020294
,,,,,1699,4303.652968,4781.836631,5260.020294
,,,,,1700,4303.652968,4781.836631,5260.020294
,,,,,1701,4303.652968,4781.836631,5260.020294
,,,,,1702,4303.652968,4781.836631,5260.020294
,,,,,1703,4303.652968,4781.836631,5260.020294
,,,,,1704,4303.652968,4781.836631,5260.020294
,,,,,1705,4303.652968,4781.836631,5260.020294
,,,,,1706,4303.652968,4781.836631,5260.020294
,,,,,1707,4303.652968,4781.836631,5260.020294
,,,,,1708,4303.652968,4781.836631,5260.020294
,,,,,1709,4303.652968,4781.836631,5260.020294
,,,,,1710,4303.652968,4781.836631,5260.020294
,,,,,1711,4303.652968,4781.836631,5260.020294
,,,,,1712,4303.652968,4781.836631,5260.020294
,,,,,1713,4303.652968,4781.836631,5260.020294
,,,,,1714,4303.652968,4781.836631,5260.020294
,,,,,1715,4303.652968,4781.836631,5260.020294
,,,,,1716,4303.652968,4781.836631,5260.020294
,,,,,1717,4303.652968,4781.836631,5260.020294
,,,,,1718,4303.652968,4781.836631,5260.020294
,,,,,1719,4303.652968,4781.836631,5260.020294
,,,,,1720,4303.652968,4781.836631,5260.020294
,,,,,1721,4303.652968,4781.836631,5260.020294
,,,,,1722,4303.652968,4781.836631,5260.020294
,,,,,1723,4303.652968,4781.836631,5260.020294
,,,,,1724,4303.652968,4781.836631,5260.020294
,,,,,1725,4303.652968,4781.836631,5260.020294
,,,,,1726,4303.652968,4781.836631,5260.020294
,,,,,1727,4303.652968,4781.836631,5260.020294
,,,,,1728,4303.652968,4781.836631,5260.020294
,,,,,1729,4303.652968,4781.836631,5260.020294
,,,,,1730,4303.652968,4781.836631,5260.020294
,,,,,1731,4303.652968,4781.836631,5260.020294
,,,,,1732,4303.652968,4781.836631,5260.020294
,,,,,1733,4303.652968,4781.836631,5260.020294
,,,,,1734,4303.652968,4781.836631,5260.020294
,,,,,1735,4303.652968,4781.836631,5260.020294
,,,,,1736,4303.652968,4781.836631,5260.020294
,,,,,1737,4303.652968,4781.836631,5260.020294
,,,,,1738,4303.652968,4781.836631,5260.020294
,,,,,1739,4303.652968,4781.836631,5260.020294
,,,,,1740,4303.652968,4781.836631,5260.020294
,,,,,1741,4303.652968,4781.836631,5260.020294
,,,,,1742,4303.652968,4781.836631,5260.020294
,,,,,1743,4303.652968,4781.836631,5260.020294
,,,,,1744,4303.652968,4781.836631,5260.020294
,,,,,1745,4303.652968,4781.836631,5260.020294
,,,,,1746,4303.652968,4781.836631,5260.020294
,,,,,1747,4303.652968,4781.836631,5260.020294
,,,,,1748,4303.652968,4781.836631,5260.020294
,,,,,1749,4303.652968,4781.836631,5260.020294
,,,,,1750,4303.652968,4781.836631,5260.020294
,,,,,1751,4303.652968,4781.836631,5260.020294
,,,,,1752,4303.652968,4781.836631,5260.020294
,,,,,1753,4303.652968,4781.836631,5260.020294
,,,,,1754,4303.652968,4781.836631,5260.020294
,,,,,1755,4303.652968,4781.836631,5260.020294
,,,,,1756,4303.652968,4781.836631,5260.020294
,,,,,1757,4303.652968,4781.836631,5260.020294
,,,,,1758,4303.652968,4781.836631,5260.020294
,,,,,1759,4303.652968,4781.836631,5260.020294
,,,,,1760,4303.652968,4781.836631,5260.020294
,,,,,1761,4303.652968,4781.836631,5260.020294
,,,,,1762,4303.652968,4781.836631,5260.020294
,,,,,1763,4303.652968,4781.836631,5260.020294
,,,,,1764,4303.652968,4781.836631,5260.020294
,,,,,1765,4303.652968,4781.836631,5260.020294
,,,,,1766,4303.652968,4781.836631,5260.020294
,,,,,1767,4303.652968,4781.836631,5260.020294
,,,,,1768,4303.652968,4781.836631,5260.020294
,,,,,1769,4303.652968,4781.836631,5260.020294
,,,,,1770,4303.652968,4781.836631,5260.020294
,,,,,1771,4303.652968,4781.836631,5260.020294
,,,,,1772,4303.652968,4781.836631,5260.020294
,,,,,1773,4303.652968,4781.836631,5260.020294
,,,,,1774,4303.652968,4781.836631,5260.020294
,,,,,1775,4303.652968,4781.836631,5260.020294
,,,,,1776,4303.652968,4781.836631,5260.020294
,,,,,1777,4303.652968,4781.836631,5260.020294
,,,,,1778,4303.652968,4781.836631,5260.020294
,,,,,1779,4303.652968,4781.836631,5260.020294
,,,,,1780,4303.652968,4781.836631,5260.020294
,,,,,1781,4303.652968,4781.836631,5260.020294
,,,,,1782,4303.652968,4781.836631,5260.020294
,,,,,1783,4303.652968,4781.836631,5260.020294
,,,,,1784,4303.652968,4781.836631,5260.020294
,,,,,1785,4303.652968,4781.836631,5260.020294
,,,,,1786,4303.652968,4781.836631,5260.020294
,,,,,1787,4303.652968,4781.836631,5260.020294
,,,,,1788,4303.652968,4781.836631,5260.020294
,,,,,1789,4303.652968,4781.836631,5260.020294
,,,,,1790,4303.652968,4781.836631,5260.020294
,,,,,1791,4303.652968,4781.836631,5260.020294
,,,,,1792,4303.652968,4781.836631,5260.020294
,,,,,1793,4303.652968,4781.836631,5260.020294
,,,,,1794,4303.652968,4781.836631,5260.020294
,,,,,1795,4303.652968,4781.836631,5260.020294
,,,,,1796,4303.652968,4781.836631,5260.020294
,,,,,1797,4303.652968,4781.836631,5260.020294
,,,,,1798,4303.652968,4781.836631,5260.020294
,,,,,1799,4303.652968,4781.836631,5260.020294
,,,,,1800,4303.652968,4781.836631,5260.020294
,,,,,1801,4303.652968,4781.836631,5260.020294
,,,,,1802,4303.652968,4781.836631,5260.020294
,,,,,1803,4303.652968,4781.836631,5260.020294
,,,,,1804,4303.652968,4781.836631,5260.020294
,,,,,1805,4303.652968,4781.836631,5260.020294
,,,,,1806,4303.652968,4781.836631,5260.020294
,,,,,1807,4303.652968,4781.836631,5260.020294
,,,,,1808,4303.652968,4781.836631,5260.020294
,,,,,1809,4303.652968,4781.836631,5260.020294
,,,,,1810,4303.652968,4781.836631,5260.020294
,,,,,1811,4303.652968,4781.836631,5260.020294
,,,,,1812,4303.652968,4781.836631,5260.020294
,,,,,1813,4303.652968,4781.836631,5260.020294
,,,,,1814,4303.652968,4781.836631,5260.020294
,,,,,1815,4303.652968,4781.836631,5260.020294
,,,,,1816,4303.652968,4781.836631,5260.020294
,,,,,1817,4303.652968,4781.836631,5260.020294
,,,,,1818,4303.652968,4781.836631,5260.020294
,,,,,1819,4303.652968,4781.836631,5260.020294
,,,,,1820,4303.652968,4781.836631,5260.020294
,,,,,1821,4303.652968,4781.836631,5260.020294
,,,,,1822,4303.652968,4781.836631,5260.020294
,,,,,1823,4303.652968,4781.836631,5260.020294
,,,,,1824,4303.652968,4781.836631,5260.020294
,,,,,1825,4303.652968,4781.836631,5260.020294
,,,,,1826,4303.652968,4781.836631,5260.020294
,,,,,1827,4303.652968,4781.836631,5260.020294
,,,,,1828,4303.652968,4781.836631,5260.020294
,,,,,1829,4303.652968,4781.836631,5260.020294
,,,,,1830,4303.652968,4781.836631,5260.020294
,,,,,1831,4303.652968,4781.836631,5260.020294
,,,,,1832,4303.652968,4781.836631,5260.020294
,,,,,1833,4303.652968,4781.836631,5260.020294
,,,,,1834,4303.652968,4781.836631,5260.020294
,,,,,1835,4303.652968,4781.836631,5260.020294
,,,,,1836,4303.652968,4781.836631,5260.020294
,,,,,1837,4303.652968,4781.836631,5260.020294
,,,,,1838,4303.652968,4781.836631,5260.020294
,,,,,1839,4303.652968,4781.836631,5260.020294
,,,,,1840,4303.652968,4781.836631,5260.020294
,,,,,1841,4303.652968,4781.836631,5260.020294
,,,,,1842,4303.652968,4781.836631,5260.020294
,,,,,1843,4303.652968,4781.836631,5260.020294
,,,,,1844,4303.652968,4781.836631,5260.020294
,,,,,1845,4303.652968,4781.836631,5260.020294
,,,,,1846,4303.652968,4781.836631,5260.020294
,,,,,1847,4303.652968,4781.836631,5260.020294
,,,,,1848,4303.652968,4781.836631,5260.020294
,,,,,1849,4303.652968,4781.836631,5260.020294
,,,,,1850,4303.652968,4781.836631,5260.020294
,,,,,1851,4303.652968,4781.836631,5260.020294
,,,,,1852,4303.652968,4781.836631,5260.020294
,,,,,1853,4303.652968,4781.836631,5260.020294
,,,,,1854,4303.652968,4781.836631,5260.020294
,,,,,1855,4303.652968,4781.836631,5260.020294
,,,,,1856,4303.652968,4781.836631,5260.020294
,,,,,1857,4303.652968,4781.836631,5260.020294
,,,,,1858,4303.652968,4781.836631,5260.020294
,,,,,1859,4303.652968,4781.836631,5260.020294
,,,,,1860,4303.652968,4781.836631,5260.020294
,,,,,1861,4303.652968,4781.836631,5260.020294
,,,,,1862,4303.652968,4781.836631,5260.020294
,,,,,1863,4303.652968,4781.836631,5260.020294
,,,,,1864,4303.652968,4781.836631,5260.020294
,,,,,1865,4303.652968,4781.836631,5260.020294
,,,,,1866,4303.652968,4781.836631,5260.020294
,,,,,1867,4303.652968,4781.836631,5260.020294
,,,,,1868,4303.652968,4781.836631,5260.020294
,,,,,1869,4303.652968,4781.836631,5260.020294
,,,,,1870,4303.652968,4781.836631,5260.020294
,,,,,1871,4303.652968,4781.836631,5260.020294
,,,,,1872,4303.652968,4781.836631,5260.020294
,,,,,1873,4303.652968,4781.836631,5260.020294
,,,,,1874,4303.652968,4781.836631,5260.020294
,,,,,1875,4303.652968,4781.836631,5260.020294
,,,,,1876,4303.652968,4781.836631,5260.020294
,,,,,1877,4303.652968,4781.836631,5260.020294
,,,,,1878,4303.652968,4781.836631,5260.020294
,,,,,1879,4303.652968,4781.836631,5260.020294
,,,,,1880,4303.652968,4781.836631,5260.020294
,,,,,1881,4303.652968,4781.836631,5260.020294
,,,,,1882,4303.652968,4781.836631,5260.020294
,,,,,1883,4303.652968,4781.836631,5260.020294
,,,,,1884,4303.652968,4781.836631,5260.020294
,,,,,1885,4303.652968,4781.836631,5260.020294
,,,,,1886,4303.652968,4781.836631,5260.020294
,,,,,1887,4303.652968,4781.836631,5260.020294
,,,,,1888,4303.652968,4781.836631,5260.020294
,,,,,1889,4303.652968,4781.836631,5260.020294
,,,,,1890,4303.652968,4781.836631,5260.020294
,,,,,1891,4303.652968,4781.836631,5260.020294
,,,,,1892,4303.652968,4781.836631,5260.020294
,,,,,1893,4303.652968,4781.836631,5260.020294
,,,,,1894,4303.652968,4781.836631,5260.020294
,,,,,1895,4303.652968,4781.836631,5260.020294
,,,,,1896,4303.652968,4781.836631,5260.020294
,,,,,1897,4303.652968,4781.836631,5260.020294
,,,,,1898,4303.652968,4781.836631,5260.020294
,,,,,1899,4303.652968,4781.836631,5260.020294
,,,,,1900,4303.652968,4781.836631,5260.020294
,,,,,1901,4303.652968,4781.836631,5260.020294
,,,,,1902,4303.652968,4781.836631,5260.020294
,,,,,1903,4303.652968,4781.836631,5260.020294
,,,,,1904,4303.652968,4781.836631,5260.020294
,,,,,1905,4303.652968,4781.836631,5260.020294
,,,,,1906,4303.652968,4781.836631,5260.020294
,,,,,1907,4303.652968,4781.836631,5260.020294
,,,,,1908,4303.652968,4781.836631,5260.020294
,,,,,1909,4303.652968,4781.836631,5260.020294
,,,,,1910,4303.652968,4781.836631,5260.020294
,,,,,1911,4303.652968,4781.836631,5260.020294
,,,,,1912,4303.652968,4781.836631,5260.020294
,,,,,1913,4303.652968,4781.836631,5260.020294
,,,,,1914,4303.652968,4781.836631,5260.020294
,,,,,1915,4303.652968,4781.836631,5260.020294
,,,,,1916,4303.652968,4781.836631,5260.020294
,,,,,1917,4303.652968,4781.836631,5260.020294
,,,,,1918,4303.652968,4781.836631,5260.020294
,,,,,1919,4303.652968,4781.836631,5260.020294
,,,,,1920,4303.652968,4781.836631,5260.020294
,,,,,1921,4303.652968,4781.836631,5260.020294
,,,,,1922,4303.652968,4781.836631,5260.020294
,,,,,1923,4303.652968,4781.836631,5260.020294
,,,,,1924,4303.652968,4781.836631,5260.020294
,,,,,1925,4303.652968,4781.836631,5260.020294
,,,,,1926,4303.652968,4781.836631,5260.020294
,,,,,1927,4303.652968,4781.836631,5260.020294
,,,,,1928,4303.652968,4781.836631,5260.020294
,,,,,1929,4303.652968,4781.836631,5260.020294
,,,,,1930,4303.652968,4781.836631,5260.020294
,,,,,1931,4303.652968,4781.836631,5260.020294
,,,,,1932,4303.652968,4781.836631,5260.020294
,,,,,1933,4303.652968,4781.836631,5260.020294
,,,,,1934,4303.652968,4781.836631,5260.020294
,,,,,1935,4303.652968,4781.836631,5260.020294
,,,,,1936,4303.652968,4781.836631,5260.020294
,,,,,1937,4303.652968,4781.836631,5260.020294
,,,,,1938,4303.652968,4781.836631,5260.020294
,,,,,1939,4303.652968,4781.836631,5260.020294
,,,,,1940,4303.652968,4781.836631,5260.020294
,,,,,1941,4303.652968,4781.836631,5260.020294
,,,,,1942,4303.652968,4781.836631,5260.020294
,,,,,1943,4303.652968,4781.836631,5260.020294
,,,,,1944,4303.652968,4781.836631,5260.020294
,,,,,1945,4303.652968,4781.836631,5260.020294
,,,,,1946,4303.652968,4781.836631,5260.020294
,,,,,1947,4303.652968,4781.836631,5260.020294
,,,,,1948,4303.652968,4781.836631,5260.020294
,,,,,1949,4303.652968,4781.836631,5260.020294
,,,,,1950,4303.652968,4781.836631,5260.020294
,,,,,1951,4303.652968,4781.836631,5260.020294
,,,,,1952,4303.652968,4781.836631,5260.020294
,,,,,1953,4303.652968,4781.836631,5260.020294
,,,,,1954,4303.652968,4781.836631,5260.020294
,,,,,1955,4303.652968,4781.836631,5260.020294
,,,,,1956,4303.652968,4781.836631,5260.020294
,,,,,1957,4303.652968,4781.836631,5260.020294
,,,,,1958,4303.652968,4781.836631,5260.020294
,,,,,1959,4303.652968,4781.836631,5260.020294
,,,,,1960,4303.652968,4781.836631,5260.020294
,,,,,1961,4303.652968,4781.836631,5260.020294
,,,,,1962,4303.652968,4781.836631,5260.020294
,,,,,1963,4303.652968,4781.836631,5260.020294
,,,,,1964,4303.652968,4781.836631,5260.020294
,,,,,1965,4303.652968,4781.836631,5260.020294
,,,,,1966,4303.652968,4781.836631,5260.020294
,,,,,1967,4303.652968,4781.836631,5260.020294
,,,,,1968,4303.652968,4781.836631,5260.020294
,,,,,1969,4303.652968,4781.836631,5260.020294
,,,,,1970,4303.652968,4781.836631,5260.020294
,,,,,1971,4303.652968,4781.836631,5260.020294
,,,,,1972,4303.652968,4781.836631,5260.020294
,,,,,1973,4303.652968,4781.836631,5260.020294
,,,,,1974,4303.652968,4781.836631,5260.020294
,,,,,1975,4303.652968,4781.836631,5260.020294
,,,,,1976,4303.652968,4781.836631,5260.020294
,,,,,1977,4303.652968,4781.836631,5260.020294
,,,,,1978,4303.652968,4781.836631,5260.020294
,,,,,1979,4303.652968,4781.836631,5260.020294
,,,,,1980,4303.652968,4781.836631,5260.020294
,,,,,1981,4303.652968,4781.836631,5260.020294
,,,,,1982,4303.652968,4781.836631,5260.020294
,,,,,1983,4303.652968,4781.836631,5260.020294
,,,,,1984,4303.652968,4781.836631,5260.020294
,,,,,1985,4303.652968,4781.836631,5260.020294
,,,,,1986,4303.652968,4781.836631,5260.020294
,,,,,1987,4303.652968,4781.836631,5260.020294
,,,,,1988,4303.652968,4781.836631,5260.020294
,,,,,1989,4303.652968,4781.836631,5260.020294
,,,,,1990,4303.652968,4781.836631,5260.020294
,,,,,1991,4303.652968,4781.836631,5260.020294
,,,,,1992,4303.652968,4781.836631,5260.020294
,,,,,1993,4303.652968,4781.836631,5260.020294
,,,,,1994,4303.652968,4781.836631,5260.020294
,,,,,1995,4303.652968,4781.836631,5260.020294
,,,,,1996,4303.652968,4781.836631,5260.020294
,,,,,1997,4303.652968,4781.836631,5260.020294
,,,,,1998,4303.652968,4781.836631,5260.020294
,,,,,1999,4303.652968,4781.836631,5260.020294
,,,,,2000,4303.652968,4781.836631,5260.020294
,,,,,2001,4303.652968,4781.836631,5260.020294
,,,,,2002,4303.652968,4781.836631,5260.020294
,,,,,2003,4303.652968,4781.836631,5260.020294
,,,,,2004,4303.652968,4781.836631,5260.020294
,,,,,2005,4303.652968,4781.836631,5260.020294
,,,,,2006,4303.652968,4781.836631,5260.020294
,,,,,2007,4303.652968,4781.836631,5260.020294
,,,,,2008,4303.652968,4781.836631,5260.020294
,,,,,2009,4303.652968,4781.836631,5260.020294
,,,,,2010,4303.652968,4781.836631,5260.020294
,,,,,2011,4303.652968,4781.836631,5260.020294
,,,,,2012,4303.652968,4781.836631,5260.020294
,,,,,2013,4303.652968,4781.836631,5260.020294
,,,,,2014,4303.652968,4781.836631,5260.020294
,,,,,2015,4303.652968,4781.836631,5260.020294
,,,,,2016,4303.652968,4781.836631,5260.020294
,,,,,2017,4303.652968,4781.836631,5260.020294
,,,,,2018,4303.652968,4781.836631,5260.020294
,,,,,2019,4303.652968,4781.836631,5260.020294
,,,,,2020,4303.652968,4781.836631,5260.020294
,,,,,2021,4303.652968,4781.836631,5260.020294
,,,,,2022,4303.652968,4781.836631,5260.020294
,,,,,2023,4303.652968,4781.836631,5260.020294
,,,,,2024,4303.652968,4781.836631,5260.020294
,,,,,2025,4303.652968,4781.836631,5260.020294
,,,,,2026,4303.652968,4781.836631,5260.020294
,,,,,2027,4303.652968,4781.836631,5260.020294
,,,,,2028,4303.652968,4781.836631,5260.020294
,,,,,2029,4303.652968,4781.836631,5260.020294
,,,,,2030,4303.652968,4781.836631,5260.020294
,,,,,2031,4303.652968,4781.836631,5260.020294
,,,,,2032,4303.652968,4781.836631,5260.020294
,,,,,2033,4303.652968,4781.836631,5260.020294
,,,,,2034,4303.652968,4781.836631,5260.020294
,,,,,2035,4303.652968,4781.836631,5260.020294
,,,,,2036,4303.652968,4781.836631,5260.020294
,,,,,2037,4303.652968,4781.836631,5260.020294
,,,,,2038,4303.652968,4781.836631,5260.020294
,,,,,2039,4303.652968,4781.836631,5260.020294
,,,,,2040,4303.652968,4781.836631,5260.020294
,,,,,2041,4303.652968,4781.836631,5260.020294
,,,,,2042,4303.652968,4781.836631,5260.020294
,,,,,2043,4303.652968,4781.836631,5260.020294
,,,,,2044,4303.652968,4781.836631,5260.020294
,,,,,2045,4303.652968,4781.836631,5260.020294
,,,,,2046,4303.652968,4781.836631,5260.020294
,,,,,2047,4303.652968,4781.836631,5260.020294
,,,,,2048,4303.652968,4781.836631,5260.020294
,,,,,2049,4303.652968,4781.836631,5260.020294
,,,,,2050,4303.652968,4781.836631,5260.020294
,,,,,2051,4303.652968,4781.836631,5260.020294
,,,,,2052,4303.652968,4781.836631,5260.020294
,,,,,2053,4303.652968,4781.836631,5260.020294
,,,,,2054,4303.652968,4781.836631,5260.020294
,,,,,2055,4303.652968,4781.836631,5260.020294
,,,,,2056,4303.652968,4781.836631,5260.020294
,,,,,2057,4303.652968,4781.836631,5260.020294
,,,,,2058,4303.652968,4781.836631,5260.020294
,,,,,2059,4303.652968,4781.836631,5260.020294
,,,,,2060,4303.652968,4781.836631,5260.020294
,,,,,2061,4303.652968,4781.836631,5260.020294
,,,,,2062,4303.652968,4781.836631,5260.020294
,,,,,2063,4303.652968,4781.836631,5260.020294
,,,,,2064,4303.652968,4781.836631,5260.020294
,,,,,2065,4303.652968,4781.836631,5260.020294
,,,,,2066,4303.652968,4781.836631,5260.020294
,,,,,2067,4303.652968,4781.836631,5260.020294
,,,,,2068,4303.652968,4781.836631,5260.020294
,,,,,2069,4303.652968,4781.836631,5260.020294
,,,,,2070,4303.652968,4781.836631,5260.020294
,,,,,2071,4303.652968,4781.836631,5260.020294
,,,,,2072,4303.652968,4781.836631,5260.020294
,,,,,2073,4303.652968,4781.836631,5260.020294
,,,,,2074,4303.652968,4781.836631,5260.020294
,,,,,2075,4303.652968,4781.836631,5260.020294
,,,,,2076,4303.652968,4781.836631,5260.020294
,,,,,2077,4303.652968,4781.836631,5260.020294
,,,,,2078,4303.652968,4781.836631,5260.020294
,,,,,2079,4303.652968,4781.836631,5260.020294
,,,,,2080,4303.652968,4781.836631,5260.020294
,,,,,2081,4303.652968,4781.836631,5260.020294
,,,,,2082,4303.652968,4781.836631,5260.020294
,,,,,2083,4303.652968,4781.836631,5260.020294
,,,,,2084,4303.652968,4781.836631,5260.020294
,,,,,2085,4303.652968,4781.836631,5260.020294
,,,,,2086,4303.652968,4781.836631,5260.020294
,,,,,2087,4303.652968,4781.836631,5260.020294
,,,,,2088,4303.652968,4781.836631,5260.020294
,,,,,2089,4303.652968,4781.836631,5260.020294
,,,,,2090,4303.652968,4781.836631,5260.020294
,,,,,2091,4303.652968,4781.836631,5260.020294
,,,,,2092,4303.652968,4781.836631,5260.020294
,,,,,2093,4303.652968,4781.836631,5260.020294
,,,,,2094,4303.652968,4781.836631,5260.020294
,,,,,2095,4303.652968,4781.836631,5260.020294
,,,,,2096,4303.652968,4781.836631,5260.020294
,,,,,2097,4303.652968,4781.836631,5260.020294
,,,,,2098,4303.652968,4781.836631,5260.020294
,,,,,2099,4303.652968,4781.836631,5260.020294
,,,,,2100,4303.652968,4781.836631,5260.020294
,,,,,2101,4303.652968,4781.836631,5260.020294
,,,,,2102,4303.652968,4781.836631,5260.020294
,,,,,2103,4303.652968,4781.836631,5260.020294
,,,,,2104,4303.652968,4781.836631,5260.020294
,,,,,2105,4303.652968,4781.836631,5260.020294
,,,,,2106,4303.652968,4781.836631,5260.020294
,,,,,2107,4303.652968,4781.836631,5260.020294
,,,,,2108,4303.652968,4781.836631,5260.020294
,,,,,2109,4303.652968,4781.836631,5260.020294
,,,,,2110,4303.652968,4781.836631,5260.020294
,,,,,2111,4303.652968,4781.836631,5260.020294
,,,,,2112,4303.652968,4781.836631,5260.020294
,,,,,2113,4303.652968,4781.836631,5260.020294
,,,,,2114,4303.652968,4781.836631,5260.020294
,,,,,2115,4303.652968,4781.836631,5260.020294
,,,,,2116,4303.652968,4781.836631,5260.020294
,,,,,2117,4303.652968,4781.836631,5260.020294
,,,,,2118,4303.652968,4781.836631,5260.020294
,,,,,2119,4303.652968,4781.836631,5260.020294
,,,,,2120,4303.652968,4781.836631,5260.020294
,,,,,2121,4303.652968,4781.836631,5260.020294
,,,,,2122,4303.652968,4781.836631,5260.020294
,,,,,2123,4303.652968,4781.836631,5260.020294
,,,,,2124,4303.652968,4781.836631,5260.020294
,,,,,2125,4303.652968,4781.836631,5260.020294
,,,,,2126,4303.652968,4781.836631,5260.020294
,,,,,2127,4303.652968,4781.836631,5260.020294
,,,,,2128,4303.652968,4781.836631,5260.020294
,,,,,2129,4303.652968,4781.836631,5260.020294
,,,,,2130,4303.652968,4781.836631,5260.020294
,,,,,2131,4303.652968,4781.836631,5260.020294
,,,,,2132,4303.652968,4781.836631,5260.020294
,,,,,2133,4303.652968,4781.836631,5260.020294
,,,,,2134,4303.652968,4781.836631,5260.020294
,,,,,2135,4303.652968,4781.836631,5260.020294
,,,,,2136,4303.652968,4781.836631,5260.020294
,,,,,2137,4303.652968,4781.836631,5260.020294
,,,,,2138,4303.652968,4781.836631,5260.020294
,,,,,2139,4303.652968,4781.836631,5260.020294
,,,,,2140,4303.652968,4781.836631,5260.020294
,,,,,2141,4303.652968,4781.836631,5260.020294
,,,,,2142,4303.652968,4781.836631,5260.020294
,,,,,2143,4303.652968,4781.836631,5260.020294
,,,,,2144,4303.652968,4781.836631,5260.020294
,,,,,2145,4303.652968,4781.836631,5260.020294
,,,,,2146,4303.652968,4781.836631,5260.020294
,,,,,2147,4303.652968,4781.836631,5260.020294
,,,,,2148,4303.652968,4781.836631,5260.020294
,,,,,2149,4303.652968,4781.836631,5260.020294
,,,,,2150,4303.652968,4781.836631,5260.020294
,,,,,2151,4303.652968,4781.836631,5260.020294
,,,,,2152,4303.652968,4781.836631,5260.020294
,,,,,2153,4303.652968,4781.836631,5260.020294
,,,,,2154,4303.652968,4781.836631,5260.020294
,,,,,2155,4303.652968,4781.836631,5260.020294
,,,,,2156,4303.652968,4781.836631,5260.020294
,,,,,2157,4303.652968,4781.836631,5260.020294
,,,,,2158,4303.652968,4781.836631,5260.020294
,,,,,2159,4303.652968,4781.836631,5260.020294
,,,,,2160,4303.652968,4781.836631,5260.020294
,,,,,2161,4303.652968,4781.836631,5260.020294
,,,,,2162,4303.652968,4781.836631,5260.020294
,,,,,2163,4303.652968,4781.836631,5260.020294
,,,,,2164,4303.652968,4781.836631,5260.020294
,,,,,2165,4303.652968,4781.836631,5260.020294
,,,,,2166,4303.652968,4781.836631,5260.020294
,,,,,2167,4303.652968,4781.836631,5260.020294
,,,,,2168,4303.652968,4781.836631,5260.020294
,,,,,2169,4303.652968,4781.836631,5260.020294
,,,,,2170,4303.652968,4781.836631,5260.020294
,,,,,2171,4303.652968,4781.836631,5260.020294
,,,,,2172,4303.652968,4781.836631,5260.020294
,,,,,2173,4303.652968,4781.836631,5260.020294
,,,,,2174,4303.652968,4781.836631,5260.020294
,,,,,2175,4303.652968,4781.836631,5260.020294
,,,,,2176,4303.652968,4781.836631,5260.020294
,,,,,2177,4303.652968,4781.836631,5260.020294
,,,,,2178,4303.652968,4781.836631,5260.020294
,,,,,2179,4303.652968,4781.836631,5260.020294
,,,,,2180,4303.652968,4781.836631,5260.020294
,,,,,2181,4303.652968,4781.836631,5260.020294
,,,,,2182,4303.652968,4781.836631,5260.020294
,,,,,2183,4303.652968,4781.836631,5260.020294
,,,,,2184,4303.652968,4781.836631,5260.020294
,,,,,2185,4303.652968,4781.836631,5260.020294
,,,,,2186,4303.652968,4781.836631,5260.020294
,,,,,2187,4303.652968,4781.836631,5260.020294
,,,,,2188,4303.652968,4781.836631,5260.020294
,,,,,2189,4303.652968,4781.836631,5260.020294
,,,,,2190,4303.652968,4781.836631,5260.020294
,,,,,2191,4303.652968,4781.836631,5260.020294
,,,,,2192,4303.652968,4781.836631,5260.020294
,,,,,2193,4303.652968,4781.836631,5260.020294
,,,,,2194,4303.652968,4781.836631,5260.020294
,,,,,2195,4303.652968,4781.836631,5260.020294
,,,,,2196,4303.652968,4781.836631,5260.020294
,,,,,2197,4303.652968,4781.836631,5260.020294
,,,,,2198,4303.652968,4781.836631,5260.020294
,,,,,2199,4303.652968,4781.836631,5260.020294
,,,,,2200,4303.652968,4781.836631,5260.020294
,,,,,2201,4303.652968,4781.836631,5260.020294
,,,,,2202,4303.652968,4781.836631,5260.020294
,,,,,2203,4303.652968,4781.836631,5260.020294
,,,,,2204,4303.652968,4781.836631,5260.020294
,,,,,2205,4303.652968,4781.836631,5260.020294
,,,,,2206,4303.652968,4781.836631,5260.020294
,,,,,2207,4303.652968,4781.836631,5260.020294
,,,,,2208,4303.652968,4781.836631,5260.020294
,,,,,2209,4303.652968,4781.836631,5260.020294
,,,,,2210,4303.652968,4781.836631,5260.020294
,,,,,2211,4303.652968,4781.836631,5260.020294
,,,,,2212,4303.652968,4781.836631,5260.020294
,,,,,2213,4303.652968,4781.836631,5260.020294
,,,,,2214,4303.652968,4781.836631,5260.020294
,,,,,2215,4303.652968,4781.836631,5260.020294
,,,,,2216,4303.652968,4781.836631,5260.020294
,,,,,2217,4303.652968,4781.836631,5260.020294
,,,,,2218,4303.652968,4781.836631,5260.020294
,,,,,2219,4303.652968,4781.836631,5260.020294
,,,,,2220,4303.652968,4781.836631,5260.020294
,,,,,2221,4303.652968,4781.836631,5260.020294
,,,,,2222,4303.652968,4781.836631,5260.020294
,,,,,2223,4303.652968,4781.836631,5260.020294
,,,,,2224,4303.652968,4781.836631,5260.020294
,,,,,2225,4303.652968,4781.836631,5260.020294
,,,,,2226,4303.652968,4781.836631,5260.020294
,,,,,2227,4303.652968,4781.836631,5260.020294
,,,,,2228,4303.652968,4781.836631,5260.020294
,,,,,2229,4303.652968,4781.836631,5260.020294
,,,,,2230,4303.652968,4781.836631,5260.020294
,,,,,2231,4303.652968,4781.836631,5260.020294
,,,,,2232,4303.652968,4781.836631,5260.020294
,,,,,2233,4303.652968,4781.836631,5260.020294
,,,,,2234,4303.652968,4781.836631,5260.020294
,,,,,2235,4303.652968,4781.836631,5260.020294
,,,,,2236,4303.652968,4781.836631,5260.020294
,,,,,2237,4303.652968,4781.836631,5260.020294
,,,,,2238,4303.652968,4781.836631,5260.020294
,,,,,2239,4303.652968,4781.836631,5260.020294
,,,,,2240,4303.652968,4781.836631,5260.020294
,,,,,2241,4303.652968,4781.836631,5260.020294
,,,,,2242,4303.652968,4781.836631,5260.020294
,,,,,2243,4303.652968,4781.836631,5260.020294
,,,,,2244,4303.652968,4781.836631,5260.020294
,,,,,2245,4303.652968,4781.836631,5260.020294
,,,,,2246,4303.652968,4781.836631,5260.020294
,,,,,2247,4303.652968,4781.836631,5260.020294
,,,,,2248,4303.652968,4781.836631,5260.020294
,,,,,2249,4303.652968,4781.836631,5260.020294
,,,,,2250,4303.652968,4781.836631,5260.020294
,,,,,2251,4303.652968,4781.836631,5260.020294
,,,,,2252,4303.652968,4781.836631,5260.020294
,,,,,2253,4303.652968,4781.836631,5260.020294
,,,,,2254,4303.652968,4781.836631,5260.020294
,,,,,2255,4303.652968,4781.836631,5260.020294
,,,,,2256,4303.652968,4781.836631,5260.020294
,,,,,2257,4303.652968,4781.836631,5260.020294
,,,,,2258,4303.652968,4781.836631,5260.020294
,,,,,2259,4303.652968,4781.836631,5260.020294
,,,,,2260,4303.652968,4781.836631,5260.020294
,,,,,2261,4303.652968,4781.836631,5260.020294
,,,,,2262,4303.652968,4781.836631,5260.020294
,,,,,2263,4303.652968,4781.836631,5260.020294
,,,,,2264,4303.652968,4781.836631,5260.020294
,,,,,2265,4303.652968,4781.836631,5260.020294
,,,,,2266,4303.652968,4781.836631,5260.020294
,,,,,2267,4303.652968,4781.836631,5260.020294
,,,,,2268,4303.652968,4781.836631,5260.020294
,,,,,2269,4303.652968,4781.836631,5260.020294
,,,,,2270,4303.652968,4781.836631,5260.020294
,,,,,2271,4303.652968,4781.836631,5260.020294
,,,,,2272,4303.652968,4781.836631,5260.020294
,,,,,2273,4303.652968,4781.836631,5260.020294
,,,,,2274,4303.652968,4781.836631,5260.020294
,,,,,2275,4303.652968,4781.836631,5260.020294
,,,,,2276,4303.652968,4781.836631,5260.020294
,,,,,2277,4303.652968,4781.836631,5260.020294
,,,,,2278,4303.652968,4781.836631,5260.020294
,,,,,2279,4303.652968,4781.836631,5260.020294
,,,,,2280,4303.652968,4781.836631,5260.020294
,,,,,2281,4303.652968,4781.836631,5260.020294
,,,,,2282,4303.652968,4781.836631,5260.020294
,,,,,2283,4303.652968,4781.836631,5260.020294
,,,,,2284,4303.652968,4781.836631,5260.020294
,,,,,2285,4303.652968,4781.836631,5260.020294
,,,,,2286,4303.652968,4781.836631,5260.020294
,,,,,2287,4303.652968,4781.836631,5260.020294
,,,,,2288,4303.652968,4781.836631,5260.020294
,,,,,2289,4303.652968,4781.836631,5260.020294
,,,,,2290,4303.652968,4781.836631,5260.020294
,,,,,2291,4303.652968,4781.836631,5260.020294
,,,,,2292,4303.652968,4781.836631,5260.020294
,,,,,2293,4303.652968,4781.836631,5260.020294
,,,,,2294,4303.652968,4781.836631,5260.020294
,,,,,2295,4303.652968,4781.836631,5260.020294
,,,,,2296,4303.652968,4781.836631,5260.020294
,,,,,2297,4303.652968,4781.836631,5260.020294
,,,,,2298,4303.652968,4781.836631,5260.020294
,,,,,2299,4303.652968,4781.836631,5260.020294
,,,,,2300,4303.652968,4781.836631,5260.020294
,,,,,2301,4303.652968,4781.836631,5260.020294
,,,,,2302,4303.652968,4781.836631,5260.020294
,,,,,2303,4303.652968,4781.836631,5260.020294
,,,,,2304,4303.652968,4781.836631,5260.020294
,,,,,2305,4303.652968,4781.836631,5260.020294
,,,,,2306,4303.652968,4781.836631,5260.020294
,,,,,2307,4303.652968,4781.836631,5260.020294
,,,,,2308,4303.652968,4781.836631,5260.020294
,,,,,2309,4303.652968,4781.836631,5260.020294
,,,,,2310,4303.652968,4781.836631,5260.020294
,,,,,2311,4303.652968,4781.836631,5260.020294
,,,,,2312,4303.652968,4781.836631,5260.020294
,,,,,2313,4303.652968,4781.836631,5260.020294
,,,,,2314,4303.652968,4781.836631,5260.020294
,,,,,2315,4303.652968,4781.836631,5260.020294
,,,,,2316,4303.652968,4781.836631,5260.020294
,,,,,2317,4303.652968,4781.836631,5260.020294
,,,,,2318,4303.652968,4781.836631,5260.020294
,,,,,2319,4303.652968,4781.836631,5260.020294
,,,,,2320,4303.652968,4781.836631,5260.020294
,,,,,2321,4303.652968,4781.836631,5260.020294
,,,,,2322,4303.652968,4781.836631,5260.020294
,,,,,2323,4303.652968,4781.836631,5260.020294
,,,,,2324,4303.652968,4781.836631,5260.020294
,,,,,2325,4303.652968,4781.836631,5260.020294
,,,,,2326,4303.652968,4781.836631,5260.020294
,,,,,2327,4303.652968,4781.836631,5260.020294
,,,,,2328,4303.652968,4781.836631,5260.020294
,,,,,2329,4303.652968,4781.836631,5260.020294
,,,,,2330,4303.652968,4781.836631,5260.020294
,,,,,2331,4303.652968,4781.836631,5260.020294
,,,,,2332,4303.652968,4781.836631,5260.020294
,,,,,2333,4303.652968,4781.836631,5260.020294
,,,,,2334,4303.652968,4781.836631,5260.020294
,,,,,2335,4303.652968,4781.836631,5260.020294
,,,,,2336,4303.652968,4781.836631,5260.020294
,,,,,2337,4303.652968,4781.836631,5260.020294
,,,,,2338,4303.652968,4781.836631,5260.020294
,,,,,2339,4303.652968,4781.836631,5260.020294
,,,,,2340,4303.652968,4781.836631,5260.020294
,,,,,2341,4303.652968,4781.836631,5260.020294
,,,,,2342,4303.652968,4781.836631,5260.020294
,,,,,2343,4303.652968,4781.836631,5260.020294
,,,,,2344,4303.652968,4781.836631,5260.020294
,,,,,2345,4303.652968,4781.836631,5260.020294
,,,,,2346,4303.652968,4781.836631,5260.020294
,,,,,2347,4303.652968,4781.836631,5260.020294
,,,,,2348,4303.652968,4781.836631,5260.020294
,,,,,2349,4303.652968,4781.836631,5260.020294
,,,,,2350,4303.652968,4781.836631,5260.020294
,,,,,2351,4303.652968,4781.836631,5260.020294
,,,,,2352,4303.652968,4781.836631,5260.020294
,,,,,2353,4303.652968,4781.836631,5260.020294
,,,,,2354,4303.652968,4781.836631,5260.020294
,,,,,2355,4303.652968,4781.836631,5260.020294
,,,,,2356,4303.652968,4781.836631,5260.020294
,,,,,2357,4303.652968,4781.836631,5260.020294
,,,,,2358,4303.652968,4781.836631,5260.020294
,,,,,2359,4303.652968,4781.836631,5260.020294
,,,,,2360,4303.652968,4781.836631,5260.020294
,,,,,2361,4303.652968,4781.836631,5260.020294
,,,,,2362,4303.652968,4781.836631,5260.020294
,,,,,2363,4303.652968,4781.836631,5260.020294
,,,,,2364,4303.652968,4781.836631,5260.020294
,,,,,2365,4303.652968,4781.836631,5260.020294
,,,,,2366,4303.652968,4781.836631,5260.020294
,,,,,2367,4303.652968,4781.836631,5260.020294
,,,,,2368,4303.652968,4781.836631,5260.020294
,,,,,2369,4303.652968,4781.836631,5260.020294
,,,,,2370,4303.652968,4781.836631,5260.020294
,,,,,2371,4303.652968,4781.836631,5260.020294
,,,,,2372,4303.652968,4781.836631,5260.020294
,,,,,2373,4303.652968,4781.836631,5260.020294
,,,,,2374,4303.652968,4781.836631,5260.020294
,,,,,2375,4303.652968,4781.836631,5260.020294
,,,,,2376,4303.652968,4781.836631,5260.020294
,,,,,2377,4303.652968,4781.836631,5260.020294
,,,,,2378,4303.652968,4781.836631,5260.020294
,,,,,2379,4303.652968,4781.836631,5260.020294
,,,,,2380,4303.652968,4781.836631,5260.020294
,,,,,2381,4303.652968,4781.836631,5260.020294
,,,,,2382,4303.652968,4781.836631,5260.020294
,,,,,2383,4303.652968,4781.836631,5260.020294
,,,,,2384,4303.652968,4781.836631,5260.020294
,,,,,2385,4303.652968,4781.836631,5260.020294
,,,,,2386,4303.652968,4781.836631,5260.020294
,,,,,2387,4303.652968,4781.836631,5260.020294
,,,,,2388,4303.652968,4781.836631,5260.020294
,,,,,2389,4303.652968,4781.836631,5260.020294
,,,,,2390,4303.652968,4781.836631,5260.020294
,,,,,2391,4303.652968,4781.836631,5260.020294
,,,,,2392,4303.652968,4781.836631,5260.020294
,,,,,2393,4303.652968,4781.836631,5260.020294
,,,,,2394,4303.652968,4781.836631,5260.020294
,,,,,2395,4303.652968,4781.836631,5260.020294
,,,,,2396,4303.652968,4781.836631,5260.020294
,,,,,2397,4303.652968,4781.836631,5260.020294
,,,,,2398,4303.652968,4781.836631,5260.020294
,,,,,2399,4303.652968,4781.836631,5260.020294
,,,,,2400,4303.652968,4781.836631,5260.020294
,,,,,2401,4303.652968,4781.836631,5260.020294
,,,,,2402,4303.652968,4781.836631,5260.020294
,,,,,2403,4303.652968,4781.836631,5260.020294
,,,,,2404,4303.652968,4781.836631,5260.020294
,,,,,2405,4303.652968,4781.836631,5260.020294
,,,,,2406,4303.652968,4781.836631,5260.020294
,,,,,2407,4303.652968,4781.836631,5260.020294
,,,,,2408,4303.652968,4781.836631,5260.020294
,,,,,2409,4303.652968,4781.836631,5260.020294
,,,,,2410,4303.652968,4781.836631,5260.020294
,,,,,2411,4303.652968,4781.836631,5260.020294
,,,,,2412,4303.652968,4781.836631,5260.020294
,,,,,2413,4303.652968,4781.836631,5260.020294
,,,,,2414,4303.652968,4781.836631,5260.020294
,,,,,2415,4303.652968,4781.836631,5260.020294
,,,,,2416,4303.652968,4781.836631,5260.020294
,,,,,2417,4303.652968,4781.836631,5260.020294
,,,,,2418,4303.652968,4781.836631,5260.020294
,,,,,2419,4303.652968,4781.836631,5260.020294
,,,,,2420,4303.652968,4781.836631,5260.020294
,,,,,2421,4303.652968,4781.836631,5260.020294
,,,,,2422,4303.652968,4781.836631,5260.020294
,,,,,2423,4303.652968,4781.836631,5260.020294
,,,,,2424,4303.652968,4781.836631,5260.020294
,,,,,2425,4303.652968,4781.836631,5260.020294
,,,,,2426,4303.652968,4781.836631,5260.020294
,,,,,2427,4303.652968,4781.836631,5260.020294
,,,,,2428,4303.652968,4781.836631,5260.020294
,,,,,2429,4303.652968,4781.836631,5260.020294
,,,,,2430,4303.652968,4781.836631,5260.020294
,,,,,2431,4303.652968,4781.836631,5260.020294
,,,,,2432,4303.652968,4781.836631,5260.020294
,,,,,2433,4303.652968,4781.836631,5260.020294
,,,,,2434,4303.652968,4781.836631,5260.020294
,,,,,2435,4303.652968,4781.836631,5260.020294
,,,,,2436,4303.652968,4781.836631,5260.020294
,,,,,2437,4303.652968,4781.836631,5260.020294
,,,,,2438,4303.652968,4781.836631,5260.020294
,,,,,2439,4303.652968,4781.836631,5260.020294
,,,,,2440,4303.652968,4781.836631,5260.020294
,,,,,2441,4303.652968,4781.836631,5260.020294
,,,,,2442,4303.652968,4781.836631,5260.020294
,,,,,2443,4303.652968,4781.836631,5260.020294
,,,,,2444,4303.652968,4781.836631,5260.020294
,,,,,2445,4303.652968,4781.836631,5260.020294
,,,,,2446,4303.652968,4781.836631,5260.020294
,,,,,2447,4303.652968,4781.836631,5260.020294
,,,,,2448,4303.652968,4781.836631,5260.020294
,,,,,2449,4303.652968,4781.836631,5260.020294
,,,,,2450,4303.652968,4781.836631,5260.020294
,,,,,2451,4303.652968,4781.836631,5260.020294
,,,,,2452,4303.652968,4781.836631,5260.020294
,,,,,2453,4303.652968,4781.836631,5260.020294
,,,,,2454,4303.652968,4781.836631,5260.020294
,,,,,2455,4303.652968,4781.836631,5260.020294
,,,,,2456,4303.652968,4781.836631,5260.020294
,,,,,2457,4303.652968,4781.836631,5260.020294
,,,,,2458,4303.652968,4781.836631,5260.020294
,,,,,2459,4303.652968,4781.836631,5260.020294
,,,,,2460,4303.652968,4781.836631,5260.020294
,,,,,2461,4303.652968,4781.836631,5260.020294
,,,,,2462,4303.652968,4781.836631,5260.020294
,,,,,2463,4303.652968,4781.836631,5260.020294
,,,,,2464,4303.652968,4781.836631,5260.020294
,,,,,2465,4303.652968,4781.836631,5260.020294
,,,,,2466,4303.652968,4781.836631,5260.020294
,,,,,2467,4303.652968,4781.836631,5260.020294
,,,,,2468,4303.652968,4781.836631,5260.020294
,,,,,2469,4303.652968,4781.836631,5260.020294
,,,,,2470,4303.652968,4781.836631,5260.020294
,,,,,2471,4303.652968,4781.836631,5260.020294
,,,,,2472,4303.652968,4781.836631,5260.020294
,,,,,2473,4303.652968,4781.836631,5260.020294
,,,,,2474,4303.652968,4781.836631,5260.020294
,,,,,2475,4303.652968,4781.836631,5260.020294
,,,,,2476,4303.652968,4781.836631,5260.020294
,,,,,2477,4303.652968,4781.836631,5260.020294
,,,,,2478,4303.652968,4781.836631,5260.020294
,,,,,2479,4303.652968,4781.836631,5260.020294
,,,,,2480,4303.652968,4781.836631,5260.020294
,,,,,2481,4303.652968,4781.836631,5260.020294
,,,,,2482,4303.652968,4781.836631,5260.020294
,,,,,2483,4303.652968,4781.836631,5260.020294
,,,,,2484,4303.652968,4781.836631,5260.020294
,,,,,2485,4303.652968,4781.836631,5260.020294
,,,,,2486,4303.652968,4781.836631,5260.020294
,,,,,2487,4303.652968,4781.836631,5260.020294
,,,,,2488,4303.652968,4781.836631,5260.020294
,,,,,2489,4303.652968,4781.836631,5260.020294
,,,,,2490,4303.652968,4781.836631,5260.020294
,,,,,2491,4303.652968,4781.836631,5260.020294
,,,,,2492,4303.652968,4781.836631,5260.020294
,,,,,2493,4303.652968,4781.836631,5260.020294
,,,,,2494,4303.652968,4781.836631,5260.020294
,,,,,2495,4303.652968,4781.836631,5260.020294
,,,,,2496,4303.652968,4781.836631,5260.020294
,,,,,2497,4303.652968,4781.836631,5260.020294
,,,,,2498,4303.652968,4781.836631,5260.020294
,,,,,2499,4303.652968,4781.836631,5260.020294
,,,,,2500,4303.652968,4781.836631,5260.020294
,,,,,2501,4303.652968,4781.836631,5260.020294
,,,,,2502,4303.652968,4781.836631,5260.020294
,,,,,2503,4303.652968,4781.836631,5260.020294
,,,,,2504,4303.652968,4781.836631,5260.020294
,,,,,2505,4303.652968,4781.836631,5260.020294
,,,,,2506,4303.652968,4781.836631,5260.020294
,,,,,2507,4303.652968,4781.836631,5260.020294
,,,,,2508,4303.652968,4781.836631,5260.020294
,,,,,2509,4303.652968,4781.836631,5260.020294
,,,,,2510,4303.652968,4781.836631,5260.020294
,,,,,2511,4303.652968,4781.836631,5260.020294
,,,,,2512,4303.652968,4781.836631,5260.020294
,,,,,2513,4303.652968,4781.836631,5260.020294
,,,,,2514,4303.652968,4781.836631,5260.020294
,,,,,2515,4303.652968,4781.836631,5260.020294
,,,,,2516,4303.652968,4781.836631,5260.020294
,,,,,2517,4303.652968,4781.836631,5260.020294
,,,,,2518,4303.652968,4781.836631,5260.020294
,,,,,2519,4303.652968,4781.836631,5260.020294
,,,,,2520,4303.652968,4781.836631,5260.020294
,,,,,2521,4303.652968,4781.836631,5260.020294
,,,,,2522,4303.652968,4781.836631,5260.020294
,,,,,2523,4303.652968,4781.836631,5260.020294
,,,,,2524,4303.652968,4781.836631,5260.020294
,,,,,2525,4303.652968,4781.836631,5260.020294
,,,,,2526,4303.652968,4781.836631,5260.020294
,,,,,2527,4303.652968,4781.836631,5260.020294
,,,,,2528,4303.652968,4781.836631,5260.020294
,,,,,2529,4303.652968,4781.836631,5260.020294
,,,,,2530,4303.652968,4781.836631,5260.020294
,,,,,2531,4303.652968,4781.836631,5260.020294
,,,,,2532,4303.652968,4781.836631,5260.020294
,,,,,2533,4303.652968,4781.836631,5260.020294
,,,,,2534,4303.652968,4781.836631,5260.020294
,,,,,2535,4303.652968,4781.836631,5260.020294
,,,,,2536,4303.652968,4781.836631,5260.020294
,,,,,2537,4303.652968,4781.836631,5260.020294
,,,,,2538,4303.652968,4781.836631,5260.020294
,,,,,2539,4303.652968,4781.836631,5260.020294
,,,,,2540,4303.652968,4781.836631,5260.020294
,,,,,2541,4303.652968,4781.836631,5260.020294
,,,,,2542,4303.652968,4781.836631,5260.020294
,,,,,2543,4303.652968,4781.836631,5260.020294
,,,,,2544,4303.652968,4781.836631,5260.020294
,,,,,2545,4303.652968,4781.836631,5260.020294
,,,,,2546,4303.652968,4781.836631,5260.020294
,,,,,2547,4303.652968,4781.836631,5260.020294
,,,,,2548,4303.652968,4781.836631,5260.020294
,,,,,2549,4303.652968,4781.836631,5260.020294
,,,,,2550,4303.652968,4781.836631,5260.020294
,,,,,2551,4303.652968,4781.836631,5260.020294
,,,,,2552,4303.652968,4781.836631,5260.020294
,,,,,2553,4303.652968,4781.836631,5260.020294
,,,,,2554,4303.652968,4781.836631,5260.020294
,,,,,2555,4303.652968,4781.836631,5260.020294
,,,,,2556,4303.652968,4781.836631,5260.020294
,,,,,2557,4303.652968,4781.836631,5260.020294
,,,,,2558,4303.652968,4781.836631,5260.020294
,,,,,2559,4303.652968,4781.836631,5260.020294
,,,,,2560,4303.652968,4781.836631,5260.020294
,,,,,2561,4303.652968,4781.836631,5260.020294
,,,,,2562,4303.652968,4781.836631,5260.020294
,,,,,2563,4303.652968,4781.836631,5260.020294
,,,,,2564,4303.652968,4781.836631,5260.020294
,,,,,2565,4303.652968,4781.836631,5260.020294
,,,,,2566,4303.652968,4781.836631,5260.020294
,,,,,2567,4303.652968,4781.836631,5260.020294
,,,,,2568,4303.652968,4781.836631,5260.020294
,,,,,2569,4303.652968,4781.836631,5260.020294
,,,,,2570,4303.652968,4781.836631,5260.020294
,,,,,2571,4303.652968,4781.836631,5260.020294
,,,,,2572,4303.652968,4781.836631,5260.020294
,,,,,2573,4303.652968,4781.836631,5260.020294
,,,,,2574,4303.652968,4781.836631,5260.020294
,,,,,2575,4303.652968,4781.836631,5260.020294
,,,,,2576,4303.652968,4781.836631,5260.020294
,,,,,2577,4303.652968,4781.836631,5260.020294
,,,,,2578,4303.652968,4781.836631,5260.020294
,,,,,2579,4303.652968,4781.836631,5260.020294
,,,,,2580,4303.652968,4781.836631,5260.020294
,,,,,2581,4303.652968,4781.836631,5260.020294
,,,,,2582,4303.652968,4781.836631,5260.020294
,,,,,2583,4303.652968,4781.836631,5260.020294
,,,,,2584,4303.652968,4781.836631,5260.020294
,,,,,2585,4303.652968,4781.836631,5260.020294
,,,,,2586,4303.652968,4781.836631,5260.020294
,,,,,2587,4303.652968,4781.836631,5260.020294
,,,,,2588,4303.652968,4781.836631,5260.020294
,,,,,2589,4303.652968,4781.836631,5260.020294
,,,,,2590,4303.652968,4781.836631,5260.020294
,,,,,2591,4303.652968,4781.836631,5260.020294
,,,,,2592,4303.652968,4781.836631,5260.020294
,,,,,2593,4303.652968,4781.836631,5260.020294
,,,,,2594,4303.652968,4781.836631,5260.020294
,,,,,2595,4303.652968,4781.836631,5260.020294
,,,,,2596,4303.652968,4781.836631,5260.020294
,,,,,2597,4303.652968,4781.836631,5260.020294
,,,,,2598,4303.652968,4781.836631,5260.020294
,,,,,2599,4303.652968,4781.836631,5260.020294
,,,,,2600,4303.652968,4781.836631,5260.020294
,,,,,2601,4303.652968,4781.836631,5260.020294
,,,,,2602,4303.652968,4781.836631,5260.020294
,,,,,2603,4303.652968,4781.836631,5260.020294
,,,,,2604,4303.652968,4781.836631,5260.020294
,,,,,2605,4303.652968,4781.836631,5260.020294
,,,,,2606,4303.652968,4781.836631,5260.020294
,,,,,2607,4303.652968,4781.836631,5260.020294
,,,,,2608,4303.652968,4781.836631,5260.020294
,,,,,2609,4303.652968,4781.836631,5260.020294
,,,,,2610,4303.652968,4781.836631,5260.020294
,,,,,2611,4303.652968,4781.836631,5260.020294
,,,,,2612,4303.652968,4781.836631,5260.020294
,,,,,2613,4303.652968,4781.836631,5260.020294
,,,,,2614,4303.652968,4781.836631,5260.020294
,,,,,2615,4303.652968,4781.836631,5260.020294
,,,,,2616,4303.652968,4781.836631,5260.020294
,,,,,2617,4303.652968,4781.836631,5260.020294
,,,,,2618,4303.652968,4781.836631,5260.020294
,,,,,2619,4303.652968,4781.836631,5260.020294
,,,,,2620,4303.652968,4781.836631,5260.020294
,,,,,2621,4303.652968,4781.836631,5260.020294
,,,,,2622,4303.652968,4781.836631,5260.020294
,,,,,2623,4303.652968,4781.836631,5260.020294
,,,,,2624,4303.652968,4781.836631,5260.020294
,,,,,2625,4303.652968,4781.836631,5260.020294
,,,,,2626,4303.652968,4781.836631,5260.020294
,,,,,2627,4303.652968,4781.836631,5260.020294
,,,,,2628,4303.652968,4781.836631,5260.020294
,,,,,2629,4303.652968,4781.836631,5260.020294
,,,,,2630,4303.652968,4781.836631,5260.020294
,,,,,2631,4303.652968,4781.836631,5260.020294
,,,,,2632,4303.652968,4781.836631,5260.020294
,,,,,2633,4303.652968,4781.836631,5260.020294
,,,,,2634,4303.652968,4781.836631,5260.020294
,,,,,2635,4303.652968,4781.836631,5260.020294
,,,,,2636,4303.652968,4781.836631,5260.020294
,,,,,2637,4303.652968,4781.836631,5260.020294
,,,,,2638,4303.652968,4781.836631,5260.020294
,,,,,2639,4303.652968,4781.836631,5260.020294
,,,,,2640,4303.652968,4781.836631,5260.020294
,,,,,2641,4303.652968,4781.836631,5260.020294
,,,,,2642,4303.652968,4781.836631,5260.020294
,,,,,2643,4303.652968,4781.836631,5260.020294
,,,,,2644,4303.652968,4781.836631,5260.020294
,,,,,2645,4303.652968,4781.836631,5260.020294
,,,,,2646,4303.652968,4781.836631,5260.020294
,,,,,2647,4303.652968,4781.836631,5260.020294
,,,,,2648,4303.652968,4781.836631,5260.020294
,,,,,2649,4303.652968,4781.836631,5260.020294
,,,,,2650,4303.652968,4781.836631,5260.020294
,,,,,2651,4303.652968,4781.836631,5260.020294
,,,,,2652,4303.652968,4781.836631,5260.020294
,,,,,2653,4303.652968,4781.836631,5260.020294
,,,,,2654,4303.652968,4781.836631,5260.020294
,,,,,2655,4303.652968,4781.836631,5260.020294
,,,,,2656,4303.652968,4781.836631,5260.020294
,,,,,2657,4303.652968,4781.836631,5260.020294
,,,,,2658,4303.652968,4781.836631,5260.020294
,,,,,2659,4303.652968,4781.836631,5260.020294
,,,,,2660,4303.652968,4781.836631,5260.020294
,,,,,2661,4303.652968,4781.836631,5260.020294
,,,,,2662,4303.652968,4781.836631,5260.020294
,,,,,2663,4303.652968,4781.836631,5260.020294
,,,,,2664,4303.652968,4781.836631,5260.020294
,,,,,2665,4303.652968,4781.836631,5260.020294
,,,,,2666,4303.652968,4781.836631,5260.020294
,,,,,2667,4303.652968,4781.836631,5260.020294
,,,,,2668,4303.652968,4781.836631,5260.020294
,,,,,2669,4303.652968,4781.836631,5260.020294
,,,,,2670,4303.652968,4781.836631,5260.020294
,,,,,2671,4303.652968,4781.836631,5260.020294
,,,,,2672,4303.652968,4781.836631,5260.020294
,,,,,2673,4303.652968,4781.836631,5260.020294
,,,,,2674,4303.652968,4781.836631,5260.020294
,,,,,2675,4303.652968,4781.836631,5260.020294
,,,,,2676,4303.652968,4781.836631,5260.020294
,,,,,2677,4303.652968,4781.836631,5260.020294
,,,,,2678,4303.652968,4781.836631,5260.020294
,,,,,2679,4303.652968,4781.836631,5260.020294
,,,,,2680,4303.652968,4781.836631,5260.020294
,,,,,2681,4303.652968,4781.836631,5260.020294
,,,,,2682,4303.652968,4781.836631,5260.020294
,,,,,2683,4303.652968,4781.836631,5260.020294
,,,,,2684,4303.652968,4781.836631,5260.020294
,,,,,2685,4303.652968,4781.836631,5260.020294
,,,,,2686,4303.652968,4781.836631,5260.020294
,,,,,2687,4303.652968,4781.836631,5260.020294
,,,,,2688,4303.652968,4781.836631,5260.020294
,,,,,2689,4303.652968,4781.836631,5260.020294
,,,,,2690,4303.652968,4781.836631,5260.020294
,,,,,2691,4303.652968,4781.836631,5260.020294
,,,,,2692,4303.652968,4781.836631,5260.020294
,,,,,2693,4303.652968,4781.836631,5260.020294
,,,,,2694,4303.652968,4781.836631,5260.020294
,,,,,2695,4303.652968,4781.836631,5260.020294
,,,,,2696,4303.652968,4781.836631,5260.020294
,,,,,2697,4303.652968,4781.836631,5260.020294
,,,,,2698,4303.652968,4781.836631,5260.020294
,,,,,2699,4303.652968,4781.836631,5260.020294
,,,,,2700,4303.652968,4781.836631,5260.020294
,,,,,2701,4303.652968,4781.836631,5260.020294
,,,,,2702,4303.652968,4781.836631,5260.020294
,,,,,2703,4303.652968,4781.836631,5260.020294
,,,,,2704,4303.652968,4781.836631,5260.020294
,,,,,2705,4303.652968,4781.836631,5260.020294
,,,,,2706,4303.652968,4781.836631,5260.020294
,,,,,2707,4303.652968,4781.836631,5260.020294
,,,,,2708,4303.652968,4781.836631,5260.020294
,,,,,2709,4303.652968,4781.836631,5260.020294
,,,,,2710,4303.652968,4781.836631,5260.020294
,,,,,2711,4303.652968,4781.836631,5260.020294
,,,,,2712,4303.652968,4781.836631,5260.020294
,,,,,2713,4303.652968,4781.836631,5260.020294
,,,,,2714,4303.652968,4781.836631,5260.020294
,,,,,2715,4303.652968,4781.836631,5260.020294
,,,,,2716,4303.652968,4781.836631,5260.020294
,,,,,2717,4303.652968,4781.836631,5260.020294
,,,,,2718,4303.652968,4781.836631,5260.020294
,,,,,2719,4303.652968,4781.836631,5260.020294
,,,,,2720,4303.652968,4781.836631,5260.020294
,,,,,2721,4303.652968,4781.836631,5260.020294
,,,,,2722,4303.652968,4781.836631,5260.020294
,,,,,2723,4303.652968,4781.836631,5260.020294
,,,,,2724,4303.652968,4781.836631,5260.020294
,,,,,2725,4303.652968,4781.836631,5260.020294
,,,,,2726,4303.652968,4781.836631,5260.020294
,,,,,2727,4303.652968,4781.836631,5260.020294
,,,,,2728,4303.652968,4781.836631,5260.020294
,,,,,2729,4303.652968,4781.836631,5260.020294
,,,,,2730,4303.652968,4781.836631,5260.020294
,,,,,2731,4303.652968,4781.836631,5260.020294
,,,,,2732,4303.652968,4781.836631,5260.020294
,,,,,2733,4303.652968,4781.836631,5260.020294
,,,,,2734,4303.652968,4781.836631,5260.020294
,,,,,2735,4303.652968,4781.836631,5260.020294
,,,,,2736,4303.652968,4781.836631,5260.020294
,,,,,2737,4303.652968,4781.836631,5260.020294
,,,,,2738,4303.652968,4781.836631,5260.020294
,,,,,2739,4303.652968,4781.836631,5260.020294
,,,,,2740,4303.652968,4781.836631,5260.020294
,,,,,2741,4303.652968,4781.836631,5260.020294
,,,,,2742,4303.652968,4781.836631,5260.020294
,,,,,2743,4303.652968,4781.836631,5260.020294
,,,,,2744,4303.652968,4781.836631,5260.020294
,,,,,2745,4303.652968,4781.836631,5260.020294
,,,,,2746,4303.652968,4781.836631,5260.020294
,,,,,2747,4303.652968,4781.836631,5260.020294
,,,,,2748,4303.652968,4781.836631,5260.020294
,,,,,2749,4303.652968,4781.836631,5260.020294
,,,,,2750,4303.652968,4781.836631,5260.020294
,,,,,2751,4303.652968,4781.836631,5260.020294
,,,,,2752,4303.652968,4781.836631,5260.020294
,,,,,2753,4303.652968,4781.836631,5260.020294
,,,,,2754,4303.652968,4781.836631,5260.020294
,,,,,2755,4303.652968,4781.836631,5260.020294
,,,,,2756,4303.652968,4781.836631,5260.020294
,,,,,2757,4303.652968,4781.836631,5260.020294
,,,,,2758,4303.652968,4781.836631,5260.020294
,,,,,2759,4303.652968,4781.836631,5260.020294
,,,,,2760,4303.652968,4781.836631,5260.020294
,,,,,2761,4303.652968,4781.836631,5260.020294
,,,,,2762,4303.652968,4781.836631,5260.020294
,,,,,2763,4303.652968,4781.836631,5260.020294
,,,,,2764,4303.652968,4781.836631,5260.020294
,,,,,2765,4303.652968,4781.836631,5260.020294
,,,,,2766,4303.652968,4781.836631,5260.020294
,,,,,2767,4303.652968,4781.836631,5260.020294
,,,,,2768,4303.652968,4781.836631,5260.020294
,,,,,2769,4303.652968,4781.836631,5260.020294
,,,,,2770,4303.652968,4781.836631,5260.020294
,,,,,2771,4303.652968,4781.836631,5260.020294
,,,,,2772,4303.652968,4781.836631,5260.020294
,,,,,2773,4303.652968,4781.836631,5260.020294
,,,,,2774,4303.652968,4781.836631,5260.020294
,,,,,2775,4303.652968,4781.836631,5260.020294
,,,,,2776,4303.652968,4781.836631,5260.020294
,,,,,2777,4303.652968,4781.836631,5260.020294
,,,,,2778,4303.652968,4781.836631,5260.020294
,,,,,2779,4303.652968,4781.836631,5260.020294
,,,,,2780,4303.652968,4781.836631,5260.020294
,,,,,2781,4303.652968,4781.836631,5260.020294
,,,,,2782,4303.652968,4781.836631,5260.020294
,,,,,2783,4303.652968,4781.836631,5260.020294
,,,,,2784,4303.652968,4781.836631,5260.020294
,,,,,2785,4303.652968,4781.836631,5260.020294
,,,,,2786,4303.652968,4781.836631,5260.020294
,,,,,2787,4303.652968,4781.836631,5260.020294
,,,,,2788,4303.652968,4781.836631,5260.020294
,,,,,2789,4303.652968,4781.836631,5260.020294
,,,,,2790,4303.652968,4781.836631,5260.020294
,,,,,2791,4303.652968,4781.836631,5260.020294
,,,,,2792,4303.652968,4781.836631,5260.020294
,,,,,2793,4303.652968,4781.836631,5260.020294
,,,,,2794,4303.652968,4781.836631,5260.020294
,,,,,2795,4303.652968,4781.836631,5260.020294
,,,,,2796,4303.652968,4781.836631,5260.020294
,,,,,2797,4303.652968,4781.836631,5260.020294
,,,,,2798,4303.652968,4781.836631,5260.020294
,,,,,2799,4303.652968,4781.836631,5260.020294
,,,,,2800,4303.652968,4781.836631,5260.020294
,,,,,2801,4303.652968,4781.836631,5260.020294
,,,,,2802,4303.652968,4781.836631,5260.020294
,,,,,2803,4303.652968,4781.836631,5260.020294
,,,,,2804,4303.652968,4781.836631,5260.020294
,,,,,2805,4303.652968,4781.836631,5260.020294
,,,,,2806,4303.652968,4781.836631,5260.020294
,,,,,2807,4303.652968,4781.836631,5260.020294
,,,,,2808,4303.652968,4781.836631,5260.020294
,,,,,2809,4303.652968,4781.836631,5260.020294
,,,,,2810,4303.652968,4781.836631,5260.020294
,,,,,2811,4303.652968,4781.836631,5260.020294
,,,,,2812,4303.652968,4781.836631,5260.020294
,,,,,2813,4303.652968,4781.836631,5260.020294
,,,,,2814,4303.652968,4781.836631,5260.020294
,,,,,2815,4303.652968,4781.836631,5260.020294
,,,,,2816,4303.652968,4781.836631,5260.020294
,,,,,2817,4303.652968,4781.836631,5260.020294
,,,,,2818,4303.652968,4781.836631,5260.020294
,,,,,2819,4303.652968,4781.836631,5260.020294
,,,,,2820,4303.652968,4781.836631,5260.020294
,,,,,2821,4303.652968,4781.836631,5260.020294
,,,,,2822,4303.652968,4781.836631,5260.020294
,,,,,2823,4303.652968,4781.836631,5260.020294
,,,,,2824,4303.652968,4781.836631,5260.020294
,,,,,2825,4303.652968,4781.836631,5260.020294
,,,,,2826,4303.652968,4781.836631,5260.020294
,,,,,2827,4303.652968,4781.836631,5260.020294
,,,,,2828,4303.652968,4781.836631,5260.020294
,,,,,2829,4303.652968,4781.836631,5260.020294
,,,,,2830,4303.652968,4781.836631,5260.020294
,,,,,2831,4303.652968,4781.836631,5260.020294
,,,,,2832,4303.652968,4781.836631,5260.020294
,,,,,2833,4303.652968,4781.836631,5260.020294
,,,,,2834,4303.652968,4781.836631,5260.020294
,,,,,2835,4303.652968,4781.836631,5260.020294
,,,,,2836,4303.652968,4781.836631,5260.020294
,,,,,2837,4303.652968,4781.836631,5260.020294
,,,,,2838,4303.652968,4781.836631,5260.020294
,,,,,2839,4303.652968,4781.836631,5260.020294
,,,,,2840,4303.652968,4781.836631,5260.020294
,,,,,2841,4303.652968,4781.836631,5260.020294
,,,,,2842,4303.652968,4781.836631,5260.020294
,,,,,2843,4303.652968,4781.836631,5260.020294
,,,,,2844,4303.652968,4781.836631,5260.020294
,,,,,2845,4303.652968,4781.836631,5260.020294
,,,,,2846,4303.652968,4781.836631,5260.020294
,,,,,2847,4303.652968,4781.836631,5260.020294
,,,,,2848,4303.652968,4781.836631,5260.020294
,,,,,2849,4303.652968,4781.836631,5260.020294
,,,,,2850,4303.652968,4781.836631,5260.020294
,,,,,2851,4303.652968,4781.836631,5260.020294
,,,,,2852,4303.652968,4781.836631,5260.020294
,,,,,2853,4303.652968,4781.836631,5260.020294
,,,,,2854,4303.652968,4781.836631,5260.020294
,,,,,2855,4303.652968,4781.836631,5260.020294
,,,,,2856,4303.652968,4781.836631,5260.020294
,,,,,2857,4303.652968,4781.836631,5260.020294
,,,,,2858,4303.652968,4781.836631,5260.020294
,,,,,2859,4303.652968,4781.836631,5260.020294
,,,,,2860,4303.652968,4781.836631,5260.020294
,,,,,2861,4303.652968,4781.836631,5260.020294
,,,,,2862,4303.652968,4781.836631,5260.020294
,,,,,2863,4303.652968,4781.836631,5260.020294
,,,,,2864,4303.652968,4781.836631,5260.020294
,,,,,2865,4303.652968,4781.836631,5260.020294
,,,,,2866,4303.652968,4781.836631,5260.020294
,,,,,2867,4303.652968,4781.836631,5260.020294
,,,,,2868,4303.652968,4781.836631,5260.020294
,,,,,2869,4303.652968,4781.836631,5260.020294
,,,,,2870,4303.652968,4781.836631,5260.020294
,,,,,2871,4303.652968,4781.836631,5260.020294
,,,,,2872,4303.652968,4781.836631,5260.020294
,,,,,2873,4303.652968,4781.836631,5260.020294
,,,,,2874,4303.652968,4781.836631,5260.020294
,,,,,2875,4303.652968,4781.836631,5260.020294
,,,,,2876,4303.652968,4781.836631,5260.020294
,,,,,2877,4303.652968,4781.836631,5260.020294
,,,,,2878,4303.652968,4781.836631,5260.020294
,,,,,2879,4303.652968,4781.836631,5260.020294
,,,,,2880,4303.652968,4781.836631,5260.020294
,,,,,2881,4303.652968,4781.836631,5260.020294
,,,,,2882,4303.652968,4781.836631,5260.020294
,,,,,2883,4303.652968,4781.836631,5260.020294
,,,,,2884,4303.652968,4781.836631,5260.020294
,,,,,2885,4303.652968,4781.836631,5260.020294
,,,,,2886,4303.652968,4781.836631,5260.020294
,,,,,2887,4303.652968,4781.836631,5260.020294
,,,,,2888,4303.652968,4781.836631,5260.020294
,,,,,2889,4303.652968,4781.836631,5260.020294
,,,,,2890,4303.652968,4781.836631,5260.020294
,,,,,2891,4303.652968,4781.836631,5260.020294
,,,,,2892,4303.652968,4781.836631,5260.020294
,,,,,2893,4303.652968,4781.836631,5260.020294
,,,,,2894,4303.652968,4781.836631,5260.020294
,,,,,2895,4303.652968,4781.836631,5260.020294
,,,,,2896,4303.652968,4781.836631,5260.020294
,,,,,2897,4303.652968,4781.836631,5260.020294
,,,,,2898,4303.652968,4781.836631,5260.020294
,,,,,2899,4303.652968,4781.836631,5260.020294
,,,,,2900,4303.652968,4781.836631,5260.020294
,,,,,2901,4303.652968,4781.836631,5260.020294
,,,,,2902,4303.652968,4781.836631,5260.020294
,,,,,2903,4303.652968,4781.836631,5260.020294
,,,,,2904,4303.652968,4781.836631,5260.020294
,,,,,2905,4303.652968,4781.836631,5260.020294
,,,,,2906,4303.652968,4781.836631,5260.020294
,,,,,2907,4303.652968,4781.836631,5260.020294
,,,,,2908,4303.652968,4781.836631,5260.020294
,,,,,2909,4303.652968,4781.836631,5260.020294
,,,,,2910,4303.652968,4781.836631,5260.020294
,,,,,2911,4303.652968,4781.836631,5260.020294
,,,,,2912,4303.652968,4781.836631,5260.020294
,,,,,2913,4303.652968,4781.836631,5260.020294
,,,,,2914,4303.652968,4781.836631,5260.020294
,,,,,2915,4303.652968,4781.836631,5260.020294
,,,,,2916,4303.652968,4781.836631,5260.020294
,,,,,2917,4303.652968,4781.836631,5260.020294
,,,,,2918,4303.652968,4781.836631,5260.020294
,,,,,2919,4303.652968,4781.836631,5260.020294
,,,,,2920,4303.652968,4781.836631,5260.020294
,,,,,2921,4303.652968,4781.836631,5260.020294
,,,,,2922,4303.652968,4781.836631,5260.020294
,,,,,2923,4303.652968,4781.836631,5260.020294
,,,,,2924,4303.652968,4781.836631,5260.020294
,,,,,2925,4303.652968,4781.836631,5260.020294
,,,,,2926,4303.652968,4781.836631,5260.020294
,,,,,2927,4303.652968,4781.836631,5260.020294
,,,,,2928,4303.652968,4781.836631,5260.020294
,,,,,2929,4303.652968,4781.836631,5260.020294
,,,,,2930,4303.652968,4781.836631,5260.020294
,,,,,2931,4303.652968,4781.836631,5260.020294
,,,,,2932,4303.652968,4781.836631,5260.020294
,,,,,2933,4303.652968,4781.836631,5260.020294
,,,,,2934,4303.652968,4781.836631,5260.020294
,,,,,2935,4303.652968,4781.836631,5260.020294
,,,,,2936,4303.652968,4781.836631,5260.020294
,,,,,2937,4303.652968,4781.836631,5260.020294
,,,,,2938,4303.652968,4781.836631,5260.020294
,,,,,2939,4303.652968,4781.836631,5260.020294
,,,,,2940,4303.652968,4781.836631,5260.020294
,,,,,2941,4303.652968,4781.836631,5260.020294
,,,,,2942,4303.652968,4781.836631,5260.020294
,,,,,2943,4303.652968,4781.836631,5260.020294
,,,,,2944,4303.652968,4781.836631,5260.020294
,,,,,2945,4303.652968,4781.836631,5260.020294
,,,,,2946,4303.652968,4781.836631,5260.020294
,,,,,2947,4303.652968,4781.836631,5260.020294
,,,,,2948,4303.652968,4781.836631,5260.020294
,,,,,2949,4303.652968,4781.836631,5260.020294
,,,,,2950,4303.652968,4781.836631,5260.020294
,,,,,2951,4303.652968,4781.836631,5260.020294
,,,,,2952,4303.652968,4781.836631,5260.020294
,,,,,2953,4303.652968,4781.836631,5260.020294
,,,,,2954,4303.652968,4781.836631,5260.020294
,,,,,2955,4303.652968,4781.836631,5260.020294
,,,,,2956,4303.652968,4781.836631,5260.020294
,,,,,2957,4303.652968,4781.836631,5260.020294
,,,,,2958,4303.652968,4781.836631,5260.020294
,,,,,2959,4303.652968,4781.836631,5260.020294
,,,,,2960,4303.652968,4781.836631,5260.020294
,,,,,2961,4303.652968,4781.836631,5260.020294
,,,,,2962,4303.652968,4781.836631,5260.020294
,,,,,2963,4303.652968,4781.836631,5260.020294
,,,,,2964,4303.652968,4781.836631,5260.020294
,,,,,2965,4303.652968,4781.836631,5260.020294
,,,,,2966,4303.652968,4781.836631,5260.020294
,,,,,2967,4303.652968,4781.836631,5260.020294
,,,,,2968,4303.652968,4781.836631,5260.020294
,,,,,2969,4303.652968,4781.836631,5260.020294
,,,,,2970,4303.652968,4781.836631,5260.020294
,,,,,2971,4303.652968,4781.836631,5260.020294
,,,,,2972,4303.652968,4781.836631,5260.020294
,,,,,2973,4303.652968,4781.836631,5260.020294
,,,,,2974,4303.652968,4781.836631,5260.020294
,,,,,2975,4303.652968,4781.836631,5260.020294
,,,,,2976,4303.652968,4781.836631,5260.020294
,,,,,2977,4303.652968,4781.836631,5260.020294
,,,,,2978,4303.652968,4781.836631,5260.020294
,,,,,2979,4303.652968,4781.836631,5260.020294
,,,,,2980,4303.652968,4781.836631,5260.020294
,,,,,2981,4303.652968,4781.836631,5260.020294
,,,,,2982,4303.652968,4781.836631,5260.020294
,,,,,2983,4303.652968,4781.836631,5260.020294
,,,,,2984,4303.652968,4781.836631,5260.020294
,,,,,2985,4303.652968,4781.836631,5260.020294
,,,,,2986,4303.652968,4781.836631,5260.020294
,,,,,2987,4303.652968,4781.836631,5260.020294
,,,,,2988,4303.652968,4781.836631,5260.020294
,,,,,2989,4303.652968,4781.836631,5260.020294
,,,,,2990,4303.652968,4781.836631,5260.020294
,,,,,2991,4303.652968,4781.836631,5260.020294
,,,,,2992,4303.652968,4781.836631,5260.020294
,,,,,2993,4303.652968,4781.836631,5260.020294
,,,,,2994,4303.652968,4781.836631,5260.020294
,,,,,2995,4303.652968,4781.836631,5260.020294
,,,,,2996,4303.652968,4781.836631,5260.020294
,,,,,2997,4303.652968,4781.836631,5260.020294
,,,,,2998,4303.652968,4781.836631,5260.020294
,,,,,2999,4303.652968,4781.836631,5260.020294
,,,,,3000,4303.652968,4781.836631,5260.020294
,,,,,3001,4303.652968,4781.836631,5260.020294
,,,,,3002,4303.652968,4781.836631,5260.020294
,,,,,3003,4303.652968,4781.836631,5260.020294
,,,,,3004,4303.652968,4781.836631,5260.020294
,,,,,3005,4303.652968,4781.836631,5260.020294
,,,,,3006,4303.652968,4781.836631,5260.020294
,,,,,3007,4303.652968,4781.836631,5260.020294
,,,,,3008,4303.652968,4781.836631,5260.020294
,,,,,3009,4303.652968,4781.836631,5260.020294
,,,,,3010,4303.652968,4781.836631,5260.020294
,,,,,3011,4303.652968,4781.836631,5260.020294
,,,,,3012,4303.652968,4781.836631,5260.020294
,,,,,3013,4303.652968,4781.836631,5260.020294
,,,,,3014,4303.652968,4781.836631,5260.020294
,,,,,3015,4303.652968,4781.836631,5260.020294
,,,,,3016,4303.652968,4781.836631,5260.020294
,,,,,3017,4303.652968,4781.836631,5260.020294
,,,,,3018,4303.652968,4781.836631,5260.020294
,,,,,3019,4303.652968,4781.836631,5260.020294
,,,,,3020,4303.652968,4781.836631,5260.020294
,,,,,3021,4303.652968,4781.836631,5260.020294
,,,,,3022,4303.652968,4781.836631,5260.020294
,,,,,3023,4303.652968,4781.836631,5260.020294
,,,,,3024,4303.652968,4781.836631,5260.020294
,,,,,3025,4303.652968,4781.836631,5260.020294
,,,,,3026,4303.652968,4781.836631,5260.020294
,,,,,3027,4303.652968,4781.836631,5260.020294
,,,,,3028,4303.652968,4781.836631,5260.020294
,,,,,3029,4303.652968,4781.836631,5260.020294
,,,,,3030,4303.652968,4781.836631,5260.020294
,,,,,3031,4303.652968,4781.836631,5260.020294
,,,,,3032,4303.652968,4781.836631,5260.020294
,,,,,3033,4303.652968,4781.836631,5260.020294
,,,,,3034,4303.652968,4781.836631,5260.020294
,,,,,3035,4303.652968,4781.836631,5260.020294
,,,,,3036,4303.652968,4781.836631,5260.020294
,,,,,3037,4303.652968,4781.836631,5260.020294
,,,,,3038,4303.652968,4781.836631,5260.020294
,,,,,3039,4303.652968,4781.836631,5260.020294
,,,,,3040,4303.652968,4781.836631,5260.020294
,,,,,3041,4303.652968,4781.836631,5260.020294
,,,,,3042,4303.652968,4781.836631,5260.020294
,,,,,3043,4303.652968,4781.836631,5260.020294
,,,,,3044,4303.652968,4781.836631,5260.020294
,,,,,3045,4303.652968,4781.836631,5260.020294
,,,,,3046,4303.652968,4781.836631,5260.020294
,,,,,3047,4303.652968,4781.836631,5260.020294
,,,,,3048,4303.652968,4781.836631,5260.020294
,,,,,3049,4303.652968,4781.836631,5260.020294
,,,,,3050,4303.652968,4781.836631,5260.020294
,,,,,3051,4303.652968,4781.836631,5260.020294
,,,,,3052,4303.652968,4781.836631,5260.020294
,,,,,3053,4303.652968,4781.836631,5260.020294
,,,,,3054,4303.652968,4781.836631,5260.020294
,,,,,3055,4303.652968,4781.836631,5260.020294
,,,,,3056,4303.652968,4781.836631,5260.020294
,,,,,3057,4303.652968,4781.836631,5260.020294
,,,,,3058,4303.652968,4781.836631,5260.020294
,,,,,3059,4303.652968,4781.836631,5260.020294
,,,,,3060,4303.652968,4781.836631,5260.020294
,,,,,3061,4303.652968,4781.836631,5260.020294
,,,,,3062,4303.652968,4781.836631,5260.020294
,,,,,3063,4303.652968,4781.836631,5260.020294
,,,,,3064,4303.652968,4781.836631,5260.020294
,,,,,3065,4303.652968,4781.836631,5260.020294
,,,,,3066,4303.652968,4781.836631,5260.020294
,,,,,3067,4303.652968,4781.836631,5260.020294
,,,,,3068,4303.652968,4781.836631,5260.020294
,,,,,3069,4303.652968,4781.836631,5260.020294
,,,,,3070,4303.652968,4781.836631,5260.020294
,,,,,3071,4303.652968,4781.836631,5260.020294
,,,,,3072,4303.652968,4781.836631,5260.020294
,,,,,3073,4303.652968,4781.836631,5260.020294
,,,,,3074,4303.652968,4781.836631,5260.020294
,,,,,3075,4303.652968,4781.836631,5260.020294
,,,,,3076,4303.652968,4781.836631,5260.020294
,,,,,3077,4303.652968,4781.836631,5260.020294
,,,,,3078,4303.652968,4781.836631,5260.020294
,,,,,3079,4303.652968,4781.836631,5260.020294
,,,,,3080,4303.652968,4781.836631,5260.020294
,,,,,3081,4303.652968,4781.836631,5260.020294
,,,,,3082,4303.652968,4781.836631,5260.020294
,,,,,3083,4303.652968,4781.836631,5260.020294
,,,,,3084,4303.652968,4781.836631,5260.020294
,,,,,3085,4303.652968,4781.836631,5260.020294
,,,,,3086,4303.652968,4781.836631,5260.020294
,,,,,3087,4303.652968,4781.836631,5260.020294
,,,,,3088,4303.652968,4781.836631,5260.020294
,,,,,3089,4303.652968,4781.836631,5260.020294
,,,,,3090,4303.652968,4781.836631,5260.020294
,,,,,3091,4303.652968,4781.836631,5260.020294
,,,,,3092,4303.652968,4781.836631,5260.020294
,,,,,3093,4303.652968,4781.836631,5260.020294
,,,,,3094,4303.652968,4781.836631,5260.020294
,,,,,3095,4303.652968,4781.836631,5260.020294
,,,,,3096,4303.652968,4781.836631,5260.020294
,,,,,3097,4303.652968,4781.836631,5260.020294
,,,,,3098,4303.652968,4781.836631,5260.020294
,,,,,3099,4303.652968,4781.836631,5260.020294
,,,,,3100,4303.652968,4781.836631,5260.020294
,,,,,3101,4303.652968,4781.836631,5260.020294
,,,,,3102,4303.652968,4781.836631,5260.020294
,,,,,3103,4303.652968,4781.836631,5260.020294
,,,,,3104,4303.652968,4781.836631,5260.020294
,,,,,3105,4303.652968,4781.836631,5260.020294
,,,,,3106,4303.652968,4781.836631,5260.020294
,,,,,3107,4303.652968,4781.836631,5260.020294
,,,,,3108,4303.652968,4781.836631,5260.020294
,,,,,3109,4303.652968,4781.836631,5260.020294
,,,,,3110,4303.652968,4781.836631,5260.020294
,,,,,3111,4303.652968,4781.836631,5260.020294
,,,,,3112,4303.652968,4781.836631,5260.020294
,,,,,3113,4303.652968,4781.836631,5260.020294
,,,,,3114,4303.652968,4781.836631,5260.020294
,,,,,3115,4303.652968,4781.836631,5260.020294
,,,,,3116,4303.652968,4781.836631,5260.020294
,,,,,3117,4303.652968,4781.836631,5260.020294
,,,,,3118,4303.652968,4781.836631,5260.020294
,,,,,3119,4303.652968,4781.836631,5260.020294
,,,,,3120,4303.652968,4781.836631,5260.020294
,,,,,3121,4303.652968,4781.836631,5260.020294
,,,,,3122,4303.652968,4781.836631,5260.020294
,,,,,3123,4303.652968,4781.836631,5260.020294
,,,,,3124,4303.652968,4781.836631,5260.020294
,,,,,3125,4303.652968,4781.836631,5260.020294
,,,,,3126,4303.652968,4781.836631,5260.020294
,,,,,3127,4303.652968,4781.836631,5260.020294
,,,,,3128,4303.652968,4781.836631,5260.020294
,,,,,3129,4303.652968,4781.836631,5260.020294
,,,,,3130,4303.652968,4781.836631,5260.020294
,,,,,3131,4303.652968,4781.836631,5260.020294
,,,,,3132,4303.652968,4781.836631,5260.020294
,,,,,3133,4303.652968,4781.836631,5260.020294
,,,,,3134,4303.652968,4781.836631,5260.020294
,,,,,3135,4303.652968,4781.836631,5260.020294
,,,,,3136,4303.652968,4781.836631,5260.020294
,,,,,3137,4303.652968,4781.836631,5260.020294
,,,,,3138,4303.652968,4781.836631,5260.020294
,,,,,3139,4303.652968,4781.836631,5260.020294
,,,,,3140,4303.652968,4781.836631,5260.020294
,,,,,3141,4303.652968,4781.836631,5260.020294
,,,,,3142,4303.652968,4781.836631,5260.020294
,,,,,3143,4303.652968,4781.836631,5260.020294
,,,,,3144,4303.652968,4781.836631,5260.020294
,,,,,3145,4303.652968,4781.836631,5260.020294
,,,,,3146,4303.652968,4781.836631,5260.020294
,,,,,3147,4303.652968,4781.836631,5260.020294
,,,,,3148,4303.652968,4781.836631,5260.020294
,,,,,3149,4303.652968,4781.836631,5260.020294
,,,,,3150,4303.652968,4781.836631,5260.020294
,,,,,3151,4303.652968,4781.836631,5260.020294
,,,,,3152,4303.652968,4781.836631,5260.020294
,,,,,3153,4303.652968,4781.836631,5260.020294
,,,,,3154,4303.652968,4781.836631,5260.020294
,,,,,3155,4303.652968,4781.836631,5260.020294
,,,,,3156,4303.652968,4781.836631,5260.020294
,,,,,3157,4303.652968,4781.836631,5260.020294
,,,,,3158,4303.652968,4781.836631,5260.020294
,,,,,3159,4303.652968,4781.836631,5260.020294
,,,,,3160,4303.652968,4781.836631,5260.020294
,,,,,3161,4303.652968,4781.836631,5260.020294
,,,,,3162,4303.652968,4781.836631,5260.020294
,,,,,3163,4303.652968,4781.836631,5260.020294
,,,,,3164,4303.652968,4781.836631,5260.020294
,,,,,3165,4303.652968,4781.836631,5260.020294
,,,,,3166,4303.652968,4781.836631,5260.020294
,,,,,3167,4303.652968,4781.836631,5260.020294
,,,,,3168,4303.652968,4781.836631,5260.020294
,,,,,3169,4303.652968,4781.836631,5260.020294
,,,,,3170,4303.652968,4781.836631,5260.020294
,,,,,3171,4303.652968,4781.836631,5260.020294
,,,,,3172,4303.652968,4781.836631,5260.020294
,,,,,3173,4303.652968,4781.836631,5260.020294
,,,,,3174,4303.652968,4781.836631,5260.020294
,,,,,3175,4303.652968,4781.836631,5260.020294
,,,,,3176,4303.652968,4781.836631,5260.020294
,,,,,3177,4303.652968,4781.836631,5260.020294
,,,,,3178,4303.652968,4781.836631,5260.020294
,,,,,3179,4303.652968,4781.836631,5260.020294
,,,,,3180,4303.652968,4781.836631,5260.020294
,,,,,3181,4303.652968,4781.836631,5260.020294
,,,,,3182,4303.652968,4781.836631,5260.020294
,,,,,3183,4303.652968,4781.836631,5260.020294
,,,,,3184,4303.652968,4781.836631,5260.020294
,,,,,3185,4303.652968,4781.836631,5260.020294
,,,,,3186,4303.652968,4781.836631,5260.020294
,,,,,3187,4303.652968,4781.836631,5260.020294
,,,,,3188,4303.652968,4781.836631,5260.020294
,,,,,3189,4303.652968,4781.836631,5260.020294
,,,,,3190,4303.652968,4781.836631,5260.020294
,,,,,3191,4303.652968,4781.836631,5260.020294
,,,,,3192,4303.652968,4781.836631,5260.020294
,,,,,3193,4303.652968,4781.836631,5260.020294
,,,,,3194,4303.652968,4781.836631,5260.020294
,,,,,3195,4303.652968,4781.836631,5260.020294
,,,,,3196,4303.652968,4781.836631,5260.020294
,,,,,3197,4303.652968,4781.836631,5260.020294
,,,,,3198,4303.652968,4781.836631,5260.020294
,,,,,3199,4303.652968,4781.836631,5260.020294
,,,,,3200,4303.652968,4781.836631,5260.020294
,,,,,3201,4303.652968,4781.836631,5260.020294
,,,,,3202,4303.652968,4781.836631,5260.020294
,,,,,3203,4303.652968,4781.836631,5260.020294
,,,,,3204,4303.652968,4781.836631,5260.020294
,,,,,3205,4303.652968,4781.836631,5260.020294
,,,,,3206,4303.652968,4781.836631,5260.020294
,,,,,3207,4303.652968,4781.836631,5260.020294
,,,,,3208,4303.652968,4781.836631,5260.020294
,,,,,3209,4303.652968,4781.836631,5260.020294
,,,,,3210,4303.652968,4781.836631,5260.020294
,,,,,3211,4303.652968,4781.836631,5260.020294
,,,,,3212,4303.652968,4781.836631,5260.020294
,,,,,3213,4303.652968,4781.836631,5260.020294
,,,,,3214,4303.652968,4781.836631,5260.020294
,,,,,3215,4303.652968,4781.836631,5260.020294
,,,,,3216,4303.652968,4781.836631,5260.020294
,,,,,3217,4303.652968,4781.836631,5260.020294
,,,,,3218,4303.652968,4781.836631,5260.020294
,,,,,3219,4303.652968,4781.836631,5260.020294
,,,,,3220,4303.652968,4781.836631,5260.020294
,,,,,3221,4303.652968,4781.836631,5260.020294
,,,,,3222,4303.652968,4781.836631,5260.020294
,,,,,3223,4303.652968,4781.836631,5260.020294
,,,,,3224,4303.652968,4781.836631,5260.020294
,,,,,3225,4303.652968,4781.836631,5260.020294
,,,,,3226,4303.652968,4781.836631,5260.020294
,,,,,3227,4303.652968,4781.836631,5260.020294
,,,,,3228,4303.652968,4781.836631,5260.020294
,,,,,3229,4303.652968,4781.836631,5260.020294
,,,,,3230,4303.652968,4781.836631,5260.020294
,,,,,3231,4303.652968,4781.836631,5260.020294
,,,,,3232,4303.652968,4781.836631,5260.020294
,,,,,3233,4303.652968,4781.836631,5260.020294
,,,,,3234,4303.652968,4781.836631,5260.020294
,,,,,3235,4303.652968,4781.836631,5260.020294
,,,,,3236,4303.652968,4781.836631,5260.020294
,,,,,3237,4303.652968,4781.836631,5260.020294
,,,,,3238,4303.652968,4781.836631,5260.020294
,,,,,3239,4303.652968,4781.836631,5260.020294
,,,,,3240,4303.652968,4781.836631,5260.020294
,,,,,3241,4303.652968,4781.836631,5260.020294
,,,,,3242,4303.652968,4781.836631,5260.020294
,,,,,3243,4303.652968,4781.836631,5260.020294
,,,,,3244,4303.652968,4781.836631,5260.020294
,,,,,3245,4303.652968,4781.836631,5260.020294
,,,,,3246,4303.652968,4781.836631,5260.020294
,,,,,3247,4303.652968,4781.836631,5260.020294
,,,,,3248,4303.652968,4781.836631,5260.020294
,,,,,3249,4303.652968,4781.836631,5260.020294
,,,,,3250,4303.652968,4781.836631,5260.020294
,,,,,3251,4303.652968,4781.836631,5260.020294
,,,,,3252,4303.652968,4781.836631,5260.020294
,,,,,3253,4303.652968,4781.836631,5260.020294
,,,,,3254,4303.652968,4781.836631,5260.020294
,,,,,3255,4303.652968,4781.836631,5260.020294
,,,,,3256,4303.652968,4781.836631,5260.020294
,,,,,3257,4303.652968,4781.836631,5260.020294
,,,,,3258,4303.652968,4781.836631,5260.020294
,,,,,3259,4303.652968,4781.836631,5260.020294
,,,,,3260,4303.652968,4781.836631,5260.020294
,,,,,3261,4303.652968,4781.836631,5260.020294
,,,,,3262,4303.652968,4781.836631,5260.020294
,,,,,3263,4303.652968,4781.836631,5260.020294
,,,,,3264,4303.652968,4781.836631,5260.020294
,,,,,3265,4303.652968,4781.836631,5260.020294
,,,,,3266,4303.652968,4781.836631,5260.020294
,,,,,3267,4303.652968,4781.836631,5260.020294
,,,,,3268,4303.652968,4781.836631,5260.020294
,,,,,3269,4303.652968,4781.836631,5260.020294
,,,,,3270,4303.652968,4781.836631,5260.020294
,,,,,3271,4303.652968,4781.836631,5260.020294
,,,,,3272,4303.652968,4781.836631,5260.020294
,,,,,3273,4303.652968,4781.836631,5260.020294
,,,,,3274,4303.652968,4781.836631,5260.020294
,,,,,3275,4303.652968,4781.836631,5260.020294
,,,,,3276,4303.652968,4781.836631,5260.020294
,,,,,3277,4303.652968,4781.836631,5260.020294
,,,,,3278,4303.652968,4781.836631,5260.020294
,,,,,3279,4303.652968,4781.836631,5260.020294
,,,,,3280,4303.652968,4781.836631,5260.020294
,,,,,3281,4303.652968,4781.836631,5260.020294
,,,,,3282,4303.652968,4781.836631,5260.020294
,,,,,3283,4303.652968,4781.836631,5260.020294
,,,,,3284,4303.652968,4781.836631,5260.020294
,,,,,3285,4303.652968,4781.836631,5260.020294
,,,,,3286,4303.652968,4781.836631,5260.020294
,,,,,3287,4303.652968,4781.836631,5260.020294
,,,,,3288,4303.652968,4781.836631,5260.020294
,,,,,3289,4303.652968,4781.836631,5260.020294
,,,,,3290,4303.652968,4781.836631,5260.020294
,,,,,3291,4303.652968,4781.836631,5260.020294
,,,,,3292,4303.652968,4781.836631,5260.020294
,,,,,3293,4303.652968,4781.836631,5260.020294
,,,,,3294,4303.652968,4781.836631,5260.020294
,,,,,3295,4303.652968,4781.836631,5260.020294
,,,,,3296,4303.652968,4781.836631,5260.020294
,,,,,3297,4303.652968,4781.836631,5260.020294
,,,,,3298,4303.652968,4781.836631,5260.020294
,,,,,3299,4303.652968,4781.836631,5260.020294
,,,,,3300,4303.652968,4781.836631,5260.020294
,,,,,3301,4303.652968,4781.836631,5260.020294
,,,,,3302,4303.652968,4781.836631,5260.020294
,,,,,3303,4303.652968,4781.836631,5260.020294
,,,,,3304,4303.652968,4781.836631,5260.020294
,,,,,3305,4303.652968,4781.836631,5260.020294
,,,,,3306,4303.652968,4781.836631,5260.020294
,,,,,3307,4303.652968,4781.836631,5260.020294
,,,,,3308,4303.652968,4781.836631,5260.020294
,,,,,3309,4303.652968,4781.836631,5260.020294
,,,,,3310,4303.652968,4781.836631,5260.020294
,,,,,3311,4303.652968,4781.836631,5260.020294
,,,,,3312,4303.652968,4781.836631,5260.020294
,,,,,3313,4303.652968,4781.836631,5260.020294
,,,,,3314,4303.652968,4781.836631,5260.020294
,,,,,3315,4303.652968,4781.836631,5260.020294
,,,,,3316,4303.652968,4781.836631,5260.020294
,,,,,3317,4303.652968,4781.836631,5260.020294
,,,,,3318,4303.652968,4781.836631,5260.020294
,,,,,3319,4303.652968,4781.836631,5260.020294
,,,,,3320,4303.652968,4781.836631,5260.020294
,,,,,3321,4303.652968,4781.836631,5260.020294
,,,,,3322,4303.652968,4781.836631,5260.020294
,,,,,3323,4303.652968,4781.836631,5260.020294
,,,,,3324,4303.652968,4781.836631,5260.020294
,,,,,3325,4303.652968,4781.836631,5260.020294
,,,,,3326,4303.652968,4781.836631,5260.020294
,,,,,3327,4303.652968,4781.836631,5260.020294
,,,,,3328,4303.652968,4781.836631,5260.020294
,,,,,3329,4303.652968,4781.836631,5260.020294
,,,,,3330,4303.652968,4781.836631,5260.020294
,,,,,3331,4303.652968,4781.836631,5260.020294
,,,,,3332,4303.652968,4781.836631,5260.020294
,,,,,3333,4303.652968,4781.836631,5260.020294
,,,,,3334,4303.652968,4781.836631,5260.020294
,,,,,3335,4303.652968,4781.836631,5260.020294
,,,,,3336,4303.652968,4781.836631,5260.020294
,,,,,3337,4303.652968,4781.836631,5260.020294
,,,,,3338,4303.652968,4781.836631,5260.020294
,,,,,3339,4303.652968,4781.836631,5260.020294
,,,,,3340,4303.652968,4781.836631,5260.020294
,,,,,3341,4303.652968,4781.836631,5260.020294
,,,,,3342,4303.652968,4781.836631,5260.020294
,,,,,3343,4303.652968,4781.836631,5260.020294
,,,,,3344,4303.652968,4781.836631,5260.020294
,,,,,3345,4303.652968,4781.836631,5260.020294
,,,,,3346,4303.652968,4781.836631,5260.020294
,,,,,3347,4303.652968,4781.836631,5260.020294
,,,,,3348,4303.652968,4781.836631,5260.020294
,,,,,3349,4303.652968,4781.836631,5260.020294
,,,,,3350,4303.652968,4781.836631,5260.020294
,,,,,3351,4303.652968,4781.836631,5260.020294
,,,,,3352,4303.652968,4781.836631,5260.020294
,,,,,3353,4303.652968,4781.836631,5260.020294
,,,,,3354,4303.652968,4781.836631,5260.020294
,,,,,3355,4303.652968,4781.836631,5260.020294
,,,,,3356,4303.652968,4781.836631,5260.020294
,,,,,3357,4303.652968,4781.836631,5260.020294
,,,,,3358,4303.652968,4781.836631,5260.020294
,,,,,3359,4303.652968,4781.836631,5260.020294
,,,,,3360,4303.652968,4781.836631,5260.020294
,,,,,3361,4303.652968,4781.836631,5260.020294
,,,,,3362,4303.652968,4781.836631,5260.020294
,,,,,3363,4303.652968,4781.836631,5260.020294
,,,,,3364,4303.652968,4781.836631,5260.020294
,,,,,3365,4303.652968,4781.836631,5260.020294
,,,,,3366,4303.652968,4781.836631,5260.020294
,,,,,3367,4303.652968,4781.836631,5260.020294
,,,,,3368,4303.652968,4781.836631,5260.020294
,,,,,3369,4303.652968,4781.836631,5260.020294
,,,,,3370,4303.652968,4781.836631,5260.020294
,,,,,3371,4303.652968,4781.836631,5260.020294
,,,,,3372,4303.652968,4781.836631,5260.020294
,,,,,3373,4303.652968,4781.836631,5260.020294
,,,,,3374,4303.652968,4781.836631,5260.020294
,,,,,3375,4303.652968,4781.836631,5260.020294
,,,,,3376,4303.652968,4781.836631,5260.020294
,,,,,3377,4303.652968,4781.836631,5260.020294
,,,,,3378,4303.652968,4781.836631,5260.020294
,,,,,3379,4303.652968,4781.836631,5260.020294
,,,,,3380,4303.652968,4781.836631,5260.020294
,,,,,3381,4303.652968,4781.836631,5260.020294
,,,,,3382,4303.652968,4781.836631,5260.020294
,,,,,3383,4303.652968,4781.836631,5260.020294
,,,,,3384,4303.652968,4781.836631,5260.020294
,,,,,3385,4303.652968,4781.836631,5260.020294
,,,,,3386,4303.652968,4781.836631,5260.020294
,,,,,3387,4303.652968,4781.836631,5260.020294
,,,,,3388,4303.652968,4781.836631,5260.020294
,,,,,3389,4303.652968,4781.836631,5260.020294
,,,,,3390,4303.652968,4781.836631,5260.020294
,,,,,3391,4303.652968,4781.836631,5260.020294
,,,,,3392,4303.652968,4781.836631,5260.020294
,,,,,3393,4303.652968,4781.836631,5260.020294
,,,,,3394,4303.652968,4781.836631,5260.020294
,,,,,3395,4303.652968,4781.836631,5260.020294
,,,,,3396,4303.652968,4781.836631,5260.020294
,,,,,3397,4303.652968,4781.836631,5260.020294
,,,,,3398,4303.652968,4781.836631,5260.020294
,,,,,3399,4303.652968,4781.836631,5260.020294
,,,,,3400,4303.652968,4781.836631,5260.020294
,,,,,3401,4303.652968,4781.836631,5260.020294
,,,,,3402,4303.652968,4781.836631,5260.020294
,,,,,3403,4303.652968,4781.836631,5260.020294
,,,,,3404,4303.652968,4781.836631,5260.020294
,,,,,3405,4303.652968,4781.836631,5260.020294
,,,,,3406,4303.652968,4781.836631,5260.020294
,,,,,3407,4303.652968,4781.836631,5260.020294
,,,,,3408,4303.652968,4781.836631,5260.020294
,,,,,3409,4303.652968,4781.836631,5260.020294
,,,,,3410,4303.652968,4781.836631,5260.020294
,,,,,3411,4303.652968,4781.836631,5260.020294
,,,,,3412,4303.652968,4781.836631,5260.020294
,,,,,3413,4303.652968,4781.836631,5260.020294
,,,,,3414,4303.652968,4781.836631,5260.020294
,,,,,3415,4303.652968,4781.836631,5260.020294
,,,,,3416,4303.652968,4781.836631,5260.020294
,,,,,3417,4303.652968,4781.836631,5260.020294
,,,,,3418,4303.652968,4781.836631,5260.020294
,,,,,3419,4303.652968,4781.836631,5260.020294
,,,,,3420,4303.652968,4781.836631,5260.020294
,,,,,3421,4303.652968,4781.836631,5260.020294
,,,,,3422,4303.652968,4781.836631,5260.020294
,,,,,3423,4303.652968,4781.836631,5260.020294
,,,,,3424,4303.652968,4781.836631,5260.020294
,,,,,3425,4303.652968,4781.836631,5260.020294
,,,,,3426,4303.652968,4781.836631,5260.020294
,,,,,3427,4303.652968,4781.836631,5260.020294
,,,,,3428,4303.652968,4781.836631,5260.020294
,,,,,3429,4303.652968,4781.836631,5260.020294
,,,,,3430,4303.652968,4781.836631,5260.020294
,,,,,3431,4303.652968,4781.836631,5260.020294
,,,,,3432,4303.652968,4781.836631,5260.020294
,,,,,3433,4303.652968,4781.836631,5260.020294
,,,,,3434,4303.652968,4781.836631,5260.020294
,,,,,3435,4303.652968,4781.836631,5260.020294
,,,,,3436,4303.652968,4781.836631,5260.020294
,,,,,3437,4303.652968,4781.836631,5260.020294
,,,,,3438,4303.652968,4781.836631,5260.020294
,,,,,3439,4303.652968,4781.836631,5260.020294
,,,,,3440,4303.652968,4781.836631,5260.020294
,,,,,3441,4303.652968,4781.836631,5260.020294
,,,,,3442,4303.652968,4781.836631,5260.020294
,,,,,3443,4303.652968,4781.836631,5260.020294
,,,,,3444,4303.652968,4781.836631,5260.020294
,,,,,3445,4303.652968,4781.836631,5260.020294
,,,,,3446,4303.652968,4781.836631,5260.020294
,,,,,3447,4303.652968,4781.836631,5260.020294
,,,,,3448,4303.652968,4781.836631,5260.020294
,,,,,3449,4303.652968,4781.836631,5260.020294
,,,,,3450,4303.652968,4781.836631,5260.020294
,,,,,3451,4303.652968,4781.836631,5260.020294
,,,,,3452,4303.652968,4781.836631,5260.020294
,,,,,3453,4303.652968,4781.836631,5260.020294
,,,,,3454,4303.652968,4781.836631,5260.020294
,,,,,3455,4303.652968,4781.836631,5260.020294
,,,,,3456,4303.652968,4781.836631,5260.020294
,,,,,3457,4303.652968,4781.836631,5260.020294
,,,,,3458,4303.652968,4781.836631,5260.020294
,,,,,3459,4303.652968,4781.836631,5260.020294
,,,,,3460,4303.652968,4781.836631,5260.020294
,,,,,3461,4303.652968,4781.836631,5260.020294
,,,,,3462,4303.652968,4781.836631,5260.020294
,,,,,3463,4303.652968,4781.836631,5260.020294
,,,,,3464,4303.652968,4781.836631,5260.020294
,,,,,3465,4303.652968,4781.836631,5260.020294
,,,,,3466,4303.652968,4781.836631,5260.020294
,,,,,3467,4303.652968,4781.836631,5260.020294
,,,,,3468,4303.652968,4781.836631,5260.020294
,,,,,3469,4303.652968,4781.836631,5260.020294
,,,,,3470,4303.652968,4781.836631,5260.020294
,,,,,3471,4303.652968,4781.836631,5260.020294
,,,,,3472,4303.652968,4781.836631,5260.020294
,,,,,3473,4303.652968,4781.836631,5260.020294
,,,,,3474,4303.652968,4781.836631,5260.020294
,,,,,3475,4303.652968,4781.836631,5260.020294
,,,,,3476,4303.652968,4781.836631,5260.020294
,,,,,3477,4303.652968,4781.836631,5260.020294
,,,,,3478,4303.652968,4781.836631,5260.020294
,,,,,3479,4303.652968,4781.836631,5260.020294
,,,,,3480,4303.652968,4781.836631,5260.020294
,,,,,3481,4303.652968,4781.836631,5260.020294
,,,,,3482,4303.652968,4781.836631,5260.020294
,,,,,3483,4303.652968,4781.836631,5260.020294
,,,,,3484,4303.652968,4781.836631,5260.020294
,,,,,3485,4303.652968,4781.836631,5260.020294
,,,,,3486,4303.652968,4781.836631,5260.020294
,,,,,3487,4303.652968,4781.836631,5260.020294
,,,,,3488,4303.652968,4781.836631,5260.020294
,,,,,3489,4303.652968,4781.836631,5260.020294
,,,,,3490,4303.652968,4781.836631,5260.020294
,,,,,3491,4303.652968,4781.836631,5260.020294
,,,,,3492,4303.652968,4781.836631,5260.020294
,,,,,3493,4303.652968,4781.836631,5260.020294
,,,,,3494,4303.652968,4781.836631,5260.020294
,,,,,3495,4303.652968,4781.836631,5260.020294
,,,,,3496,4303.652968,4781.836631,5260.020294
,,,,,3497,4303.652968,4781.836631,5260.020294
,,,,,3498,4303.652968,4781.836631,5260.020294
,,,,,3499,4303.652968,4781.836631,5260.020294
,,,,,3500,4303.652968,4781.836631,5260.020294
,,,,,3501,4303.652968,4781.836631,5260.020294
,,,,,3502,4303.652968,4781.836631,5260.020294
,,,,,3503,4303.652968,4781.836631,5260.020294
,,,,,3504,4303.652968,4781.836631,5260.020294
,,,,,3505,4303.652968,4781.836631,5260.020294
,,,,,3506,4303.652968,4781.836631,5260.020294
,,,,,3507,4303.652968,4781.836631,5260.020294
,,,,,3508,4303.652968,4781.836631,5260.020294
,,,,,3509,4303.652968,4781.836631,5260.020294
,,,,,3510,4303.652968,4781.836631,5260.020294
,,,,,3511,4303.652968,4781.836631,5260.020294
,,,,,3512,4303.652968,4781.836631,5260.020294
,,,,,3513,4303.652968,4781.836631,5260.020294
,,,,,3514,4303.652968,4781.836631,5260.020294
,,,,,3515,4303.652968,4781.836631,5260.020294
,,,,,3516,4303.652968,4781.836631,5260.020294
,,,,,3517,4303.652968,4781.836631,5260.020294
,,,,,3518,4303.652968,4781.836631,5260.020294
,,,,,3519,4303.652968,4781.836631,5260.020294
,,,,,3520,4303.652968,4781.836631,5260.020294
,,,,,3521,4303.652968,4781.836631,5260.020294
,,,,,3522,4303.652968,4781.836631,5260.020294
,,,,,3523,4303.652968,4781.836631,5260.020294
,,,,,3524,4303.652968,4781.836631,5260.020294
,,,,,3525,4303.652968,4781.836631,5260.020294
,,,,,3526,4303.652968,4781.836631,5260.020294
,,,,,3527,4303.652968,4781.836631,5260.020294
,,,,,3528,4303.652968,4781.836631,5260.020294
,,,,,3529,4303.652968,4781.836631,5260.020294
,,,,,3530,4303.652968,4781.836631,5260.020294
,,,,,3531,4303.652968,4781.836631,5260.020294
,,,,,3532,4303.652968,4781.836631,5260.020294
,,,,,3533,4303.652968,4781.836631,5260.020294
,,,,,3534,4303.652968,4781.836631,5260.020294
,,,,,3535,4303.652968,4781.836631,5260.020294
,,,,,3536,4303.652968,4781.836631,5260.020294
,,,,,3537,4303.652968,4781.836631,5260.020294
,,,,,3538,4303.652968,4781.836631,5260.020294
,,,,,3539,4303.652968,4781.836631,5260.020294
,,,,,3540,4303.652968,4781.836631,5260.020294
,,,,,3541,4303.652968,4781.836631,5260.020294
,,,,,3542,4303.652968,4781.836631,5260.020294
,,,,,3543,4303.652968,4781.836631,5260.020294
,,,,,3544,4303.652968,4781.836631,5260.020294
,,,,,3545,4303.652968,4781.836631,5260.020294
,,,,,3546,4303.652968,4781.836631,5260.020294
,,,,,3547,4303.652968,4781.836631,5260.020294
,,,,,3548,4303.652968,4781.836631,5260.020294
,,,,,3549,4303.652968,4781.836631,5260.020294
,,,,,3550,4303.652968,4781.836631,5260.020294
,,,,,3551,4303.652968,4781.836631,5260.020294
,,,,,3552,4303.652968,4781.836631,5260.020294
,,,,,3553,4303.652968,4781.836631,5260.020294
,,,,,3554,4303.652968,4781.836631,5260.020294
,,,,,3555,4303.652968,4781.836631,5260.020294
,,,,,3556,4303.652968,4781.836631,5260.020294
,,,,,3557,4303.652968,4781.836631,5260.020294
,,,,,3558,4303.652968,4781.836631,5260.020294
,,,,,3559,4303.652968,4781.836631,5260.020294
,,,,,3560,4303.652968,4781.836631,5260.020294
,,,,,3561,4303.652968,4781.836631,5260.020294
,,,,,3562,4303.652968,4781.836631,5260.020294
,,,,,3563,4303.652968,4781.836631,5260.020294
,,,,,3564,4303.652968,4781.836631,5260.020294
,,,,,3565,4303.652968,4781.836631,5260.020294
,,,,,3566,4303.652968,4781.836631,5260.020294
,,,,,3567,4303.652968,4781.836631,5260.020294
,,,,,3568,4303.652968,4781.836631,5260.020294
,,,,,3569,4303.652968,4781.836631,5260.020294
,,,,,3570,4303.652968,4781.836631,5260.020294
,,,,,3571,4303.652968,4781.836631,5260.020294
,,,,,3572,4303.652968,4781.836631,5260.020294
,,,,,3573,4303.652968,4781.836631,5260.020294
,,,,,3574,4303.652968,4781.836631,5260.020294
,,,,,3575,4303.652968,4781.836631,5260.020294
,,,,,3576,4303.652968,4781.836631,5260.020294
,,,,,3577,4303.652968,4781.836631,5260.020294
,,,,,3578,4303.652968,4781.836631,5260.020294
,,,,,3579,4303.652968,4781.836631,5260.020294
,,,,,3580,4303.652968,4781.836631,5260.020294
,,,,,3581,4303.652968,4781.836631,5260.020294
,,,,,3582,4303.652968,4781.836631,5260.020294
,,,,,3583,4303.652968,4781.836631,5260.020294
,,,,,3584,4303.652968,4781.836631,5260.020294
,,,,,3585,4303.652968,4781.836631,5260.020294
,,,,,3586,4303.652968,4781.836631,5260.020294
,,,,,3587,4303.652968,4781.836631,5260.020294
,,,,,3588,4303.652968,4781.836631,5260.020294
,,,,,3589,4303.652968,4781.836631,5260.020294
,,,,,3590,4303.652968,4781.836631,5260.020294
,,,,,3591,4303.652968,4781.836631,5260.020294
,,,,,3592,4303.652968,4781.836631,5260.020294
,,,,,3593,4303.652968,4781.836631,5260.020294
,,,,,3594,4303.652968,4781.836631,5260.020294
,,,,,3595,4303.652968,4781.836631,5260.020294
,,,,,3596,4303.652968,4781.836631,5260.020294
,,,,,3597,4303.652968,4781.836631,5260.020294
,,,,,3598,4303.652968,4781.836631,5260.020294
,,,,,3599,4303.652968,4781.836631,5260.020294
,,,,,3600,4303.652968,4781.836631,5260.020294
,,,,,3601,4303.652968,4781.836631,5260.020294
,,,,,3602,4303.652968,4781.836631,5260.020294
,,,,,3603,4303.652968,4781.836631,5260.020294
,,,,,3604,4303.652968,4781.836631,5260.020294
,,,,,3605,4303.652968,4781.836631,5260.020294
,,,,,3606,4303.652968,4781.836631,5260.020294
,,,,,3607,4303.652968,4781.836631,5260.020294
,,,,,3608,4303.652968,4781.836631,5260.020294
,,,,,3609,4303.652968,4781.836631,5260.020294
,,,,,3610,4303.652968,4781.836631,5260.020294
,,,,,3611,4303.652968,4781.836631,5260.020294
,,,,,3612,4303.652968,4781.836631,5260.020294
,,,,,3613,4303.652968,4781.836631,5260.020294
,,,,,3614,4303.652968,4781.836631,5260.020294
,,,,,3615,4303.652968,4781.836631,5260.020294
,,,,,3616,4303.652968,4781.836631,5260.020294
,,,,,3617,4303.652968,4781.836631,5260.020294
,,,,,3618,4303.652968,4781.836631,5260.020294
,,,,,3619,4303.652968,4781.836631,5260.020294
,,,,,3620,4303.652968,4781.836631,5260.020294
,,,,,3621,4303.652968,4781.836631,5260.020294
,,,,,3622,4303.652968,4781.836631,5260.020294
,,,,,3623,4303.652968,4781.836631,5260.020294
,,,,,3624,4303.652968,4781.836631,5260.020294
,,,,,3625,4303.652968,4781.836631,5260.020294
,,,,,3626,4303.652968,4781.836631,5260.020294
,,,,,3627,4303.652968,4781.836631,5260.020294
,,,,,3628,4303.652968,4781.836631,5260.020294
,,,,,3629,4303.652968,4781.836631,5260.020294
,,,,,3630,4303.652968,4781.836631,5260.020294
,,,,,3631,4303.652968,4781.836631,5260.020294
,,,,,3632,4303.652968,4781.836631,5260.020294
,,,,,3633,4303.652968,4781.836631,5260.020294
,,,,,3634,4303.652968,4781.836631,5260.020294
,,,,,3635,4303.652968,4781.836631,5260.020294
,,,,,3636,4303.652968,4781.836631,5260.020294
,,,,,3637,4303.652968,4781.836631,5260.020294
,,,,,3638,4303.652968,4781.836631,5260.020294
,,,,,3639,4303.652968,4781.836631,5260.020294
,,,,,3640,4303.652968,4781.836631,5260.020294
,,,,,3641,4303.652968,4781.836631,5260.020294
,,,,,3642,4303.652968,4781.836631,5260.020294
,,,,,3643,4303.652968,4781.836631,5260.020294
,,,,,3644,4303.652968,4781.836631,5260.020294
,,,,,3645,4303.652968,4781.836631,5260.020294
,,,,,3646,4303.652968,4781.836631,5260.020294
,,,,,3647,4303.652968,4781.836631,5260.020294
,,,,,3648,4303.652968,4781.836631,5260.020294
,,,,,3649,4303.652968,4781.836631,5260.020294
,,,,,3650,4303.652968,4781.836631,5260.020294
,,,,,3651,4303.652968,4781.836631,5260.020294
,,,,,3652,4303.652968,4781.836631,5260.020294
,,,,,3653,4303.652968,4781.836631,5260.020294
,,,,,3654,4303.652968,4781.836631,5260.020294
,,,,,3655,4303.652968,4781.836631,5260.020294
,,,,,3656,4303.652968,4781.836631,5260.020294
,,,,,3657,4303.652968,4781.836631,5260.020294
,,,,,3658,4303.652968,4781.836631,5260.020294
,,,,,3659,4303.652968,4781.836631,5260.020294
,,,,,3660,4303.652968,4781.836631,5260.020294
,,,,,3661,4303.652968,4781.836631,5260.020294
,,,,,3662,4303.652968,4781.836631,5260.020294
,,,,,3663,4303.652968,4781.836631,5260.020294
,,,,,3664,4303.652968,4781.836631,5260.020294
,,,,,3665,4303.652968,4781.836631,5260.020294
,,,,,3666,4303.652968,4781.836631,5260.020294
,,,,,3667,4303.652968,4781.836631,5260.020294
,,,,,3668,4303.652968,4781.836631,5260.020294
,,,,,3669,4303.652968,4781.836631,5260.020294
,,,,,3670,4303.652968,4781.836631,5260.020294
,,,,,3671,4303.652968,4781.836631,5260.020294
,,,,,3672,4303.652968,4781.836631,5260.020294
,,,,,3673,4303.652968,4781.836631,5260.020294
,,,,,3674,4303.652968,4781.836631,5260.020294
,,,,,3675,4303.652968,4781.836631,5260.020294
,,,,,3676,4303.652968,4781.836631,5260.020294
,,,,,3677,4303.652968,4781.836631,5260.020294
,,,,,3678,4303.652968,4781.836631,5260.020294
,,,,,3679,4303.652968,4781.836631,5260.020294
,,,,,3680,4303.652968,4781.836631,5260.020294
,,,,,3681,4303.652968,4781.836631,5260.020294
,,,,,3682,4303.652968,4781.836631,5260.020294
,,,,,3683,4303.652968,4781.836631,5260.020294
,,,,,3684,4303.652968,4781.836631,5260.020294
,,,,,3685,4303.652968,4781.836631,5260.020294
,,,,,3686,4303.652968,4781.836631,5260.020294
,,,,,3687,4303.652968,4781.836631,5260.020294
,,,,,3688,4303.652968,4781.836631,5260.020294
,,,,,3689,4303.652968,4781.836631,5260.020294
,,,,,3690,4303.652968,4781.836631,5260.020294
,,,,,3691,4303.652968,4781.836631,5260.020294
,,,,,3692,4303.652968,4781.836631,5260.020294
,,,,,3693,4303.652968,4781.836631,5260.020294
,,,,,3694,4303.652968,4781.836631,5260.020294
,,,,,3695,4303.652968,4781.836631,5260.020294
,,,,,3696,4303.652968,4781.836631,5260.020294
,,,,,3697,4303.652968,4781.836631,5260.020294
,,,,,3698,4303.652968,4781.836631,5260.020294
,,,,,3699,4303.652968,4781.836631,5260.020294
,,,,,3700,4303.652968,4781.836631,5260.020294
,,,,,3701,4303.652968,4781.836631,5260.020294
,,,,,3702,4303.652968,4781.836631,5260.020294
,,,,,3703,4303.652968,4781.836631,5260.020294
,,,,,3704,4303.652968,4781.836631,5260.020294
,,,,,3705,4303.652968,4781.836631,5260.020294
,,,,,3706,4303.652968,4781.836631,5260.020294
,,,,,3707,4303.652968,4781.836631,5260.020294
,,,,,3708,4303.652968,4781.836631,5260.020294
,,,,,3709,4303.652968,4781.836631,5260.020294
,,,,,3710,4303.652968,4781.836631,5260.020294
,,,,,3711,4303.652968,4781.836631,5260.020294
,,,,,3712,4303.652968,4781.836631,5260.020294
,,,,,3713,4303.652968,4781.836631,5260.020294
,,,,,3714,4303.652968,4781.836631,5260.020294
,,,,,3715,4303.652968,4781.836631,5260.020294
,,,,,3716,4303.652968,4781.836631,5260.020294
,,,,,3717,4303.652968,4781.836631,5260.020294
,,,,,3718,4303.652968,4781.836631,5260.020294
,,,,,3719,4303.652968,4781.836631,5260.020294
,,,,,3720,4303.652968,4781.836631,5260.020294
,,,,,3721,4303.652968,4781.836631,5260.020294
,,,,,3722,4303.652968,4781.836631,5260.020294
,,,,,3723,4303.652968,4781.836631,5260.020294
,,,,,3724,4303.652968,4781.836631,5260.020294
,,,,,3725,4303.652968,4781.836631,5260.020294
,,,,,3726,4303.652968,4781.836631,5260.020294
,,,,,3727,4303.652968,4781.836631,5260.020294
,,,,,3728,4303.652968,4781.836631,5260.020294
,,,,,3729,4303.652968,4781.836631,5260.020294
,,,,,3730,4303.652968,4781.836631,5260.020294
,,,,,3731,4303.652968,4781.836631,5260.020294
,,,,,3732,4303.652968,4781.836631,5260.020294
,,,,,3733,4303.652968,4781.836631,5260.020294
,,,,,3734,4303.652968,4781.836631,5260.020294
,,,,,3735,4303.652968,4781.836631,5260.020294
,,,,,3736,4303.652968,4781.836631,5260.020294
,,,,,3737,4303.652968,4781.836631,5260.020294
,,,,,3738,4303.652968,4781.836631,5260.020294
,,,,,3739,4303.652968,4781.836631,5260.020294
,,,,,3740,4303.652968,4781.836631,5260.020294
,,,,,3741,4303.652968,4781.836631,5260.020294
,,,,,3742,4303.652968,4781.836631,5260.020294
,,,,,3743,4303.652968,4781.836631,5260.020294
,,,,,3744,4303.652968,4781.836631,5260.020294
,,,,,3745,4303.652968,4781.836631,5260.020294
,,,,,3746,4303.652968,4781.836631,5260.020294
,,,,,3747,4303.652968,4781.836631,5260.020294
,,,,,3748,4303.652968,4781.836631,5260.020294
,,,,,3749,4303.652968,4781.836631,5260.020294
,,,,,3750,4303.652968,4781.836631,5260.020294
,,,,,3751,4303.652968,4781.836631,5260.020294
,,,,,3752,4303.652968,4781.836631,5260.020294
,,,,,3753,4303.652968,4781.836631,5260.020294
,,,,,3754,4303.652968,4781.836631,5260.020294
,,,,,3755,4303.652968,4781.836631,5260.020294
,,,,,3756,4303.652968,4781.836631,5260.020294
,,,,,3757,4303.652968,4781.836631,5260.020294
,,,,,3758,4303.652968,4781.836631,5260.020294
,,,,,3759,4303.652968,4781.836631,5260.020294
,,,,,3760,4303.652968,4781.836631,5260.020294
,,,,,3761,4303.652968,4781.836631,5260.020294
,,,,,3762,4303.652968,4781.836631,5260.020294
,,,,,3763,4303.652968,4781.836631,5260.020294
,,,,,3764,4303.652968,4781.836631,5260.020294
,,,,,3765,4303.652968,4781.836631,5260.020294
,,,,,3766,4303.652968,4781.836631,5260.020294
,,,,,3767,4303.652968,4781.836631,5260.020294
,,,,,3768,4303.652968,4781.836631,5260.020294
,,,,,3769,4303.652968,4781.836631,5260.020294
,,,,,3770,4303.652968,4781.836631,5260.020294
,,,,,3771,4303.652968,4781.836631,5260.020294
,,,,,3772,4303.652968,4781.836631,5260.020294
,,,,,3773,4303.652968,4781.836631,5260.020294
,,,,,3774,4303.652968,4781.836631,5260.020294
,,,,,3775,4303.652968,4781.836631,5260.020294
,,,,,3776,4303.652968,4781.836631,5260.020294
,,,,,3777,4303.652968,4781.836631,5260.020294
,,,,,3778,4303.652968,4781.836631,5260.020294
,,,,,3779,4303.652968,4781.836631,5260.020294
,,,,,3780,4303.652968,4781.836631,5260.020294
,,,,,3781,4303.652968,4781.836631,5260.020294
,,,,,3782,4303.652968,4781.836631,5260.020294
,,,,,3783,4303.652968,4781.836631,5260.020294
,,,,,3784,4303.652968,4781.836631,5260.020294
,,,,,3785,4303.652968,4781.836631,5260.020294
,,,,,3786,4303.652968,4781.836631,5260.020294
,,,,,3787,4303.652968,4781.836631,5260.020294
,,,,,3788,4303.652968,4781.836631,5260.020294
,,,,,3789,4303.652968,4781.836631,5260.020294
,,,,,3790,4303.652968,4781.836631,5260.020294
,,,,,3791,4303.652968,4781.836631,5260.020294
,,,,,3792,4303.652968,4781.836631,5260.020294
,,,,,3793,4303.652968,4781.836631,5260.020294
,,,,,3794,4303.652968,4781.836631,5260.020294
,,,,,3795,4303.652968,4781.836631,5260.020294
,,,,,3796,4303.652968,4781.836631,5260.020294
,,,,,3797,4303.652968,4781.836631,5260.020294
,,,,,3798,4303.652968,4781.836631,5260.020294
,,,,,3799,4303.652968,4781.836631,5260.020294
,,,,,3800,4303.652968,4781.836631,5260.020294
,,,,,3801,4303.652968,4781.836631,5260.020294
,,,,,3802,4303.652968,4781.836631,5260.020294
,,,,,3803,4303.652968,4781.836631,5260.020294
,,,,,3804,4303.652968,4781.836631,5260.020294
,,,,,3805,4303.652968,4781.836631,5260.020294
,,,,,3806,4303.652968,4781.836631,5260.020294
,,,,,3807,4303.652968,4781.836631,5260.020294
,,,,,3808,4303.652968,4781.836631,5260.020294
,,,,,3809,4303.652968,4781.836631,5260.020294
,,,,,3810,4303.652968,4781.836631,5260.020294
,,,,,3811,4303.652968,4781.836631,5260.020294
,,,,,3812,4303.652968,4781.836631,5260.020294
,,,,,3813,4303.652968,4781.836631,5260.020294
,,,,,3814,4303.652968,4781.836631,5260.020294
,,,,,3815,4303.652968,4781.836631,5260.020294
,,,,,3816,4303.652968,4781.836631,5260.020294
,,,,,3817,4303.652968,4781.836631,5260.020294
,,,,,3818,4303.652968,4781.836631,5260.020294
,,,,,3819,4303.652968,4781.836631,5260.020294
,,,,,3820,4303.652968,4781.836631,5260.020294
,,,,,3821,4303.652968,4781.836631,5260.020294
,,,,,3822,4303.652968,4781.836631,5260.020294
,,,,,3823,4303.652968,4781.836631,5260.020294
,,,,,3824,4303.652968,4781.836631,5260.020294
,,,,,3825,4303.652968,4781.836631,5260.020294
,,,,,3826,4303.652968,4781.836631,5260.020294
,,,,,3827,4303.652968,4781.836631,5260.020294
,,,,,3828,4303.652968,4781.836631,5260.020294
,,,,,3829,4303.652968,4781.836631,5260.020294
,,,,,3830,4303.652968,4781.836631,5260.020294
,,,,,3831,4303.652968,4781.836631,5260.020294
,,,,,3832,4303.652968,4781.836631,5260.020294
,,,,,3833,4303.652968,4781.836631,5260.020294
,,,,,3834,4303.652968,4781.836631,5260.020294
,,,,,3835,4303.652968,4781.836631,5260.020294
,,,,,3836,4303.652968,4781.836631,5260.020294
,,,,,3837,4303.652968,4781.836631,5260.020294
,,,,,3838,4303.652968,4781.836631,5260.020294
,,,,,3839,4303.652968,4781.836631,5260.020294
,,,,,3840,4303.652968,4781.836631,5260.020294
,,,,,3841,4303.652968,4781.836631,5260.020294
,,,,,3842,4303.652968,4781.836631,5260.020294
,,,,,3843,4303.652968,4781.836631,5260.020294
,,,,,3844,4303.652968,4781.836631,5260.020294
,,,,,3845,4303.652968,4781.836631,5260.020294
,,,,,3846,4303.652968,4781.836631,5260.020294
,,,,,3847,4303.652968,4781.836631,5260.020294
,,,,,3848,4303.652968,4781.836631,5260.020294
,,,,,3849,4303.652968,4781.836631,5260.020294
,,,,,3850,4303.652968,4781.836631,5260.020294
,,,,,3851,4303.652968,4781.836631,5260.020294
,,,,,3852,4303.652968,4781.836631,5260.020294
,,,,,3853,4303.652968,4781.836631,5260.020294
,,,,,3854,4303.652968,4781.836631,5260.020294
,,,,,3855,4303.652968,4781.836631,5260.020294
,,,,,3856,4303.652968,4781.836631,5260.020294
,,,,,3857,4303.652968,4781.836631,5260.020294
,,,,,3858,4303.652968,4781.836631,5260.020294
,,,,,3859,4303.652968,4781.836631,5260.020294
,,,,,3860,4303.652968,4781.836631,5260.020294
,,,,,3861,4303.652968,4781.836631,5260.020294
,,,,,3862,4303.652968,4781.836631,5260.020294
,,,,,3863,4303.652968,4781.836631,5260.020294
,,,,,3864,4303.652968,4781.836631,5260.020294
,,,,,3865,4303.652968,4781.836631,5260.020294
,,,,,3866,4303.652968,4781.836631,5260.020294
,,,,,3867,4303.652968,4781.836631,5260.020294
,,,,,3868,4303.652968,4781.836631,5260.020294
,,,,,3869,4303.652968,4781.836631,5260.020294
,,,,,3870,4303.652968,4781.836631,5260.020294
,,,,,3871,4303.652968,4781.836631,5260.020294
,,,,,3872,4303.652968,4781.836631,5260.020294
,,,,,3873,4303.652968,4781.836631,5260.020294
,,,,,3874,4303.652968,4781.836631,5260.020294
,,,,,3875,4303.652968,4781.836631,5260.020294
,,,,,3876,4303.652968,4781.836631,5260.020294
,,,,,3877,4303.652968,4781.836631,5260.020294
,,,,,3878,4303.652968,4781.836631,5260.020294
,,,,,3879,4303.652968,4781.836631,5260.020294
,,,,,3880,4303.652968,4781.836631,5260.020294
,,,,,3881,4303.652968,4781.836631,5260.020294
,,,,,3882,4303.652968,4781.836631,5260.020294
,,,,,3883,4303.652968,4781.836631,5260.020294
,,,,,3884,4303.652968,4781.836631,5260.020294
,,,,,3885,4303.652968,4781.836631,5260.020294
,,,,,3886,4303.652968,4781.836631,5260.020294
,,,,,3887,4303.652968,4781.836631,5260.020294
,,,,,3888,4303.652968,4781.836631,5260.020294
,,,,,3889,4303.652968,4781.836631,5260.020294
,,,,,3890,4303.652968,4781.836631,5260.020294
,,,,,3891,4303.652968,4781.836631,5260.020294
,,,,,3892,4303.652968,4781.836631,5260.020294
,,,,,3893,4303.652968,4781.836631,5260.020294
,,,,,3894,4303.652968,4781.836631,5260.020294
,,,,,3895,4303.652968,4781.836631,5260.020294
,,,,,3896,4303.652968,4781.836631,5260.020294
,,,,,3897,4303.652968,4781.836631,5260.020294
,,,,,3898,4303.652968,4781.836631,5260.020294
,,,,,3899,4303.652968,4781.836631,5260.020294
,,,,,3900,4303.652968,4781.836631,5260.020294
,,,,,3901,4303.652968,4781.836631,5260.020294
,,,,,3902,4303.652968,4781.836631,5260.020294
,,,,,3903,4303.652968,4781.836631,5260.020294
,,,,,3904,4303.652968,4781.836631,5260.020294
,,,,,3905,4303.652968,4781.836631,5260.020294
,,,,,3906,4303.652968,4781.836631,5260.020294
,,,,,3907,4303.652968,4781.836631,5260.020294
,,,,,3908,4303.652968,4781.836631,5260.020294
,,,,,3909,4303.652968,4781.836631,5260.020294
,,,,,3910,4303.652968,4781.836631,5260.020294
,,,,,3911,4303.652968,4781.836631,5260.020294
,,,,,3912,4303.652968,4781.836631,5260.020294
,,,,,3913,4303.652968,4781.836631,5260.020294
,,,,,3914,4303.652968,4781.836631,5260.020294
,,,,,3915,4303.652968,4781.836631,5260.020294
,,,,,3916,4303.652968,4781.836631,5260.020294
,,,,,3917,4303.652968,4781.836631,5260.020294
,,,,,3918,4303.652968,4781.836631,5260.020294
,,,,,3919,4303.652968,4781.836631,5260.020294
,,,,,3920,4303.652968,4781.836631,5260.020294
,,,,,3921,4303.652968,4781.836631,5260.020294
,,,,,3922,4303.652968,4781.836631,5260.020294
,,,,,3923,4303.652968,4781.836631,5260.020294
,,,,,3924,4303.652968,4781.836631,5260.020294
,,,,,3925,4303.652968,4781.836631,5260.020294
,,,,,3926,4303.652968,4781.836631,5260.020294
,,,,,3927,4303.652968,4781.836631,5260.020294
,,,,,3928,4303.652968,4781.836631,5260.020294
,,,,,3929,4303.652968,4781.836631,5260.020294
,,,,,3930,4303.652968,4781.836631,5260.020294
,,,,,3931,4303.652968,4781.836631,5260.020294
,,,,,3932,4303.652968,4781.836631,5260.020294
,,,,,3933,4303.652968,4781.836631,5260.020294
,,,,,3934,4303.652968,4781.836631,5260.020294
,,,,,3935,4303.652968,4781.836631,5260.020294
,,,,,3936,4303.652968,4781.836631,5260.020294
,,,,,3937,4303.652968,4781.836631,5260.020294
,,,,,3938,4303.652968,4781.836631,5260.020294
,,,,,3939,4303.652968,4781.836631,5260.020294
,,,,,3940,4303.652968,4781.836631,5260.020294
,,,,,3941,4303.652968,4781.836631,5260.020294
,,,,,3942,4303.652968,4781.836631,5260.020294
,,,,,3943,4303.652968,4781.836631,5260.020294
,,,,,3944,4303.652968,4781.836631,5260.020294
,,,,,3945,4303.652968,4781.836631,5260.020294
,,,,,3946,4303.652968,4781.836631,5260.020294
,,,,,3947,4303.652968,4781.836631,5260.020294
,,,,,3948,4303.652968,4781.836631,5260.020294
,,,,,3949,4303.652968,4781.836631,5260.020294
,,,,,3950,4303.652968,4781.836631,5260.020294
,,,,,3951,4303.652968,4781.836631,5260.020294
,,,,,3952,4303.652968,4781.836631,5260.020294
,,,,,3953,4303.652968,4781.836631,5260.020294
,,,,,3954,4303.652968,4781.836631,5260.020294
,,,,,3955,4303.652968,4781.836631,5260.020294
,,,,,3956,4303.652968,4781.836631,5260.020294
,,,,,3957,4303.652968,4781.836631,5260.020294
,,,,,3958,4303.652968,4781.836631,5260.020294
,,,,,3959,4303.652968,4781.836631,5260.020294
,,,,,3960,4303.652968,4781.836631,5260.020294
,,,,,3961,4303.652968,4781.836631,5260.020294
,,,,,3962,4303.652968,4781.836631,5260.020294
,,,,,3963,4303.652968,4781.836631,5260.020294
,,,,,3964,4303.652968,4781.836631,5260.020294
,,,,,3965,4303.652968,4781.836631,5260.020294
,,,,,3966,4303.652968,4781.836631,5260.020294
,,,,,3967,4303.652968,4781.836631,5260.020294
,,,,,3968,4303.652968,4781.836631,5260.020294
,,,,,3969,4303.652968,4781.836631,5260.020294
,,,,,3970,4303.652968,4781.836631,5260.020294
,,,,,3971,4303.652968,4781.836631,5260.020294
,,,,,3972,4303.652968,4781.836631,5260.020294
,,,,,3973,4303.652968,4781.836631,5260.020294
,,,,,3974,4303.652968,4781.836631,5260.020294
,,,,,3975,4303.652968,4781.836631,5260.020294
,,,,,3976,4303.652968,4781.836631,5260.020294
,,,,,3977,4303.652968,4781.836631,5260.020294
,,,,,3978,4303.652968,4781.836631,5260.020294
,,,,,3979,4303.652968,4781.836631,5260.020294
,,,,,3980,4303.652968,4781.836631,5260.020294
,,,,,3981,4303.652968,4781.836631,5260.020294
,,,,,3982,4303.652968,4781.836631,5260.020294
,,,,,3983,4303.652968,4781.836631,5260.020294
,,,,,3984,4303.652968,4781.836631,5260.020294
,,,,,3985,4303.652968,4781.836631,5260.020294
,,,,,3986,4303.652968,4781.836631,5260.020294
,,,,,3987,4303.652968,4781.836631,5260.020294
,,,,,3988,4303.652968,4781.836631,5260.020294
,,,,,3989,4303.652968,4781.836631,5260.020294
,,,,,3990,4303.652968,4781.836631,5260.020294
,,,,,3991,4303.652968,4781.836631,5260.020294
,,,,,3992,4303.652968,4781.836631,5260.020294
,,,,,3993,4303.652968,4781.836631,5260.020294
,,,,,3994,4303.652968,4781.836631,5260.020294
,,,,,3995,4303.652968,4781.836631,5260.020294
,,,,,3996,4303.652968,4781.836631,5260.020294
,,,,,3997,4303.652968,4781.836631,5260.020294
,,,,,3998,4303.652968,4781.836631,5260.020294
,,,,,3999,4303.652968,4781.836631,5260.020294
,,,,,4000,4303.652968,4781.836631,5260.020294
,,,,,4001,4303.652968,4781.836631,5260.020294
,,,,,4002,4303.652968,4781.836631,5260.020294
,,,,,4003,4303.652968,4781.836631,5260.020294
,,,,,4004,4303.652968,4781.836631,5260.020294
,,,,,4005,4303.652968,4781.836631,5260.020294
,,,,,4006,4303.652968,4781.836631,5260.020294
,,,,,4007,4303.652968,4781.836631,5260.020294
,,,,,4008,4303.652968,4781.836631,5260.020294
,,,,,4009,4303.652968,4781.836631,5260.020294
,,,,,4010,4303.652968,4781.836631,5260.020294
,,,,,4011,4303.652968,4781.836631,5260.020294
,,,,,4012,4303.652968,4781.836631,5260.020294
,,,,,4013,4303.652968,4781.836631,5260.020294
,,,,,4014,4303.652968,4781.836631,5260.020294
,,,,,4015,4303.652968,4781.836631,5260.020294
,,,,,4016,4303.652968,4781.836631,5260.020294
,,,,,4017,4303.652968,4781.836631,5260.020294
,,,,,4018,4303.652968,4781.836631,5260.020294
,,,,,4019,4303.652968,4781.836631,5260.020294
,,,,,4020,4303.652968,4781.836631,5260.020294
,,,,,4021,4303.652968,4781.836631,5260.020294
,,,,,4022,4303.652968,4781.836631,5260.020294
,,,,,4023,4303.652968,4781.836631,5260.020294
,,,,,4024,4303.652968,4781.836631,5260.020294
,,,,,4025,4303.652968,4781.836631,5260.020294
,,,,,4026,4303.652968,4781.836631,5260.020294
,,,,,4027,4303.652968,4781.836631,5260.020294
,,,,,4028,4303.652968,4781.836631,5260.020294
,,,,,4029,4303.652968,4781.836631,5260.020294
,,,,,4030,4303.652968,4781.836631,5260.020294
,,,,,4031,4303.652968,4781.836631,5260.020294
,,,,,4032,4303.652968,4781.836631,5260.020294
,,,,,4033,4303.652968,4781.836631,5260.020294
,,,,,4034,4303.652968,4781.836631,5260.020294
,,,,,4035,4303.652968,4781.836631,5260.020294
,,,,,4036,4303.652968,4781.836631,5260.020294
,,,,,4037,4303.652968,4781.836631,5260.020294
,,,,,4038,4303.652968,4781.836631,5260.020294
,,,,,4039,4303.652968,4781.836631,5260.020294
,,,,,4040,4303.652968,4781.836631,5260.020294
,,,,,4041,4303.652968,4781.836631,5260.020294
,,,,,4042,4303.652968,4781.836631,5260.020294
,,,,,4043,4303.652968,4781.836631,5260.020294
,,,,,4044,4303.652968,4781.836631,5260.020294
,,,,,4045,4303.652968,4781.836631,5260.020294
,,,,,4046,4303.652968,4781.836631,5260.020294
,,,,,4047,4303.652968,4781.836631,5260.020294
,,,,,4048,4303.652968,4781.836631,5260.020294
,,,,,4049,4303.652968,4781.836631,5260.020294
,,,,,4050,4303.652968,4781.836631,5260.020294
,,,,,4051,4303.652968,4781.836631,5260.020294
,,,,,4052,4303.652968,4781.836631,5260.020294
,,,,,4053,4303.652968,4781.836631,5260.020294
,,,,,4054,4303.652968,4781.836631,5260.020294
,,,,,4055,4303.652968,4781.836631,5260.020294
,,,,,4056,4303.652968,4781.836631,5260.020294
,,,,,4057,4303.652968,4781.836631,5260.020294
,,,,,4058,4303.652968,4781.836631,5260.020294
,,,,,4059,4303.652968,4781.836631,5260.020294
,,,,,4060,4303.652968,4781.836631,5260.020294
,,,,,4061,4303.652968,4781.836631,5260.020294
,,,,,4062,4303.652968,4781.836631,5260.020294
,,,,,4063,4303.652968,4781.836631,5260.020294
,,,,,4064,4303.652968,4781.836631,5260.020294
,,,,,4065,4303.652968,4781.836631,5260.020294
,,,,,4066,4303.652968,4781.836631,5260.020294
,,,,,4067,4303.652968,4781.836631,5260.020294
,,,,,4068,4303.652968,4781.836631,5260.020294
,,,,,4069,4303.652968,4781.836631,5260.020294
,,,,,4070,4303.652968,4781.836631,5260.020294
,,,,,4071,4303.652968,4781.836631,5260.020294
,,,,,4072,4303.652968,4781.836631,5260.020294
,,,,,4073,4303.652968,4781.836631,5260.020294
,,,,,4074,4303.652968,4781.836631,5260.020294
,,,,,4075,4303.652968,4781.836631,5260.020294
,,,,,4076,4303.652968,4781.836631,5260.020294
,,,,,4077,4303.652968,4781.836631,5260.020294
,,,,,4078,4303.652968,4781.836631,5260.020294
,,,,,4079,4303.652968,4781.836631,5260.020294
,,,,,4080,4303.652968,4781.836631,5260.020294
,,,,,4081,4303.652968,4781.836631,5260.020294
,,,,,4082,4303.652968,4781.836631,5260.020294
,,,,,4083,4303.652968,4781.836631,5260.020294
,,,,,4084,4303.652968,4781.836631,5260.020294
,,,,,4085,4303.652968,4781.836631,5260.020294
,,,,,4086,4303.652968,4781.836631,5260.020294
,,,,,4087,4303.652968,4781.836631,5260.020294
,,,,,4088,4303.652968,4781.836631,5260.020294
,,,,,4089,4303.652968,4781.836631,5260.020294
,,,,,4090,4303.652968,4781.836631,5260.020294
,,,,,4091,4303.652968,4781.836631,5260.020294
,,,,,4092,4303.652968,4781.836631,5260.020294
,,,,,4093,4303.652968,4781.836631,5260.020294
,,,,,4094,4303.652968,4781.836631,5260.020294
,,,,,4095,4303.652968,4781.836631,5260.020294
,,,,,4096,4303.652968,4781.836631,5260.020294
,,,,,4097,4303.652968,4781.836631,5260.020294
,,,,,4098,4303.652968,4781.836631,5260.020294
,,,,,4099,4303.652968,4781.836631,5260.020294
,,,,,4100,4303.652968,4781.836631,5260.020294
,,,,,4101,4303.652968,4781.836631,5260.020294
,,,,,4102,4303.652968,4781.836631,5260.020294
,,,,,4103,4303.652968,4781.836631,5260.020294
,,,,,4104,4303.652968,4781.836631,5260.020294
,,,,,4105,4303.652968,4781.836631,5260.020294
,,,,,4106,4303.652968,4781.836631,5260.020294
,,,,,4107,4303.652968,4781.836631,5260.020294
,,,,,4108,4303.652968,4781.836631,5260.020294
,,,,,4109,4303.652968,4781.836631,5260.020294
,,,,,4110,4303.652968,4781.836631,5260.020294
,,,,,4111,4303.652968,4781.836631,5260.020294
,,,,,4112,4303.652968,4781.836631,5260.020294
,,,,,4113,4303.652968,4781.836631,5260.020294
,,,,,4114,4303.652968,4781.836631,5260.020294
,,,,,4115,4303.652968,4781.836631,5260.020294
,,,,,4116,4303.652968,4781.836631,5260.020294
,,,,,4117,4303.652968,4781.836631,5260.020294
,,,,,4118,4303.652968,4781.836631,5260.020294
,,,,,4119,4303.652968,4781.836631,5260.020294
,,,,,4120,4303.652968,4781.836631,5260.020294
,,,,,4121,4303.652968,4781.836631,5260.020294
,,,,,4122,4303.652968,4781.836631,5260.020294
,,,,,4123,4303.652968,4781.836631,5260.020294
,,,,,4124,4303.652968,4781.836631,5260.020294
,,,,,4125,4303.652968,4781.836631,5260.020294
,,,,,4126,4303.652968,4781.836631,5260.020294
,,,,,4127,4303.652968,4781.836631,5260.020294
,,,,,4128,4303.652968,4781.836631,5260.020294
,,,,,4129,4303.652968,4781.836631,5260.020294
,,,,,4130,4303.652968,4781.836631,5260.020294
,,,,,4131,4303.652968,4781.836631,5260.020294
,,,,,4132,4303.652968,4781.836631,5260.020294
,,,,,4133,4303.652968,4781.836631,5260.020294
,,,,,4134,4303.652968,4781.836631,5260.020294
,,,,,4135,4303.652968,4781.836631,5260.020294
,,,,,4136,4303.652968,4781.836631,5260.020294
,,,,,4137,4303.652968,4781.836631,5260.020294
,,,,,4138,4303.652968,4781.836631,5260.020294
,,,,,4139,4303.652968,4781.836631,5260.020294
,,,,,4140,4303.652968,4781.836631,5260.020294
,,,,,4141,4303.652968,4781.836631,5260.020294
,,,,,4142,4303.652968,4781.836631,5260.020294
,,,,,4143,4303.652968,4781.836631,5260.020294
,,,,,4144,4303.652968,4781.836631,5260.020294
,,,,,4145,4303.652968,4781.836631,5260.020294
,,,,,4146,4303.652968,4781.836631,5260.020294
,,,,,4147,4303.652968,4781.836631,5260.020294
,,,,,4148,4303.652968,4781.836631,5260.020294
,,,,,4149,4303.652968,4781.836631,5260.020294
,,,,,4150,4303.652968,4781.836631,5260.020294
,,,,,4151,4303.652968,4781.836631,5260.020294
,,,,,4152,4303.652968,4781.836631,5260.020294
,,,,,4153,4303.652968,4781.836631,5260.020294
,,,,,4154,4303.652968,4781.836631,5260.020294
,,,,,4155,4303.652968,4781.836631,5260.020294
,,,,,4156,4303.652968,4781.836631,5260.020294
,,,,,4157,4303.652968,4781.836631,5260.020294
,,,,,4158,4303.652968,4781.836631,5260.020294
,,,,,4159,4303.652968,4781.836631,5260.020294
,,,,,4160,4303.652968,4781.836631,5260.020294
,,,,,4161,4303.652968,4781.836631,5260.020294
,,,,,4162,4303.652968,4781.836631,5260.020294
,,,,,4163,4303.652968,4781.836631,5260.020294
,,,,,4164,4303.652968,4781.836631,5260.020294
,,,,,4165,4303.652968,4781.836631,5260.020294
,,,,,4166,4303.652968,4781.836631,5260.020294
,,,,,4167,4303.652968,4781.836631,5260.020294
,,,,,4168,4303.652968,4781.836631,5260.020294
,,,,,4169,4303.652968,4781.836631,5260.020294
,,,,,4170,4303.652968,4781.836631,5260.020294
,,,,,4171,4303.652968,4781.836631,5260.020294
,,,,,4172,4303.652968,4781.836631,5260.020294
,,,,,4173,4303.652968,4781.836631,5260.020294
,,,,,4174,4303.652968,4781.836631,5260.020294
,,,,,4175,4303.652968,4781.836631,5260.020294
,,,,,4176,4303.652968,4781.836631,5260.020294
,,,,,4177,4303.652968,4781.836631,5260.020294
,,,,,4178,4303.652968,4781.836631,5260.020294
,,,,,4179,4303.652968,4781.836631,5260.020294
,,,,,4180,4303.652968,4781.836631,5260.020294
,,,,,4181,4303.652968,4781.836631,5260.020294
,,,,,4182,4303.652968,4781.836631,5260.020294
,,,,,4183,4303.652968,4781.836631,5260.020294
,,,,,4184,4303.652968,4781.836631,5260.020294
,,,,,4185,4303.652968,4781.836631,5260.020294
,,,,,4186,4303.652968,4781.836631,5260.020294
,,,,,4187,4303.652968,4781.836631,5260.020294
,,,,,4188,4303.652968,4781.836631,5260.020294
,,,,,4189,4303.652968,4781.836631,5260.020294
,,,,,4190,4303.652968,4781.836631,5260.020294
,,,,,4191,4303.652968,4781.836631,5260.020294
,,,,,4192,4303.652968,4781.836631,5260.020294
,,,,,4193,4303.652968,4781.836631,5260.020294
,,,,,4194,4303.652968,4781.836631,5260.020294
,,,,,4195,4303.652968,4781.836631,5260.020294
,,,,,4196,4303.652968,4781.836631,5260.020294
,,,,,4197,4303.652968,4781.836631,5260.020294
,,,,,4198,4303.652968,4781.836631,5260.020294
,,,,,4199,4303.652968,4781.836631,5260.020294
,,,,,4200,4303.652968,4781.836631,5260.020294
,,,,,4201,4303.652968,4781.836631,5260.020294
,,,,,4202,4303.652968,4781.836631,5260.020294
,,,,,4203,4303.652968,4781.836631,5260.020294
,,,,,4204,4303.652968,4781.836631,5260.020294
,,,,,4205,4303.652968,4781.836631,5260.020294
,,,,,4206,4303.652968,4781.836631,5260.020294
,,,,,4207,4303.652968,4781.836631,5260.020294
,,,,,4208,4303.652968,4781.836631,5260.020294
,,,,,4209,4303.652968,4781.836631,5260.020294
,,,,,4210,4303.652968,4781.836631,5260.020294
,,,,,4211,4303.652968,4781.836631,5260.020294
,,,,,4212,4303.652968,4781.836631,5260.020294
,,,,,4213,4303.652968,4781.836631,5260.020294
,,,,,4214,4303.652968,4781.836631,5260.020294
,,,,,4215,4303.652968,4781.836631,5260.020294
,,,,,4216,4303.652968,4781.836631,5260.020294
,,,,,4217,4303.652968,4781.836631,5260.020294
,,,,,4218,4303.652968,4781.836631,5260.020294
,,,,,4219,4303.652968,4781.836631,5260.020294
,,,,,4220,4303.652968,4781.836631,5260.020294
,,,,,4221,4303.652968,4781.836631,5260.020294
,,,,,4222,4303.652968,4781.836631,5260.020294
,,,,,4223,4303.652968,4781.836631,5260.020294
,,,,,4224,4303.652968,4781.836631,5260.020294
,,,,,4225,4303.652968,4781.836631,5260.020294
,,,,,4226,4303.652968,4781.836631,5260.020294
,,,,,4227,4303.652968,4781.836631,5260.020294
,,,,,4228,4303.652968,4781.836631,5260.020294
,,,,,4229,4303.652968,4781.836631,5260.020294
,,,,,4230,4303.652968,4781.836631,5260.020294
,,,,,4231,4303.652968,4781.836631,5260.020294
,,,,,4232,4303.652968,4781.836631,5260.020294
,,,,,4233,4303.652968,4781.836631,5260.020294
,,,,,4234,4303.652968,4781.836631,5260.020294
,,,,,4235,4303.652968,4781.836631,5260.020294
,,,,,4236,4303.652968,4781.836631,5260.020294
,,,,,4237,4303.652968,4781.836631,5260.020294
,,,,,4238,4303.652968,4781.836631,5260.020294
,,,,,4239,4303.652968,4781.836631,5260.020294
,,,,,4240,4303.652968,4781.836631,5260.020294
,,,,,4241,4303.652968,4781.836631,5260.020294
,,,,,4242,4303.652968,4781.836631,5260.020294
,,,,,4243,4303.652968,4781.836631,5260.020294
,,,,,4244,4303.652968,4781.836631,5260.020294
,,,,,4245,4303.652968,4781.836631,5260.020294
,,,,,4246,4303.652968,4781.836631,5260.020294
,,,,,4247,4303.652968,4781.836631,5260.020294
,,,,,4248,4303.652968,4781.836631,5260.020294
,,,,,4249,4303.652968,4781.836631,5260.020294
,,,,,4250,4303.652968,4781.836631,5260.020294
,,,,,4251,4303.652968,4781.836631,5260.020294
,,,,,4252,4303.652968,4781.836631,5260.020294
,,,,,4253,4303.652968,4781.836631,5260.020294
,,,,,4254,4303.652968,4781.836631,5260.020294
,,,,,4255,4303.652968,4781.836631,5260.020294
,,,,,4256,4303.652968,4781.836631,5260.020294
,,,,,4257,4303.652968,4781.836631,5260.020294
,,,,,4258,4303.652968,4781.836631,5260.020294
,,,,,4259,4303.652968,4781.836631,5260.020294
,,,,,4260,4303.652968,4781.836631,5260.020294
,,,,,4261,4303.652968,4781.836631,5260.020294
,,,,,4262,4303.652968,4781.836631,5260.020294
,,,,,4263,4303.652968,4781.836631,5260.020294
,,,,,4264,4303.652968,4781.836631,5260.020294
,,,,,4265,4303.652968,4781.836631,5260.020294
,,,,,4266,4303.652968,4781.836631,5260.020294
,,,,,4267,4303.652968,4781.836631,5260.020294
,,,,,4268,4303.652968,4781.836631,5260.020294
,,,,,4269,4303.652968,4781.836631,5260.020294
,,,,,4270,4303.652968,4781.836631,5260.020294
,,,,,4271,4303.652968,4781.836631,5260.020294
,,,,,4272,4303.652968,4781.836631,5260.020294
,,,,,4273,4303.652968,4781.836631,5260.020294
,,,,,4274,4303.652968,4781.836631,5260.020294
,,,,,4275,4303.652968,4781.836631,5260.020294
,,,,,4276,4303.652968,4781.836631,5260.020294
,,,,,4277,4303.652968,4781.836631,5260.020294
,,,,,4278,4303.652968,4781.836631,5260.020294
,,,,,4279,4303.652968,4781.836631,5260.020294
,,,,,4280,4303.652968,4781.836631,5260.020294
,,,,,4281,4303.652968,4781.836631,5260.020294
,,,,,4282,4303.652968,4781.836631,5260.020294
,,,,,4283,4303.652968,4781.836631,5260.020294
,,,,,4284,4303.652968,4781.836631,5260.020294
,,,,,4285,4303.652968,4781.836631,5260.020294
,,,,,4286,4303.652968,4781.836631,5260.020294
,,,,,4287,4303.652968,4781.836631,5260.020294
,,,,,4288,4303.652968,4781.836631,5260.020294
,,,,,4289,4303.652968,4781.836631,5260.020294
,,,,,4290,4303.652968,4781.836631,5260.020294
,,,,,4291,4303.652968,4781.836631,5260.020294
,,,,,4292,4303.652968,4781.836631,5260.020294
,,,,,4293,4303.652968,4781.836631,5260.020294
,,,,,4294,4303.652968,4781.836631,5260.020294
,,,,,4295,4303.652968,4781.836631,5260.020294
,,,,,4296,4303.652968,4781.836631,5260.020294
,,,,,4297,4303.652968,4781.836631,5260.020294
,,,,,4298,4303.652968,4781.836631,5260.020294
,,,,,4299,4303.652968,4781.836631,5260.020294
,,,,,4300,4303.652968,4781.836631,5260.020294
,,,,,4301,4303.652968,4781.836631,5260.020294
,,,,,4302,4303.652968,4781.836631,5260.020294
,,,,,4303,4303.652968,4781.836631,5260.020294
,,,,,4304,4303.652968,4781.836631,5260.020294
,,,,,4305,4303.652968,4781.836631,5260.020294
,,,,,4306,4303.652968,4781.836631,5260.020294
,,,,,4307,4303.652968,4781.836631,5260.020294
,,,,,4308,4303.652968,4781.836631,5260.020294
,,,,,4309,4303.652968,4781.836631,5260.020294
,,,,,4310,4303.652968,4781.836631,5260.020294
,,,,,4311,4303.652968,4781.836631,5260.020294
,,,,,4312,4303.652968,4781.836631,5260.020294
,,,,,4313,4303.652968,4781.836631,5260.020294
,,,,,4314,4303.652968,4781.836631,5260.020294
,,,,,4315,4303.652968,4781.836631,5260.020294
,,,,,4316,4303.652968,4781.836631,5260.020294
,,,,,4317,4303.652968,4781.836631,5260.020294
,,,,,4318,4303.652968,4781.836631,5260.020294
,,,,,4319,4303.652968,4781.836631,5260.020294
,,,,,4320,4303.652968,4781.836631,5260.020294
,,,,,4321,4303.652968,4781.836631,5260.020294
,,,,,4322,4303.652968,4781.836631,5260.020294
,,,,,4323,4303.652968,4781.836631,5260.020294
,,,,,4324,4303.652968,4781.836631,5260.020294
,,,,,4325,4303.652968,4781.836631,5260.020294
,,,,,4326,4303.652968,4781.836631,5260.020294
,,,,,4327,4303.652968,4781.836631,5260.020294
,,,,,4328,4303.652968,4781.836631,5260.020294
,,,,,4329,4303.652968,4781.836631,5260.020294
,,,,,4330,4303.652968,4781.836631,5260.020294
,,,,,4331,4303.652968,4781.836631,5260.020294
,,,,,4332,4303.652968,4781.836631,5260.020294
,,,,,4333,4303.652968,4781.836631,5260.020294
,,,,,4334,4303.652968,4781.836631,5260.020294
,,,,,4335,4303.652968,4781.836631,5260.020294
,,,,,4336,4303.652968,4781.836631,5260.020294
,,,,,4337,4303.652968,4781.836631,5260.020294
,,,,,4338,4303.652968,4781.836631,5260.020294
,,,,,4339,4303.652968,4781.836631,5260.020294
,,,,,4340,4303.652968,4781.836631,5260.020294
,,,,,4341,4303.652968,4781.836631,5260.020294
,,,,,4342,4303.652968,4781.836631,5260.020294
,,,,,4343,4303.652968,4781.836631,5260.020294
,,,,,4344,4303.652968,4781.836631,5260.020294
,,,,,4345,4303.652968,4781.836631,5260.020294
,,,,,4346,4303.652968,4781.836631,5260.020294
,,,,,4347,4303.652968,4781.836631,5260.020294
,,,,,4348,4303.652968,4781.836631,5260.020294
,,,,,4349,4303.652968,4781.836631,5260.020294
,,,,,4350,4303.652968,4781.836631,5260.020294
,,,,,4351,4303.652968,4781.836631,5260.020294
,,,,,4352,4303.652968,4781.836631,5260.020294
,,,,,4353,4303.652968,4781.836631,5260.020294
,,,,,4354,4303.652968,4781.836631,5260.020294
,,,,,4355,4303.652968,4781.836631,5260.020294
,,,,,4356,4303.652968,4781.836631,5260.020294
,,,,,4357,4303.652968,4781.836631,5260.020294
,,,,,4358,4303.652968,4781.836631,5260.020294
,,,,,4359,4303.652968,4781.836631,5260.020294
,,,,,4360,4303.652968,4781.836631,5260.020294
,,,,,4361,4303.652968,4781.836631,5260.020294
,,,,,4362,4303.652968,4781.836631,5260.020294
,,,,,4363,4303.652968,4781.836631,5260.020294
,,,,,4364,4303.652968,4781.836631,5260.020294
,,,,,4365,4303.652968,4781.836631,5260.020294
,,,,,4366,4303.652968,4781.836631,5260.020294
,,,,,4367,4303.652968,4781.836631,5260.020294
,,,,,4368,4303.652968,4781.836631,5260.020294
,,,,,4369,4303.652968,4781.836631,5260.020294
,,,,,4370,4303.652968,4781.836631,5260.020294
,,,,,4371,4303.652968,4781.836631,5260.020294
,,,,,4372,4303.652968,4781.836631,5260.020294
,,,,,4373,4303.652968,4781.836631,5260.020294
,,,,,4374,4303.652968,4781.836631,5260.020294
,,,,,4375,4303.652968,4781.836631,5260.020294
,,,,,4376,4303.652968,4781.836631,5260.020294
,,,,,4377,4303.652968,4781.836631,5260.020294
,,,,,4378,4303.652968,4781.836631,5260.020294
,,,,,4379,4303.652968,4781.836631,5260.020294
,,,,,4380,4303.652968,4781.836631,5260.020294
,,,,,4381,4303.652968,4781.836631,5260.020294
,,,,,4382,4303.652968,4781.836631,5260.020294
,,,,,4383,4303.652968,4781.836631,5260.020294
,,,,,4384,4303.652968,4781.836631,5260.020294
,,,,,4385,4303.652968,4781.836631,5260.020294
,,,,,4386,4303.652968,4781.836631,5260.020294
,,,,,4387,4303.652968,4781.836631,5260.020294
,,,,,4388,4303.652968,4781.836631,5260.020294
,,,,,4389,4303.652968,4781.836631,5260.020294
,,,,,4390,4303.652968,4781.836631,5260.020294
,,,,,4391,4303.652968,4781.836631,5260.020294
,,,,,4392,4303.652968,4781.836631,5260.020294
,,,,,4393,4303.652968,4781.836631,5260.020294
,,,,,4394,4303.652968,4781.836631,5260.020294
,,,,,4395,4303.652968,4781.836631,5260.020294
,,,,,4396,4303.652968,4781.836631,5260.020294
,,,,,4397,4303.652968,4781.836631,5260.020294
,,,,,4398,4303.652968,4781.836631,5260.020294
,,,,,4399,4303.652968,4781.836631,5260.020294
,,,,,4400,4303.652968,4781.836631,5260.020294
,,,,,4401,4303.652968,4781.836631,5260.020294
,,,,,4402,4303.652968,4781.836631,5260.020294
,,,,,4403,4303.652968,4781.836631,5260.020294
,,,,,4404,4303.652968,4781.836631,5260.020294
,,,,,4405,4303.652968,4781.836631,5260.020294
,,,,,4406,4303.652968,4781.836631,5260.020294
,,,,,4407,4303.652968,4781.836631,5260.020294
,,,,,4408,4303.652968,4781.836631,5260.020294
,,,,,4409,4303.652968,4781.836631,5260.020294
,,,,,4410,4303.652968,4781.836631,5260.020294
,,,,,4411,4303.652968,4781.836631,5260.020294
,,,,,4412,4303.652968,4781.836631,5260.020294
,,,,,4413,4303.652968,4781.836631,5260.020294
,,,,,4414,4303.652968,4781.836631,5260.020294
,,,,,4415,4303.652968,4781.836631,5260.020294
,,,,,4416,4303.652968,4781.836631,5260.020294
,,,,,4417,4303.652968,4781.836631,5260.020294
,,,,,4418,4303.652968,4781.836631,5260.020294
,,,,,4419,4303.652968,4781.836631,5260.020294
,,,,,4420,4303.652968,4781.836631,5260.020294
,,,,,4421,4303.652968,4781.836631,5260.020294
,,,,,4422,4303.652968,4781.836631,5260.020294
,,,,,4423,4303.652968,4781.836631,5260.020294
,,,,,4424,4303.652968,4781.836631,5260.020294
,,,,,4425,4303.652968,4781.836631,5260.020294
,,,,,4426,4303.652968,4781.836631,5260.020294
,,,,,4427,4303.652968,4781.836631,5260.020294
,,,,,4428,4303.652968,4781.836631,5260.020294
,,,,,4429,4303.652968,4781.836631,5260.020294
,,,,,4430,4303.652968,4781.836631,5260.020294
,,,,,4431,4303.652968,4781.836631,5260.020294
,,,,,4432,4303.652968,4781.836631,5260.020294
,,,,,4433,4303.652968,4781.836631,5260.020294
,,,,,4434,4303.652968,4781.836631,5260.020294
,,,,,4435,4303.652968,4781.836631,5260.020294
,,,,,4436,4303.652968,4781.836631,5260.020294
,,,,,4437,4303.652968,4781.836631,5260.020294
,,,,,4438,4303.652968,4781.836631,5260.020294
,,,,,4439,4303.652968,4781.836631,5260.020294
,,,,,4440,4303.652968,4781.836631,5260.020294
,,,,,4441,4303.652968,4781.836631,5260.020294
,,,,,4442,4303.652968,4781.836631,5260.020294
,,,,,4443,4303.652968,4781.836631,5260.020294
,,,,,4444,4303.652968,4781.836631,5260.020294
,,,,,4445,4303.652968,4781.836631,5260.020294
,,,,,4446,4303.652968,4781.836631,5260.020294
,,,,,4447,4303.652968,4781.836631,5260.020294
,,,,,4448,4303.652968,4781.836631,5260.020294
,,,,,4449,4303.652968,4781.836631,5260.020294
,,,,,4450,4303.652968,4781.836631,5260.020294
,,,,,4451,4303.652968,4781.836631,5260.020294
,,,,,4452,4303.652968,4781.836631,5260.020294
,,,,,4453,4303.652968,4781.836631,5260.020294
,,,,,4454,4303.652968,4781.836631,5260.020294
,,,,,4455,4303.652968,4781.836631,5260.020294
,,,,,4456,4303.652968,4781.836631,5260.020294
,,,,,4457,4303.652968,4781.836631,5260.020294
,,,,,4458,4303.652968,4781.836631,5260.020294
,,,,,4459,4303.652968,4781.836631,5260.020294
,,,,,4460,4303.652968,4781.836631,5260.020294
,,,,,4461,4303.652968,4781.836631,5260.020294
,,,,,4462,4303.652968,4781.836631,5260.020294
,,,,,4463,4303.652968,4781.836631,5260.020294
,,,,,4464,4303.652968,4781.836631,5260.020294
,,,,,4465,4303.652968,4781.836631,5260.020294
,,,,,4466,4303.652968,4781.836631,5260.020294
,,,,,4467,4303.652968,4781.836631,5260.020294
,,,,,4468,4303.652968,4781.836631,5260.020294
,,,,,4469,4303.652968,4781.836631,5260.020294
,,,,,4470,4303.652968,4781.836631,5260.020294
,,,,,4471,4303.652968,4781.836631,5260.020294
,,,,,4472,4303.652968,4781.836631,5260.020294
,,,,,4473,4303.652968,4781.836631,5260.020294
,,,,,4474,4303.652968,4781.836631,5260.020294
,,,,,4475,4303.652968,4781.836631,5260.020294
,,,,,4476,4303.652968,4781.836631,5260.020294
,,,,,4477,4303.652968,4781.836631,5260.020294
,,,,,4478,4303.652968,4781.836631,5260.020294
,,,,,4479,4303.652968,4781.836631,5260.020294
,,,,,4480,4303.652968,4781.836631,5260.020294
,,,,,4481,4303.652968,4781.836631,5260.020294
,,,,,4482,4303.652968,4781.836631,5260.020294
,,,,,4483,4303.652968,4781.836631,5260.020294
,,,,,4484,4303.652968,4781.836631,5260.020294
,,,,,4485,4303.652968,4781.836631,5260.020294
,,,,,4486,4303.652968,4781.836631,5260.020294
,,,,,4487,4303.652968,4781.836631,5260.020294
,,,,,4488,4303.652968,4781.836631,5260.020294
,,,,,4489,4303.652968,4781.836631,5260.020294
,,,,,4490,4303.652968,4781.836631,5260.020294
,,,,,4491,4303.652968,4781.836631,5260.020294
,,,,,4492,4303.652968,4781.836631,5260.020294
,,,,,4493,4303.652968,4781.836631,5260.020294
,,,,,4494,4303.652968,4781.836631,5260.020294
,,,,,4495,4303.652968,4781.836631,5260.020294
,,,,,4496,4303.652968,4781.836631,5260.020294
,,,,,4497,4303.652968,4781.836631,5260.020294
,,,,,4498,4303.652968,4781.836631,5260.020294
,,,,,4499,4303.652968,4781.836631,5260.020294
,,,,,4500,4303.652968,4781.836631,5260.020294
,,,,,4501,4303.652968,4781.836631,5260.020294
,,,,,4502,4303.652968,4781.836631,5260.020294
,,,,,4503,4303.652968,4781.836631,5260.020294
,,,,,4504,4303.652968,4781.836631,5260.020294
,,,,,4505,4303.652968,4781.836631,5260.020294
,,,,,4506,4303.652968,4781.836631,5260.020294
,,,,,4507,4303.652968,4781.836631,5260.020294
,,,,,4508,4303.652968,4781.836631,5260.020294
,,,,,4509,4303.652968,4781.836631,5260.020294
,,,,,4510,4303.652968,4781.836631,5260.020294
,,,,,4511,4303.652968,4781.836631,5260.020294
,,,,,4512,4303.652968,4781.836631,5260.020294
,,,,,4513,4303.652968,4781.836631,5260.020294
,,,,,4514,4303.652968,4781.836631,5260.020294
,,,,,4515,4303.652968,4781.836631,5260.020294
,,,,,4516,4303.652968,4781.836631,5260.020294
,,,,,4517,4303.652968,4781.836631,5260.020294
,,,,,4518,4303.652968,4781.836631,5260.020294
,,,,,4519,4303.652968,4781.836631,5260.020294
,,,,,4520,4303.652968,4781.836631,5260.020294
,,,,,4521,4303.652968,4781.836631,5260.020294
,,,,,4522,4303.652968,4781.836631,5260.020294
,,,,,4523,4303.652968,4781.836631,5260.020294
,,,,,4524,4303.652968,4781.836631,5260.020294
,,,,,4525,4303.652968,4781.836631,5260.020294
,,,,,4526,4303.652968,4781.836631,5260.020294
,,,,,4527,4303.652968,4781.836631,5260.020294
,,,,,4528,4303.652968,4781.836631,5260.020294
,,,,,4529,4303.652968,4781.836631,5260.020294
,,,,,4530,4303.652968,4781.836631,5260.020294
,,,,,4531,4303.652968,4781.836631,5260.020294
,,,,,4532,4303.652968,4781.836631,5260.020294
,,,,,4533,4303.652968,4781.836631,5260.020294
,,,,,4534,4303.652968,4781.836631,5260.020294
,,,,,4535,4303.652968,4781.836631,5260.020294
,,,,,4536,4303.652968,4781.836631,5260.020294
,,,,,4537,4303.652968,4781.836631,5260.020294
,,,,,4538,4303.652968,4781.836631,5260.020294
,,,,,4539,4303.652968,4781.836631,5260.020294
,,,,,4540,4303.652968,4781.836631,5260.020294
,,,,,4541,4303.652968,4781.836631,5260.020294
,,,,,4542,4303.652968,4781.836631,5260.020294
,,,,,4543,4303.652968,4781.836631,5260.020294
,,,,,4544,4303.652968,4781.836631,5260.020294
,,,,,4545,4303.652968,4781.836631,5260.020294
,,,,,4546,4303.652968,4781.836631,5260.020294
,,,,,4547,4303.652968,4781.836631,5260.020294
,,,,,4548,4303.652968,4781.836631,5260.020294
,,,,,4549,4303.652968,4781.836631,5260.020294
,,,,,4550,4303.652968,4781.836631,5260.020294
,,,,,4551,4303.652968,4781.836631,5260.020294
,,,,,4552,4303.652968,4781.836631,5260.020294
,,,,,4553,4303.652968,4781.836631,5260.020294
,,,,,4554,4303.652968,4781.836631,5260.020294
,,,,,4555,4303.652968,4781.836631,5260.020294
,,,,,4556,4303.652968,4781.836631,5260.020294
,,,,,4557,4303.652968,4781.836631,5260.020294
,,,,,4558,4303.652968,4781.836631,5260.020294
,,,,,4559,4303.652968,4781.836631,5260.020294
,,,,,4560,4303.652968,4781.836631,5260.020294
,,,,,4561,4303.652968,4781.836631,5260.020294
,,,,,4562,4303.652968,4781.836631,5260.020294
,,,,,4563,4303.652968,4781.836631,5260.020294
,,,,,4564,4303.652968,4781.836631,5260.020294
,,,,,4565,4303.652968,4781.836631,5260.020294
,,,,,4566,4303.652968,4781.836631,5260.020294
,,,,,4567,4303.652968,4781.836631,5260.020294
,,,,,4568,4303.652968,4781.836631,5260.020294
,,,,,4569,4303.652968,4781.836631,5260.020294
,,,,,4570,4303.652968,4781.836631,5260.020294
,,,,,4571,4303.652968,4781.836631,5260.020294
,,,,,4572,4303.652968,4781.836631,5260.020294
,,,,,4573,4303.652968,4781.836631,5260.020294
,,,,,4574,4303.652968,4781.836631,5260.020294
,,,,,4575,4303.652968,4781.836631,5260.020294
,,,,,4576,4303.652968,4781.836631,5260.020294
,,,,,4577,4303.652968,4781.836631,5260.020294
,,,,,4578,4303.652968,4781.836631,5260.020294
,,,,,4579,4303.652968,4781.836631,5260.020294
,,,,,4580,4303.652968,4781.836631,5260.020294
,,,,,4581,4303.652968,4781.836631,5260.020294
,,,,,4582,4303.652968,4781.836631,5260.020294
,,,,,4583,4303.652968,4781.836631,5260.020294
,,,,,4584,4303.652968,4781.836631,5260.020294
,,,,,4585,4303.652968,4781.836631,5260.020294
,,,,,4586,4303.652968,4781.836631,5260.020294
,,,,,4587,4303.652968,4781.836631,5260.020294
,,,,,4588,4303.652968,4781.836631,5260.020294
,,,,,4589,4303.652968,4781.836631,5260.020294
,,,,,4590,4303.652968,4781.836631,5260.020294
,,,,,4591,4303.652968,4781.836631,5260.020294
,,,,,4592,4303.652968,4781.836631,5260.020294
,,,,,4593,4303.652968,4781.836631,5260.020294
,,,,,4594,4303.652968,4781.836631,5260.020294
,,,,,4595,4303.652968,4781.836631,5260.020294
,,,,,4596,4303.652968,4781.836631,5260.020294
,,,,,4597,4303.652968,4781.836631,5260.020294
,,,,,4598,4303.652968,4781.836631,5260.020294
,,,,,4599,4303.652968,4781.836631,5260.020294
,,,,,4600,4303.652968,4781.836631,5260.020294
,,,,,4601,4303.652968,4781.836631,5260.020294
,,,,,4602,4303.652968,4781.836631,5260.020294
,,,,,4603,4303.652968,4781.836631,5260.020294
,,,,,4604,4303.652968,4781.836631,5260.020294
,,,,,4605,4303.652968,4781.836631,5260.020294
,,,,,4606,4303.652968,4781.836631,5260.020294
,,,,,4607,4303.652968,4781.836631,5260.020294
,,,,,4608,4303.652968,4781.836631,5260.020294
,,,,,4609,4303.652968,4781.836631,5260.020294
,,,,,4610,4303.652968,4781.836631,5260.020294
,,,,,4611,4303.652968,4781.836631,5260.020294
,,,,,4612,4303.652968,4781.836631,5260.020294
,,,,,4613,4303.652968,4781.836631,5260.020294
,,,,,4614,4303.652968,4781.836631,5260.020294
,,,,,4615,4303.652968,4781.836631,5260.020294
,,,,,4616,4303.652968,4781.836631,5260.020294
,,,,,4617,4303.652968,4781.836631,5260.020294
,,,,,4618,4303.652968,4781.836631,5260.020294
,,,,,4619,4303.652968,4781.836631,5260.020294
,,,,,4620,4303.652968,4781.836631,5260.020294
,,,,,4621,4303.652968,4781.836631,5260.020294
,,,,,4622,4303.652968,4781.836631,5260.020294
,,,,,4623,4303.652968,4781.836631,5260.020294
,,,,,4624,4303.652968,4781.836631,5260.020294
,,,,,4625,4303.652968,4781.836631,5260.020294
,,,,,4626,4303.652968,4781.836631,5260.020294
,,,,,4627,4303.652968,4781.836631,5260.020294
,,,,,4628,4303.652968,4781.836631,5260.020294
,,,,,4629,4303.652968,4781.836631,5260.020294
,,,,,4630,4303.652968,4781.836631,5260.020294
,,,,,4631,4303.652968,4781.836631,5260.020294
,,,,,4632,4303.652968,4781.836631,5260.020294
,,,,,4633,4303.652968,4781.836631,5260.020294
,,,,,4634,4303.652968,4781.836631,5260.020294
,,,,,4635,4303.652968,4781.836631,5260.020294
,,,,,4636,4303.652968,4781.836631,5260.020294
,,,,,4637,4303.652968,4781.836631,5260.020294
,,,,,4638,4303.652968,4781.836631,5260.020294
,,,,,4639,4303.652968,4781.836631,5260.020294
,,,,,4640,4303.652968,4781.836631,5260.020294
,,,,,4641,4303.652968,4781.836631,5260.020294
,,,,,4642,4303.652968,4781.836631,5260.020294
,,,,,4643,4303.652968,4781.836631,5260.020294
,,,,,4644,4303.652968,4781.836631,5260.020294
,,,,,4645,4303.652968,4781.836631,5260.020294
,,,,,4646,4303.652968,4781.836631,5260.020294
,,,,,4647,4303.652968,4781.836631,5260.020294
,,,,,4648,4303.652968,4781.836631,5260.020294
,,,,,4649,4303.652968,4781.836631,5260.020294
,,,,,4650,4303.652968,4781.836631,5260.020294
,,,,,4651,4303.652968,4781.836631,5260.020294
,,,,,4652,4303.652968,4781.836631,5260.020294
,,,,,4653,4303.652968,4781.836631,5260.020294
,,,,,4654,4303.652968,4781.836631,5260.020294
,,,,,4655,4303.652968,4781.836631,5260.020294
,,,,,4656,4303.652968,4781.836631,5260.020294
,,,,,4657,4303.652968,4781.836631,5260.020294
,,,,,4658,4303.652968,4781.836631,5260.020294
,,,,,4659,4303.652968,4781.836631,5260.020294
,,,,,4660,4303.652968,4781.836631,5260.020294
,,,,,4661,4303.652968,4781.836631,5260.020294
,,,,,4662,4303.652968,4781.836631,5260.020294
,,,,,4663,4303.652968,4781.836631,5260.020294
,,,,,4664,4303.652968,4781.836631,5260.020294
,,,,,4665,4303.652968,4781.836631,5260.020294
,,,,,4666,4303.652968,4781.836631,5260.020294
,,,,,4667,4303.652968,4781.836631,5260.020294
,,,,,4668,4303.652968,4781.836631,5260.020294
,,,,,4669,4303.652968,4781.836631,5260.020294
,,,,,4670,4303.652968,4781.836631,5260.020294
,,,,,4671,4303.652968,4781.836631,5260.020294
,,,,,4672,4303.652968,4781.836631,5260.020294
,,,,,4673,4303.652968,4781.836631,5260.020294
,,,,,4674,4303.652968,4781.836631,5260.020294
,,,,,4675,4303.652968,4781.836631,5260.020294
,,,,,4676,4303.652968,4781.836631,5260.020294
,,,,,4677,4303.652968,4781.836631,5260.020294
,,,,,4678,4303.652968,4781.836631,5260.020294
,,,,,4679,4303.652968,4781.836631,5260.020294
,,,,,4680,4303.652968,4781.836631,5260.020294
,,,,,4681,4303.652968,4781.836631,5260.020294
,,,,,4682,4303.652968,4781.836631,5260.020294
,,,,,4683,4303.652968,4781.836631,5260.020294
,,,,,4684,4303.652968,4781.836631,5260.020294
,,,,,4685,4303.652968,4781.836631,5260.020294
,,,,,4686,4303.652968,4781.836631,5260.020294
,,,,,4687,4303.652968,4781.836631,5260.020294
,,,,,4688,4303.652968,4781.836631,5260.020294
,,,,,4689,4303.652968,4781.836631,5260.020294
,,,,,4690,4303.652968,4781.836631,5260.020294
,,,,,4691,4303.652968,4781.836631,5260.020294
,,,,,4692,4303.652968,4781.836631,5260.020294
,,,,,4693,4303.652968,4781.836631,5260.020294
,,,,,4694,4303.652968,4781.836631,5260.020294
,,,,,4695,4303.652968,4781.836631,5260.020294
,,,,,4696,4303.652968,4781.836631,5260.020294
,,,,,4697,4303.652968,4781.836631,5260.020294
,,,,,4698,4303.652968,4781.836631,5260.020294
,,,,,4699,4303.652968,4781.836631,5260.020294
,,,,,4700,4303.652968,4781.836631,5260.020294
,,,,,4701,4303.652968,4781.836631,5260.020294
,,,,,4702,4303.652968,4781.836631,5260.020294
,,,,,4703,4303.652968,4781.836631,5260.020294
,,,,,4704,4303.652968,4781.836631,5260.020294
,,,,,4705,4303.652968,4781.836631,5260.020294
,,,,,4706,4303.652968,4781.836631,5260.020294
,,,,,4707,4303.652968,4781.836631,5260.020294
,,,,,4708,4303.652968,4781.836631,5260.020294
,,,,,4709,4303.652968,4781.836631,5260.020294
,,,,,4710,4303.652968,4781.836631,5260.020294
,,,,,4711,4303.652968,4781.836631,5260.020294
,,,,,4712,4303.652968,4781.836631,5260.020294
,,,,,4713,4303.652968,4781.836631,5260.020294
,,,,,4714,4303.652968,4781.836631,5260.020294
,,,,,4715,4303.652968,4781.836631,5260.020294
,,,,,4716,4303.652968,4781.836631,5260.020294
,,,,,4717,4303.652968,4781.836631,5260.020294
,,,,,4718,4303.652968,4781.836631,5260.020294
,,,,,4719,4303.652968,4781.836631,5260.020294
,,,,,4720,4303.652968,4781.836631,5260.020294
,,,,,4721,4303.652968,4781.836631,5260.020294
,,,,,4722,4303.652968,4781.836631,5260.020294
,,,,,4723,4303.652968,4781.836631,5260.020294
,,,,,4724,4303.652968,4781.836631,5260.020294
,,,,,4725,4303.652968,4781.836631,5260.020294
,,,,,4726,4303.652968,4781.836631,5260.020294
,,,,,4727,4303.652968,4781.836631,5260.020294
,,,,,4728,4303.652968,4781.836631,5260.020294
,,,,,4729,4303.652968,4781.836631,5260.020294
,,,,,4730,4303.652968,4781.836631,5260.020294
,,,,,4731,4303.652968,4781.836631,5260.020294
,,,,,4732,4303.652968,4781.836631,5260.020294
,,,,,4733,4303.652968,4781.836631,5260.020294
,,,,,4734,4303.652968,4781.836631,5260.020294
,,,,,4735,4303.652968,4781.836631,5260.020294
,,,,,4736,4303.652968,4781.836631,5260.020294
,,,,,4737,4303.652968,4781.836631,5260.020294
,,,,,4738,4303.652968,4781.836631,5260.020294
,,,,,4739,4303.652968,4781.836631,5260.020294
,,,,,4740,4303.652968,4781.836631,5260.020294
,,,,,4741,4303.652968,4781.836631,5260.020294
,,,,,4742,4303.652968,4781.836631,5260.020294
,,,,,4743,4303.652968,4781.836631,5260.020294
,,,,,4744,4303.652968,4781.836631,5260.020294
,,,,,4745,4303.652968,4781.836631,5260.020294
,,,,,4746,4303.652968,4781.836631,5260.020294
,,,,,4747,4303.652968,4781.836631,5260.020294
,,,,,4748,4303.652968,4781.836631,5260.020294
,,,,,4749,4303.652968,4781.836631,5260.020294
,,,,,4750,4303.652968,4781.836631,5260.020294
,,,,,4751,4303.652968,4781.836631,5260.020294
,,,,,4752,4303.652968,4781.836631,5260.020294
,,,,,4753,4303.652968,4781.836631,5260.020294
,,,,,4754,4303.652968,4781.836631,5260.020294
,,,,,4755,4303.652968,4781.836631,5260.020294
,,,,,4756,4303.652968,4781.836631,5260.020294
,,,,,4757,4303.652968,4781.836631,5260.020294
,,,,,4758,4303.652968,4781.836631,5260.020294
,,,,,4759,4303.652968,4781.836631,5260.020294
,,,,,4760,4303.652968,4781.836631,5260.020294
,,,,,4761,4303.652968,4781.836631,5260.020294
,,,,,4762,4303.652968,4781.836631,5260.020294
,,,,,4763,4303.652968,4781.836631,5260.020294
,,,,,4764,4303.652968,4781.836631,5260.020294
,,,,,4765,4303.652968,4781.836631,5260.020294
,,,,,4766,4303.652968,4781.836631,5260.020294
,,,,,4767,4303.652968,4781.836631,5260.020294
,,,,,4768,4303.652968,4781.836631,5260.020294
,,,,,4769,4303.652968,4781.836631,5260.020294
,,,,,4770,4303.652968,4781.836631,5260.020294
,,,,,4771,4303.652968,4781.836631,5260.020294
,,,,,4772,4303.652968,4781.836631,5260.020294
,,,,,4773,4303.652968,4781.836631,5260.020294
,,,,,4774,4303.652968,4781.836631,5260.020294
,,,,,4775,4303.652968,4781.836631,5260.020294
,,,,,4776,4303.652968,4781.836631,5260.020294
,,,,,4777,4303.652968,4781.836631,5260.020294
,,,,,4778,4303.652968,4781.836631,5260.020294
,,,,,4779,4303.652968,4781.836631,5260.020294
,,,,,4780,4303.652968,4781.836631,5260.020294
,,,,,4781,4303.652968,4781.836631,5260.020294
,,,,,4782,4303.652968,4781.836631,5260.020294
,,,,,4783,4303.652968,4781.836631,5260.020294
,,,,,4784,4303.652968,4781.836631,5260.020294
,,,,,4785,4303.652968,4781.836631,5260.020294
,,,,,4786,4303.652968,4781.836631,5260.020294
,,,,,4787,4303.652968,4781.836631,5260.020294
,,,,,4788,4303.652968,4781.836631,5260.020294
,,,,,4789,4303.652968,4781.836631,5260.020294
,,,,,4790,4303.652968,4781.836631,5260.020294
,,,,,4791,4303.652968,4781.836631,5260.020294
,,,,,4792,4303.652968,4781.836631,5260.020294
,,,,,4793,4303.652968,4781.836631,5260.020294
,,,,,4794,4303.652968,4781.836631,5260.020294
,,,,,4795,4303.652968,4781.836631,5260.020294
,,,,,4796,4303.652968,4781.836631,5260.020294
,,,,,4797,4303.652968,4781.836631,5260.020294
,,,,,4798,4303.652968,4781.836631,5260.020294
,,,,,4799,4303.652968,4781.836631,5260.020294
,,,,,4800,4303.652968,4781.836631,5260.020294
,,,,,4801,4303.652968,4781.836631,5260.020294
,,,,,4802,4303.652968,4781.836631,5260.020294
,,,,,4803,4303.652968,4781.836631,5260.020294
,,,,,4804,4303.652968,4781.836631,5260.020294
,,,,,4805,4303.652968,4781.836631,5260.020294
,,,,,4806,4303.652968,4781.836631,5260.020294
,,,,,4807,4303.652968,4781.836631,5260.020294
,,,,,4808,4303.652968,4781.836631,5260.020294
,,,,,4809,4303.652968,4781.836631,5260.020294
,,,,,4810,4303.652968,4781.836631,5260.020294
,,,,,4811,4303.652968,4781.836631,5260.020294
,,,,,4812,4303.652968,4781.836631,5260.020294
,,,,,4813,4303.652968,4781.836631,5260.020294
,,,,,4814,4303.652968,4781.836631,5260.020294
,,,,,4815,4303.652968,4781.836631,5260.020294
,,,,,4816,4303.652968,4781.836631,5260.020294
,,,,,4817,4303.652968,4781.836631,5260.020294
,,,,,4818,4303.652968,4781.836631,5260.020294
,,,,,4819,4303.652968,4781.836631,5260.020294
,,,,,4820,4303.652968,4781.836631,5260.020294
,,,,,4821,4303.652968,4781.836631,5260.020294
,,,,,4822,4303.652968,4781.836631,5260.020294
,,,,,4823,4303.652968,4781.836631,5260.020294
,,,,,4824,4303.652968,4781.836631,5260.020294
,,,,,4825,4303.652968,4781.836631,5260.020294
,,,,,4826,4303.652968,4781.836631,5260.020294
,,,,,4827,4303.652968,4781.836631,5260.020294
,,,,,4828,4303.652968,4781.836631,5260.020294
,,,,,4829,4303.652968,4781.836631,5260.020294
,,,,,4830,4303.652968,4781.836631,5260.020294
,,,,,4831,4303.652968,4781.836631,5260.020294
,,,,,4832,4303.652968,4781.836631,5260.020294
,,,,,4833,4303.652968,4781.836631,5260.020294
,,,,,4834,4303.652968,4781.836631,5260.020294
,,,,,4835,4303.652968,4781.836631,5260.020294
,,,,,4836,4303.652968,4781.836631,5260.020294
,,,,,4837,4303.652968,4781.836631,5260.020294
,,,,,4838,4303.652968,4781.836631,5260.020294
,,,,,4839,4303.652968,4781.836631,5260.020294
,,,,,4840,4303.652968,4781.836631,5260.020294
,,,,,4841,4303.652968,4781.836631,5260.020294
,,,,,4842,4303.652968,4781.836631,5260.020294
,,,,,4843,4303.652968,4781.836631,5260.020294
,,,,,4844,4303.652968,4781.836631,5260.020294
,,,,,4845,4303.652968,4781.836631,5260.020294
,,,,,4846,4303.652968,4781.836631,5260.020294
,,,,,4847,4303.652968,4781.836631,5260.020294
,,,,,4848,4303.652968,4781.836631,5260.020294
,,,,,4849,4303.652968,4781.836631,5260.020294
,,,,,4850,4303.652968,4781.836631,5260.020294
,,,,,4851,4303.652968,4781.836631,5260.020294
,,,,,4852,4303.652968,4781.836631,5260.020294
,,,,,4853,4303.652968,4781.836631,5260.020294
,,,,,4854,4303.652968,4781.836631,5260.020294
,,,,,4855,4303.652968,4781.836631,5260.020294
,,,,,4856,4303.652968,4781.836631,5260.020294
,,,,,4857,4303.652968,4781.836631,5260.020294
,,,,,4858,4303.652968,4781.836631,5260.020294
,,,,,4859,4303.652968,4781.836631,5260.020294
,,,,,4860,4303.652968,4781.836631,5260.020294
,,,,,4861,4303.652968,4781.836631,5260.020294
,,,,,4862,4303.652968,4781.836631,5260.020294
,,,,,4863,4303.652968,4781.836631,5260.020294
,,,,,4864,4303.652968,4781.836631,5260.020294
,,,,,4865,4303.652968,4781.836631,5260.020294
,,,,,4866,4303.652968,4781.836631,5260.020294
,,,,,4867,4303.652968,4781.836631,5260.020294
,,,,,4868,4303.652968,4781.836631,5260.020294
,,,,,4869,4303.652968,4781.836631,5260.020294
,,,,,4870,4303.652968,4781.836631,5260.020294
,,,,,4871,4303.652968,4781.836631,5260.020294
,,,,,4872,4303.652968,4781.836631,5260.020294
,,,,,4873,4303.652968,4781.836631,5260.020294
,,,,,4874,4303.652968,4781.836631,5260.020294
,,,,,4875,4303.652968,4781.836631,5260.020294
,,,,,4876,4303.652968,4781.836631,5260.020294
,,,,,4877,4303.652968,4781.836631,5260.020294
,,,,,4878,4303.652968,4781.836631,5260.020294
,,,,,4879,4303.652968,4781.836631,5260.020294
,,,,,4880,4303.652968,4781.836631,5260.020294
,,,,,4881,4303.652968,4781.836631,5260.020294
,,,,,4882,4303.652968,4781.836631,5260.020294
,,,,,4883,4303.652968,4781.836631,5260.020294
,,,,,4884,4303.652968,4781.836631,5260.020294
,,,,,4885,4303.652968,4781.836631,5260.020294
,,,,,4886,4303.652968,4781.836631,5260.020294
,,,,,4887,4303.652968,4781.836631,5260.020294
,,,,,4888,4303.652968,4781.836631,5260.020294
,,,,,4889,4303.652968,4781.836631,5260.020294
,,,,,4890,4303.652968,4781.836631,5260.020294
,,,,,4891,4303.652968,4781.836631,5260.020294
,,,,,4892,4303.652968,4781.836631,5260.020294
,,,,,4893,4303.652968,4781.836631,5260.020294
,,,,,4894,4303.652968,4781.836631,5260.020294
,,,,,4895,4303.652968,4781.836631,5260.020294
,,,,,4896,4303.652968,4781.836631,5260.020294
,,,,,4897,4303.652968,4781.836631,5260.020294
,,,,,4898,4303.652968,4781.836631,5260.020294
,,,,,4899,4303.652968,4781.836631,5260.020294
,,,,,4900,4303.652968,4781.836631,5260.020294
,,,,,4901,4303.652968,4781.836631,5260.020294
,,,,,4902,4303.652968,4781.836631,5260.020294
,,,,,4903,4303.652968,4781.836631,5260.020294
,,,,,4904,4303.652968,4781.836631,5260.020294
,,,,,4905,4303.652968,4781.836631,5260.020294
,,,,,4906,4303.652968,4781.836631,5260.020294
,,,,,4907,4303.652968,4781.836631,5260.020294
,,,,,4908,4303.652968,4781.836631,5260.020294
,,,,,4909,4303.652968,4781.836631,5260.020294
,,,,,4910,4303.652968,4781.836631,5260.020294
,,,,,4911,4303.652968,4781.836631,5260.020294
,,,,,4912,4303.652968,4781.836631,5260.020294
,,,,,4913,4303.652968,4781.836631,5260.020294
,,,,,4914,4303.652968,4781.836631,5260.020294
,,,,,4915,4303.652968,4781.836631,5260.020294
,,,,,4916,4303.652968,4781.836631,5260.020294
,,,,,4917,4303.652968,4781.836631,5260.020294
,,,,,4918,4303.652968,4781.836631,5260.020294
,,,,,4919,4303.652968,4781.836631,5260.020294
,,,,,4920,4303.652968,4781.836631,5260.020294
,,,,,4921,4303.652968,4781.836631,5260.020294
,,,,,4922,4303.652968,4781.836631,5260.020294
,,,,,4923,4303.652968,4781.836631,5260.020294
,,,,,4924,4303.652968,4781.836631,5260.020294
,,,,,4925,4303.652968,4781.836631,5260.020294
,,,,,4926,4303.652968,4781.836631,5260.020294
,,,,,4927,4303.652968,4781.836631,5260.020294
,,,,,4928,4303.652968,4781.836631,5260.020294
,,,,,4929,4303.652968,4781.836631,5260.020294
,,,,,4930,4303.652968,4781.836631,5260.020294
,,,,,4931,4303.652968,4781.836631,5260.020294
,,,,,4932,4303.652968,4781.836631,5260.020294
,,,,,4933,4303.652968,4781.836631,5260.020294
,,,,,4934,4303.652968,4781.836631,5260.020294
,,,,,4935,4303.652968,4781.836631,5260.020294
,,,,,4936,4303.652968,4781.836631,5260.020294
,,,,,4937,4303.652968,4781.836631,5260.020294
,,,,,4938,4303.652968,4781.836631,5260.020294
,,,,,4939,4303.652968,4781.836631,5260.020294
,,,,,4940,4303.652968,4781.836631,5260.020294
,,,,,4941,4303.652968,4781.836631,5260.020294
,,,,,4942,4303.652968,4781.836631,5260.020294
,,,,,4943,4303.652968,4781.836631,5260.020294
,,,,,4944,4303.652968,4781.836631,5260.020294
,,,,,4945,4303.652968,4781.836631,5260.020294
,,,,,4946,4303.652968,4781.836631,5260.020294
,,,,,4947,4303.652968,4781.836631,5260.020294
,,,,,4948,4303.652968,4781.836631,5260.020294
,,,,,4949,4303.652968,4781.836631,5260.020294
,,,,,4950,4303.652968,4781.836631,5260.020294
,,,,,4951,4303.652968,4781.836631,5260.020294
,,,,,4952,4303.652968,4781.836631,5260.020294
,,,,,4953,4303.652968,4781.836631,5260.020294
,,,,,4954,4303.652968,4781.836631,5260.020294
,,,,,4955,4303.652968,4781.836631,5260.020294
,,,,,4956,4303.652968,4781.836631,5260.020294
,,,,,4957,4303.652968,4781.836631,5260.020294
,,,,,4958,4303.652968,4781.836631,5260.020294
,,,,,4959,4303.652968,4781.836631,5260.020294
,,,,,4960,4303.652968,4781.836631,5260.020294
,,,,,4961,4303.652968,4781.836631,5260.020294
,,,,,4962,4303.652968,4781.836631,5260.020294
,,,,,4963,4303.652968,4781.836631,5260.020294
,,,,,4964,4303.652968,4781.836631,5260.020294
,,,,,4965,4303.652968,4781.836631,5260.020294
,,,,,4966,4303.652968,4781.836631,5260.020294
,,,,,4967,4303.652968,4781.836631,5260.020294
,,,,,4968,4303.652968,4781.836631,5260.020294
,,,,,4969,4303.652968,4781.836631,5260.020294
,,,,,4970,4303.652968,4781.836631,5260.020294
,,,,,4971,4303.652968,4781.836631,5260.020294
,,,,,4972,4303.652968,4781.836631,5260.020294
,,,,,4973,4303.652968,4781.836631,5260.020294
,,,,,4974,4303.652968,4781.836631,5260.020294
,,,,,4975,4303.652968,4781.836631,5260.020294
,,,,,4976,4303.652968,4781.836631,5260.020294
,,,,,4977,4303.652968,4781.836631,5260.020294
,,,,,4978,4303.652968,4781.836631,5260.020294
,,,,,4979,4303.652968,4781.836631,5260.020294
,,,,,4980,4303.652968,4781.836631,5260.020294
,,,,,4981,4303.652968,4781.836631,5260.020294
,,,,,4982,4303.652968,4781.836631,5260.020294
,,,,,4983,4303.652968,4781.836631,5260.020294
,,,,,4984,4303.652968,4781.836631,5260.020294
,,,,,4985,4303.652968,4781.836631,5260.020294
,,,,,4986,4303.652968,4781.836631,5260.020294
,,,,,4987,4303.652968,4781.836631,5260.020294
,,,,,4988,4303.652968,4781.836631,5260.020294
,,,,,4989,4303.652968,4781.836631,5260.020294
,,,,,4990,4303.652968,4781.836631,5260.020294
,,,,,4991,4303.652968,4781.836631,5260.020294
,,,,,4992,4303.652968,4781.836631,5260.020294
,,,,,4993,4303.652968,4781.836631,5260.020294
,,,,,4994,4303.652968,4781.836631,5260.020294
,,,,,4995,4303.652968,4781.836631,5260.020294
,,,,,4996,4303.652968,4781.836631,5260.020294
,,,,,4997,4303.652968,4781.836631,5260.020294
,,,,,4998,4303.652968,4781.836631,5260.020294
,,,,,4999,4303.652968,4781.836631,5260.020294
,,,,,5000,4303.652968,4781.836631,5260.020294
,,,,,5001,4303.652968,4781.836631,5260.020294
,,,,,5002,4303.652968,4781.836631,5260.020294
,,,,,5003,4303.652968,4781.836631,5260.020294
,,,,,5004,4303.652968,4781.836631,5260.020294
,,,,,5005,4303.652968,4781.836631,5260.020294
,,,,,5006,4303.652968,4781.836631,5260.020294
,,,,,5007,4303.652968,4781.836631,5260.020294
,,,,,5008,4303.652968,4781.836631,5260.020294
,,,,,5009,4303.652968,4781.836631,5260.020294
,,,,,5010,4303.652968,4781.836631,5260.020294
,,,,,5011,4303.652968,4781.836631,5260.020294
,,,,,5012,4303.652968,4781.836631,5260.020294
,,,,,5013,4303.652968,4781.836631,5260.020294
,,,,,5014,4303.652968,4781.836631,5260.020294
,,,,,5015,4303.652968,4781.836631,5260.020294
,,,,,5016,4303.652968,4781.836631,5260.020294
,,,,,5017,4303.652968,4781.836631,5260.020294
,,,,,5018,4303.652968,4781.836631,5260.020294
,,,,,5019,4303.652968,4781.836631,5260.020294
,,,,,5020,4303.652968,4781.836631,5260.020294
,,,,,5021,4303.652968,4781.836631,5260.020294
,,,,,5022,4303.652968,4781.836631,5260.020294
,,,,,5023,4303.652968,4781.836631,5260.020294
,,,,,5024,4303.652968,4781.836631,5260.020294
,,,,,5025,4303.652968,4781.836631,5260.020294
,,,,,5026,4303.652968,4781.836631,5260.020294
,,,,,5027,4303.652968,4781.836631,5260.020294
,,,,,5028,4303.652968,4781.836631,5260.020294
,,,,,5029,4303.652968,4781.836631,5260.020294
,,,,,5030,4303.652968,4781.836631,5260.020294
,,,,,5031,4303.652968,4781.836631,5260.020294
,,,,,5032,4303.652968,4781.836631,5260.020294
,,,,,5033,4303.652968,4781.836631,5260.020294
,,,,,5034,4303.652968,4781.836631,5260.020294
,,,,,5035,4303.652968,4781.836631,5260.020294
,,,,,5036,4303.652968,4781.836631,5260.020294
,,,,,5037,4303.652968,4781.836631,5260.020294
,,,,,5038,4303.652968,4781.836631,5260.020294
,,,,,5039,4303.652968,4781.836631,5260.020294
,,,,,5040,4303.652968,4781.836631,5260.020294
,,,,,5041,4303.652968,4781.836631,5260.020294
,,,,,5042,4303.652968,4781.836631,5260.020294
,,,,,5043,4303.652968,4781.836631,5260.020294
,,,,,5044,4303.652968,4781.836631,5260.020294
,,,,,5045,4303.652968,4781.836631,5260.020294
,,,,,5046,4303.652968,4781.836631,5260.020294
,,,,,5047,4303.652968,4781.836631,5260.020294
,,,,,5048,4303.652968,4781.836631,5260.020294
,,,,,5049,4303.652968,4781.836631,5260.020294
,,,,,5050,4303.652968,4781.836631,5260.020294
,,,,,5051,4303.652968,4781.836631,5260.020294
,,,,,5052,4303.652968,4781.836631,5260.020294
,,,,,5053,4303.652968,4781.836631,5260.020294
,,,,,5054,4303.652968,4781.836631,5260.020294
,,,,,5055,4303.652968,4781.836631,5260.020294
,,,,,5056,4303.652968,4781.836631,5260.020294
,,,,,5057,4303.652968,4781.836631,5260.020294
,,,,,5058,4303.652968,4781.836631,5260.020294
,,,,,5059,4303.652968,4781.836631,5260.020294
,,,,,5060,4303.652968,4781.836631,5260.020294
,,,,,5061,4303.652968,4781.836631,5260.020294
,,,,,5062,4303.652968,4781.836631,5260.020294
,,,,,5063,4303.652968,4781.836631,5260.020294
,,,,,5064,4303.652968,4781.836631,5260.020294
,,,,,5065,4303.652968,4781.836631,5260.020294
,,,,,5066,4303.652968,4781.836631,5260.020294
,,,,,5067,4303.652968,4781.836631,5260.020294
,,,,,5068,4303.652968,4781.836631,5260.020294
,,,,,5069,4303.652968,4781.836631,5260.020294
,,,,,5070,4303.652968,4781.836631,5260.020294
,,,,,5071,4303.652968,4781.836631,5260.020294
,,,,,5072,4303.652968,4781.836631,5260.020294
,,,,,5073,4303.652968,4781.836631,5260.020294
,,,,,5074,4303.652968,4781.836631,5260.020294
,,,,,5075,4303.652968,4781.836631,5260.020294
,,,,,5076,4303.652968,4781.836631,5260.020294
,,,,,5077,4303.652968,4781.836631,5260.020294
,,,,,5078,4303.652968,4781.836631,5260.020294
,,,,,5079,4303.652968,4781.836631,5260.020294
,,,,,5080,4303.652968,4781.836631,5260.020294
,,,,,5081,4303.652968,4781.836631,5260.020294
,,,,,5082,4303.652968,4781.836631,5260.020294
,,,,,5083,4303.652968,4781.836631,5260.020294
,,,,,5084,4303.652968,4781.836631,5260.020294
,,,,,5085,4303.652968,4781.836631,5260.020294
,,,,,5086,4303.652968,4781.836631,5260.020294
,,,,,5087,4303.652968,4781.836631,5260.020294
,,,,,5088,4303.652968,4781.836631,5260.020294
,,,,,5089,4303.652968,4781.836631,5260.020294
,,,,,5090,4303.652968,4781.836631,5260.020294
,,,,,5091,4303.652968,4781.836631,5260.020294
,,,,,5092,4303.652968,4781.836631,5260.020294
,,,,,5093,4303.652968,4781.836631,5260.020294
,,,,,5094,4303.652968,4781.836631,5260.020294
,,,,,5095,4303.652968,4781.836631,5260.020294
,,,,,5096,4303.652968,4781.836631,5260.020294
,,,,,5097,4303.652968,4781.836631,5260.020294
,,,,,5098,4303.652968,4781.836631,5260.020294
,,,,,5099,4303.652968,4781.836631,5260.020294
,,,,,5100,4303.652968,4781.836631,5260.020294
,,,,,5101,4303.652968,4781.836631,5260.020294
,,,,,5102,4303.652968,4781.836631,5260.020294
,,,,,5103,4303.652968,4781.836631,5260.020294
,,,,,5104,4303.652968,4781.836631,5260.020294
,,,,,5105,4303.652968,4781.836631,5260.020294
,,,,,5106,4303.652968,4781.836631,5260.020294
,,,,,5107,4303.652968,4781.836631,5260.020294
,,,,,5108,4303.652968,4781.836631,5260.020294
,,,,,5109,4303.652968,4781.836631,5260.020294
,,,,,5110,4303.652968,4781.836631,5260.020294
,,,,,5111,4303.652968,4781.836631,5260.020294
,,,,,5112,4303.652968,4781.836631,5260.020294
,,,,,5113,4303.652968,4781.836631,5260.020294
,,,,,5114,4303.652968,4781.836631,5260.020294
,,,,,5115,4303.652968,4781.836631,5260.020294
,,,,,5116,4303.652968,4781.836631,5260.020294
,,,,,5117,4303.652968,4781.836631,5260.020294
,,,,,5118,4303.652968,4781.836631,5260.020294
,,,,,5119,4303.652968,4781.836631,5260.020294
,,,,,5120,4303.652968,4781.836631,5260.020294
,,,,,5121,4303.652968,4781.836631,5260.020294
,,,,,5122,4303.652968,4781.836631,5260.020294
,,,,,5123,4303.652968,4781.836631,5260.020294
,,,,,5124,4303.652968,4781.836631,5260.020294
,,,,,5125,4303.652968,4781.836631,5260.020294
,,,,,5126,4303.652968,4781.836631,5260.020294
,,,,,5127,4303.652968,4781.836631,5260.020294
,,,,,5128,4303.652968,4781.836631,5260.020294
,,,,,5129,4303.652968,4781.836631,5260.020294
,,,,,5130,4303.652968,4781.836631,5260.020294
,,,,,5131,4303.652968,4781.836631,5260.020294
,,,,,5132,4303.652968,4781.836631,5260.020294
,,,,,5133,4303.652968,4781.836631,5260.020294
,,,,,5134,4303.652968,4781.836631,5260.020294
,,,,,5135,4303.652968,4781.836631,5260.020294
,,,,,5136,4303.652968,4781.836631,5260.020294
,,,,,5137,4303.652968,4781.836631,5260.020294
,,,,,5138,4303.652968,4781.836631,5260.020294
,,,,,5139,4303.652968,4781.836631,5260.020294
,,,,,5140,4303.652968,4781.836631,5260.020294
,,,,,5141,4303.652968,4781.836631,5260.020294
,,,,,5142,4303.652968,4781.836631,5260.020294
,,,,,5143,4303.652968,4781.836631,5260.020294
,,,,,5144,4303.652968,4781.836631,5260.020294
,,,,,5145,4303.652968,4781.836631,5260.020294
,,,,,5146,4303.652968,4781.836631,5260.020294
,,,,,5147,4303.652968,4781.836631,5260.020294
,,,,,5148,4303.652968,4781.836631,5260.020294
,,,,,5149,4303.652968,4781.836631,5260.020294
,,,,,5150,4303.652968,4781.836631,5260.020294
,,,,,5151,4303.652968,4781.836631,5260.020294
,,,,,5152,4303.652968,4781.836631,5260.020294
,,,,,5153,4303.652968,4781.836631,5260.020294
,,,,,5154,4303.652968,4781.836631,5260.020294
,,,,,5155,4303.652968,4781.836631,5260.020294
,,,,,5156,4303.652968,4781.836631,5260.020294
,,,,,5157,4303.652968,4781.836631,5260.020294
,,,,,5158,4303.652968,4781.836631,5260.020294
,,,,,5159,4303.652968,4781.836631,5260.020294
,,,,,5160,4303.652968,4781.836631,5260.020294
,,,,,5161,4303.652968,4781.836631,5260.020294
,,,,,5162,4303.652968,4781.836631,5260.020294
,,,,,5163,4303.652968,4781.836631,5260.020294
,,,,,5164,4303.652968,4781.836631,5260.020294
,,,,,5165,4303.652968,4781.836631,5260.020294
,,,,,5166,4303.652968,4781.836631,5260.020294
,,,,,5167,4303.652968,4781.836631,5260.020294
,,,,,5168,4303.652968,4781.836631,5260.020294
,,,,,5169,4303.652968,4781.836631,5260.020294
,,,,,5170,4303.652968,4781.836631,5260.020294
,,,,,5171,4303.652968,4781.836631,5260.020294
,,,,,5172,4303.652968,4781.836631,5260.020294
,,,,,5173,4303.652968,4781.836631,5260.020294
,,,,,5174,4303.652968,4781.836631,5260.020294
,,,,,5175,4303.652968,4781.836631,5260.020294
,,,,,5176,4303.652968,4781.836631,5260.020294
,,,,,5177,4303.652968,4781.836631,5260.020294
,,,,,5178,4303.652968,4781.836631,5260.020294
,,,,,5179,4303.652968,4781.836631,5260.020294
,,,,,5180,4303.652968,4781.836631,5260.020294
,,,,,5181,4303.652968,4781.836631,5260.020294
,,,,,5182,4303.652968,4781.836631,5260.020294
,,,,,5183,4303.652968,4781.836631,5260.020294
,,,,,5184,4303.652968,4781.836631,5260.020294
,,,,,5185,4303.652968,4781.836631,5260.020294
,,,,,5186,4303.652968,4781.836631,5260.020294
,,,,,5187,4303.652968,4781.836631,5260.020294
,,,,,5188,4303.652968,4781.836631,5260.020294
,,,,,5189,4303.652968,4781.836631,5260.020294
,,,,,5190,4303.652968,4781.836631,5260.020294
,,,,,5191,4303.652968,4781.836631,5260.020294
,,,,,5192,4303.652968,4781.836631,5260.020294
,,,,,5193,4303.652968,4781.836631,5260.020294
,,,,,5194,4303.652968,4781.836631,5260.020294
,,,,,5195,4303.652968,4781.836631,5260.020294
,,,,,5196,4303.652968,4781.836631,5260.020294
,,,,,5197,4303.652968,4781.836631,5260.020294
,,,,,5198,4303.652968,4781.836631,5260.020294
,,,,,5199,4303.652968,4781.836631,5260.020294
,,,,,5200,4303.652968,4781.836631,5260.020294
,,,,,5201,4303.652968,4781.836631,5260.020294
,,,,,5202,4303.652968,4781.836631,5260.020294
,,,,,5203,4303.652968,4781.836631,5260.020294
,,,,,5204,4303.652968,4781.836631,5260.020294
,,,,,5205,4303.652968,4781.836631,5260.020294
,,,,,5206,4303.652968,4781.836631,5260.020294
,,,,,5207,4303.652968,4781.836631,5260.020294
,,,,,5208,4303.652968,4781.836631,5260.020294
,,,,,5209,4303.652968,4781.836631,5260.020294
,,,,,5210,4303.652968,4781.836631,5260.020294
,,,,,5211,4303.652968,4781.836631,5260.020294
,,,,,5212,4303.652968,4781.836631,5260.020294
,,,,,5213,4303.652968,4781.836631,5260.020294
,,,,,5214,4303.652968,4781.836631,5260.020294
,,,,,5215,4303.652968,4781.836631,5260.020294
,,,,,5216,4303.652968,4781.836631,5260.020294
,,,,,5217,4303.652968,4781.836631,5260.020294
,,,,,5218,4303.652968,4781.836631,5260.020294
,,,,,5219,4303.652968,4781.836631,5260.020294
,,,,,5220,4303.652968,4781.836631,5260.020294
,,,,,5221,4303.652968,4781.836631,5260.020294
,,,,,5222,4303.652968,4781.836631,5260.020294
,,,,,5223,4303.652968,4781.836631,5260.020294
,,,,,5224,4303.652968,4781.836631,5260.020294
,,,,,5225,4303.652968,4781.836631,5260.020294
,,,,,5226,4303.652968,4781.836631,5260.020294
,,,,,5227,4303.652968,4781.836631,5260.020294
,,,,,5228,4303.652968,4781.836631,5260.020294
,,,,,5229,4303.652968,4781.836631,5260.020294
,,,,,5230,4303.652968,4781.836631,5260.020294
,,,,,5231,4303.652968,4781.836631,5260.020294
,,,,,5232,4303.652968,4781.836631,5260.020294
,,,,,5233,4303.652968,4781.836631,5260.020294
,,,,,5234,4303.652968,4781.836631,5260.020294
,,,,,5235,4303.652968,4781.836631,5260.020294
,,,,,5236,4303.652968,4781.836631,5260.020294
,,,,,5237,4303.652968,4781.836631,5260.020294
,,,,,5238,4303.652968,4781.836631,5260.020294
,,,,,5239,4303.652968,4781.836631,5260.020294
,,,,,5240,4303.652968,4781.836631,5260.020294
,,,,,5241,4303.652968,4781.836631,5260.020294
,,,,,5242,4303.652968,4781.836631,5260.020294
,,,,,5243,4303.652968,4781.836631,5260.020294
,,,,,5244,4303.652968,4781.836631,5260.020294
,,,,,5245,4303.652968,4781.836631,5260.020294
,,,,,5246,4303.652968,4781.836631,5260.020294
,,,,,5247,4303.652968,4781.836631,5260.020294
,,,,,5248,4303.652968,4781.836631,5260.020294
,,,,,5249,4303.652968,4781.836631,5260.020294
,,,,,5250,4303.652968,4781.836631,5260.020294
,,,,,5251,4303.652968,4781.836631,5260.020294
,,,,,5252,4303.652968,4781.836631,5260.020294
,,,,,5253,4303.652968,4781.836631,5260.020294
,,,,,5254,4303.652968,4781.836631,5260.020294
,,,,,5255,4303.652968,4781.836631,5260.020294
,,,,,5256,4303.652968,4781.836631,5260.020294
,,,,,5257,4303.652968,4781.836631,5260.020294
,,,,,5258,4303.652968,4781.836631,5260.020294
,,,,,5259,4303.652968,4781.836631,5260.020294
,,,,,5260,4303.652968,4781.836631,5260.020294
,,,,,5261,4303.652968,4781.836631,5260.020294
,,,,,5262,4303.652968,4781.836631,5260.020294
,,,,,5263,4303.652968,4781.836631,5260.020294
,,,,,5264,4303.652968,4781.836631,5260.020294
,,,,,5265,4303.652968,4781.836631,5260.020294
,,,,,5266,4303.652968,4781.836631,5260.020294
,,,,,5267,4303.652968,4781.836631,5260.020294
,,,,,5268,4303.652968,4781.836631,5260.020294
,,,,,5269,4303.652968,4781.836631,5260.020294
,,,,,5270,4303.652968,4781.836631,5260.020294
,,,,,5271,4303.652968,4781.836631,5260.020294
,,,,,5272,4303.652968,4781.836631,5260.020294
,,,,,5273,4303.652968,4781.836631,5260.020294
,,,,,5274,4303.652968,4781.836631,5260.020294
,,,,,5275,4303.652968,4781.836631,5260.020294
,,,,,5276,4303.652968,4781.836631,5260.020294
,,,,,5277,4303.652968,4781.836631,5260.020294
,,,,,5278,4303.652968,4781.836631,5260.020294
,,,,,5279,4303.652968,4781.836631,5260.020294
,,,,,5280,4303.652968,4781.836631,5260.020294
,,,,,5281,4303.652968,4781.836631,5260.020294
,,,,,5282,4303.652968,4781.836631,5260.020294
,,,,,5283,4303.652968,4781.836631,5260.020294
,,,,,5284,4303.652968,4781.836631,5260.020294
,,,,,5285,4303.652968,4781.836631,5260.020294
,,,,,5286,4303.652968,4781.836631,5260.020294
,,,,,5287,4303.652968,4781.836631,5260.020294
,,,,,5288,4303.652968,4781.836631,5260.020294
,,,,,5289,4303.652968,4781.836631,5260.020294
,,,,,5290,4303.652968,4781.836631,5260.020294
,,,,,5291,4303.652968,4781.836631,5260.020294
,,,,,5292,4303.652968,4781.836631,5260.020294
,,,,,5293,4303.652968,4781.836631,5260.020294
,,,,,5294,4303.652968,4781.836631,5260.020294
,,,,,5295,4303.652968,4781.836631,5260.020294
,,,,,5296,4303.652968,4781.836631,5260.020294
,,,,,5297,4303.652968,4781.836631,5260.020294
,,,,,5298,4303.652968,4781.836631,5260.020294
,,,,,5299,4303.652968,4781.836631,5260.020294
,,,,,5300,4303.652968,4781.836631,5260.020294
,,,,,5301,4303.652968,4781.836631,5260.020294
,,,,,5302,4303.652968,4781.836631,5260.020294
,,,,,5303,4303.652968,4781.836631,5260.020294
,,,,,5304,4303.652968,4781.836631,5260.020294
,,,,,5305,4303.652968,4781.836631,5260.020294
,,,,,5306,4303.652968,4781.836631,5260.020294
,,,,,5307,4303.652968,4781.836631,5260.020294
,,,,,5308,4303.652968,4781.836631,5260.020294
,,,,,5309,4303.652968,4781.836631,5260.020294
,,,,,5310,4303.652968,4781.836631,5260.020294
,,,,,5311,4303.652968,4781.836631,5260.020294
,,,,,5312,4303.652968,4781.836631,5260.020294
,,,,,5313,4303.652968,4781.836631,5260.020294
,,,,,5314,4303.652968,4781.836631,5260.020294
,,,,,5315,4303.652968,4781.836631,5260.020294
,,,,,5316,4303.652968,4781.836631,5260.020294
,,,,,5317,4303.652968,4781.836631,5260.020294
,,,,,5318,4303.652968,4781.836631,5260.020294
,,,,,5319,4303.652968,4781.836631,5260.020294
,,,,,5320,4303.652968,4781.836631,5260.020294
,,,,,5321,4303.652968,4781.836631,5260.020294
,,,,,5322,4303.652968,4781.836631,5260.020294
,,,,,5323,4303.652968,4781.836631,5260.020294
,,,,,5324,4303.652968,4781.836631,5260.020294
,,,,,5325,4303.652968,4781.836631,5260.020294
,,,,,5326,4303.652968,4781.836631,5260.020294
,,,,,5327,4303.652968,4781.836631,5260.020294
,,,,,5328,4303.652968,4781.836631,5260.020294
,,,,,5329,4303.652968,4781.836631,5260.020294
,,,,,5330,4303.652968,4781.836631,5260.020294
,,,,,5331,4303.652968,4781.836631,5260.020294
,,,,,5332,4303.652968,4781.836631,5260.020294
,,,,,5333,4303.652968,4781.836631,5260.020294
,,,,,5334,4303.652968,4781.836631,5260.020294
,,,,,5335,4303.652968,4781.836631,5260.020294
,,,,,5336,4303.652968,4781.836631,5260.020294
,,,,,5337,4303.652968,4781.836631,5260.020294
,,,,,5338,4303.652968,4781.836631,5260.020294
,,,,,5339,4303.652968,4781.836631,5260.020294
,,,,,5340,4303.652968,4781.836631,5260.020294
,,,,,5341,4303.652968,4781.836631,5260.020294
,,,,,5342,4303.652968,4781.836631,5260.020294
,,,,,5343,4303.652968,4781.836631,5260.020294
,,,,,5344,4303.652968,4781.836631,5260.020294
,,,,,5345,4303.652968,4781.836631,5260.020294
,,,,,5346,4303.652968,4781.836631,5260.020294
,,,,,5347,4303.652968,4781.836631,5260.020294
,,,,,5348,4303.652968,4781.836631,5260.020294
,,,,,5349,4303.652968,4781.836631,5260.020294
,,,,,5350,4303.652968,4781.836631,5260.020294
,,,,,5351,4303.652968,4781.836631,5260.020294
,,,,,5352,4303.652968,4781.836631,5260.020294
,,,,,5353,4303.652968,4781.836631,5260.020294
,,,,,5354,4303.652968,4781.836631,5260.020294
,,,,,5355,4303.652968,4781.836631,5260.020294
,,,,,5356,4303.652968,4781.836631,5260.020294
,,,,,5357,4303.652968,4781.836631,5260.020294
,,,,,5358,4303.652968,4781.836631,5260.020294
,,,,,5359,4303.652968,4781.836631,5260.020294
,,,,,5360,4303.652968,4781.836631,5260.020294
,,,,,5361,4303.652968,4781.836631,5260.020294
,,,,,5362,4303.652968,4781.836631,5260.020294
,,,,,5363,4303.652968,4781.836631,5260.020294
,,,,,5364,4303.652968,4781.836631,5260.020294
,,,,,5365,4303.652968,4781.836631,5260.020294
,,,,,5366,4303.652968,4781.836631,5260.020294
,,,,,5367,4303.652968,4781.836631,5260.020294
,,,,,5368,4303.652968,4781.836631,5260.020294
,,,,,5369,4303.652968,4781.836631,5260.020294
,,,,,5370,4303.652968,4781.836631,5260.020294
,,,,,5371,4303.652968,4781.836631,5260.020294
,,,,,5372,4303.652968,4781.836631,5260.020294
,,,,,5373,4303.652968,4781.836631,5260.020294
,,,,,5374,4303.652968,4781.836631,5260.020294
,,,,,5375,4303.652968,4781.836631,5260.020294
,,,,,5376,4303.652968,4781.836631,5260.020294
,,,,,5377,4303.652968,4781.836631,5260.020294
,,,,,5378,4303.652968,4781.836631,5260.020294
,,,,,5379,4303.652968,4781.836631,5260.020294
,,,,,5380,4303.652968,4781.836631,5260.020294
,,,,,5381,4303.652968,4781.836631,5260.020294
,,,,,5382,4303.652968,4781.836631,5260.020294
,,,,,5383,4303.652968,4781.836631,5260.020294
,,,,,5384,4303.652968,4781.836631,5260.020294
,,,,,5385,4303.652968,4781.836631,5260.020294
,,,,,5386,4303.652968,4781.836631,5260.020294
,,,,,5387,4303.652968,4781.836631,5260.020294
,,,,,5388,4303.652968,4781.836631,5260.020294
,,,,,5389,4303.652968,4781.836631,5260.020294
,,,,,5390,4303.652968,4781.836631,5260.020294
,,,,,5391,4303.652968,4781.836631,5260.020294
,,,,,5392,4303.652968,4781.836631,5260.020294
,,,,,5393,4303.652968,4781.836631,5260.020294
,,,,,5394,4303.652968,4781.836631,5260.020294
,,,,,5395,4303.652968,4781.836631,5260.020294
,,,,,5396,4303.652968,4781.836631,5260.020294
,,,,,5397,4303.652968,4781.836631,5260.020294
,,,,,5398,4303.652968,4781.836631,5260.020294
,,,,,5399,4303.652968,4781.836631,5260.020294
,,,,,5400,4303.652968,4781.836631,5260.020294
,,,,,5401,4303.652968,4781.836631,5260.020294
,,,,,5402,4303.652968,4781.836631,5260.020294
,,,,,5403,4303.652968,4781.836631,5260.020294
,,,,,5404,4303.652968,4781.836631,5260.020294
,,,,,5405,4303.652968,4781.836631,5260.020294
,,,,,5406,4303.652968,4781.836631,5260.020294
,,,,,5407,4303.652968,4781.836631,5260.020294
,,,,,5408,4303.652968,4781.836631,5260.020294
,,,,,5409,4303.652968,4781.836631,5260.020294
,,,,,5410,4303.652968,4781.836631,5260.020294
,,,,,5411,4303.652968,4781.836631,5260.020294
,,,,,5412,4303.652968,4781.836631,5260.020294
,,,,,5413,4303.652968,4781.836631,5260.020294
,,,,,5414,4303.652968,4781.836631,5260.020294
,,,,,5415,4303.652968,4781.836631,5260.020294
,,,,,5416,4303.652968,4781.836631,5260.020294
,,,,,5417,4303.652968,4781.836631,5260.020294
,,,,,5418,4303.652968,4781.836631,5260.020294
,,,,,5419,4303.652968,4781.836631,5260.020294
,,,,,5420,4303.652968,4781.836631,5260.020294
,,,,,5421,4303.652968,4781.836631,5260.020294
,,,,,5422,4303.652968,4781.836631,5260.020294
,,,,,5423,4303.652968,4781.836631,5260.020294
,,,,,5424,4303.652968,4781.836631,5260.020294
,,,,,5425,4303.652968,4781.836631,5260.020294
,,,,,5426,4303.652968,4781.836631,5260.020294
,,,,,5427,4303.652968,4781.836631,5260.020294
,,,,,5428,4303.652968,4781.836631,5260.020294
,,,,,5429,4303.652968,4781.836631,5260.020294
,,,,,5430,4303.652968,4781.836631,5260.020294
,,,,,5431,4303.652968,4781.836631,5260.020294
,,,,,5432,4303.652968,4781.836631,5260.020294
,,,,,5433,4303.652968,4781.836631,5260.020294
,,,,,5434,4303.652968,4781.836631,5260.020294
,,,,,5435,4303.652968,4781.836631,5260.020294
,,,,,5436,4303.652968,4781.836631,5260.020294
,,,,,5437,4303.652968,4781.836631,5260.020294
,,,,,5438,4303.652968,4781.836631,5260.020294
,,,,,5439,4303.652968,4781.836631,5260.020294
,,,,,5440,4303.652968,4781.836631,5260.020294
,,,,,5441,4303.652968,4781.836631,5260.020294
,,,,,5442,4303.652968,4781.836631,5260.020294
,,,,,5443,4303.652968,4781.836631,5260.020294
,,,,,5444,4303.652968,4781.836631,5260.020294
,,,,,5445,4303.652968,4781.836631,5260.020294
,,,,,5446,4303.652968,4781.836631,5260.020294
,,,,,5447,4303.652968,4781.836631,5260.020294
,,,,,5448,4303.652968,4781.836631,5260.020294
,,,,,5449,4303.652968,4781.836631,5260.020294
,,,,,5450,4303.652968,4781.836631,5260.020294
,,,,,5451,4303.652968,4781.836631,5260.020294
,,,,,5452,4303.652968,4781.836631,5260.020294
,,,,,5453,4303.652968,4781.836631,5260.020294
,,,,,5454,4303.652968,4781.836631,5260.020294
,,,,,5455,4303.652968,4781.836631,5260.020294
,,,,,5456,4303.652968,4781.836631,5260.020294
,,,,,5457,4303.652968,4781.836631,5260.020294
,,,,,5458,4303.652968,4781.836631,5260.020294
,,,,,5459,4303.652968,4781.836631,5260.020294
,,,,,5460,4303.652968,4781.836631,5260.020294
,,,,,5461,4303.652968,4781.836631,5260.020294
,,,,,5462,4303.652968,4781.836631,5260.020294
,,,,,5463,4303.652968,4781.836631,5260.020294
,,,,,5464,4303.652968,4781.836631,5260.020294
,,,,,5465,4303.652968,4781.836631,5260.020294
,,,,,5466,4303.652968,4781.836631,5260.020294
,,,,,5467,4303.652968,4781.836631,5260.020294
,,,,,5468,4303.652968,4781.836631,5260.020294
,,,,,5469,4303.652968,4781.836631,5260.020294
,,,,,5470,4303.652968,4781.836631,5260.020294
,,,,,5471,4303.652968,4781.836631,5260.020294
,,,,,5472,4303.652968,4781.836631,5260.020294
,,,,,5473,4303.652968,4781.836631,5260.020294
,,,,,5474,4303.652968,4781.836631,5260.020294
,,,,,5475,4303.652968,4781.836631,5260.020294
,,,,,5476,4303.652968,4781.836631,5260.020294
,,,,,5477,4303.652968,4781.836631,5260.020294
,,,,,5478,4303.652968,4781.836631,5260.020294
,,,,,5479,4303.652968,4781.836631,5260.020294
,,,,,5480,4303.652968,4781.836631,5260.020294
,,,,,5481,4303.652968,4781.836631,5260.020294
,,,,,5482,4303.652968,4781.836631,5260.020294
,,,,,5483,4303.652968,4781.836631,5260.020294
,,,,,5484,4303.652968,4781.836631,5260.020294
,,,,,5485,4303.652968,4781.836631,5260.020294
,,,,,5486,4303.652968,4781.836631,5260.020294
,,,,,5487,4303.652968,4781.836631,5260.020294
,,,,,5488,4303.652968,4781.836631,5260.020294
,,,,,5489,4303.652968,4781.836631,5260.020294
,,,,,5490,4303.652968,4781.836631,5260.020294
,,,,,5491,4303.652968,4781.836631,5260.020294
,,,,,5492,4303.652968,4781.836631,5260.020294
,,,,,5493,4303.652968,4781.836631,5260.020294
,,,,,5494,4303.652968,4781.836631,5260.020294
,,,,,5495,4303.652968,4781.836631,5260.020294
,,,,,5496,4303.652968,4781.836631,5260.020294
,,,,,5497,4303.652968,4781.836631,5260.020294
,,,,,5498,4303.652968,4781.836631,5260.020294
,,,,,5499,4303.652968,4781.836631,5260.020294
,,,,,5500,4303.652968,4781.836631,5260.020294
,,,,,5501,4303.652968,4781.836631,5260.020294
,,,,,5502,4303.652968,4781.836631,5260.020294
,,,,,5503,4303.652968,4781.836631,5260.020294
,,,,,5504,4303.652968,4781.836631,5260.020294
,,,,,5505,4303.652968,4781.836631,5260.020294
,,,,,5506,4303.652968,4781.836631,5260.020294
,,,,,5507,4303.652968,4781.836631,5260.020294
,,,,,5508,4303.652968,4781.836631,5260.020294
,,,,,5509,4303.652968,4781.836631,5260.020294
,,,,,5510,4303.652968,4781.836631,5260.020294
,,,,,5511,4303.652968,4781.836631,5260.020294
,,,,,5512,4303.652968,4781.836631,5260.020294
,,,,,5513,4303.652968,4781.836631,5260.020294
,,,,,5514,4303.652968,4781.836631,5260.020294
,,,,,5515,4303.652968,4781.836631,5260.020294
,,,,,5516,4303.652968,4781.836631,5260.020294
,,,,,5517,4303.652968,4781.836631,5260.020294
,,,,,5518,4303.652968,4781.836631,5260.020294
,,,,,5519,4303.652968,4781.836631,5260.020294
,,,,,5520,4303.652968,4781.836631,5260.020294
,,,,,5521,4303.652968,4781.836631,5260.020294
,,,,,5522,4303.652968,4781.836631,5260.020294
,,,,,5523,4303.652968,4781.836631,5260.020294
,,,,,5524,4303.652968,4781.836631,5260.020294
,,,,,5525,4303.652968,4781.836631,5260.020294
,,,,,5526,4303.652968,4781.836631,5260.020294
,,,,,5527,4303.652968,4781.836631,5260.020294
,,,,,5528,4303.652968,4781.836631,5260.020294
,,,,,5529,4303.652968,4781.836631,5260.020294
,,,,,5530,4303.652968,4781.836631,5260.020294
,,,,,5531,4303.652968,4781.836631,5260.020294
,,,,,5532,4303.652968,4781.836631,5260.020294
,,,,,5533,4303.652968,4781.836631,5260.020294
,,,,,5534,4303.652968,4781.836631,5260.020294
,,,,,5535,4303.652968,4781.836631,5260.020294
,,,,,5536,4303.652968,4781.836631,5260.020294
,,,,,5537,4303.652968,4781.836631,5260.020294
,,,,,5538,4303.652968,4781.836631,5260.020294
,,,,,5539,4303.652968,4781.836631,5260.020294
,,,,,5540,4303.652968,4781.836631,5260.020294
,,,,,5541,4303.652968,4781.836631,5260.020294
,,,,,5542,4303.652968,4781.836631,5260.020294
,,,,,5543,4303.652968,4781.836631,5260.020294
,,,,,5544,4303.652968,4781.836631,5260.020294
,,,,,5545,4303.652968,4781.836631,5260.020294
,,,,,5546,4303.652968,4781.836631,5260.020294
,,,,,5547,4303.652968,4781.836631,5260.020294
,,,,,5548,4303.652968,4781.836631,5260.020294
,,,,,5549,4303.652968,4781.836631,5260.020294
,,,,,5550,4303.652968,4781.836631,5260.020294
,,,,,5551,4303.652968,4781.836631,5260.020294
,,,,,5552,4303.652968,4781.836631,5260.020294
,,,,,5553,4303.652968,4781.836631,5260.020294
,,,,,5554,4303.652968,4781.836631,5260.020294
,,,,,5555,4303.652968,4781.836631,5260.020294
,,,,,5556,4303.652968,4781.836631,5260.020294
,,,,,5557,4303.652968,4781.836631,5260.020294
,,,,,5558,4303.652968,4781.836631,5260.020294
,,,,,5559,4303.652968,4781.836631,5260.020294
,,,,,5560,4303.652968,4781.836631,5260.020294
,,,,,5561,4303.652968,4781.836631,5260.020294
,,,,,5562,4303.652968,4781.836631,5260.020294
,,,,,5563,4303.652968,4781.836631,5260.020294
,,,,,5564,4303.652968,4781.836631,5260.020294
,,,,,5565,4303.652968,4781.836631,5260.020294
,,,,,5566,4303.652968,4781.836631,5260.020294
,,,,,5567,4303.652968,4781.836631,5260.020294
,,,,,5568,4303.652968,4781.836631,5260.020294
,,,,,5569,4303.652968,4781.836631,5260.020294
,,,,,5570,4303.652968,4781.836631,5260.020294
,,,,,5571,4303.652968,4781.836631,5260.020294
,,,,,5572,4303.652968,4781.836631,5260.020294
,,,,,5573,4303.652968,4781.836631,5260.020294
,,,,,5574,4303.652968,4781.836631,5260.020294
,,,,,5575,4303.652968,4781.836631,5260.020294
,,,,,5576,4303.652968,4781.836631,5260.020294
,,,,,5577,4303.652968,4781.836631,5260.020294
,,,,,5578,4303.652968,4781.836631,5260.020294
,,,,,5579,4303.652968,4781.836631,5260.020294
,,,,,5580,4303.652968,4781.836631,5260.020294
,,,,,5581,4303.652968,4781.836631,5260.020294
,,,,,5582,4303.652968,4781.836631,5260.020294
,,,,,5583,4303.652968,4781.836631,5260.020294
,,,,,5584,4303.652968,4781.836631,5260.020294
,,,,,5585,4303.652968,4781.836631,5260.020294
,,,,,5586,4303.652968,4781.836631,5260.020294
,,,,,5587,4303.652968,4781.836631,5260.020294
,,,,,5588,4303.652968,4781.836631,5260.020294
,,,,,5589,4303.652968,4781.836631,5260.020294
,,,,,5590,4303.652968,4781.836631,5260.020294
,,,,,5591,4303.652968,4781.836631,5260.020294
,,,,,5592,4303.652968,4781.836631,5260.020294
,,,,,5593,4303.652968,4781.836631,5260.020294
,,,,,5594,4303.652968,4781.836631,5260.020294
,,,,,5595,4303.652968,4781.836631,5260.020294
,,,,,5596,4303.652968,4781.836631,5260.020294
,,,,,5597,4303.652968,4781.836631,5260.020294
,,,,,5598,4303.652968,4781.836631,5260.020294
,,,,,5599,4303.652968,4781.836631,5260.020294
,,,,,5600,4303.652968,4781.836631,5260.020294
,,,,,5601,4303.652968,4781.836631,5260.020294
,,,,,5602,4303.652968,4781.836631,5260.020294
,,,,,5603,4303.652968,4781.836631,5260.020294
,,,,,5604,4303.652968,4781.836631,5260.020294
,,,,,5605,4303.652968,4781.836631,5260.020294
,,,,,5606,4303.652968,4781.836631,5260.020294
,,,,,5607,4303.652968,4781.836631,5260.020294
,,,,,5608,4303.652968,4781.836631,5260.020294
,,,,,5609,4303.652968,4781.836631,5260.020294
,,,,,5610,4303.652968,4781.836631,5260.020294
,,,,,5611,4303.652968,4781.836631,5260.020294
,,,,,5612,4303.652968,4781.836631,5260.020294
,,,,,5613,4303.652968,4781.836631,5260.020294
,,,,,5614,4303.652968,4781.836631,5260.020294
,,,,,5615,4303.652968,4781.836631,5260.020294
,,,,,5616,4303.652968,4781.836631,5260.020294
,,,,,5617,4303.652968,4781.836631,5260.020294
,,,,,5618,4303.652968,4781.836631,5260.020294
,,,,,5619,4303.652968,4781.836631,5260.020294
,,,,,5620,4303.652968,4781.836631,5260.020294
,,,,,5621,4303.652968,4781.836631,5260.020294
,,,,,5622,4303.652968,4781.836631,5260.020294
,,,,,5623,4303.652968,4781.836631,5260.020294
,,,,,5624,4303.652968,4781.836631,5260.020294
,,,,,5625,4303.652968,4781.836631,5260.020294
,,,,,5626,4303.652968,4781.836631,5260.020294
,,,,,5627,4303.652968,4781.836631,5260.020294
,,,,,5628,4303.652968,4781.836631,5260.020294
,,,,,5629,4303.652968,4781.836631,5260.020294
,,,,,5630,4303.652968,4781.836631,5260.020294
,,,,,5631,4303.652968,4781.836631,5260.020294
,,,,,5632,4303.652968,4781.836631,5260.020294
,,,,,5633,4303.652968,4781.836631,5260.020294
,,,,,5634,4303.652968,4781.836631,5260.020294
,,,,,5635,4303.652968,4781.836631,5260.020294
,,,,,5636,4303.652968,4781.836631,5260.020294
,,,,,5637,4303.652968,4781.836631,5260.020294
,,,,,5638,4303.652968,4781.836631,5260.020294
,,,,,5639,4303.652968,4781.836631,5260.020294
,,,,,5640,4303.652968,4781.836631,5260.020294
,,,,,5641,4303.652968,4781.836631,5260.020294
,,,,,5642,4303.652968,4781.836631,5260.020294
,,,,,5643,4303.652968,4781.836631,5260.020294
,,,,,5644,4303.652968,4781.836631,5260.020294
,,,,,5645,4303.652968,4781.836631,5260.020294
,,,,,5646,4303.652968,4781.836631,5260.020294
,,,,,5647,4303.652968,4781.836631,5260.020294
,,,,,5648,4303.652968,4781.836631,5260.020294
,,,,,5649,4303.652968,4781.836631,5260.020294
,,,,,5650,4303.652968,4781.836631,5260.020294
,,,,,5651,4303.652968,4781.836631,5260.020294
,,,,,5652,4303.652968,4781.836631,5260.020294
,,,,,5653,4303.652968,4781.836631,5260.020294
,,,,,5654,4303.652968,4781.836631,5260.020294
,,,,,5655,4303.652968,4781.836631,5260.020294
,,,,,5656,4303.652968,4781.836631,5260.020294
,,,,,5657,4303.652968,4781.836631,5260.020294
,,,,,5658,4303.652968,4781.836631,5260.020294
,,,,,5659,4303.652968,4781.836631,5260.020294
,,,,,5660,4303.652968,4781.836631,5260.020294
,,,,,5661,4303.652968,4781.836631,5260.020294
,,,,,5662,4303.652968,4781.836631,5260.020294
,,,,,5663,4303.652968,4781.836631,5260.020294
,,,,,5664,4303.652968,4781.836631,5260.020294
,,,,,5665,4303.652968,4781.836631,5260.020294
,,,,,5666,4303.652968,4781.836631,5260.020294
,,,,,5667,4303.652968,4781.836631,5260.020294
,,,,,5668,4303.652968,4781.836631,5260.020294
,,,,,5669,4303.652968,4781.836631,5260.020294
,,,,,5670,4303.652968,4781.836631,5260.020294
,,,,,5671,4303.652968,4781.836631,5260.020294
,,,,,5672,4303.652968,4781.836631,5260.020294
,,,,,5673,4303.652968,4781.836631,5260.020294
,,,,,5674,4303.652968,4781.836631,5260.020294
,,,,,5675,4303.652968,4781.836631,5260.020294
,,,,,5676,4303.652968,4781.836631,5260.020294
,,,,,5677,4303.652968,4781.836631,5260.020294
,,,,,5678,4303.652968,4781.836631,5260.020294
,,,,,5679,4303.652968,4781.836631,5260.020294
,,,,,5680,4303.652968,4781.836631,5260.020294
,,,,,5681,4303.652968,4781.836631,5260.020294
,,,,,5682,4303.652968,4781.836631,5260.020294
,,,,,5683,4303.652968,4781.836631,5260.020294
,,,,,5684,4303.652968,4781.836631,5260.020294
,,,,,5685,4303.652968,4781.836631,5260.020294
,,,,,5686,4303.652968,4781.836631,5260.020294
,,,,,5687,4303.652968,4781.836631,5260.020294
,,,,,5688,4303.652968,4781.836631,5260.020294
,,,,,5689,4303.652968,4781.836631,5260.020294
,,,,,5690,4303.652968,4781.836631,5260.020294
,,,,,5691,4303.652968,4781.836631,5260.020294
,,,,,5692,4303.652968,4781.836631,5260.020294
,,,,,5693,4303.652968,4781.836631,5260.020294
,,,,,5694,4303.652968,4781.836631,5260.020294
,,,,,5695,4303.652968,4781.836631,5260.020294
,,,,,5696,4303.652968,4781.836631,5260.020294
,,,,,5697,4303.652968,4781.836631,5260.020294
,,,,,5698,4303.652968,4781.836631,5260.020294
,,,,,5699,4303.652968,4781.836631,5260.020294
,,,,,5700,4303.652968,4781.836631,5260.020294
,,,,,5701,4303.652968,4781.836631,5260.020294
,,,,,5702,4303.652968,4781.836631,5260.020294
,,,,,5703,4303.652968,4781.836631,5260.020294
,,,,,5704,4303.652968,4781.836631,5260.020294
,,,,,5705,4303.652968,4781.836631,5260.020294
,,,,,5706,4303.652968,4781.836631,5260.020294
,,,,,5707,4303.652968,4781.836631,5260.020294
,,,,,5708,4303.652968,4781.836631,5260.020294
,,,,,5709,4303.652968,4781.836631,5260.020294
,,,,,5710,4303.652968,4781.836631,5260.020294
,,,,,5711,4303.652968,4781.836631,5260.020294
,,,,,5712,4303.652968,4781.836631,5260.020294
,,,,,5713,4303.652968,4781.836631,5260.020294
,,,,,5714,4303.652968,4781.836631,5260.020294
,,,,,5715,4303.652968,4781.836631,5260.020294
,,,,,5716,4303.652968,4781.836631,5260.020294
,,,,,5717,4303.652968,4781.836631,5260.020294
,,,,,5718,4303.652968,4781.836631,5260.020294
,,,,,5719,4303.652968,4781.836631,5260.020294
,,,,,5720,4303.652968,4781.836631,5260.020294
,,,,,5721,4303.652968,4781.836631,5260.020294
,,,,,5722,4303.652968,4781.836631,5260.020294
,,,,,5723,4303.652968,4781.836631,5260.020294
,,,,,5724,4303.652968,4781.836631,5260.020294
,,,,,5725,4303.652968,4781.836631,5260.020294
,,,,,5726,4303.652968,4781.836631,5260.020294
,,,,,5727,4303.652968,4781.836631,5260.020294
,,,,,5728,4303.652968,4781.836631,5260.020294
,,,,,5729,4303.652968,4781.836631,5260.020294
,,,,,5730,4303.652968,4781.836631,5260.020294
,,,,,5731,4303.652968,4781.836631,5260.020294
,,,,,5732,4303.652968,4781.836631,5260.020294
,,,,,5733,4303.652968,4781.836631,5260.020294
,,,,,5734,4303.652968,4781.836631,5260.020294
,,,,,5735,4303.652968,4781.836631,5260.020294
,,,,,5736,4303.652968,4781.836631,5260.020294
,,,,,5737,4303.652968,4781.836631,5260.020294
,,,,,5738,4303.652968,4781.836631,5260.020294
,,,,,5739,4303.652968,4781.836631,5260.020294
,,,,,5740,4303.652968,4781.836631,5260.020294
,,,,,5741,4303.652968,4781.836631,5260.020294
,,,,,5742,4303.652968,4781.836631,5260.020294
,,,,,5743,4303.652968,4781.836631,5260.020294
,,,,,5744,4303.652968,4781.836631,5260.020294
,,,,,5745,4303.652968,4781.836631,5260.020294
,,,,,5746,4303.652968,4781.836631,5260.020294
,,,,,5747,4303.652968,4781.836631,5260.020294
,,,,,5748,4303.652968,4781.836631,5260.020294
,,,,,5749,4303.652968,4781.836631,5260.020294
,,,,,5750,4303.652968,4781.836631,5260.020294
,,,,,5751,4303.652968,4781.836631,5260.020294
,,,,,5752,4303.652968,4781.836631,5260.020294
,,,,,5753,4303.652968,4781.836631,5260.020294
,,,,,5754,4303.652968,4781.836631,5260.020294
,,,,,5755,4303.652968,4781.836631,5260.020294
,,,,,5756,4303.652968,4781.836631,5260.020294
,,,,,5757,4303.652968,4781.836631,5260.020294
,,,,,5758,4303.652968,4781.836631,5260.020294
,,,,,5759,4303.652968,4781.836631,5260.020294
,,,,,5760,4303.652968,4781.836631,5260.020294
,,,,,5761,4303.652968,4781.836631,5260.020294
,,,,,5762,4303.652968,4781.836631,5260.020294
,,,,,5763,4303.652968,4781.836631,5260.020294
,,,,,5764,4303.652968,4781.836631,5260.020294
,,,,,5765,4303.652968,4781.836631,5260.020294
,,,,,5766,4303.652968,4781.836631,5260.020294
,,,,,5767,4303.652968,4781.836631,5260.020294
,,,,,5768,4303.652968,4781.836631,5260.020294
,,,,,5769,4303.652968,4781.836631,5260.020294
,,,,,5770,4303.652968,4781.836631,5260.020294
,,,,,5771,4303.652968,4781.836631,5260.020294
,,,,,5772,4303.652968,4781.836631,5260.020294
,,,,,5773,4303.652968,4781.836631,5260.020294
,,,,,5774,4303.652968,4781.836631,5260.020294
,,,,,5775,4303.652968,4781.836631,5260.020294
,,,,,5776,4303.652968,4781.836631,5260.020294
,,,,,5777,4303.652968,4781.836631,5260.020294
,,,,,5778,4303.652968,4781.836631,5260.020294
,,,,,5779,4303.652968,4781.836631,5260.020294
,,,,,5780,4303.652968,4781.836631,5260.020294
,,,,,5781,4303.652968,4781.836631,5260.020294
,,,,,5782,4303.652968,4781.836631,5260.020294
,,,,,5783,4303.652968,4781.836631,5260.020294
,,,,,5784,4303.652968,4781.836631,5260.020294
,,,,,5785,4303.652968,4781.836631,5260.020294
,,,,,5786,4303.652968,4781.836631,5260.020294
,,,,,5787,4303.652968,4781.836631,5260.020294
,,,,,5788,4303.652968,4781.836631,5260.020294
,,,,,5789,4303.652968,4781.836631,5260.020294
,,,,,5790,4303.652968,4781.836631,5260.020294
,,,,,5791,4303.652968,4781.836631,5260.020294
,,,,,5792,4303.652968,4781.836631,5260.020294
,,,,,5793,4303.652968,4781.836631,5260.020294
,,,,,5794,4303.652968,4781.836631,5260.020294
,,,,,5795,4303.652968,4781.836631,5260.020294
,,,,,5796,4303.652968,4781.836631,5260.020294
,,,,,5797,4303.652968,4781.836631,5260.020294
,,,,,5798,4303.652968,4781.836631,5260.020294
,,,,,5799,4303.652968,4781.836631,5260.020294
,,,,,5800,4303.652968,4781.836631,5260.020294
,,,,,5801,4303.652968,4781.836631,5260.020294
,,,,,5802,4303.652968,4781.836631,5260.020294
,,,,,5803,4303.652968,4781.836631,5260.020294
,,,,,5804,4303.652968,4781.836631,5260.020294
,,,,,5805,4303.652968,4781.836631,5260.020294
,,,,,5806,4303.652968,4781.836631,5260.020294
,,,,,5807,4303.652968,4781.836631,5260.020294
,,,,,5808,4303.652968,4781.836631,5260.020294
,,,,,5809,4303.652968,4781.836631,5260.020294
,,,,,5810,4303.652968,4781.836631,5260.020294
,,,,,5811,4303.652968,4781.836631,5260.020294
,,,,,5812,4303.652968,4781.836631,5260.020294
,,,,,5813,4303.652968,4781.836631,5260.020294
,,,,,5814,4303.652968,4781.836631,5260.020294
,,,,,5815,4303.652968,4781.836631,5260.020294
,,,,,5816,4303.652968,4781.836631,5260.020294
,,,,,5817,4303.652968,4781.836631,5260.020294
,,,,,5818,4303.652968,4781.836631,5260.020294
,,,,,5819,4303.652968,4781.836631,5260.020294
,,,,,5820,4303.652968,4781.836631,5260.020294
,,,,,5821,4303.652968,4781.836631,5260.020294
,,,,,5822,4303.652968,4781.836631,5260.020294
,,,,,5823,4303.652968,4781.836631,5260.020294
,,,,,5824,4303.652968,4781.836631,5260.020294
,,,,,5825,4303.652968,4781.836631,5260.020294
,,,,,5826,4303.652968,4781.836631,5260.020294
,,,,,5827,4303.652968,4781.836631,5260.020294
,,,,,5828,4303.652968,4781.836631,5260.020294
,,,,,5829,4303.652968,4781.836631,5260.020294
,,,,,5830,4303.652968,4781.836631,5260.020294
,,,,,5831,4303.652968,4781.836631,5260.020294
,,,,,5832,4303.652968,4781.836631,5260.020294
,,,,,5833,4303.652968,4781.836631,5260.020294
,,,,,5834,4303.652968,4781.836631,5260.020294
,,,,,5835,4303.652968,4781.836631,5260.020294
,,,,,5836,4303.652968,4781.836631,5260.020294
,,,,,5837,4303.652968,4781.836631,5260.020294
,,,,,5838,4303.652968,4781.836631,5260.020294
,,,,,5839,4303.652968,4781.836631,5260.020294
,,,,,5840,4303.652968,4781.836631,5260.020294
,,,,,5841,4303.652968,4781.836631,5260.020294
,,,,,5842,4303.652968,4781.836631,5260.020294
,,,,,5843,4303.652968,4781.836631,5260.020294
,,,,,5844,4303.652968,4781.836631,5260.020294
,,,,,5845,4303.652968,4781.836631,5260.020294
,,,,,5846,4303.652968,4781.836631,5260.020294
,,,,,5847,4303.652968,4781.836631,5260.020294
,,,,,5848,4303.652968,4781.836631,5260.020294
,,,,,5849,4303.652968,4781.836631,5260.020294
,,,,,5850,4303.652968,4781.836631,5260.020294
,,,,,5851,4303.652968,4781.836631,5260.020294
,,,,,5852,4303.652968,4781.836631,5260.020294
,,,,,5853,4303.652968,4781.836631,5260.020294
,,,,,5854,4303.652968,4781.836631,5260.020294
,,,,,5855,4303.652968,4781.836631,5260.020294
,,,,,5856,4303.652968,4781.836631,5260.020294
,,,,,5857,4303.652968,4781.836631,5260.020294
,,,,,5858,4303.652968,4781.836631,5260.020294
,,,,,5859,4303.652968,4781.836631,5260.020294
,,,,,5860,4303.652968,4781.836631,5260.020294
,,,,,5861,4303.652968,4781.836631,5260.020294
,,,,,5862,4303.652968,4781.836631,5260.020294
,,,,,5863,4303.652968,4781.836631,5260.020294
,,,,,5864,4303.652968,4781.836631,5260.020294
,,,,,5865,4303.652968,4781.836631,5260.020294
,,,,,5866,4303.652968,4781.836631,5260.020294
,,,,,5867,4303.652968,4781.836631,5260.020294
,,,,,5868,4303.652968,4781.836631,5260.020294
,,,,,5869,4303.652968,4781.836631,5260.020294
,,,,,5870,4303.652968,4781.836631,5260.020294
,,,,,5871,4303.652968,4781.836631,5260.020294
,,,,,5872,4303.652968,4781.836631,5260.020294
,,,,,5873,4303.652968,4781.836631,5260.020294
,,,,,5874,4303.652968,4781.836631,5260.020294
,,,,,5875,4303.652968,4781.836631,5260.020294
,,,,,5876,4303.652968,4781.836631,5260.020294
,,,,,5877,4303.652968,4781.836631,5260.020294
,,,,,5878,4303.652968,4781.836631,5260.020294
,,,,,5879,4303.652968,4781.836631,5260.020294
,,,,,5880,4303.652968,4781.836631,5260.020294
,,,,,5881,4303.652968,4781.836631,5260.020294
,,,,,5882,4303.652968,4781.836631,5260.020294
,,,,,5883,4303.652968,4781.836631,5260.020294
,,,,,5884,4303.652968,4781.836631,5260.020294
,,,,,5885,4303.652968,4781.836631,5260.020294
,,,,,5886,4303.652968,4781.836631,5260.020294
,,,,,5887,4303.652968,4781.836631,5260.020294
,,,,,5888,4303.652968,4781.836631,5260.020294
,,,,,5889,4303.652968,4781.836631,5260.020294
,,,,,5890,4303.652968,4781.836631,5260.020294
,,,,,5891,4303.652968,4781.836631,5260.020294
,,,,,5892,4303.652968,4781.836631,5260.020294
,,,,,5893,4303.652968,4781.836631,5260.020294
,,,,,5894,4303.652968,4781.836631,5260.020294
,,,,,5895,4303.652968,4781.836631,5260.020294
,,,,,5896,4303.652968,4781.836631,5260.020294
,,,,,5897,4303.652968,4781.836631,5260.020294
,,,,,5898,4303.652968,4781.836631,5260.020294
,,,,,5899,4303.652968,4781.836631,5260.020294
,,,,,5900,4303.652968,4781.836631,5260.020294
,,,,,5901,4303.652968,4781.836631,5260.020294
,,,,,5902,4303.652968,4781.836631,5260.020294
,,,,,5903,4303.652968,4781.836631,5260.020294
,,,,,5904,4303.652968,4781.836631,5260.020294
,,,,,5905,4303.652968,4781.836631,5260.020294
,,,,,5906,4303.652968,4781.836631,5260.020294
,,,,,5907,4303.652968,4781.836631,5260.020294
,,,,,5908,4303.652968,4781.836631,5260.020294
,,,,,5909,4303.652968,4781.836631,5260.020294
,,,,,5910,4303.652968,4781.836631,5260.020294
,,,,,5911,4303.652968,4781.836631,5260.020294
,,,,,5912,4303.652968,4781.836631,5260.020294
,,,,,5913,4303.652968,4781.836631,5260.020294
,,,,,5914,4303.652968,4781.836631,5260.020294
,,,,,5915,4303.652968,4781.836631,5260.020294
,,,,,5916,4303.652968,4781.836631,5260.020294
,,,,,5917,4303.652968,4781.836631,5260.020294
,,,,,5918,4303.652968,4781.836631,5260.020294
,,,,,5919,4303.652968,4781.836631,5260.020294
,,,,,5920,4303.652968,4781.836631,5260.020294
,,,,,5921,4303.652968,4781.836631,5260.020294
,,,,,5922,4303.652968,4781.836631,5260.020294
,,,,,5923,4303.652968,4781.836631,5260.020294
,,,,,5924,4303.652968,4781.836631,5260.020294
,,,,,5925,4303.652968,4781.836631,5260.020294
,,,,,5926,4303.652968,4781.836631,5260.020294
,,,,,5927,4303.652968,4781.836631,5260.020294
,,,,,5928,4303.652968,4781.836631,5260.020294
,,,,,5929,4303.652968,4781.836631,5260.020294
,,,,,5930,4303.652968,4781.836631,5260.020294
,,,,,5931,4303.652968,4781.836631,5260.020294
,,,,,5932,4303.652968,4781.836631,5260.020294
,,,,,5933,4303.652968,4781.836631,5260.020294
,,,,,5934,4303.652968,4781.836631,5260.020294
,,,,,5935,4303.652968,4781.836631,5260.020294
,,,,,5936,4303.652968,4781.836631,5260.020294
,,,,,5937,4303.652968,4781.836631,5260.020294
,,,,,5938,4303.652968,4781.836631,5260.020294
,,,,,5939,4303.652968,4781.836631,5260.020294
,,,,,5940,4303.652968,4781.836631,5260.020294
,,,,,5941,4303.652968,4781.836631,5260.020294
,,,,,5942,4303.652968,4781.836631,5260.020294
,,,,,5943,4303.652968,4781.836631,5260.020294
,,,,,5944,4303.652968,4781.836631,5260.020294
,,,,,5945,4303.652968,4781.836631,5260.020294
,,,,,5946,4303.652968,4781.836631,5260.020294
,,,,,5947,4303.652968,4781.836631,5260.020294
,,,,,5948,4303.652968,4781.836631,5260.020294
,,,,,5949,4303.652968,4781.836631,5260.020294
,,,,,5950,4303.652968,4781.836631,5260.020294
,,,,,5951,4303.652968,4781.836631,5260.020294
,,,,,5952,4303.652968,4781.836631,5260.020294
,,,,,5953,4303.652968,4781.836631,5260.020294
,,,,,5954,4303.652968,4781.836631,5260.020294
,,,,,5955,4303.652968,4781.836631,5260.020294
,,,,,5956,4303.652968,4781.836631,5260.020294
,,,,,5957,4303.652968,4781.836631,5260.020294
,,,,,5958,4303.652968,4781.836631,5260.020294
,,,,,5959,4303.652968,4781.836631,5260.020294
,,,,,5960,4303.652968,4781.836631,5260.020294
,,,,,5961,4303.652968,4781.836631,5260.020294
,,,,,5962,4303.652968,4781.836631,5260.020294
,,,,,5963,4303.652968,4781.836631,5260.020294
,,,,,5964,4303.652968,4781.836631,5260.020294
,,,,,5965,4303.652968,4781.836631,5260.020294
,,,,,5966,4303.652968,4781.836631,5260.020294
,,,,,5967,4303.652968,4781.836631,5260.020294
,,,,,5968,4303.652968,4781.836631,5260.020294
,,,,,5969,4303.652968,4781.836631,5260.020294
,,,,,5970,4303.652968,4781.836631,5260.020294
,,,,,5971,4303.652968,4781.836631,5260.020294
,,,,,5972,4303.652968,4781.836631,5260.020294
,,,,,5973,4303.652968,4781.836631,5260.020294
,,,,,5974,4303.652968,4781.836631,5260.020294
,,,,,5975,4303.652968,4781.836631,5260.020294
,,,,,5976,4303.652968,4781.836631,5260.020294
,,,,,5977,4303.652968,4781.836631,5260.020294
,,,,,5978,4303.652968,4781.836631,5260.020294
,,,,,5979,4303.652968,4781.836631,5260.020294
,,,,,5980,4303.652968,4781.836631,5260.020294
,,,,,5981,4303.652968,4781.836631,5260.020294
,,,,,5982,4303.652968,4781.836631,5260.020294
,,,,,5983,4303.652968,4781.836631,5260.020294
,,,,,5984,4303.652968,4781.836631,5260.020294
,,,,,5985,4303.652968,4781.836631,5260.020294
,,,,,5986,4303.652968,4781.836631,5260.020294
,,,,,5987,4303.652968,4781.836631,5260.020294
,,,,,5988,4303.652968,4781.836631,5260.020294
,,,,,5989,4303.652968,4781.836631,5260.020294
,,,,,5990,4303.652968,4781.836631,5260.020294
,,,,,5991,4303.652968,4781.836631,5260.020294
,,,,,5992,4303.652968,4781.836631,5260.020294
,,,,,5993,4303.652968,4781.836631,5260.020294
,,,,,5994,4303.652968,4781.836631,5260.020294
,,,,,5995,4303.652968,4781.836631,5260.020294
,,,,,5996,4303.652968,4781.836631,5260.020294
,,,,,5997,4303.652968,4781.836631,5260.020294
,,,,,5998,4303.652968,4781.836631,5260.020294
,,,,,5999,4303.652968,4781.836631,5260.020294
,,,,,6000,4303.652968,4781.836631,5260.020294
,,,,,6001,4303.652968,4781.836631,5260.020294
,,,,,6002,4303.652968,4781.836631,5260.020294
,,,,,6003,4303.652968,4781.836631,5260.020294
,,,,,6004,4303.652968,4781.836631,5260.020294
,,,,,6005,4303.652968,4781.836631,5260.020294
,,,,,6006,4303.652968,4781.836631,5260.020294
,,,,,6007,4303.652968,4781.836631,5260.020294
,,,,,6008,4303.652968,4781.836631,5260.020294
,,,,,6009,4303.652968,4781.836631,5260.020294
,,,,,6010,4303.652968,4781.836631,5260.020294
,,,,,6011,4303.652968,4781.836631,5260.020294
,,,,,6012,4303.652968,4781.836631,5260.020294
,,,,,6013,4303.652968,4781.836631,5260.020294
,,,,,6014,4303.652968,4781.836631,5260.020294
,,,,,6015,4303.652968,4781.836631,5260.020294
,,,,,6016,4303.652968,4781.836631,5260.020294
,,,,,6017,4303.652968,4781.836631,5260.020294
,,,,,6018,4303.652968,4781.836631,5260.020294
,,,,,6019,4303.652968,4781.836631,5260.020294
,,,,,6020,4303.652968,4781.836631,5260.020294
,,,,,6021,4303.652968,4781.836631,5260.020294
,,,,,6022,4303.652968,4781.836631,5260.020294
,,,,,6023,4303.652968,4781.836631,5260.020294
,,,,,6024,4303.652968,4781.836631,5260.020294
,,,,,6025,4303.652968,4781.836631,5260.020294
,,,,,6026,4303.652968,4781.836631,5260.020294
,,,,,6027,4303.652968,4781.836631,5260.020294
,,,,,6028,4303.652968,4781.836631,5260.020294
,,,,,6029,4303.652968,4781.836631,5260.020294
,,,,,6030,4303.652968,4781.836631,5260.020294
,,,,,6031,4303.652968,4781.836631,5260.020294
,,,,,6032,4303.652968,4781.836631,5260.020294
,,,,,6033,4303.652968,4781.836631,5260.020294
,,,,,6034,4303.652968,4781.836631,5260.020294
,,,,,6035,4303.652968,4781.836631,5260.020294
,,,,,6036,4303.652968,4781.836631,5260.020294
,,,,,6037,4303.652968,4781.836631,5260.020294
,,,,,6038,4303.652968,4781.836631,5260.020294
,,,,,6039,4303.652968,4781.836631,5260.020294
,,,,,6040,4303.652968,4781.836631,5260.020294
,,,,,6041,4303.652968,4781.836631,5260.020294
,,,,,6042,4303.652968,4781.836631,5260.020294
,,,,,6043,4303.652968,4781.836631,5260.020294
,,,,,6044,4303.652968,4781.836631,5260.020294
,,,,,6045,4303.652968,4781.836631,5260.020294
,,,,,6046,4303.652968,4781.836631,5260.020294
,,,,,6047,4303.652968,4781.836631,5260.020294
,,,,,6048,4303.652968,4781.836631,5260.020294
,,,,,6049,4303.652968,4781.836631,5260.020294
,,,,,6050,4303.652968,4781.836631,5260.020294
,,,,,6051,4303.652968,4781.836631,5260.020294
,,,,,6052,4303.652968,4781.836631,5260.020294
,,,,,6053,4303.652968,4781.836631,5260.020294
,,,,,6054,4303.652968,4781.836631,5260.020294
,,,,,6055,4303.652968,4781.836631,5260.020294
,,,,,6056,4303.652968,4781.836631,5260.020294
,,,,,6057,4303.652968,4781.836631,5260.020294
,,,,,6058,4303.652968,4781.836631,5260.020294
,,,,,6059,4303.652968,4781.836631,5260.020294
,,,,,6060,4303.652968,4781.836631,5260.020294
,,,,,6061,4303.652968,4781.836631,5260.020294
,,,,,6062,4303.652968,4781.836631,5260.020294
,,,,,6063,4303.652968,4781.836631,5260.020294
,,,,,6064,4303.652968,4781.836631,5260.020294
,,,,,6065,4303.652968,4781.836631,5260.020294
,,,,,6066,4303.652968,4781.836631,5260.020294
,,,,,6067,4303.652968,4781.836631,5260.020294
,,,,,6068,4303.652968,4781.836631,5260.020294
,,,,,6069,4303.652968,4781.836631,5260.020294
,,,,,6070,4303.652968,4781.836631,5260.020294
,,,,,6071,4303.652968,4781.836631,5260.020294
,,,,,6072,4303.652968,4781.836631,5260.020294
,,,,,6073,4303.652968,4781.836631,5260.020294
,,,,,6074,4303.652968,4781.836631,5260.020294
,,,,,6075,4303.652968,4781.836631,5260.020294
,,,,,6076,4303.652968,4781.836631,5260.020294
,,,,,6077,4303.652968,4781.836631,5260.020294
,,,,,6078,4303.652968,4781.836631,5260.020294
,,,,,6079,4303.652968,4781.836631,5260.020294
,,,,,6080,4303.652968,4781.836631,5260.020294
,,,,,6081,4303.652968,4781.836631,5260.020294
,,,,,6082,4303.652968,4781.836631,5260.020294
,,,,,6083,4303.652968,4781.836631,5260.020294
,,,,,6084,4303.652968,4781.836631,5260.020294
,,,,,6085,4303.652968,4781.836631,5260.020294
,,,,,6086,4303.652968,4781.836631,5260.020294
,,,,,6087,4303.652968,4781.836631,5260.020294
,,,,,6088,4303.652968,4781.836631,5260.020294
,,,,,6089,4303.652968,4781.836631,5260.020294
,,,,,6090,4303.652968,4781.836631,5260.020294
,,,,,6091,4303.652968,4781.836631,5260.020294
,,,,,6092,4303.652968,4781.836631,5260.020294
,,,,,6093,4303.652968,4781.836631,5260.020294
,,,,,6094,4303.652968,4781.836631,5260.020294
,,,,,6095,4303.652968,4781.836631,5260.020294
,,,,,6096,4303.652968,4781.836631,5260.020294
,,,,,6097,4303.652968,4781.836631,5260.020294
,,,,,6098,4303.652968,4781.836631,5260.020294
,,,,,6099,4303.652968,4781.836631,5260.020294
,,,,,6100,4303.652968,4781.836631,5260.020294
,,,,,6101,4303.652968,4781.836631,5260.020294
,,,,,6102,4303.652968,4781.836631,5260.020294
,,,,,6103,4303.652968,4781.836631,5260.020294
,,,,,6104,4303.652968,4781.836631,5260.020294
,,,,,6105,4303.652968,4781.836631,5260.020294
,,,,,6106,4303.652968,4781.836631,5260.020294
,,,,,6107,4303.652968,4781.836631,5260.020294
,,,,,6108,4303.652968,4781.836631,5260.020294
,,,,,6109,4303.652968,4781.836631,5260.020294
,,,,,6110,4303.652968,4781.836631,5260.020294
,,,,,6111,4303.652968,4781.836631,5260.020294
,,,,,6112,4303.652968,4781.836631,5260.020294
,,,,,6113,4303.652968,4781.836631,5260.020294
,,,,,6114,4303.652968,4781.836631,5260.020294
,,,,,6115,4303.652968,4781.836631,5260.020294
,,,,,6116,4303.652968,4781.836631,5260.020294
,,,,,6117,4303.652968,4781.836631,5260.020294
,,,,,6118,4303.652968,4781.836631,5260.020294
,,,,,6119,4303.652968,4781.836631,5260.020294
,,,,,6120,4303.652968,4781.836631,5260.020294
,,,,,6121,4303.652968,4781.836631,5260.020294
,,,,,6122,4303.652968,4781.836631,5260.020294
,,,,,6123,4303.652968,4781.836631,5260.020294
,,,,,6124,4303.652968,4781.836631,5260.020294
,,,,,6125,4303.652968,4781.836631,5260.020294
,,,,,6126,4303.652968,4781.836631,5260.020294
,,,,,6127,4303.652968,4781.836631,5260.020294
,,,,,6128,4303.652968,4781.836631,5260.020294
,,,,,6129,4303.652968,4781.836631,5260.020294
,,,,,6130,4303.652968,4781.836631,5260.020294
,,,,,6131,4303.652968,4781.836631,5260.020294
,,,,,6132,4303.652968,4781.836631,5260.020294
,,,,,6133,4303.652968,4781.836631,5260.020294
,,,,,6134,4303.652968,4781.836631,5260.020294
,,,,,6135,4303.652968,4781.836631,5260.020294
,,,,,6136,4303.652968,4781.836631,5260.020294
,,,,,6137,4303.652968,4781.836631,5260.020294
,,,,,6138,4303.652968,4781.836631,5260.020294
,,,,,6139,4303.652968,4781.836631,5260.020294
,,,,,6140,4303.652968,4781.836631,5260.020294
,,,,,6141,4303.652968,4781.836631,5260.020294
,,,,,6142,4303.652968,4781.836631,5260.020294
,,,,,6143,4303.652968,4781.836631,5260.020294
,,,,,6144,4303.652968,4781.836631,5260.020294
,,,,,6145,4303.652968,4781.836631,5260.020294
,,,,,6146,4303.652968,4781.836631,5260.020294
,,,,,6147,4303.652968,4781.836631,5260.020294
,,,,,6148,4303.652968,4781.836631,5260.020294
,,,,,6149,4303.652968,4781.836631,5260.020294
,,,,,6150,4303.652968,4781.836631,5260.020294
,,,,,6151,4303.652968,4781.836631,5260.020294
,,,,,6152,4303.652968,4781.836631,5260.020294
,,,,,6153,4303.652968,4781.836631,5260.020294
,,,,,6154,4303.652968,4781.836631,5260.020294
,,,,,6155,4303.652968,4781.836631,5260.020294
,,,,,6156,4303.652968,4781.836631,5260.020294
,,,,,6157,4303.652968,4781.836631,5260.020294
,,,,,6158,4303.652968,4781.836631,5260.020294
,,,,,6159,4303.652968,4781.836631,5260.020294
,,,,,6160,4303.652968,4781.836631,5260.020294
,,,,,6161,4303.652968,4781.836631,5260.020294
,,,,,6162,4303.652968,4781.836631,5260.020294
,,,,,6163,4303.652968,4781.836631,5260.020294
,,,,,6164,4303.652968,4781.836631,5260.020294
,,,,,6165,4303.652968,4781.836631,5260.020294
,,,,,6166,4303.652968,4781.836631,5260.020294
,,,,,6167,4303.652968,4781.836631,5260.020294
,,,,,6168,4303.652968,4781.836631,5260.020294
,,,,,6169,4303.652968,4781.836631,5260.020294
,,,,,6170,4303.652968,4781.836631,5260.020294
,,,,,6171,4303.652968,4781.836631,5260.020294
,,,,,6172,4303.652968,4781.836631,5260.020294
,,,,,6173,4303.652968,4781.836631,5260.020294
,,,,,6174,4303.652968,4781.836631,5260.020294
,,,,,6175,4303.652968,4781.836631,5260.020294
,,,,,6176,4303.652968,4781.836631,5260.020294
,,,,,6177,4303.652968,4781.836631,5260.020294
,,,,,6178,4303.652968,4781.836631,5260.020294
,,,,,6179,4303.652968,4781.836631,5260.020294
,,,,,6180,4303.652968,4781.836631,5260.020294
,,,,,6181,4303.652968,4781.836631,5260.020294
,,,,,6182,4303.652968,4781.836631,5260.020294
,,,,,6183,4303.652968,4781.836631,5260.020294
,,,,,6184,4303.652968,4781.836631,5260.020294
,,,,,6185,4303.652968,4781.836631,5260.020294
,,,,,6186,4303.652968,4781.836631,5260.020294
,,,,,6187,4303.652968,4781.836631,5260.020294
,,,,,6188,4303.652968,4781.836631,5260.020294
,,,,,6189,4303.652968,4781.836631,5260.020294
,,,,,6190,4303.652968,4781.836631,5260.020294
,,,,,6191,4303.652968,4781.836631,5260.020294
,,,,,6192,4303.652968,4781.836631,5260.020294
,,,,,6193,4303.652968,4781.836631,5260.020294
,,,,,6194,4303.652968,4781.836631,5260.020294
,,,,,6195,4303.652968,4781.836631,5260.020294
,,,,,6196,4303.652968,4781.836631,5260.020294
,,,,,6197,4303.652968,4781.836631,5260.020294
,,,,,6198,4303.652968,4781.836631,5260.020294
,,,,,6199,4303.652968,4781.836631,5260.020294
,,,,,6200,4303.652968,4781.836631,5260.020294
,,,,,6201,4303.652968,4781.836631,5260.020294
,,,,,6202,4303.652968,4781.836631,5260.020294
,,,,,6203,4303.652968,4781.836631,5260.020294
,,,,,6204,4303.652968,4781.836631,5260.020294
,,,,,6205,4303.652968,4781.836631,5260.020294
,,,,,6206,4303.652968,4781.836631,5260.020294
,,,,,6207,4303.652968,4781.836631,5260.020294
,,,,,6208,4303.652968,4781.836631,5260.020294
,,,,,6209,4303.652968,4781.836631,5260.020294
,,,,,6210,4303.652968,4781.836631,5260.020294
,,,,,6211,4303.652968,4781.836631,5260.020294
,,,,,6212,4303.652968,4781.836631,5260.020294
,,,,,6213,4303.652968,4781.836631,5260.020294
,,,,,6214,4303.652968,4781.836631,5260.020294
,,,,,6215,4303.652968,4781.836631,5260.020294
,,,,,6216,4303.652968,4781.836631,5260.020294
,,,,,6217,4303.652968,4781.836631,5260.020294
,,,,,6218,4303.652968,4781.836631,5260.020294
,,,,,6219,4303.652968,4781.836631,5260.020294
,,,,,6220,4303.652968,4781.836631,5260.020294
,,,,,6221,4303.652968,4781.836631,5260.020294
,,,,,6222,4303.652968,4781.836631,5260.020294
,,,,,6223,4303.652968,4781.836631,5260.020294
,,,,,6224,4303.652968,4781.836631,5260.020294
,,,,,6225,4303.652968,4781.836631,5260.020294
,,,,,6226,4303.652968,4781.836631,5260.020294
,,,,,6227,4303.652968,4781.836631,5260.020294
,,,,,6228,4303.652968,4781.836631,5260.020294
,,,,,6229,4303.652968,4781.836631,5260.020294
,,,,,6230,4303.652968,4781.836631,5260.020294
,,,,,6231,4303.652968,4781.836631,5260.020294
,,,,,6232,4303.652968,4781.836631,5260.020294
,,,,,6233,4303.652968,4781.836631,5260.020294
,,,,,6234,4303.652968,4781.836631,5260.020294
,,,,,6235,4303.652968,4781.836631,5260.020294
,,,,,6236,4303.652968,4781.836631,5260.020294
,,,,,6237,4303.652968,4781.836631,5260.020294
,,,,,6238,4303.652968,4781.836631,5260.020294
,,,,,6239,4303.652968,4781.836631,5260.020294
,,,,,6240,4303.652968,4781.836631,5260.020294
,,,,,6241,4303.652968,4781.836631,5260.020294
,,,,,6242,4303.652968,4781.836631,5260.020294
,,,,,6243,4303.652968,4781.836631,5260.020294
,,,,,6244,4303.652968,4781.836631,5260.020294
,,,,,6245,4303.652968,4781.836631,5260.020294
,,,,,6246,4303.652968,4781.836631,5260.020294
,,,,,6247,4303.652968,4781.836631,5260.020294
,,,,,6248,4303.652968,4781.836631,5260.020294
,,,,,6249,4303.652968,4781.836631,5260.020294
,,,,,6250,4303.652968,4781.836631,5260.020294
,,,,,6251,4303.652968,4781.836631,5260.020294
,,,,,6252,4303.652968,4781.836631,5260.020294
,,,,,6253,4303.652968,4781.836631,5260.020294
,,,,,6254,4303.652968,4781.836631,5260.020294
,,,,,6255,4303.652968,4781.836631,5260.020294
,,,,,6256,4303.652968,4781.836631,5260.020294
,,,,,6257,4303.652968,4781.836631,5260.020294
,,,,,6258,4303.652968,4781.836631,5260.020294
,,,,,6259,4303.652968,4781.836631,5260.020294
,,,,,6260,4303.652968,4781.836631,5260.020294
,,,,,6261,4303.652968,4781.836631,5260.020294
,,,,,6262,4303.652968,4781.836631,5260.020294
,,,,,6263,4303.652968,4781.836631,5260.020294
,,,,,6264,4303.652968,4781.836631,5260.020294
,,,,,6265,4303.652968,4781.836631,5260.020294
,,,,,6266,4303.652968,4781.836631,5260.020294
,,,,,6267,4303.652968,4781.836631,5260.020294
,,,,,6268,4303.652968,4781.836631,5260.020294
,,,,,6269,4303.652968,4781.836631,5260.020294
,,,,,6270,4303.652968,4781.836631,5260.020294
,,,,,6271,4303.652968,4781.836631,5260.020294
,,,,,6272,4303.652968,4781.836631,5260.020294
,,,,,6273,4303.652968,4781.836631,5260.020294
,,,,,6274,4303.652968,4781.836631,5260.020294
,,,,,6275,4303.652968,4781.836631,5260.020294
,,,,,6276,4303.652968,4781.836631,5260.020294
,,,,,6277,4303.652968,4781.836631,5260.020294
,,,,,6278,4303.652968,4781.836631,5260.020294
,,,,,6279,4303.652968,4781.836631,5260.020294
,,,,,6280,4303.652968,4781.836631,5260.020294
,,,,,6281,4303.652968,4781.836631,5260.020294
,,,,,6282,4303.652968,4781.836631,5260.020294
,,,,,6283,4303.652968,4781.836631,5260.020294
,,,,,6284,4303.652968,4781.836631,5260.020294
,,,,,6285,4303.652968,4781.836631,5260.020294
,,,,,6286,4303.652968,4781.836631,5260.020294
,,,,,6287,4303.652968,4781.836631,5260.020294
,,,,,6288,4303.652968,4781.836631,5260.020294
,,,,,6289,4303.652968,4781.836631,5260.020294
,,,,,6290,4303.652968,4781.836631,5260.020294
,,,,,6291,4303.652968,4781.836631,5260.020294
,,,,,6292,4303.652968,4781.836631,5260.020294
,,,,,6293,4303.652968,4781.836631,5260.020294
,,,,,6294,4303.652968,4781.836631,5260.020294
,,,,,6295,4303.652968,4781.836631,5260.020294
,,,,,6296,4303.652968,4781.836631,5260.020294
,,,,,6297,4303.652968,4781.836631,5260.020294
,,,,,6298,4303.652968,4781.836631,5260.020294
,,,,,6299,4303.652968,4781.836631,5260.020294
,,,,,6300,4303.652968,4781.836631,5260.020294
,,,,,6301,4303.652968,4781.836631,5260.020294
,,,,,6302,4303.652968,4781.836631,5260.020294
,,,,,6303,4303.652968,4781.836631,5260.020294
,,,,,6304,4303.652968,4781.836631,5260.020294
,,,,,6305,4303.652968,4781.836631,5260.020294
,,,,,6306,4303.652968,4781.836631,5260.020294
,,,,,6307,4303.652968,4781.836631,5260.020294
,,,,,6308,4303.652968,4781.836631,5260.020294
,,,,,6309,4303.652968,4781.836631,5260.020294
,,,,,6310,4303.652968,4781.836631,5260.020294
,,,,,6311,4303.652968,4781.836631,5260.020294
,,,,,6312,4303.652968,4781.836631,5260.020294
,,,,,6313,4303.652968,4781.836631,5260.020294
,,,,,6314,4303.652968,4781.836631,5260.020294
,,,,,6315,4303.652968,4781.836631,5260.020294
,,,,,6316,4303.652968,4781.836631,5260.020294
,,,,,6317,4303.652968,4781.836631,5260.020294
,,,,,6318,4303.652968,4781.836631,5260.020294
,,,,,6319,4303.652968,4781.836631,5260.020294
,,,,,6320,4303.652968,4781.836631,5260.020294
,,,,,6321,4303.652968,4781.836631,5260.020294
,,,,,6322,4303.652968,4781.836631,5260.020294
,,,,,6323,4303.652968,4781.836631,5260.020294
,,,,,6324,4303.652968,4781.836631,5260.020294
,,,,,6325,4303.652968,4781.836631,5260.020294
,,,,,6326,4303.652968,4781.836631,5260.020294
,,,,,6327,4303.652968,4781.836631,5260.020294
,,,,,6328,4303.652968,4781.836631,5260.020294
,,,,,6329,4303.652968,4781.836631,5260.020294
,,,,,6330,4303.652968,4781.836631,5260.020294
,,,,,6331,4303.652968,4781.836631,5260.020294
,,,,,6332,4303.652968,4781.836631,5260.020294
,,,,,6333,4303.652968,4781.836631,5260.020294
,,,,,6334,4303.652968,4781.836631,5260.020294
,,,,,6335,4303.652968,4781.836631,5260.020294
,,,,,6336,4303.652968,4781.836631,5260.020294
,,,,,6337,4303.652968,4781.836631,5260.020294
,,,,,6338,4303.652968,4781.836631,5260.020294
,,,,,6339,4303.652968,4781.836631,5260.020294
,,,,,6340,4303.652968,4781.836631,5260.020294
,,,,,6341,4303.652968,4781.836631,5260.020294
,,,,,6342,4303.652968,4781.836631,5260.020294
,,,,,6343,4303.652968,4781.836631,5260.020294
,,,,,6344,4303.652968,4781.836631,5260.020294
,,,,,6345,4303.652968,4781.836631,5260.020294
,,,,,6346,4303.652968,4781.836631,5260.020294
,,,,,6347,4303.652968,4781.836631,5260.020294
,,,,,6348,4303.652968,4781.836631,5260.020294
,,,,,6349,4303.652968,4781.836631,5260.020294
,,,,,6350,4303.652968,4781.836631,5260.020294
,,,,,6351,4303.652968,4781.836631,5260.020294
,,,,,6352,4303.652968,4781.836631,5260.020294
,,,,,6353,4303.652968,4781.836631,5260.020294
,,,,,6354,4303.652968,4781.836631,5260.020294
,,,,,6355,4303.652968,4781.836631,5260.020294
,,,,,6356,4303.652968,4781.836631,5260.020294
,,,,,6357,4303.652968,4781.836631,5260.020294
,,,,,6358,4303.652968,4781.836631,5260.020294
,,,,,6359,4303.652968,4781.836631,5260.020294
,,,,,6360,4303.652968,4781.836631,5260.020294
,,,,,6361,4303.652968,4781.836631,5260.020294
,,,,,6362,4303.652968,4781.836631,5260.020294
,,,,,6363,4303.652968,4781.836631,5260.020294
,,,,,6364,4303.652968,4781.836631,5260.020294
,,,,,6365,4303.652968,4781.836631,5260.020294
,,,,,6366,4303.652968,4781.836631,5260.020294
,,,,,6367,4303.652968,4781.836631,5260.020294
,,,,,6368,4303.652968,4781.836631,5260.020294
,,,,,6369,4303.652968,4781.836631,5260.020294
,,,,,6370,4303.652968,4781.836631,5260.020294
,,,,,6371,4303.652968,4781.836631,5260.020294
,,,,,6372,4303.652968,4781.836631,5260.020294
,,,,,6373,4303.652968,4781.836631,5260.020294
,,,,,6374,4303.652968,4781.836631,5260.020294
,,,,,6375,4303.652968,4781.836631,5260.020294
,,,,,6376,4303.652968,4781.836631,5260.020294
,,,,,6377,4303.652968,4781.836631,5260.020294
,,,,,6378,4303.652968,4781.836631,5260.020294
,,,,,6379,4303.652968,4781.836631,5260.020294
,,,,,6380,4303.652968,4781.836631,5260.020294
,,,,,6381,4303.652968,4781.836631,5260.020294
,,,,,6382,4303.652968,4781.836631,5260.020294
,,,,,6383,4303.652968,4781.836631,5260.020294
,,,,,6384,4303.652968,4781.836631,5260.020294
,,,,,6385,4303.652968,4781.836631,5260.020294
,,,,,6386,4303.652968,4781.836631,5260.020294
,,,,,6387,4303.652968,4781.836631,5260.020294
,,,,,6388,4303.652968,4781.836631,5260.020294
,,,,,6389,4303.652968,4781.836631,5260.020294
,,,,,6390,4303.652968,4781.836631,5260.020294
,,,,,6391,4303.652968,4781.836631,5260.020294
,,,,,6392,4303.652968,4781.836631,5260.020294
,,,,,6393,4303.652968,4781.836631,5260.020294
,,,,,6394,4303.652968,4781.836631,5260.020294
,,,,,6395,4303.652968,4781.836631,5260.020294
,,,,,6396,4303.652968,4781.836631,5260.020294
,,,,,6397,4303.652968,4781.836631,5260.020294
,,,,,6398,4303.652968,4781.836631,5260.020294
,,,,,6399,4303.652968,4781.836631,5260.020294
,,,,,6400,4303.652968,4781.836631,5260.020294
,,,,,6401,4303.652968,4781.836631,5260.020294
,,,,,6402,4303.652968,4781.836631,5260.020294
,,,,,6403,4303.652968,4781.836631,5260.020294
,,,,,6404,4303.652968,4781.836631,5260.020294
,,,,,6405,4303.652968,4781.836631,5260.020294
,,,,,6406,4303.652968,4781.836631,5260.020294
,,,,,6407,4303.652968,4781.836631,5260.020294
,,,,,6408,4303.652968,4781.836631,5260.020294
,,,,,6409,4303.652968,4781.836631,5260.020294
,,,,,6410,4303.652968,4781.836631,5260.020294
,,,,,6411,4303.652968,4781.836631,5260.020294
,,,,,6412,4303.652968,4781.836631,5260.020294
,,,,,6413,4303.652968,4781.836631,5260.020294
,,,,,6414,4303.652968,4781.836631,5260.020294
,,,,,6415,4303.652968,4781.836631,5260.020294
,,,,,6416,4303.652968,4781.836631,5260.020294
,,,,,6417,4303.652968,4781.836631,5260.020294
,,,,,6418,4303.652968,4781.836631,5260.020294
,,,,,6419,4303.652968,4781.836631,5260.020294
,,,,,6420,4303.652968,4781.836631,5260.020294
,,,,,6421,4303.652968,4781.836631,5260.020294
,,,,,6422,4303.652968,4781.836631,5260.020294
,,,,,6423,4303.652968,4781.836631,5260.020294
,,,,,6424,4303.652968,4781.836631,5260.020294
,,,,,6425,4303.652968,4781.836631,5260.020294
,,,,,6426,4303.652968,4781.836631,5260.020294
,,,,,6427,4303.652968,4781.836631,5260.020294
,,,,,6428,4303.652968,4781.836631,5260.020294
,,,,,6429,4303.652968,4781.836631,5260.020294
,,,,,6430,4303.652968,4781.836631,5260.020294
,,,,,6431,4303.652968,4781.836631,5260.020294
,,,,,6432,4303.652968,4781.836631,5260.020294
,,,,,6433,4303.652968,4781.836631,5260.020294
,,,,,6434,4303.652968,4781.836631,5260.020294
,,,,,6435,4303.652968,4781.836631,5260.020294
,,,,,6436,4303.652968,4781.836631,5260.020294
,,,,,6437,4303.652968,4781.836631,5260.020294
,,,,,6438,4303.652968,4781.836631,5260.020294
,,,,,6439,4303.652968,4781.836631,5260.020294
,,,,,6440,4303.652968,4781.836631,5260.020294
,,,,,6441,4303.652968,4781.836631,5260.020294
,,,,,6442,4303.652968,4781.836631,5260.020294
,,,,,6443,4303.652968,4781.836631,5260.020294
,,,,,6444,4303.652968,4781.836631,5260.020294
,,,,,6445,4303.652968,4781.836631,5260.020294
,,,,,6446,4303.652968,4781.836631,5260.020294
,,,,,6447,4303.652968,4781.836631,5260.020294
,,,,,6448,4303.652968,4781.836631,5260.020294
,,,,,6449,4303.652968,4781.836631,5260.020294
,,,,,6450,4303.652968,4781.836631,5260.020294
,,,,,6451,4303.652968,4781.836631,5260.020294
,,,,,6452,4303.652968,4781.836631,5260.020294
,,,,,6453,4303.652968,4781.836631,5260.020294
,,,,,6454,4303.652968,4781.836631,5260.020294
,,,,,6455,4303.652968,4781.836631,5260.020294
,,,,,6456,4303.652968,4781.836631,5260.020294
,,,,,6457,4303.652968,4781.836631,5260.020294
,,,,,6458,4303.652968,4781.836631,5260.020294
,,,,,6459,4303.652968,4781.836631,5260.020294
,,,,,6460,4303.652968,4781.836631,5260.020294
,,,,,6461,4303.652968,4781.836631,5260.020294
,,,,,6462,4303.652968,4781.836631,5260.020294
,,,,,6463,4303.652968,4781.836631,5260.020294
,,,,,6464,4303.652968,4781.836631,5260.020294
,,,,,6465,4303.652968,4781.836631,5260.020294
,,,,,6466,4303.652968,4781.836631,5260.020294
,,,,,6467,4303.652968,4781.836631,5260.020294
,,,,,6468,4303.652968,4781.836631,5260.020294
,,,,,6469,4303.652968,4781.836631,5260.020294
,,,,,6470,4303.652968,4781.836631,5260.020294
,,,,,6471,4303.652968,4781.836631,5260.020294
,,,,,6472,4303.652968,4781.836631,5260.020294
,,,,,6473,4303.652968,4781.836631,5260.020294
,,,,,6474,4303.652968,4781.836631,5260.020294
,,,,,6475,4303.652968,4781.836631,5260.020294
,,,,,6476,4303.652968,4781.836631,5260.020294
,,,,,6477,4303.652968,4781.836631,5260.020294
,,,,,6478,4303.652968,4781.836631,5260.020294
,,,,,6479,4303.652968,4781.836631,5260.020294
,,,,,6480,4303.652968,4781.836631,5260.020294
,,,,,6481,4303.652968,4781.836631,5260.020294
,,,,,6482,4303.652968,4781.836631,5260.020294
,,,,,6483,4303.652968,4781.836631,5260.020294
,,,,,6484,4303.652968,4781.836631,5260.020294
,,,,,6485,4303.652968,4781.836631,5260.020294
,,,,,6486,4303.652968,4781.836631,5260.020294
,,,,,6487,4303.652968,4781.836631,5260.020294
,,,,,6488,4303.652968,4781.836631,5260.020294
,,,,,6489,4303.652968,4781.836631,5260.020294
,,,,,6490,4303.652968,4781.836631,5260.020294
,,,,,6491,4303.652968,4781.836631,5260.020294
,,,,,6492,4303.652968,4781.836631,5260.020294
,,,,,6493,4303.652968,4781.836631,5260.020294
,,,,,6494,4303.652968,4781.836631,5260.020294
,,,,,6495,4303.652968,4781.836631,5260.020294
,,,,,6496,4303.652968,4781.836631,5260.020294
,,,,,6497,4303.652968,4781.836631,5260.020294
,,,,,6498,4303.652968,4781.836631,5260.020294
,,,,,6499,4303.652968,4781.836631,5260.020294
,,,,,6500,4303.652968,4781.836631,5260.020294
,,,,,6501,4303.652968,4781.836631,5260.020294
,,,,,6502,4303.652968,4781.836631,5260.020294
,,,,,6503,4303.652968,4781.836631,5260.020294
,,,,,6504,4303.652968,4781.836631,5260.020294
,,,,,6505,4303.652968,4781.836631,5260.020294
,,,,,6506,4303.652968,4781.836631,5260.020294
,,,,,6507,4303.652968,4781.836631,5260.020294
,,,,,6508,4303.652968,4781.836631,5260.020294
,,,,,6509,4303.652968,4781.836631,5260.020294
,,,,,6510,4303.652968,4781.836631,5260.020294
,,,,,6511,4303.652968,4781.836631,5260.020294
,,,,,6512,4303.652968,4781.836631,5260.020294
,,,,,6513,4303.652968,4781.836631,5260.020294
,,,,,6514,4303.652968,4781.836631,5260.020294
,,,,,6515,4303.652968,4781.836631,5260.020294
,,,,,6516,4303.652968,4781.836631,5260.020294
,,,,,6517,4303.652968,4781.836631,5260.020294
,,,,,6518,4303.652968,4781.836631,5260.020294
,,,,,6519,4303.652968,4781.836631,5260.020294
,,,,,6520,4303.652968,4781.836631,5260.020294
,,,,,6521,4303.652968,4781.836631,5260.020294
,,,,,6522,4303.652968,4781.836631,5260.020294
,,,,,6523,4303.652968,4781.836631,5260.020294
,,,,,6524,4303.652968,4781.836631,5260.020294
,,,,,6525,4303.652968,4781.836631,5260.020294
,,,,,6526,4303.652968,4781.836631,5260.020294
,,,,,6527,4303.652968,4781.836631,5260.020294
,,,,,6528,4303.652968,4781.836631,5260.020294
,,,,,6529,4303.652968,4781.836631,5260.020294
,,,,,6530,4303.652968,4781.836631,5260.020294
,,,,,6531,4303.652968,4781.836631,5260.020294
,,,,,6532,4303.652968,4781.836631,5260.020294
,,,,,6533,4303.652968,4781.836631,5260.020294
,,,,,6534,4303.652968,4781.836631,5260.020294
,,,,,6535,4303.652968,4781.836631,5260.020294
,,,,,6536,4303.652968,4781.836631,5260.020294
,,,,,6537,4303.652968,4781.836631,5260.020294
,,,,,6538,4303.652968,4781.836631,5260.020294
,,,,,6539,4303.652968,4781.836631,5260.020294
,,,,,6540,4303.652968,4781.836631,5260.020294
,,,,,6541,4303.652968,4781.836631,5260.020294
,,,,,6542,4303.652968,4781.836631,5260.020294
,,,,,6543,4303.652968,4781.836631,5260.020294
,,,,,6544,4303.652968,4781.836631,5260.020294
,,,,,6545,4303.652968,4781.836631,5260.020294
,,,,,6546,4303.652968,4781.836631,5260.020294
,,,,,6547,4303.652968,4781.836631,5260.020294
,,,,,6548,4303.652968,4781.836631,5260.020294
,,,,,6549,4303.652968,4781.836631,5260.020294
,,,,,6550,4303.652968,4781.836631,5260.020294
,,,,,6551,4303.652968,4781.836631,5260.020294
,,,,,6552,4303.652968,4781.836631,5260.020294
,,,,,6553,4303.652968,4781.836631,5260.020294
,,,,,6554,4303.652968,4781.836631,5260.020294
,,,,,6555,4303.652968,4781.836631,5260.020294
,,,,,6556,4303.652968,4781.836631,5260.020294
,,,,,6557,4303.652968,4781.836631,5260.020294
,,,,,6558,4303.652968,4781.836631,5260.020294
,,,,,6559,4303.652968,4781.836631,5260.020294
,,,,,6560,4303.652968,4781.836631,5260.020294
,,,,,6561,4303.652968,4781.836631,5260.020294
,,,,,6562,4303.652968,4781.836631,5260.020294
,,,,,6563,4303.652968,4781.836631,5260.020294
,,,,,6564,4303.652968,4781.836631,5260.020294
,,,,,6565,4303.652968,4781.836631,5260.020294
,,,,,6566,4303.652968,4781.836631,5260.020294
,,,,,6567,4303.652968,4781.836631,5260.020294
,,,,,6568,4303.652968,4781.836631,5260.020294
,,,,,6569,4303.652968,4781.836631,5260.020294
,,,,,6570,4303.652968,4781.836631,5260.020294
,,,,,6571,4303.652968,4781.836631,5260.020294
,,,,,6572,4303.652968,4781.836631,5260.020294
,,,,,6573,4303.652968,4781.836631,5260.020294
,,,,,6574,4303.652968,4781.836631,5260.020294
,,,,,6575,4303.652968,4781.836631,5260.020294
,,,,,6576,4303.652968,4781.836631,5260.020294
,,,,,6577,4303.652968,4781.836631,5260.020294
,,,,,6578,4303.652968,4781.836631,5260.020294
,,,,,6579,4303.652968,4781.836631,5260.020294
,,,,,6580,4303.652968,4781.836631,5260.020294
,,,,,6581,4303.652968,4781.836631,5260.020294
,,,,,6582,4303.652968,4781.836631,5260.020294
,,,,,6583,4303.652968,4781.836631,5260.020294
,,,,,6584,4303.652968,4781.836631,5260.020294
,,,,,6585,4303.652968,4781.836631,5260.020294
,,,,,6586,4303.652968,4781.836631,5260.020294
,,,,,6587,4303.652968,4781.836631,5260.020294
,,,,,6588,4303.652968,4781.836631,5260.020294
,,,,,6589,4303.652968,4781.836631,5260.020294
,,,,,6590,4303.652968,4781.836631,5260.020294
,,,,,6591,4303.652968,4781.836631,5260.020294
,,,,,6592,4303.652968,4781.836631,5260.020294
,,,,,6593,4303.652968,4781.836631,5260.020294
,,,,,6594,4303.652968,4781.836631,5260.020294
,,,,,6595,4303.652968,4781.836631,5260.020294
,,,,,6596,4303.652968,4781.836631,5260.020294
,,,,,6597,4303.652968,4781.836631,5260.020294
,,,,,6598,4303.652968,4781.836631,5260.020294
,,,,,6599,4303.652968,4781.836631,5260.020294
,,,,,6600,4303.652968,4781.836631,5260.020294
,,,,,6601,4303.652968,4781.836631,5260.020294
,,,,,6602,4303.652968,4781.836631,5260.020294
,,,,,6603,4303.652968,4781.836631,5260.020294
,,,,,6604,4303.652968,4781.836631,5260.020294
,,,,,6605,4303.652968,4781.836631,5260.020294
,,,,,6606,4303.652968,4781.836631,5260.020294
,,,,,6607,4303.652968,4781.836631,5260.020294
,,,,,6608,4303.652968,4781.836631,5260.020294
,,,,,6609,4303.652968,4781.836631,5260.020294
,,,,,6610,4303.652968,4781.836631,5260.020294
,,,,,6611,4303.652968,4781.836631,5260.020294
,,,,,6612,4303.652968,4781.836631,5260.020294
,,,,,6613,4303.652968,4781.836631,5260.020294
,,,,,6614,4303.652968,4781.836631,5260.020294
,,,,,6615,4303.652968,4781.836631,5260.020294
,,,,,6616,4303.652968,4781.836631,5260.020294
,,,,,6617,4303.652968,4781.836631,5260.020294
,,,,,6618,4303.652968,4781.836631,5260.020294
,,,,,6619,4303.652968,4781.836631,5260.020294
,,,,,6620,4303.652968,4781.836631,5260.020294
,,,,,6621,4303.652968,4781.836631,5260.020294
,,,,,6622,4303.652968,4781.836631,5260.020294
,,,,,6623,4303.652968,4781.836631,5260.020294
,,,,,6624,4303.652968,4781.836631,5260.020294
,,,,,6625,4303.652968,4781.836631,5260.020294
,,,,,6626,4303.652968,4781.836631,5260.020294
,,,,,6627,4303.652968,4781.836631,5260.020294
,,,,,6628,4303.652968,4781.836631,5260.020294
,,,,,6629,4303.652968,4781.836631,5260.020294
,,,,,6630,4303.652968,4781.836631,5260.020294
,,,,,6631,4303.652968,4781.836631,5260.020294
,,,,,6632,4303.652968,4781.836631,5260.020294
,,,,,6633,4303.652968,4781.836631,5260.020294
,,,,,6634,4303.652968,4781.836631,5260.020294
,,,,,6635,4303.652968,4781.836631,5260.020294
,,,,,6636,4303.652968,4781.836631,5260.020294
,,,,,6637,4303.652968,4781.836631,5260.020294
,,,,,6638,4303.652968,4781.836631,5260.020294
,,,,,6639,4303.652968,4781.836631,5260.020294
,,,,,6640,4303.652968,4781.836631,5260.020294
,,,,,6641,4303.652968,4781.836631,5260.020294
,,,,,6642,4303.652968,4781.836631,5260.020294
,,,,,6643,4303.652968,4781.836631,5260.020294
,,,,,6644,4303.652968,4781.836631,5260.020294
,,,,,6645,4303.652968,4781.836631,5260.020294
,,,,,6646,4303.652968,4781.836631,5260.020294
,,,,,6647,4303.652968,4781.836631,5260.020294
,,,,,6648,4303.652968,4781.836631,5260.020294
,,,,,6649,4303.652968,4781.836631,5260.020294
,,,,,6650,4303.652968,4781.836631,5260.020294
,,,,,6651,4303.652968,4781.836631,5260.020294
,,,,,6652,4303.652968,4781.836631,5260.020294
,,,,,6653,4303.652968,4781.836631,5260.020294
,,,,,6654,4303.652968,4781.836631,5260.020294
,,,,,6655,4303.652968,4781.836631,5260.020294
,,,,,6656,4303.652968,4781.836631,5260.020294
,,,,,6657,4303.652968,4781.836631,5260.020294
,,,,,6658,4303.652968,4781.836631,5260.020294
,,,,,6659,4303.652968,4781.836631,5260.020294
,,,,,6660,4303.652968,4781.836631,5260.020294
,,,,,6661,4303.652968,4781.836631,5260.020294
,,,,,6662,4303.652968,4781.836631,5260.020294
,,,,,6663,4303.652968,4781.836631,5260.020294
,,,,,6664,4303.652968,4781.836631,5260.020294
,,,,,6665,4303.652968,4781.836631,5260.020294
,,,,,6666,4303.652968,4781.836631,5260.020294
,,,,,6667,4303.652968,4781.836631,5260.020294
,,,,,6668,4303.652968,4781.836631,5260.020294
,,,,,6669,4303.652968,4781.836631,5260.020294
,,,,,6670,4303.652968,4781.836631,5260.020294
,,,,,6671,4303.652968,4781.836631,5260.020294
,,,,,6672,4303.652968,4781.836631,5260.020294
,,,,,6673,4303.652968,4781.836631,5260.020294
,,,,,6674,4303.652968,4781.836631,5260.020294
,,,,,6675,4303.652968,4781.836631,5260.020294
,,,,,6676,4303.652968,4781.836631,5260.020294
,,,,,6677,4303.652968,4781.836631,5260.020294
,,,,,6678,4303.652968,4781.836631,5260.020294
,,,,,6679,4303.652968,4781.836631,5260.020294
,,,,,6680,4303.652968,4781.836631,5260.020294
,,,,,6681,4303.652968,4781.836631,5260.020294
,,,,,6682,4303.652968,4781.836631,5260.020294
,,,,,6683,4303.652968,4781.836631,5260.020294
,,,,,6684,4303.652968,4781.836631,5260.020294
,,,,,6685,4303.652968,4781.836631,5260.020294
,,,,,6686,4303.652968,4781.836631,5260.020294
,,,,,6687,4303.652968,4781.836631,5260.020294
,,,,,6688,4303.652968,4781.836631,5260.020294
,,,,,6689,4303.652968,4781.836631,5260.020294
,,,,,6690,4303.652968,4781.836631,5260.020294
,,,,,6691,4303.652968,4781.836631,5260.020294
,,,,,6692,4303.652968,4781.836631,5260.020294
,,,,,6693,4303.652968,4781.836631,5260.020294
,,,,,6694,4303.652968,4781.836631,5260.020294
,,,,,6695,4303.652968,4781.836631,5260.020294
,,,,,6696,4303.652968,4781.836631,5260.020294
,,,,,6697,4303.652968,4781.836631,5260.020294
,,,,,6698,4303.652968,4781.836631,5260.020294
,,,,,6699,4303.652968,4781.836631,5260.020294
,,,,,6700,4303.652968,4781.836631,5260.020294
,,,,,6701,4303.652968,4781.836631,5260.020294
,,,,,6702,4303.652968,4781.836631,5260.020294
,,,,,6703,4303.652968,4781.836631,5260.020294
,,,,,6704,4303.652968,4781.836631,5260.020294
,,,,,6705,4303.652968,4781.836631,5260.020294
,,,,,6706,4303.652968,4781.836631,5260.020294
,,,,,6707,4303.652968,4781.836631,5260.020294
,,,,,6708,4303.652968,4781.836631,5260.020294
,,,,,6709,4303.652968,4781.836631,5260.020294
,,,,,6710,4303.652968,4781.836631,5260.020294
,,,,,6711,4303.652968,4781.836631,5260.020294
,,,,,6712,4303.652968,4781.836631,5260.020294
,,,,,6713,4303.652968,4781.836631,5260.020294
,,,,,6714,4303.652968,4781.836631,5260.020294
,,,,,6715,4303.652968,4781.836631,5260.020294
,,,,,6716,4303.652968,4781.836631,5260.020294
,,,,,6717,4303.652968,4781.836631,5260.020294
,,,,,6718,4303.652968,4781.836631,5260.020294
,,,,,6719,4303.652968,4781.836631,5260.020294
,,,,,6720,4303.652968,4781.836631,5260.020294
,,,,,6721,4303.652968,4781.836631,5260.020294
,,,,,6722,4303.652968,4781.836631,5260.020294
,,,,,6723,4303.652968,4781.836631,5260.020294
,,,,,6724,4303.652968,4781.836631,5260.020294
,,,,,6725,4303.652968,4781.836631,5260.020294
,,,,,6726,4303.652968,4781.836631,5260.020294
,,,,,6727,4303.652968,4781.836631,5260.020294
,,,,,6728,4303.652968,4781.836631,5260.020294
,,,,,6729,4303.652968,4781.836631,5260.020294
,,,,,6730,4303.652968,4781.836631,5260.020294
,,,,,6731,4303.652968,4781.836631,5260.020294
,,,,,6732,4303.652968,4781.836631,5260.020294
,,,,,6733,4303.652968,4781.836631,5260.020294
,,,,,6734,4303.652968,4781.836631,5260.020294
,,,,,6735,4303.652968,4781.836631,5260.020294
,,,,,6736,4303.652968,4781.836631,5260.020294
,,,,,6737,4303.652968,4781.836631,5260.020294
,,,,,6738,4303.652968,4781.836631,5260.020294
,,,,,6739,4303.652968,4781.836631,5260.020294
,,,,,6740,4303.652968,4781.836631,5260.020294
,,,,,6741,4303.652968,4781.836631,5260.020294
,,,,,6742,4303.652968,4781.836631,5260.020294
,,,,,6743,4303.652968,4781.836631,5260.020294
,,,,,6744,4303.652968,4781.836631,5260.020294
,,,,,6745,4303.652968,4781.836631,5260.020294
,,,,,6746,4303.652968,4781.836631,5260.020294
,,,,,6747,4303.652968,4781.836631,5260.020294
,,,,,6748,4303.652968,4781.836631,5260.020294
,,,,,6749,4303.652968,4781.836631,5260.020294
,,,,,6750,4303.652968,4781.836631,5260.020294
,,,,,6751,4303.652968,4781.836631,5260.020294
,,,,,6752,4303.652968,4781.836631,5260.020294
,,,,,6753,4303.652968,4781.836631,5260.020294
,,,,,6754,4303.652968,4781.836631,5260.020294
,,,,,6755,4303.652968,4781.836631,5260.020294
,,,,,6756,4303.652968,4781.836631,5260.020294
,,,,,6757,4303.652968,4781.836631,5260.020294
,,,,,6758,4303.652968,4781.836631,5260.020294
,,,,,6759,4303.652968,4781.836631,5260.020294
,,,,,6760,4303.652968,4781.836631,5260.020294
,,,,,6761,4303.652968,4781.836631,5260.020294
,,,,,6762,4303.652968,4781.836631,5260.020294
,,,,,6763,4303.652968,4781.836631,5260.020294
,,,,,6764,4303.652968,4781.836631,5260.020294
,,,,,6765,4303.652968,4781.836631,5260.020294
,,,,,6766,4303.652968,4781.836631,5260.020294
,,,,,6767,4303.652968,4781.836631,5260.020294
,,,,,6768,4303.652968,4781.836631,5260.020294
,,,,,6769,4303.652968,4781.836631,5260.020294
,,,,,6770,4303.652968,4781.836631,5260.020294
,,,,,6771,4303.652968,4781.836631,5260.020294
,,,,,6772,4303.652968,4781.836631,5260.020294
,,,,,6773,4303.652968,4781.836631,5260.020294
,,,,,6774,4303.652968,4781.836631,5260.020294
,,,,,6775,4303.652968,4781.836631,5260.020294
,,,,,6776,4303.652968,4781.836631,5260.020294
,,,,,6777,4303.652968,4781.836631,5260.020294
,,,,,6778,4303.652968,4781.836631,5260.020294
,,,,,6779,4303.652968,4781.836631,5260.020294
,,,,,6780,4303.652968,4781.836631,5260.020294
,,,,,6781,4303.652968,4781.836631,5260.020294
,,,,,6782,4303.652968,4781.836631,5260.020294
,,,,,6783,4303.652968,4781.836631,5260.020294
,,,,,6784,4303.652968,4781.836631,5260.020294
,,,,,6785,4303.652968,4781.836631,5260.020294
,,,,,6786,4303.652968,4781.836631,5260.020294
,,,,,6787,4303.652968,4781.836631,5260.020294
,,,,,6788,4303.652968,4781.836631,5260.020294
,,,,,6789,4303.652968,4781.836631,5260.020294
,,,,,6790,4303.652968,4781.836631,5260.020294
,,,,,6791,4303.652968,4781.836631,5260.020294
,,,,,6792,4303.652968,4781.836631,5260.020294
,,,,,6793,4303.652968,4781.836631,5260.020294
,,,,,6794,4303.652968,4781.836631,5260.020294
,,,,,6795,4303.652968,4781.836631,5260.020294
,,,,,6796,4303.652968,4781.836631,5260.020294
,,,,,6797,4303.652968,4781.836631,5260.020294
,,,,,6798,4303.652968,4781.836631,5260.020294
,,,,,6799,4303.652968,4781.836631,5260.020294
,,,,,6800,4303.652968,4781.836631,5260.020294
,,,,,6801,4303.652968,4781.836631,5260.020294
,,,,,6802,4303.652968,4781.836631,5260.020294
,,,,,6803,4303.652968,4781.836631,5260.020294
,,,,,6804,4303.652968,4781.836631,5260.020294
,,,,,6805,4303.652968,4781.836631,5260.020294
,,,,,6806,4303.652968,4781.836631,5260.020294
,,,,,6807,4303.652968,4781.836631,5260.020294
,,,,,6808,4303.652968,4781.836631,5260.020294
,,,,,6809,4303.652968,4781.836631,5260.020294
,,,,,6810,4303.652968,4781.836631,5260.020294
,,,,,6811,4303.652968,4781.836631,5260.020294
,,,,,6812,4303.652968,4781.836631,5260.020294
,,,,,6813,4303.652968,4781.836631,5260.020294
,,,,,6814,4303.652968,4781.836631,5260.020294
,,,,,6815,4303.652968,4781.836631,5260.020294
,,,,,6816,4303.652968,4781.836631,5260.020294
,,,,,6817,4303.652968,4781.836631,5260.020294
,,,,,6818,4303.652968,4781.836631,5260.020294
,,,,,6819,4303.652968,4781.836631,5260.020294
,,,,,6820,4303.652968,4781.836631,5260.020294
,,,,,6821,4303.652968,4781.836631,5260.020294
,,,,,6822,4303.652968,4781.836631,5260.020294
,,,,,6823,4303.652968,4781.836631,5260.020294
,,,,,6824,4303.652968,4781.836631,5260.020294
,,,,,6825,4303.652968,4781.836631,5260.020294
,,,,,6826,4303.652968,4781.836631,5260.020294
,,,,,6827,4303.652968,4781.836631,5260.020294
,,,,,6828,4303.652968,4781.836631,5260.020294
,,,,,6829,4303.652968,4781.836631,5260.020294
,,,,,6830,4303.652968,4781.836631,5260.020294
,,,,,6831,4303.652968,4781.836631,5260.020294
,,,,,6832,4303.652968,4781.836631,5260.020294
,,,,,6833,4303.652968,4781.836631,5260.020294
,,,,,6834,4303.652968,4781.836631,5260.020294
,,,,,6835,4303.652968,4781.836631,5260.020294
,,,,,6836,4303.652968,4781.836631,5260.020294
,,,,,6837,4303.652968,4781.836631,5260.020294
,,,,,6838,4303.652968,4781.836631,5260.020294
,,,,,6839,4303.652968,4781.836631,5260.020294
,,,,,6840,4303.652968,4781.836631,5260.020294
,,,,,6841,4303.652968,4781.836631,5260.020294
,,,,,6842,4303.652968,4781.836631,5260.020294
,,,,,6843,4303.652968,4781.836631,5260.020294
,,,,,6844,4303.652968,4781.836631,5260.020294
,,,,,6845,4303.652968,4781.836631,5260.020294
,,,,,6846,4303.652968,4781.836631,5260.020294
,,,,,6847,4303.652968,4781.836631,5260.020294
,,,,,6848,4303.652968,4781.836631,5260.020294
,,,,,6849,4303.652968,4781.836631,5260.020294
,,,,,6850,4303.652968,4781.836631,5260.020294
,,,,,6851,4303.652968,4781.836631,5260.020294
,,,,,6852,4303.652968,4781.836631,5260.020294
,,,,,6853,4303.652968,4781.836631,5260.020294
,,,,,6854,4303.652968,4781.836631,5260.020294
,,,,,6855,4303.652968,4781.836631,5260.020294
,,,,,6856,4303.652968,4781.836631,5260.020294
,,,,,6857,4303.652968,4781.836631,5260.020294
,,,,,6858,4303.652968,4781.836631,5260.020294
,,,,,6859,4303.652968,4781.836631,5260.020294
,,,,,6860,4303.652968,4781.836631,5260.020294
,,,,,6861,4303.652968,4781.836631,5260.020294
,,,,,6862,4303.652968,4781.836631,5260.020294
,,,,,6863,4303.652968,4781.836631,5260.020294
,,,,,6864,4303.652968,4781.836631,5260.020294
,,,,,6865,4303.652968,4781.836631,5260.020294
,,,,,6866,4303.652968,4781.836631,5260.020294
,,,,,6867,4303.652968,4781.836631,5260.020294
,,,,,6868,4303.652968,4781.836631,5260.020294
,,,,,6869,4303.652968,4781.836631,5260.020294
,,,,,6870,4303.652968,4781.836631,5260.020294
,,,,,6871,4303.652968,4781.836631,5260.020294
,,,,,6872,4303.652968,4781.836631,5260.020294
,,,,,6873,4303.652968,4781.836631,5260.020294
,,,,,6874,4303.652968,4781.836631,5260.020294
,,,,,6875,4303.652968,4781.836631,5260.020294
,,,,,6876,4303.652968,4781.836631,5260.020294
,,,,,6877,4303.652968,4781.836631,5260.020294
,,,,,6878,4303.652968,4781.836631,5260.020294
,,,,,6879,4303.652968,4781.836631,5260.020294
,,,,,6880,4303.652968,4781.836631,5260.020294
,,,,,6881,4303.652968,4781.836631,5260.020294
,,,,,6882,4303.652968,4781.836631,5260.020294
,,,,,6883,4303.652968,4781.836631,5260.020294
,,,,,6884,4303.652968,4781.836631,5260.020294
,,,,,6885,4303.652968,4781.836631,5260.020294
,,,,,6886,4303.652968,4781.836631,5260.020294
,,,,,6887,4303.652968,4781.836631,5260.020294
,,,,,6888,4303.652968,4781.836631,5260.020294
,,,,,6889,4303.652968,4781.836631,5260.020294
,,,,,6890,4303.652968,4781.836631,5260.020294
,,,,,6891,4303.652968,4781.836631,5260.020294
,,,,,6892,4303.652968,4781.836631,5260.020294
,,,,,6893,4303.652968,4781.836631,5260.020294
,,,,,6894,4303.652968,4781.836631,5260.020294
,,,,,6895,4303.652968,4781.836631,5260.020294
,,,,,6896,4303.652968,4781.836631,5260.020294
,,,,,6897,4303.652968,4781.836631,5260.020294
,,,,,6898,4303.652968,4781.836631,5260.020294
,,,,,6899,4303.652968,4781.836631,5260.020294
,,,,,6900,4303.652968,4781.836631,5260.020294
,,,,,6901,4303.652968,4781.836631,5260.020294
,,,,,6902,4303.652968,4781.836631,5260.020294
,,,,,6903,4303.652968,4781.836631,5260.020294
,,,,,6904,4303.652968,4781.836631,5260.020294
,,,,,6905,4303.652968,4781.836631,5260.020294
,,,,,6906,4303.652968,4781.836631,5260.020294
,,,,,6907,4303.652968,4781.836631,5260.020294
,,,,,6908,4303.652968,4781.836631,5260.020294
,,,,,6909,4303.652968,4781.836631,5260.020294
,,,,,6910,4303.652968,4781.836631,5260.020294
,,,,,6911,4303.652968,4781.836631,5260.020294
,,,,,6912,4303.652968,4781.836631,5260.020294
,,,,,6913,4303.652968,4781.836631,5260.020294
,,,,,6914,4303.652968,4781.836631,5260.020294
,,,,,6915,4303.652968,4781.836631,5260.020294
,,,,,6916,4303.652968,4781.836631,5260.020294
,,,,,6917,4303.652968,4781.836631,5260.020294
,,,,,6918,4303.652968,4781.836631,5260.020294
,,,,,6919,4303.652968,4781.836631,5260.020294
,,,,,6920,4303.652968,4781.836631,5260.020294
,,,,,6921,4303.652968,4781.836631,5260.020294
,,,,,6922,4303.652968,4781.836631,5260.020294
,,,,,6923,4303.652968,4781.836631,5260.020294
,,,,,6924,4303.652968,4781.836631,5260.020294
,,,,,6925,4303.652968,4781.836631,5260.020294
,,,,,6926,4303.652968,4781.836631,5260.020294
,,,,,6927,4303.652968,4781.836631,5260.020294
,,,,,6928,4303.652968,4781.836631,5260.020294
,,,,,6929,4303.652968,4781.836631,5260.020294
,,,,,6930,4303.652968,4781.836631,5260.020294
,,,,,6931,4303.652968,4781.836631,5260.020294
,,,,,6932,4303.652968,4781.836631,5260.020294
,,,,,6933,4303.652968,4781.836631,5260.020294
,,,,,6934,4303.652968,4781.836631,5260.020294
,,,,,6935,4303.652968,4781.836631,5260.020294
,,,,,6936,4303.652968,4781.836631,5260.020294
,,,,,6937,4303.652968,4781.836631,5260.020294
,,,,,6938,4303.652968,4781.836631,5260.020294
,,,,,6939,4303.652968,4781.836631,5260.020294
,,,,,6940,4303.652968,4781.836631,5260.020294
,,,,,6941,4303.652968,4781.836631,5260.020294
,,,,,6942,4303.652968,4781.836631,5260.020294
,,,,,6943,4303.652968,4781.836631,5260.020294
,,,,,6944,4303.652968,4781.836631,5260.020294
,,,,,6945,4303.652968,4781.836631,5260.020294
,,,,,6946,4303.652968,4781.836631,5260.020294
,,,,,6947,4303.652968,4781.836631,5260.020294
,,,,,6948,4303.652968,4781.836631,5260.020294
,,,,,6949,4303.652968,4781.836631,5260.020294
,,,,,6950,4303.652968,4781.836631,5260.020294
,,,,,6951,4303.652968,4781.836631,5260.020294
,,,,,6952,4303.652968,4781.836631,5260.020294
,,,,,6953,4303.652968,4781.836631,5260.020294
,,,,,6954,4303.652968,4781.836631,5260.020294
,,,,,6955,4303.652968,4781.836631,5260.020294
,,,,,6956,4303.652968,4781.836631,5260.020294
,,,,,6957,4303.652968,4781.836631,5260.020294
,,,,,6958,4303.652968,4781.836631,5260.020294
,,,,,6959,4303.652968,4781.836631,5260.020294
,,,,,6960,4303.652968,4781.836631,5260.020294
,,,,,6961,4303.652968,4781.836631,5260.020294
,,,,,6962,4303.652968,4781.836631,5260.020294
,,,,,6963,4303.652968,4781.836631,5260.020294
,,,,,6964,4303.652968,4781.836631,5260.020294
,,,,,6965,4303.652968,4781.836631,5260.020294
,,,,,6966,4303.652968,4781.836631,5260.020294
,,,,,6967,4303.652968,4781.836631,5260.020294
,,,,,6968,4303.652968,4781.836631,5260.020294
,,,,,6969,4303.652968,4781.836631,5260.020294
,,,,,6970,4303.652968,4781.836631,5260.020294
,,,,,6971,4303.652968,4781.836631,5260.020294
,,,,,6972,4303.652968,4781.836631,5260.020294
,,,,,6973,4303.652968,4781.836631,5260.020294
,,,,,6974,4303.652968,4781.836631,5260.020294
,,,,,6975,4303.652968,4781.836631,5260.020294
,,,,,6976,4303.652968,4781.836631,5260.020294
,,,,,6977,4303.652968,4781.836631,5260.020294
,,,,,6978,4303.652968,4781.836631,5260.020294
,,,,,6979,4303.652968,4781.836631,5260.020294
,,,,,6980,4303.652968,4781.836631,5260.020294
,,,,,6981,4303.652968,4781.836631,5260.020294
,,,,,6982,4303.652968,4781.836631,5260.020294
,,,,,6983,4303.652968,4781.836631,5260.020294
,,,,,6984,4303.652968,4781.836631,5260.020294
,,,,,6985,4303.652968,4781.836631,5260.020294
,,,,,6986,4303.652968,4781.836631,5260.020294
,,,,,6987,4303.652968,4781.836631,5260.020294
,,,,,6988,4303.652968,4781.836631,5260.020294
,,,,,6989,4303.652968,4781.836631,5260.020294
,,,,,6990,4303.652968,4781.836631,5260.020294
,,,,,6991,4303.652968,4781.836631,5260.020294
,,,,,6992,4303.652968,4781.836631,5260.020294
,,,,,6993,4303.652968,4781.836631,5260.020294
,,,,,6994,4303.652968,4781.836631,5260.020294
,,,,,6995,4303.652968,4781.836631,5260.020294
,,,,,6996,4303.652968,4781.836631,5260.020294
,,,,,6997,4303.652968,4781.836631,5260.020294
,,,,,6998,4303.652968,4781.836631,5260.020294
,,,,,6999,4303.652968,4781.836631,5260.020294
,,,,,7000,4303.652968,4781.836631,5260.020294
,,,,,7001,4303.652968,4781.836631,5260.020294
,,,,,7002,4303.652968,4781.836631,5260.020294
,,,,,7003,4303.652968,4781.836631,5260.020294
,,,,,7004,4303.652968,4781.836631,5260.020294
,,,,,7005,4303.652968,4781.836631,5260.020294
,,,,,7006,4303.652968,4781.836631,5260.020294
,,,,,7007,4303.652968,4781.836631,5260.020294
,,,,,7008,4303.652968,4781.836631,5260.020294
,,,,,7009,4303.652968,4781.836631,5260.020294
,,,,,7010,4303.652968,4781.836631,5260.020294
,,,,,7011,4303.652968,4781.836631,5260.020294
,,,,,7012,4303.652968,4781.836631,5260.020294
,,,,,7013,4303.652968,4781.836631,5260.020294
,,,,,7014,4303.652968,4781.836631,5260.020294
,,,,,7015,4303.652968,4781.836631,5260.020294
,,,,,7016,4303.652968,4781.836631,5260.020294
,,,,,7017,4303.652968,4781.836631,5260.020294
,,,,,7018,4303.652968,4781.836631,5260.020294
,,,,,7019,4303.652968,4781.836631,5260.020294
,,,,,7020,4303.652968,4781.836631,5260.020294
,,,,,7021,4303.652968,4781.836631,5260.020294
,,,,,7022,4303.652968,4781.836631,5260.020294
,,,,,7023,4303.652968,4781.836631,5260.020294
,,,,,7024,4303.652968,4781.836631,5260.020294
,,,,,7025,4303.652968,4781.836631,5260.020294
,,,,,7026,4303.652968,4781.836631,5260.020294
,,,,,7027,4303.652968,4781.836631,5260.020294
,,,,,7028,4303.652968,4781.836631,5260.020294
,,,,,7029,4303.652968,4781.836631,5260.020294
,,,,,7030,4303.652968,4781.836631,5260.020294
,,,,,7031,4303.652968,4781.836631,5260.020294
,,,,,7032,4303.652968,4781.836631,5260.020294
,,,,,7033,4303.652968,4781.836631,5260.020294
,,,,,7034,4303.652968,4781.836631,5260.020294
,,,,,7035,4303.652968,4781.836631,5260.020294
,,,,,7036,4303.652968,4781.836631,5260.020294
,,,,,7037,4303.652968,4781.836631,5260.020294
,,,,,7038,4303.652968,4781.836631,5260.020294
,,,,,7039,4303.652968,4781.836631,5260.020294
,,,,,7040,4303.652968,4781.836631,5260.020294
,,,,,7041,4303.652968,4781.836631,5260.020294
,,,,,7042,4303.652968,4781.836631,5260.020294
,,,,,7043,4303.652968,4781.836631,5260.020294
,,,,,7044,4303.652968,4781.836631,5260.020294
,,,,,7045,4303.652968,4781.836631,5260.020294
,,,,,7046,4303.652968,4781.836631,5260.020294
,,,,,7047,4303.652968,4781.836631,5260.020294
,,,,,7048,4303.652968,4781.836631,5260.020294
,,,,,7049,4303.652968,4781.836631,5260.020294
,,,,,7050,4303.652968,4781.836631,5260.020294
,,,,,7051,4303.652968,4781.836631,5260.020294
,,,,,7052,4303.652968,4781.836631,5260.020294
,,,,,7053,4303.652968,4781.836631,5260.020294
,,,,,7054,4303.652968,4781.836631,5260.020294
,,,,,7055,4303.652968,4781.836631,5260.020294
,,,,,7056,4303.652968,4781.836631,5260.020294
,,,,,7057,4303.652968,4781.836631,5260.020294
,,,,,7058,4303.652968,4781.836631,5260.020294
,,,,,7059,4303.652968,4781.836631,5260.020294
,,,,,7060,4303.652968,4781.836631,5260.020294
,,,,,7061,4303.652968,4781.836631,5260.020294
,,,,,7062,4303.652968,4781.836631,5260.020294
,,,,,7063,4303.652968,4781.836631,5260.020294
,,,,,7064,4303.652968,4781.836631,5260.020294
,,,,,7065,4303.652968,4781.836631,5260.020294
,,,,,7066,4303.652968,4781.836631,5260.020294
,,,,,7067,4303.652968,4781.836631,5260.020294
,,,,,7068,4303.652968,4781.836631,5260.020294
,,,,,7069,4303.652968,4781.836631,5260.020294
,,,,,7070,4303.652968,4781.836631,5260.020294
,,,,,7071,4303.652968,4781.836631,5260.020294
,,,,,7072,4303.652968,4781.836631,5260.020294
,,,,,7073,4303.652968,4781.836631,5260.020294
,,,,,7074,4303.652968,4781.836631,5260.020294
,,,,,7075,4303.652968,4781.836631,5260.020294
,,,,,7076,4303.652968,4781.836631,5260.020294
,,,,,7077,4303.652968,4781.836631,5260.020294
,,,,,7078,4303.652968,4781.836631,5260.020294
,,,,,7079,4303.652968,4781.836631,5260.020294
,,,,,7080,4303.652968,4781.836631,5260.020294
,,,,,7081,4303.652968,4781.836631,5260.020294
,,,,,7082,4303.652968,4781.836631,5260.020294
,,,,,7083,4303.652968,4781.836631,5260.020294
,,,,,7084,4303.652968,4781.836631,5260.020294
,,,,,7085,4303.652968,4781.836631,5260.020294
,,,,,7086,4303.652968,4781.836631,5260.020294
,,,,,7087,4303.652968,4781.836631,5260.020294
,,,,,7088,4303.652968,4781.836631,5260.020294
,,,,,7089,4303.652968,4781.836631,5260.020294
,,,,,7090,4303.652968,4781.836631,5260.020294
,,,,,7091,4303.652968,4781.836631,5260.020294
,,,,,7092,4303.652968,4781.836631,5260.020294
,,,,,7093,4303.652968,4781.836631,5260.020294
,,,,,7094,4303.652968,4781.836631,5260.020294
,,,,,7095,4303.652968,4781.836631,5260.020294
,,,,,7096,4303.652968,4781.836631,5260.020294
,,,,,7097,4303.652968,4781.836631,5260.020294
,,,,,7098,4303.652968,4781.836631,5260.020294
,,,,,7099,4303.652968,4781.836631,5260.020294
,,,,,7100,4303.652968,4781.836631,5260.020294
,,,,,7101,4303.652968,4781.836631,5260.020294
,,,,,7102,4303.652968,4781.836631,5260.020294
,,,,,7103,4303.652968,4781.836631,5260.020294
,,,,,7104,4303.652968,4781.836631,5260.020294
,,,,,7105,4303.652968,4781.836631,5260.020294
,,,,,7106,4303.652968,4781.836631,5260.020294
,,,,,7107,4303.652968,4781.836631,5260.020294
,,,,,7108,4303.652968,4781.836631,5260.020294
,,,,,7109,4303.652968,4781.836631,5260.020294
,,,,,7110,4303.652968,4781.836631,5260.020294
,,,,,7111,4303.652968,4781.836631,5260.020294
,,,,,7112,4303.652968,4781.836631,5260.020294
,,,,,7113,4303.652968,4781.836631,5260.020294
,,,,,7114,4303.652968,4781.836631,5260.020294
,,,,,7115,4303.652968,4781.836631,5260.020294
,,,,,7116,4303.652968,4781.836631,5260.020294
,,,,,7117,4303.652968,4781.836631,5260.020294
,,,,,7118,4303.652968,4781.836631,5260.020294
,,,,,7119,4303.652968,4781.836631,5260.020294
,,,,,7120,4303.652968,4781.836631,5260.020294
,,,,,7121,4303.652968,4781.836631,5260.020294
,,,,,7122,4303.652968,4781.836631,5260.020294
,,,,,7123,4303.652968,4781.836631,5260.020294
,,,,,7124,4303.652968,4781.836631,5260.020294
,,,,,7125,4303.652968,4781.836631,5260.020294
,,,,,7126,4303.652968,4781.836631,5260.020294
,,,,,7127,4303.652968,4781.836631,5260.020294
,,,,,7128,4303.652968,4781.836631,5260.020294
,,,,,7129,4303.652968,4781.836631,5260.020294
,,,,,7130,4303.652968,4781.836631,5260.020294
,,,,,7131,4303.652968,4781.836631,5260.020294
,,,,,7132,4303.652968,4781.836631,5260.020294
,,,,,7133,4303.652968,4781.836631,5260.020294
,,,,,7134,4303.652968,4781.836631,5260.020294
,,,,,7135,4303.652968,4781.836631,5260.020294
,,,,,7136,4303.652968,4781.836631,5260.020294
,,,,,7137,4303.652968,4781.836631,5260.020294
,,,,,7138,4303.652968,4781.836631,5260.020294
,,,,,7139,4303.652968,4781.836631,5260.020294
,,,,,7140,4303.652968,4781.836631,5260.020294
,,,,,7141,4303.652968,4781.836631,5260.020294
,,,,,7142,4303.652968,4781.836631,5260.020294
,,,,,7143,4303.652968,4781.836631,5260.020294
,,,,,7144,4303.652968,4781.836631,5260.020294
,,,,,7145,4303.652968,4781.836631,5260.020294
,,,,,7146,4303.652968,4781.836631,5260.020294
,,,,,7147,4303.652968,4781.836631,5260.020294
,,,,,7148,4303.652968,4781.836631,5260.020294
,,,,,7149,4303.652968,4781.836631,5260.020294
,,,,,7150,4303.652968,4781.836631,5260.020294
,,,,,7151,4303.652968,4781.836631,5260.020294
,,,,,7152,4303.652968,4781.836631,5260.020294
,,,,,7153,4303.652968,4781.836631,5260.020294
,,,,,7154,4303.652968,4781.836631,5260.020294
,,,,,7155,4303.652968,4781.836631,5260.020294
,,,,,7156,4303.652968,4781.836631,5260.020294
,,,,,7157,4303.652968,4781.836631,5260.020294
,,,,,7158,4303.652968,4781.836631,5260.020294
,,,,,7159,4303.652968,4781.836631,5260.020294
,,,,,7160,4303.652968,4781.836631,5260.020294
,,,,,7161,4303.652968,4781.836631,5260.020294
,,,,,7162,4303.652968,4781.836631,5260.020294
,,,,,7163,4303.652968,4781.836631,5260.020294
,,,,,7164,4303.652968,4781.836631,5260.020294
,,,,,7165,4303.652968,4781.836631,5260.020294
,,,,,7166,4303.652968,4781.836631,5260.020294
,,,,,7167,4303.652968,4781.836631,5260.020294
,,,,,7168,4303.652968,4781.836631,5260.020294
,,,,,7169,4303.652968,4781.836631,5260.020294
,,,,,7170,4303.652968,4781.836631,5260.020294
,,,,,7171,4303.652968,4781.836631,5260.020294
,,,,,7172,4303.652968,4781.836631,5260.020294
,,,,,7173,4303.652968,4781.836631,5260.020294
,,,,,7174,4303.652968,4781.836631,5260.020294
,,,,,7175,4303.652968,4781.836631,5260.020294
,,,,,7176,4303.652968,4781.836631,5260.020294
,,,,,7177,4303.652968,4781.836631,5260.020294
,,,,,7178,4303.652968,4781.836631,5260.020294
,,,,,7179,4303.652968,4781.836631,5260.020294
,,,,,7180,4303.652968,4781.836631,5260.020294
,,,,,7181,4303.652968,4781.836631,5260.020294
,,,,,7182,4303.652968,4781.836631,5260.020294
,,,,,7183,4303.652968,4781.836631,5260.020294
,,,,,7184,4303.652968,4781.836631,5260.020294
,,,,,7185,4303.652968,4781.836631,5260.020294
,,,,,7186,4303.652968,4781.836631,5260.020294
,,,,,7187,4303.652968,4781.836631,5260.020294
,,,,,7188,4303.652968,4781.836631,5260.020294
,,,,,7189,4303.652968,4781.836631,5260.020294
,,,,,7190,4303.652968,4781.836631,5260.020294
,,,,,7191,4303.652968,4781.836631,5260.020294
,,,,,7192,4303.652968,4781.836631,5260.020294
,,,,,7193,4303.652968,4781.836631,5260.020294
,,,,,7194,4303.652968,4781.836631,5260.020294
,,,,,7195,4303.652968,4781.836631,5260.020294
,,,,,7196,4303.652968,4781.836631,5260.020294
,,,,,7197,4303.652968,4781.836631,5260.020294
,,,,,7198,4303.652968,4781.836631,5260.020294
,,,,,7199,4303.652968,4781.836631,5260.020294
,,,,,7200,4303.652968,4781.836631,5260.020294
,,,,,7201,4303.652968,4781.836631,5260.020294
,,,,,7202,4303.652968,4781.836631,5260.020294
,,,,,7203,4303.652968,4781.836631,5260.020294
,,,,,7204,4303.652968,4781.836631,5260.020294
,,,,,7205,4303.652968,4781.836631,5260.020294
,,,,,7206,4303.652968,4781.836631,5260.020294
,,,,,7207,4303.652968,4781.836631,5260.020294
,,,,,7208,4303.652968,4781.836631,5260.020294
,,,,,7209,4303.652968,4781.836631,5260.020294
,,,,,7210,4303.652968,4781.836631,5260.020294
,,,,,7211,4303.652968,4781.836631,5260.020294
,,,,,7212,4303.652968,4781.836631,5260.020294
,,,,,7213,4303.652968,4781.836631,5260.020294
,,,,,7214,4303.652968,4781.836631,5260.020294
,,,,,7215,4303.652968,4781.836631,5260.020294
,,,,,7216,4303.652968,4781.836631,5260.020294
,,,,,7217,4303.652968,4781.836631,5260.020294
,,,,,7218,4303.652968,4781.836631,5260.020294
,,,,,7219,4303.652968,4781.836631,5260.020294
,,,,,7220,4303.652968,4781.836631,5260.020294
,,,,,7221,4303.652968,4781.836631,5260.020294
,,,,,7222,4303.652968,4781.836631,5260.020294
,,,,,7223,4303.652968,4781.836631,5260.020294
,,,,,7224,4303.652968,4781.836631,5260.020294
,,,,,7225,4303.652968,4781.836631,5260.020294
,,,,,7226,4303.652968,4781.836631,5260.020294
,,,,,7227,4303.652968,4781.836631,5260.020294
,,,,,7228,4303.652968,4781.836631,5260.020294
,,,,,7229,4303.652968,4781.836631,5260.020294
,,,,,7230,4303.652968,4781.836631,5260.020294
,,,,,7231,4303.652968,4781.836631,5260.020294
,,,,,7232,4303.652968,4781.836631,5260.020294
,,,,,7233,4303.652968,4781.836631,5260.020294
,,,,,7234,4303.652968,4781.836631,5260.020294
,,,,,7235,4303.652968,4781.836631,5260.020294
,,,,,7236,4303.652968,4781.836631,5260.020294
,,,,,7237,4303.652968,4781.836631,5260.020294
,,,,,7238,4303.652968,4781.836631,5260.020294
,,,,,7239,4303.652968,4781.836631,5260.020294
,,,,,7240,4303.652968,4781.836631,5260.020294
,,,,,7241,4303.652968,4781.836631,5260.020294
,,,,,7242,4303.652968,4781.836631,5260.020294
,,,,,7243,4303.652968,4781.836631,5260.020294
,,,,,7244,4303.652968,4781.836631,5260.020294
,,,,,7245,4303.652968,4781.836631,5260.020294
,,,,,7246,4303.652968,4781.836631,5260.020294
,,,,,7247,4303.652968,4781.836631,5260.020294
,,,,,7248,4303.652968,4781.836631,5260.020294
,,,,,7249,4303.652968,4781.836631,5260.020294
,,,,,7250,4303.652968,4781.836631,5260.020294
,,,,,7251,4303.652968,4781.836631,5260.020294
,,,,,7252,4303.652968,4781.836631,5260.020294
,,,,,7253,4303.652968,4781.836631,5260.020294
,,,,,7254,4303.652968,4781.836631,5260.020294
,,,,,7255,4303.652968,4781.836631,5260.020294
,,,,,7256,4303.652968,4781.836631,5260.020294
,,,,,7257,4303.652968,4781.836631,5260.020294
,,,,,7258,4303.652968,4781.836631,5260.020294
,,,,,7259,4303.652968,4781.836631,5260.020294
,,,,,7260,4303.652968,4781.836631,5260.020294
,,,,,7261,4303.652968,4781.836631,5260.020294
,,,,,7262,4303.652968,4781.836631,5260.020294
,,,,,7263,4303.652968,4781.836631,5260.020294
,,,,,7264,4303.652968,4781.836631,5260.020294
,,,,,7265,4303.652968,4781.836631,5260.020294
,,,,,7266,4303.652968,4781.836631,5260.020294
,,,,,7267,4303.652968,4781.836631,5260.020294
,,,,,7268,4303.652968,4781.836631,5260.020294
,,,,,7269,4303.652968,4781.836631,5260.020294
,,,,,7270,4303.652968,4781.836631,5260.020294
,,,,,7271,4303.652968,4781.836631,5260.020294
,,,,,7272,4303.652968,4781.836631,5260.020294
,,,,,7273,4303.652968,4781.836631,5260.020294
,,,,,7274,4303.652968,4781.836631,5260.020294
,,,,,7275,4303.652968,4781.836631,5260.020294
,,,,,7276,4303.652968,4781.836631,5260.020294
,,,,,7277,4303.652968,4781.836631,5260.020294
,,,,,7278,4303.652968,4781.836631,5260.020294
,,,,,7279,4303.652968,4781.836631,5260.020294
,,,,,7280,4303.652968,4781.836631,5260.020294
,,,,,7281,4303.652968,4781.836631,5260.020294
,,,,,7282,4303.652968,4781.836631,5260.020294
,,,,,7283,4303.652968,4781.836631,5260.020294
,,,,,7284,4303.652968,4781.836631,5260.020294
,,,,,7285,4303.652968,4781.836631,5260.020294
,,,,,7286,4303.652968,4781.836631,5260.020294
,,,,,7287,4303.652968,4781.836631,5260.020294
,,,,,7288,4303.652968,4781.836631,5260.020294
,,,,,7289,4303.652968,4781.836631,5260.020294
,,,,,7290,4303.652968,4781.836631,5260.020294
,,,,,7291,4303.652968,4781.836631,5260.020294
,,,,,7292,4303.652968,4781.836631,5260.020294
,,,,,7293,4303.652968,4781.836631,5260.020294
,,,,,7294,4303.652968,4781.836631,5260.020294
,,,,,7295,4303.652968,4781.836631,5260.020294
,,,,,7296,4303.652968,4781.836631,5260.020294
,,,,,7297,4303.652968,4781.836631,5260.020294
,,,,,7298,4303.652968,4781.836631,5260.020294
,,,,,7299,4303.652968,4781.836631,5260.020294
,,,,,7300,4303.652968,4781.836631,5260.020294
,,,,,7301,4303.652968,4781.836631,5260.020294
,,,,,7302,4303.652968,4781.836631,5260.020294
,,,,,7303,4303.652968,4781.836631,5260.020294
,,,,,7304,4303.652968,4781.836631,5260.020294
,,,,,7305,4303.652968,4781.836631,5260.020294
,,,,,7306,4303.652968,4781.836631,5260.020294
,,,,,7307,4303.652968,4781.836631,5260.020294
,,,,,7308,4303.652968,4781.836631,5260.020294
,,,,,7309,4303.652968,4781.836631,5260.020294
,,,,,7310,4303.652968,4781.836631,5260.020294
,,,,,7311,4303.652968,4781.836631,5260.020294
,,,,,7312,4303.652968,4781.836631,5260.020294
,,,,,7313,4303.652968,4781.836631,5260.020294
,,,,,7314,4303.652968,4781.836631,5260.020294
,,,,,7315,4303.652968,4781.836631,5260.020294
,,,,,7316,4303.652968,4781.836631,5260.020294
,,,,,7317,4303.652968,4781.836631,5260.020294
,,,,,7318,4303.652968,4781.836631,5260.020294
,,,,,7319,4303.652968,4781.836631,5260.020294
,,,,,7320,4303.652968,4781.836631,5260.020294
,,,,,7321,4303.652968,4781.836631,5260.020294
,,,,,7322,4303.652968,4781.836631,5260.020294
,,,,,7323,4303.652968,4781.836631,5260.020294
,,,,,7324,4303.652968,4781.836631,5260.020294
,,,,,7325,4303.652968,4781.836631,5260.020294
,,,,,7326,4303.652968,4781.836631,5260.020294
,,,,,7327,4303.652968,4781.836631,5260.020294
,,,,,7328,4303.652968,4781.836631,5260.020294
,,,,,7329,4303.652968,4781.836631,5260.020294
,,,,,7330,4303.652968,4781.836631,5260.020294
,,,,,7331,4303.652968,4781.836631,5260.020294
,,,,,7332,4303.652968,4781.836631,5260.020294
,,,,,7333,4303.652968,4781.836631,5260.020294
,,,,,7334,4303.652968,4781.836631,5260.020294
,,,,,7335,4303.652968,4781.836631,5260.020294
,,,,,7336,4303.652968,4781.836631,5260.020294
,,,,,7337,4303.652968,4781.836631,5260.020294
,,,,,7338,4303.652968,4781.836631,5260.020294
,,,,,7339,4303.652968,4781.836631,5260.020294
,,,,,7340,4303.652968,4781.836631,5260.020294
,,,,,7341,4303.652968,4781.836631,5260.020294
,,,,,7342,4303.652968,4781.836631,5260.020294
,,,,,7343,4303.652968,4781.836631,5260.020294
,,,,,7344,4303.652968,4781.836631,5260.020294
,,,,,7345,4303.652968,4781.836631,5260.020294
,,,,,7346,4303.652968,4781.836631,5260.020294
,,,,,7347,4303.652968,4781.836631,5260.020294
,,,,,7348,4303.652968,4781.836631,5260.020294
,,,,,7349,4303.652968,4781.836631,5260.020294
,,,,,7350,4303.652968,4781.836631,5260.020294
,,,,,7351,4303.652968,4781.836631,5260.020294
,,,,,7352,4303.652968,4781.836631,5260.020294
,,,,,7353,4303.652968,4781.836631,5260.020294
,,,,,7354,4303.652968,4781.836631,5260.020294
,,,,,7355,4303.652968,4781.836631,5260.020294
,,,,,7356,4303.652968,4781.836631,5260.020294
,,,,,7357,4303.652968,4781.836631,5260.020294
,,,,,7358,4303.652968,4781.836631,5260.020294
,,,,,7359,4303.652968,4781.836631,5260.020294
,,,,,7360,4303.652968,4781.836631,5260.020294
,,,,,7361,4303.652968,4781.836631,5260.020294
,,,,,7362,4303.652968,4781.836631,5260.020294
,,,,,7363,4303.652968,4781.836631,5260.020294
,,,,,7364,4303.652968,4781.836631,5260.020294
,,,,,7365,4303.652968,4781.836631,5260.020294
,,,,,7366,4303.652968,4781.836631,5260.020294
,,,,,7367,4303.652968,4781.836631,5260.020294
,,,,,7368,4303.652968,4781.836631,5260.020294
,,,,,7369,4303.652968,4781.836631,5260.020294
,,,,,7370,4303.652968,4781.836631,5260.020294
,,,,,7371,4303.652968,4781.836631,5260.020294
,,,,,7372,4303.652968,4781.836631,5260.020294
,,,,,7373,4303.652968,4781.836631,5260.020294
,,,,,7374,4303.652968,4781.836631,5260.020294
,,,,,7375,4303.652968,4781.836631,5260.020294
,,,,,7376,4303.652968,4781.836631,5260.020294
,,,,,7377,4303.652968,4781.836631,5260.020294
,,,,,7378,4303.652968,4781.836631,5260.020294
,,,,,7379,4303.652968,4781.836631,5260.020294
,,,,,7380,4303.652968,4781.836631,5260.020294
,,,,,7381,4303.652968,4781.836631,5260.020294
,,,,,7382,4303.652968,4781.836631,5260.020294
,,,,,7383,4303.652968,4781.836631,5260.020294
,,,,,7384,4303.652968,4781.836631,5260.020294
,,,,,7385,4303.652968,4781.836631,5260.020294
,,,,,7386,4303.652968,4781.836631,5260.020294
,,,,,7387,4303.652968,4781.836631,5260.020294
,,,,,7388,4303.652968,4781.836631,5260.020294
,,,,,7389,4303.652968,4781.836631,5260.020294
,,,,,7390,4303.652968,4781.836631,5260.020294
,,,,,7391,4303.652968,4781.836631,5260.020294
,,,,,7392,4303.652968,4781.836631,5260.020294
,,,,,7393,4303.652968,4781.836631,5260.020294
,,,,,7394,4303.652968,4781.836631,5260.020294
,,,,,7395,4303.652968,4781.836631,5260.020294
,,,,,7396,4303.652968,4781.836631,5260.020294
,,,,,7397,4303.652968,4781.836631,5260.020294
,,,,,7398,4303.652968,4781.836631,5260.020294
,,,,,7399,4303.652968,4781.836631,5260.020294
,,,,,7400,4303.652968,4781.836631,5260.020294
,,,,,7401,4303.652968,4781.836631,5260.020294
,,,,,7402,4303.652968,4781.836631,5260.020294
,,,,,7403,4303.652968,4781.836631,5260.020294
,,,,,7404,4303.652968,4781.836631,5260.020294
,,,,,7405,4303.652968,4781.836631,5260.020294
,,,,,7406,4303.652968,4781.836631,5260.020294
,,,,,7407,4303.652968,4781.836631,5260.020294
,,,,,7408,4303.652968,4781.836631,5260.020294
,,,,,7409,4303.652968,4781.836631,5260.020294
,,,,,7410,4303.652968,4781.836631,5260.020294
,,,,,7411,4303.652968,4781.836631,5260.020294
,,,,,7412,4303.652968,4781.836631,5260.020294
,,,,,7413,4303.652968,4781.836631,5260.020294
,,,,,7414,4303.652968,4781.836631,5260.020294
,,,,,7415,4303.652968,4781.836631,5260.020294
,,,,,7416,4303.652968,4781.836631,5260.020294
,,,,,7417,4303.652968,4781.836631,5260.020294
,,,,,7418,4303.652968,4781.836631,5260.020294
,,,,,7419,4303.652968,4781.836631,5260.020294
,,,,,7420,4303.652968,4781.836631,5260.020294
,,,,,7421,4303.652968,4781.836631,5260.020294
,,,,,7422,4303.652968,4781.836631,5260.020294
,,,,,7423,4303.652968,4781.836631,5260.020294
,,,,,7424,4303.652968,4781.836631,5260.020294
,,,,,7425,4303.652968,4781.836631,5260.020294
,,,,,7426,4303.652968,4781.836631,5260.020294
,,,,,7427,4303.652968,4781.836631,5260.020294
,,,,,7428,4303.652968,4781.836631,5260.020294
,,,,,7429,4303.652968,4781.836631,5260.020294
,,,,,7430,4303.652968,4781.836631,5260.020294
,,,,,7431,4303.652968,4781.836631,5260.020294
,,,,,7432,4303.652968,4781.836631,5260.020294
,,,,,7433,4303.652968,4781.836631,5260.020294
,,,,,7434,4303.652968,4781.836631,5260.020294
,,,,,7435,4303.652968,4781.836631,5260.020294
,,,,,7436,4303.652968,4781.836631,5260.020294
,,,,,7437,4303.652968,4781.836631,5260.020294
,,,,,7438,4303.652968,4781.836631,5260.020294
,,,,,7439,4303.652968,4781.836631,5260.020294
,,,,,7440,4303.652968,4781.836631,5260.020294
,,,,,7441,4303.652968,4781.836631,5260.020294
,,,,,7442,4303.652968,4781.836631,5260.020294
,,,,,7443,4303.652968,4781.836631,5260.020294
,,,,,7444,4303.652968,4781.836631,5260.020294
,,,,,7445,4303.652968,4781.836631,5260.020294
,,,,,7446,4303.652968,4781.836631,5260.020294
,,,,,7447,4303.652968,4781.836631,5260.020294
,,,,,7448,4303.652968,4781.836631,5260.020294
,,,,,7449,4303.652968,4781.836631,5260.020294
,,,,,7450,4303.652968,4781.836631,5260.020294
,,,,,7451,4303.652968,4781.836631,5260.020294
,,,,,7452,4303.652968,4781.836631,5260.020294
,,,,,7453,4303.652968,4781.836631,5260.020294
,,,,,7454,4303.652968,4781.836631,5260.020294
,,,,,7455,4303.652968,4781.836631,5260.020294
,,,,,7456,4303.652968,4781.836631,5260.020294
,,,,,7457,4303.652968,4781.836631,5260.020294
,,,,,7458,4303.652968,4781.836631,5260.020294
,,,,,7459,4303.652968,4781.836631,5260.020294
,,,,,7460,4303.652968,4781.836631,5260.020294
,,,,,7461,4303.652968,4781.836631,5260.020294
,,,,,7462,4303.652968,4781.836631,5260.020294
,,,,,7463,4303.652968,4781.836631,5260.020294
,,,,,7464,4303.652968,4781.836631,5260.020294
,,,,,7465,4303.652968,4781.836631,5260.020294
,,,,,7466,4303.652968,4781.836631,5260.020294
,,,,,7467,4303.652968,4781.836631,5260.020294
,,,,,7468,4303.652968,4781.836631,5260.020294
,,,,,7469,4303.652968,4781.836631,5260.020294
,,,,,7470,4303.652968,4781.836631,5260.020294
,,,,,7471,4303.652968,4781.836631,5260.020294
,,,,,7472,4303.652968,4781.836631,5260.020294
,,,,,7473,4303.652968,4781.836631,5260.020294
,,,,,7474,4303.652968,4781.836631,5260.020294
,,,,,7475,4303.652968,4781.836631,5260.020294
,,,,,7476,4303.652968,4781.836631,5260.020294
,,,,,7477,4303.652968,4781.836631,5260.020294
,,,,,7478,4303.652968,4781.836631,5260.020294
,,,,,7479,4303.652968,4781.836631,5260.020294
,,,,,7480,4303.652968,4781.836631,5260.020294
,,,,,7481,4303.652968,4781.836631,5260.020294
,,,,,7482,4303.652968,4781.836631,5260.020294
,,,,,7483,4303.652968,4781.836631,5260.020294
,,,,,7484,4303.652968,4781.836631,5260.020294
,,,,,7485,4303.652968,4781.836631,5260.020294
,,,,,7486,4303.652968,4781.836631,5260.020294
,,,,,7487,4303.652968,4781.836631,5260.020294
,,,,,7488,4303.652968,4781.836631,5260.020294
,,,,,7489,4303.652968,4781.836631,5260.020294
,,,,,7490,4303.652968,4781.836631,5260.020294
,,,,,7491,4303.652968,4781.836631,5260.020294
,,,,,7492,4303.652968,4781.836631,5260.020294
,,,,,7493,4303.652968,4781.836631,5260.020294
,,,,,7494,4303.652968,4781.836631,5260.020294
,,,,,7495,4303.652968,4781.836631,5260.020294
,,,,,7496,4303.652968,4781.836631,5260.020294
,,,,,7497,4303.652968,4781.836631,5260.020294
,,,,,7498,4303.652968,4781.836631,5260.020294
,,,,,7499,4303.652968,4781.836631,5260.020294
,,,,,7500,4303.652968,4781.836631,5260.020294
,,,,,7501,4303.652968,4781.836631,5260.020294
,,,,,7502,4303.652968,4781.836631,5260.020294
,,,,,7503,4303.652968,4781.836631,5260.020294
,,,,,7504,4303.652968,4781.836631,5260.020294
,,,,,7505,4303.652968,4781.836631,5260.020294
,,,,,7506,4303.652968,4781.836631,5260.020294
,,,,,7507,4303.652968,4781.836631,5260.020294
,,,,,7508,4303.652968,4781.836631,5260.020294
,,,,,7509,4303.652968,4781.836631,5260.020294
,,,,,7510,4303.652968,4781.836631,5260.020294
,,,,,7511,4303.652968,4781.836631,5260.020294
,,,,,7512,4303.652968,4781.836631,5260.020294
,,,,,7513,4303.652968,4781.836631,5260.020294
,,,,,7514,4303.652968,4781.836631,5260.020294
,,,,,7515,4303.652968,4781.836631,5260.020294
,,,,,7516,4303.652968,4781.836631,5260.020294
,,,,,7517,4303.652968,4781.836631,5260.020294
,,,,,7518,4303.652968,4781.836631,5260.020294
,,,,,7519,4303.652968,4781.836631,5260.020294
,,,,,7520,4303.652968,4781.836631,5260.020294
,,,,,7521,4303.652968,4781.836631,5260.020294
,,,,,7522,4303.652968,4781.836631,5260.020294
,,,,,7523,4303.652968,4781.836631,5260.020294
,,,,,7524,4303.652968,4781.836631,5260.020294
,,,,,7525,4303.652968,4781.836631,5260.020294
,,,,,7526,4303.652968,4781.836631,5260.020294
,,,,,7527,4303.652968,4781.836631,5260.020294
,,,,,7528,4303.652968,4781.836631,5260.020294
,,,,,7529,4303.652968,4781.836631,5260.020294
,,,,,7530,4303.652968,4781.836631,5260.020294
,,,,,7531,4303.652968,4781.836631,5260.020294
,,,,,7532,4303.652968,4781.836631,5260.020294
,,,,,7533,4303.652968,4781.836631,5260.020294
,,,,,7534,4303.652968,4781.836631,5260.020294
,,,,,7535,4303.652968,4781.836631,5260.020294
,,,,,7536,4303.652968,4781.836631,5260.020294
,,,,,7537,4303.652968,4781.836631,5260.020294
,,,,,7538,4303.652968,4781.836631,5260.020294
,,,,,7539,4303.652968,4781.836631,5260.020294
,,,,,7540,4303.652968,4781.836631,5260.020294
,,,,,7541,4303.652968,4781.836631,5260.020294
,,,,,7542,4303.652968,4781.836631,5260.020294
,,,,,7543,4303.652968,4781.836631,5260.020294
,,,,,7544,4303.652968,4781.836631,5260.020294
,,,,,7545,4303.652968,4781.836631,5260.020294
,,,,,7546,4303.652968,4781.836631,5260.020294
,,,,,7547,4303.652968,4781.836631,5260.020294
,,,,,7548,4303.652968,4781.836631,5260.020294
,,,,,7549,4303.652968,4781.836631,5260.020294
,,,,,7550,4303.652968,4781.836631,5260.020294
,,,,,7551,4303.652968,4781.836631,5260.020294
,,,,,7552,4303.652968,4781.836631,5260.020294
,,,,,7553,4303.652968,4781.836631,5260.020294
,,,,,7554,4303.652968,4781.836631,5260.020294
,,,,,7555,4303.652968,4781.836631,5260.020294
,,,,,7556,4303.652968,4781.836631,5260.020294
,,,,,7557,4303.652968,4781.836631,5260.020294
,,,,,7558,4303.652968,4781.836631,5260.020294
,,,,,7559,4303.652968,4781.836631,5260.020294
,,,,,7560,4303.652968,4781.836631,5260.020294
,,,,,7561,4303.652968,4781.836631,5260.020294
,,,,,7562,4303.652968,4781.836631,5260.020294
,,,,,7563,4303.652968,4781.836631,5260.020294
,,,,,7564,4303.652968,4781.836631,5260.020294
,,,,,7565,4303.652968,4781.836631,5260.020294
,,,,,7566,4303.652968,4781.836631,5260.020294
,,,,,7567,4303.652968,4781.836631,5260.020294
,,,,,7568,4303.652968,4781.836631,5260.020294
,,,,,7569,4303.652968,4781.836631,5260.020294
,,,,,7570,4303.652968,4781.836631,5260.020294
,,,,,7571,4303.652968,4781.836631,5260.020294
,,,,,7572,4303.652968,4781.836631,5260.020294
,,,,,7573,4303.652968,4781.836631,5260.020294
,,,,,7574,4303.652968,4781.836631,5260.020294
,,,,,7575,4303.652968,4781.836631,5260.020294
,,,,,7576,4303.652968,4781.836631,5260.020294
,,,,,7577,4303.652968,4781.836631,5260.020294
,,,,,7578,4303.652968,4781.836631,5260.020294
,,,,,7579,4303.652968,4781.836631,5260.020294
,,,,,7580,4303.652968,4781.836631,5260.020294
,,,,,7581,4303.652968,4781.836631,5260.020294
,,,,,7582,4303.652968,4781.836631,5260.020294
,,,,,7583,4303.652968,4781.836631,5260.020294
,,,,,7584,4303.652968,4781.836631,5260.020294
,,,,,7585,4303.652968,4781.836631,5260.020294
,,,,,7586,4303.652968,4781.836631,5260.020294
,,,,,7587,4303.652968,4781.836631,5260.020294
,,,,,7588,4303.652968,4781.836631,5260.020294
,,,,,7589,4303.652968,4781.836631,5260.020294
,,,,,7590,4303.652968,4781.836631,5260.020294
,,,,,7591,4303.652968,4781.836631,5260.020294
,,,,,7592,4303.652968,4781.836631,5260.020294
,,,,,7593,4303.652968,4781.836631,5260.020294
,,,,,7594,4303.652968,4781.836631,5260.020294
,,,,,7595,4303.652968,4781.836631,5260.020294
,,,,,7596,4303.652968,4781.836631,5260.020294
,,,,,7597,4303.652968,4781.836631,5260.020294
,,,,,7598,4303.652968,4781.836631,5260.020294
,,,,,7599,4303.652968,4781.836631,5260.020294
,,,,,7600,4303.652968,4781.836631,5260.020294
,,,,,7601,4303.652968,4781.836631,5260.020294
,,,,,7602,4303.652968,4781.836631,5260.020294
,,,,,7603,4303.652968,4781.836631,5260.020294
,,,,,7604,4303.652968,4781.836631,5260.020294
,,,,,7605,4303.652968,4781.836631,5260.020294
,,,,,7606,4303.652968,4781.836631,5260.020294
,,,,,7607,4303.652968,4781.836631,5260.020294
,,,,,7608,4303.652968,4781.836631,5260.020294
,,,,,7609,4303.652968,4781.836631,5260.020294
,,,,,7610,4303.652968,4781.836631,5260.020294
,,,,,7611,4303.652968,4781.836631,5260.020294
,,,,,7612,4303.652968,4781.836631,5260.020294
,,,,,7613,4303.652968,4781.836631,5260.020294
,,,,,7614,4303.652968,4781.836631,5260.020294
,,,,,7615,4303.652968,4781.836631,5260.020294
,,,,,7616,4303.652968,4781.836631,5260.020294
,,,,,7617,4303.652968,4781.836631,5260.020294
,,,,,7618,4303.652968,4781.836631,5260.020294
,,,,,7619,4303.652968,4781.836631,5260.020294
,,,,,7620,4303.652968,4781.836631,5260.020294
,,,,,7621,4303.652968,4781.836631,5260.020294
,,,,,7622,4303.652968,4781.836631,5260.020294
,,,,,7623,4303.652968,4781.836631,5260.020294
,,,,,7624,4303.652968,4781.836631,5260.020294
,,,,,7625,4303.652968,4781.836631,5260.020294
,,,,,7626,4303.652968,4781.836631,5260.020294
,,,,,7627,4303.652968,4781.836631,5260.020294
,,,,,7628,4303.652968,4781.836631,5260.020294
,,,,,7629,4303.652968,4781.836631,5260.020294
,,,,,7630,4303.652968,4781.836631,5260.020294
,,,,,7631,4303.652968,4781.836631,5260.020294
,,,,,7632,4303.652968,4781.836631,5260.020294
,,,,,7633,4303.652968,4781.836631,5260.020294
,,,,,7634,4303.652968,4781.836631,5260.020294
,,,,,7635,4303.652968,4781.836631,5260.020294
,,,,,7636,4303.652968,4781.836631,5260.020294
,,,,,7637,4303.652968,4781.836631,5260.020294
,,,,,7638,4303.652968,4781.836631,5260.020294
,,,,,7639,4303.652968,4781.836631,5260.020294
,,,,,7640,4303.652968,4781.836631,5260.020294
,,,,,7641,4303.652968,4781.836631,5260.020294
,,,,,7642,4303.652968,4781.836631,5260.020294
,,,,,7643,4303.652968,4781.836631,5260.020294
,,,,,7644,4303.652968,4781.836631,5260.020294
,,,,,7645,4303.652968,4781.836631,5260.020294
,,,,,7646,4303.652968,4781.836631,5260.020294
,,,,,7647,4303.652968,4781.836631,5260.020294
,,,,,7648,4303.652968,4781.836631,5260.020294
,,,,,7649,4303.652968,4781.836631,5260.020294
,,,,,7650,4303.652968,4781.836631,5260.020294
,,,,,7651,4303.652968,4781.836631,5260.020294
,,,,,7652,4303.652968,4781.836631,5260.020294
,,,,,7653,4303.652968,4781.836631,5260.020294
,,,,,7654,4303.652968,4781.836631,5260.020294
,,,,,7655,4303.652968,4781.836631,5260.020294
,,,,,7656,4303.652968,4781.836631,5260.020294
,,,,,7657,4303.652968,4781.836631,5260.020294
,,,,,7658,4303.652968,4781.836631,5260.020294
,,,,,7659,4303.652968,4781.836631,5260.020294
,,,,,7660,4303.652968,4781.836631,5260.020294
,,,,,7661,4303.652968,4781.836631,5260.020294
,,,,,7662,4303.652968,4781.836631,5260.020294
,,,,,7663,4303.652968,4781.836631,5260.020294
,,,,,7664,4303.652968,4781.836631,5260.020294
,,,,,7665,4303.652968,4781.836631,5260.020294
,,,,,7666,4303.652968,4781.836631,5260.020294
,,,,,7667,4303.652968,4781.836631,5260.020294
,,,,,7668,4303.652968,4781.836631,5260.020294
,,,,,7669,4303.652968,4781.836631,5260.020294
,,,,,7670,4303.652968,4781.836631,5260.020294
,,,,,7671,4303.652968,4781.836631,5260.020294
,,,,,7672,4303.652968,4781.836631,5260.020294
,,,,,7673,4303.652968,4781.836631,5260.020294
,,,,,7674,4303.652968,4781.836631,5260.020294
,,,,,7675,4303.652968,4781.836631,5260.020294
,,,,,7676,4303.652968,4781.836631,5260.020294
,,,,,7677,4303.652968,4781.836631,5260.020294
,,,,,7678,4303.652968,4781.836631,5260.020294
,,,,,7679,4303.652968,4781.836631,5260.020294
,,,,,7680,4303.652968,4781.836631,5260.020294
,,,,,7681,4303.652968,4781.836631,5260.020294
,,,,,7682,4303.652968,4781.836631,5260.020294
,,,,,7683,4303.652968,4781.836631,5260.020294
,,,,,7684,4303.652968,4781.836631,5260.020294
,,,,,7685,4303.652968,4781.836631,5260.020294
,,,,,7686,4303.652968,4781.836631,5260.020294
,,,,,7687,4303.652968,4781.836631,5260.020294
,,,,,7688,4303.652968,4781.836631,5260.020294
,,,,,7689,4303.652968,4781.836631,5260.020294
,,,,,7690,4303.652968,4781.836631,5260.020294
,,,,,7691,4303.652968,4781.836631,5260.020294
,,,,,7692,4303.652968,4781.836631,5260.020294
,,,,,7693,4303.652968,4781.836631,5260.020294
,,,,,7694,4303.652968,4781.836631,5260.020294
,,,,,7695,4303.652968,4781.836631,5260.020294
,,,,,7696,4303.652968,4781.836631,5260.020294
,,,,,7697,4303.652968,4781.836631,5260.020294
,,,,,7698,4303.652968,4781.836631,5260.020294
,,,,,7699,4303.652968,4781.836631,5260.020294
,,,,,7700,4303.652968,4781.836631,5260.020294
,,,,,7701,4303.652968,4781.836631,5260.020294
,,,,,7702,4303.652968,4781.836631,5260.020294
,,,,,7703,4303.652968,4781.836631,5260.020294
,,,,,7704,4303.652968,4781.836631,5260.020294
,,,,,7705,4303.652968,4781.836631,5260.020294
,,,,,7706,4303.652968,4781.836631,5260.020294
,,,,,7707,4303.652968,4781.836631,5260.020294
,,,,,7708,4303.652968,4781.836631,5260.020294
,,,,,7709,4303.652968,4781.836631,5260.020294
,,,,,7710,4303.652968,4781.836631,5260.020294
,,,,,7711,4303.652968,4781.836631,5260.020294
,,,,,7712,4303.652968,4781.836631,5260.020294
,,,,,7713,4303.652968,4781.836631,5260.020294
,,,,,7714,4303.652968,4781.836631,5260.020294
,,,,,7715,4303.652968,4781.836631,5260.020294
,,,,,7716,4303.652968,4781.836631,5260.020294
,,,,,7717,4303.652968,4781.836631,5260.020294
,,,,,7718,4303.652968,4781.836631,5260.020294
,,,,,7719,4303.652968,4781.836631,5260.020294
,,,,,7720,4303.652968,4781.836631,5260.020294
,,,,,7721,4303.652968,4781.836631,5260.020294
,,,,,7722,4303.652968,4781.836631,5260.020294
,,,,,7723,4303.652968,4781.836631,5260.020294
,,,,,7724,4303.652968,4781.836631,5260.020294
,,,,,7725,4303.652968,4781.836631,5260.020294
,,,,,7726,4303.652968,4781.836631,5260.020294
,,,,,7727,4303.652968,4781.836631,5260.020294
,,,,,7728,4303.652968,4781.836631,5260.020294
,,,,,7729,4303.652968,4781.836631,5260.020294
,,,,,7730,4303.652968,4781.836631,5260.020294
,,,,,7731,4303.652968,4781.836631,5260.020294
,,,,,7732,4303.652968,4781.836631,5260.020294
,,,,,7733,4303.652968,4781.836631,5260.020294
,,,,,7734,4303.652968,4781.836631,5260.020294
,,,,,7735,4303.652968,4781.836631,5260.020294
,,,,,7736,4303.652968,4781.836631,5260.020294
,,,,,7737,4303.652968,4781.836631,5260.020294
,,,,,7738,4303.652968,4781.836631,5260.020294
,,,,,7739,4303.652968,4781.836631,5260.020294
,,,,,7740,4303.652968,4781.836631,5260.020294
,,,,,7741,4303.652968,4781.836631,5260.020294
,,,,,7742,4303.652968,4781.836631,5260.020294
,,,,,7743,4303.652968,4781.836631,5260.020294
,,,,,7744,4303.652968,4781.836631,5260.020294
,,,,,7745,4303.652968,4781.836631,5260.020294
,,,,,7746,4303.652968,4781.836631,5260.020294
,,,,,7747,4303.652968,4781.836631,5260.020294
,,,,,7748,4303.652968,4781.836631,5260.020294
,,,,,7749,4303.652968,4781.836631,5260.020294
,,,,,7750,4303.652968,4781.836631,5260.020294
,,,,,7751,4303.652968,4781.836631,5260.020294
,,,,,7752,4303.652968,4781.836631,5260.020294
,,,,,7753,4303.652968,4781.836631,5260.020294
,,,,,7754,4303.652968,4781.836631,5260.020294
,,,,,7755,4303.652968,4781.836631,5260.020294
,,,,,7756,4303.652968,4781.836631,5260.020294
,,,,,7757,4303.652968,4781.836631,5260.020294
,,,,,7758,4303.652968,4781.836631,5260.020294
,,,,,7759,4303.652968,4781.836631,5260.020294
,,,,,7760,4303.652968,4781.836631,5260.020294
,,,,,7761,4303.652968,4781.836631,5260.020294
,,,,,7762,4303.652968,4781.836631,5260.020294
,,,,,7763,4303.652968,4781.836631,5260.020294
,,,,,7764,4303.652968,4781.836631,5260.020294
,,,,,7765,4303.652968,4781.836631,5260.020294
,,,,,7766,4303.652968,4781.836631,5260.020294
,,,,,7767,4303.652968,4781.836631,5260.020294
,,,,,7768,4303.652968,4781.836631,5260.020294
,,,,,7769,4303.652968,4781.836631,5260.020294
,,,,,7770,4303.652968,4781.836631,5260.020294
,,,,,7771,4303.652968,4781.836631,5260.020294
,,,,,7772,4303.652968,4781.836631,5260.020294
,,,,,7773,4303.652968,4781.836631,5260.020294
,,,,,7774,4303.652968,4781.836631,5260.020294
,,,,,7775,4303.652968,4781.836631,5260.020294
,,,,,7776,4303.652968,4781.836631,5260.020294
,,,,,7777,4303.652968,4781.836631,5260.020294
,,,,,7778,4303.652968,4781.836631,5260.020294
,,,,,7779,4303.652968,4781.836631,5260.020294
,,,,,7780,4303.652968,4781.836631,5260.020294
,,,,,7781,4303.652968,4781.836631,5260.020294
,,,,,7782,4303.652968,4781.836631,5260.020294
,,,,,7783,4303.652968,4781.836631,5260.020294
,,,,,7784,4303.652968,4781.836631,5260.020294
,,,,,7785,4303.652968,4781.836631,5260.020294
,,,,,7786,4303.652968,4781.836631,5260.020294
,,,,,7787,4303.652968,4781.836631,5260.020294
,,,,,7788,4303.652968,4781.836631,5260.020294
,,,,,7789,4303.652968,4781.836631,5260.020294
,,,,,7790,4303.652968,4781.836631,5260.020294
,,,,,7791,4303.652968,4781.836631,5260.020294
,,,,,7792,4303.652968,4781.836631,5260.020294
,,,,,7793,4303.652968,4781.836631,5260.020294
,,,,,7794,4303.652968,4781.836631,5260.020294
,,,,,7795,4303.652968,4781.836631,5260.020294
,,,,,7796,4303.652968,4781.836631,5260.020294
,,,,,7797,4303.652968,4781.836631,5260.020294
,,,,,7798,4303.652968,4781.836631,5260.020294
,,,,,7799,4303.652968,4781.836631,5260.020294
,,,,,7800,4303.652968,4781.836631,5260.020294
,,,,,7801,4303.652968,4781.836631,5260.020294
,,,,,7802,4303.652968,4781.836631,5260.020294
,,,,,7803,4303.652968,4781.836631,5260.020294
,,,,,7804,4303.652968,4781.836631,5260.020294
,,,,,7805,4303.652968,4781.836631,5260.020294
,,,,,7806,4303.652968,4781.836631,5260.020294
,,,,,7807,4303.652968,4781.836631,5260.020294
,,,,,7808,4303.652968,4781.836631,5260.020294
,,,,,7809,4303.652968,4781.836631,5260.020294
,,,,,7810,4303.652968,4781.836631,5260.020294
,,,,,7811,4303.652968,4781.836631,5260.020294
,,,,,7812,4303.652968,4781.836631,5260.020294
,,,,,7813,4303.652968,4781.836631,5260.020294
,,,,,7814,4303.652968,4781.836631,5260.020294
,,,,,7815,4303.652968,4781.836631,5260.020294
,,,,,7816,4303.652968,4781.836631,5260.020294
,,,,,7817,4303.652968,4781.836631,5260.020294
,,,,,7818,4303.652968,4781.836631,5260.020294
,,,,,7819,4303.652968,4781.836631,5260.020294
,,,,,7820,4303.652968,4781.836631,5260.020294
,,,,,7821,4303.652968,4781.836631,5260.020294
,,,,,7822,4303.652968,4781.836631,5260.020294
,,,,,7823,4303.652968,4781.836631,5260.020294
,,,,,7824,4303.652968,4781.836631,5260.020294
,,,,,7825,4303.652968,4781.836631,5260.020294
,,,,,7826,4303.652968,4781.836631,5260.020294
,,,,,7827,4303.652968,4781.836631,5260.020294
,,,,,7828,4303.652968,4781.836631,5260.020294
,,,,,7829,4303.652968,4781.836631,5260.020294
,,,,,7830,4303.652968,4781.836631,5260.020294
,,,,,7831,4303.652968,4781.836631,5260.020294
,,,,,7832,4303.652968,4781.836631,5260.020294
,,,,,7833,4303.652968,4781.836631,5260.020294
,,,,,7834,4303.652968,4781.836631,5260.020294
,,,,,7835,4303.652968,4781.836631,5260.020294
,,,,,7836,4303.652968,4781.836631,5260.020294
,,,,,7837,4303.652968,4781.836631,5260.020294
,,,,,7838,4303.652968,4781.836631,5260.020294
,,,,,7839,4303.652968,4781.836631,5260.020294
,,,,,7840,4303.652968,4781.836631,5260.020294
,,,,,7841,4303.652968,4781.836631,5260.020294
,,,,,7842,4303.652968,4781.836631,5260.020294
,,,,,7843,4303.652968,4781.836631,5260.020294
,,,,,7844,4303.652968,4781.836631,5260.020294
,,,,,7845,4303.652968,4781.836631,5260.020294
,,,,,7846,4303.652968,4781.836631,5260.020294
,,,,,7847,4303.652968,4781.836631,5260.020294
,,,,,7848,4303.652968,4781.836631,5260.020294
,,,,,7849,4303.652968,4781.836631,5260.020294
,,,,,7850,4303.652968,4781.836631,5260.020294
,,,,,7851,4303.652968,4781.836631,5260.020294
,,,,,7852,4303.652968,4781.836631,5260.020294
,,,,,7853,4303.652968,4781.836631,5260.020294
,,,,,7854,4303.652968,4781.836631,5260.020294
,,,,,7855,4303.652968,4781.836631,5260.020294
,,,,,7856,4303.652968,4781.836631,5260.020294
,,,,,7857,4303.652968,4781.836631,5260.020294
,,,,,7858,4303.652968,4781.836631,5260.020294
,,,,,7859,4303.652968,4781.836631,5260.020294
,,,,,7860,4303.652968,4781.836631,5260.020294
,,,,,7861,4303.652968,4781.836631,5260.020294
,,,,,7862,4303.652968,4781.836631,5260.020294
,,,,,7863,4303.652968,4781.836631,5260.020294
,,,,,7864,4303.652968,4781.836631,5260.020294
,,,,,7865,4303.652968,4781.836631,5260.020294
,,,,,7866,4303.652968,4781.836631,5260.020294
,,,,,7867,4303.652968,4781.836631,5260.020294
,,,,,7868,4303.652968,4781.836631,5260.020294
,,,,,7869,4303.652968,4781.836631,5260.020294
,,,,,7870,4303.652968,4781.836631,5260.020294
,,,,,7871,4303.652968,4781.836631,5260.020294
,,,,,7872,4303.652968,4781.836631,5260.020294
,,,,,7873,4303.652968,4781.836631,5260.020294
,,,,,7874,4303.652968,4781.836631,5260.020294
,,,,,7875,4303.652968,4781.836631,5260.020294
,,,,,7876,4303.652968,4781.836631,5260.020294
,,,,,7877,4303.652968,4781.836631,5260.020294
,,,,,7878,4303.652968,4781.836631,5260.020294
,,,,,7879,4303.652968,4781.836631,5260.020294
,,,,,7880,4303.652968,4781.836631,5260.020294
,,,,,7881,4303.652968,4781.836631,5260.020294
,,,,,7882,4303.652968,4781.836631,5260.020294
,,,,,7883,4303.652968,4781.836631,5260.020294
,,,,,7884,4303.652968,4781.836631,5260.020294
,,,,,7885,4303.652968,4781.836631,5260.020294
,,,,,7886,4303.652968,4781.836631,5260.020294
,,,,,7887,4303.652968,4781.836631,5260.020294
,,,,,7888,4303.652968,4781.836631,5260.020294
,,,,,7889,4303.652968,4781.836631,5260.020294
,,,,,7890,4303.652968,4781.836631,5260.020294
,,,,,7891,4303.652968,4781.836631,5260.020294
,,,,,7892,4303.652968,4781.836631,5260.020294
,,,,,7893,4303.652968,4781.836631,5260.020294
,,,,,7894,4303.652968,4781.836631,5260.020294
,,,,,7895,4303.652968,4781.836631,5260.020294
,,,,,7896,4303.652968,4781.836631,5260.020294
,,,,,7897,4303.652968,4781.836631,5260.020294
,,,,,7898,4303.652968,4781.836631,5260.020294
,,,,,7899,4303.652968,4781.836631,5260.020294
,,,,,7900,4303.652968,4781.836631,5260.020294
,,,,,7901,4303.652968,4781.836631,5260.020294
,,,,,7902,4303.652968,4781.836631,5260.020294
,,,,,7903,4303.652968,4781.836631,5260.020294
,,,,,7904,4303.652968,4781.836631,5260.020294
,,,,,7905,4303.652968,4781.836631,5260.020294
,,,,,7906,4303.652968,4781.836631,5260.020294
,,,,,7907,4303.652968,4781.836631,5260.020294
,,,,,7908,4303.652968,4781.836631,5260.020294
,,,,,7909,4303.652968,4781.836631,5260.020294
,,,,,7910,4303.652968,4781.836631,5260.020294
,,,,,7911,4303.652968,4781.836631,5260.020294
,,,,,7912,4303.652968,4781.836631,5260.020294
,,,,,7913,4303.652968,4781.836631,5260.020294
,,,,,7914,4303.652968,4781.836631,5260.020294
,,,,,7915,4303.652968,4781.836631,5260.020294
,,,,,7916,4303.652968,4781.836631,5260.020294
,,,,,7917,4303.652968,4781.836631,5260.020294
,,,,,7918,4303.652968,4781.836631,5260.020294
,,,,,7919,4303.652968,4781.836631,5260.020294
,,,,,7920,4303.652968,4781.836631,5260.020294
,,,,,7921,4303.652968,4781.836631,5260.020294
,,,,,7922,4303.652968,4781.836631,5260.020294
,,,,,7923,4303.652968,4781.836631,5260.020294
,,,,,7924,4303.652968,4781.836631,5260.020294
,,,,,7925,4303.652968,4781.836631,5260.020294
,,,,,7926,4303.652968,4781.836631,5260.020294
,,,,,7927,4303.652968,4781.836631,5260.020294
,,,,,7928,4303.652968,4781.836631,5260.020294
,,,,,7929,4303.652968,4781.836631,5260.020294
,,,,,7930,4303.652968,4781.836631,5260.020294
,,,,,7931,4303.652968,4781.836631,5260.020294
,,,,,7932,4303.652968,4781.836631,5260.020294
,,,,,7933,4303.652968,4781.836631,5260.020294
,,,,,7934,4303.652968,4781.836631,5260.020294
,,,,,7935,4303.652968,4781.836631,5260.020294
,,,,,7936,4303.652968,4781.836631,5260.020294
,,,,,7937,4303.652968,4781.836631,5260.020294
,,,,,7938,4303.652968,4781.836631,5260.020294
,,,,,7939,4303.652968,4781.836631,5260.020294
,,,,,7940,4303.652968,4781.836631,5260.020294
,,,,,7941,4303.652968,4781.836631,5260.020294
,,,,,7942,4303.652968,4781.836631,5260.020294
,,,,,7943,4303.652968,4781.836631,5260.020294
,,,,,7944,4303.652968,4781.836631,5260.020294
,,,,,7945,4303.652968,4781.836631,5260.020294
,,,,,7946,4303.652968,4781.836631,5260.020294
,,,,,7947,4303.652968,4781.836631,5260.020294
,,,,,7948,4303.652968,4781.836631,5260.020294
,,,,,7949,4303.652968,4781.836631,5260.020294
,,,,,7950,4303.652968,4781.836631,5260.020294
,,,,,7951,4303.652968,4781.836631,5260.020294
,,,,,7952,4303.652968,4781.836631,5260.020294
,,,,,7953,4303.652968,4781.836631,5260.020294
,,,,,7954,4303.652968,4781.836631,5260.020294
,,,,,7955,4303.652968,4781.836631,5260.020294
,,,,,7956,4303.652968,4781.836631,5260.020294
,,,,,7957,4303.652968,4781.836631,5260.020294
,,,,,7958,4303.652968,4781.836631,5260.020294
,,,,,7959,4303.652968,4781.836631,5260.020294
,,,,,7960,4303.652968,4781.836631,5260.020294
,,,,,7961,4303.652968,4781.836631,5260.020294
,,,,,7962,4303.652968,4781.836631,5260.020294
,,,,,7963,4303.652968,4781.836631,5260.020294
,,,,,7964,4303.652968,4781.836631,5260.020294
,,,,,7965,4303.652968,4781.836631,5260.020294
,,,,,7966,4303.652968,4781.836631,5260.020294
,,,,,7967,4303.652968,4781.836631,5260.020294
,,,,,7968,4303.652968,4781.836631,5260.020294
,,,,,7969,4303.652968,4781.836631,5260.020294
,,,,,7970,4303.652968,4781.836631,5260.020294
,,,,,7971,4303.652968,4781.836631,5260.020294
,,,,,7972,4303.652968,4781.836631,5260.020294
,,,,,7973,4303.652968,4781.836631,5260.020294
,,,,,7974,4303.652968,4781.836631,5260.020294
,,,,,7975,4303.652968,4781.836631,5260.020294
,,,,,7976,4303.652968,4781.836631,5260.020294
,,,,,7977,4303.652968,4781.836631,5260.020294
,,,,,7978,4303.652968,4781.836631,5260.020294
,,,,,7979,4303.652968,4781.836631,5260.020294
,,,,,7980,4303.652968,4781.836631,5260.020294
,,,,,7981,4303.652968,4781.836631,5260.020294
,,,,,7982,4303.652968,4781.836631,5260.020294
,,,,,7983,4303.652968,4781.836631,5260.020294
,,,,,7984,4303.652968,4781.836631,5260.020294
,,,,,7985,4303.652968,4781.836631,5260.020294
,,,,,7986,4303.652968,4781.836631,5260.020294
,,,,,7987,4303.652968,4781.836631,5260.020294
,,,,,7988,4303.652968,4781.836631,5260.020294
,,,,,7989,4303.652968,4781.836631,5260.020294
,,,,,7990,4303.652968,4781.836631,5260.020294
,,,,,7991,4303.652968,4781.836631,5260.020294
,,,,,7992,4303.652968,4781.836631,5260.020294
,,,,,7993,4303.652968,4781.836631,5260.020294
,,,,,7994,4303.652968,4781.836631,5260.020294
,,,,,7995,4303.652968,4781.836631,5260.020294
,,,,,7996,4303.652968,4781.836631,5260.020294
,,,,,7997,4303.652968,4781.836631,5260.020294
,,,,,7998,4303.652968,4781.836631,5260.020294
,,,,,7999,4303.652968,4781.836631,5260.020294
,,,,,8000,4303.652968,4781.836631,5260.020294
,,,,,8001,4303.652968,4781.836631,5260.020294
,,,,,8002,4303.652968,4781.836631,5260.020294
,,,,,8003,4303.652968,4781.836631,5260.020294
,,,,,8004,4303.652968,4781.836631,5260.020294
,,,,,8005,4303.652968,4781.836631,5260.020294
,,,,,8006,4303.652968,4781.836631,5260.020294
,,,,,8007,4303.652968,4781.836631,5260.020294
,,,,,8008,4303.652968,4781.836631,5260.020294
,,,,,8009,4303.652968,4781.836631,5260.020294
,,,,,8010,4303.652968,4781.836631,5260.020294
,,,,,8011,4303.652968,4781.836631,5260.020294
,,,,,8012,4303.652968,4781.836631,5260.020294
,,,,,8013,4303.652968,4781.836631,5260.020294
,,,,,8014,4303.652968,4781.836631,5260.020294
,,,,,8015,4303.652968,4781.836631,5260.020294
,,,,,8016,4303.652968,4781.836631,5260.020294
,,,,,8017,4303.652968,4781.836631,5260.020294
,,,,,8018,4303.652968,4781.836631,5260.020294
,,,,,8019,4303.652968,4781.836631,5260.020294
,,,,,8020,4303.652968,4781.836631,5260.020294
,,,,,8021,4303.652968,4781.836631,5260.020294
,,,,,8022,4303.652968,4781.836631,5260.020294
,,,,,8023,4303.652968,4781.836631,5260.020294
,,,,,8024,4303.652968,4781.836631,5260.020294
,,,,,8025,4303.652968,4781.836631,5260.020294
,,,,,8026,4303.652968,4781.836631,5260.020294
,,,,,8027,4303.652968,4781.836631,5260.020294
,,,,,8028,4303.652968,4781.836631,5260.020294
,,,,,8029,4303.652968,4781.836631,5260.020294
,,,,,8030,4303.652968,4781.836631,5260.020294
,,,,,8031,4303.652968,4781.836631,5260.020294
,,,,,8032,4303.652968,4781.836631,5260.020294
,,,,,8033,4303.652968,4781.836631,5260.020294
,,,,,8034,4303.652968,4781.836631,5260.020294
,,,,,8035,4303.652968,4781.836631,5260.020294
,,,,,8036,4303.652968,4781.836631,5260.020294
,,,,,8037,4303.652968,4781.836631,5260.020294
,,,,,8038,4303.652968,4781.836631,5260.020294
,,,,,8039,4303.652968,4781.836631,5260.020294
,,,,,8040,4303.652968,4781.836631,5260.020294
,,,,,8041,4303.652968,4781.836631,5260.020294
,,,,,8042,4303.652968,4781.836631,5260.020294
,,,,,8043,4303.652968,4781.836631,5260.020294
,,,,,8044,4303.652968,4781.836631,5260.020294
,,,,,8045,4303.652968,4781.836631,5260.020294
,,,,,8046,4303.652968,4781.836631,5260.020294
,,,,,8047,4303.652968,4781.836631,5260.020294
,,,,,8048,4303.652968,4781.836631,5260.020294
,,,,,8049,4303.652968,4781.836631,5260.020294
,,,,,8050,4303.652968,4781.836631,5260.020294
,,,,,8051,4303.652968,4781.836631,5260.020294
,,,,,8052,4303.652968,4781.836631,5260.020294
,,,,,8053,4303.652968,4781.836631,5260.020294
,,,,,8054,4303.652968,4781.836631,5260.020294
,,,,,8055,4303.652968,4781.836631,5260.020294
,,,,,8056,4303.652968,4781.836631,5260.020294
,,,,,8057,4303.652968,4781.836631,5260.020294
,,,,,8058,4303.652968,4781.836631,5260.020294
,,,,,8059,4303.652968,4781.836631,5260.020294
,,,,,8060,4303.652968,4781.836631,5260.020294
,,,,,8061,4303.652968,4781.836631,5260.020294
,,,,,8062,4303.652968,4781.836631,5260.020294
,,,,,8063,4303.652968,4781.836631,5260.020294
,,,,,8064,4303.652968,4781.836631,5260.020294
,,,,,8065,4303.652968,4781.836631,5260.020294
,,,,,8066,4303.652968,4781.836631,5260.020294
,,,,,8067,4303.652968,4781.836631,5260.020294
,,,,,8068,4303.652968,4781.836631,5260.020294
,,,,,8069,4303.652968,4781.836631,5260.020294
,,,,,8070,4303.652968,4781.836631,5260.020294
,,,,,8071,4303.652968,4781.836631,5260.020294
,,,,,8072,4303.652968,4781.836631,5260.020294
,,,,,8073,4303.652968,4781.836631,5260.020294
,,,,,8074,4303.652968,4781.836631,5260.020294
,,,,,8075,4303.652968,4781.836631,5260.020294
,,,,,8076,4303.652968,4781.836631,5260.020294
,,,,,8077,4303.652968,4781.836631,5260.020294
,,,,,8078,4303.652968,4781.836631,5260.020294
,,,,,8079,4303.652968,4781.836631,5260.020294
,,,,,8080,4303.652968,4781.836631,5260.020294
,,,,,8081,4303.652968,4781.836631,5260.020294
,,,,,8082,4303.652968,4781.836631,5260.020294
,,,,,8083,4303.652968,4781.836631,5260.020294
,,,,,8084,4303.652968,4781.836631,5260.020294
,,,,,8085,4303.652968,4781.836631,5260.020294
,,,,,8086,4303.652968,4781.836631,5260.020294
,,,,,8087,4303.652968,4781.836631,5260.020294
,,,,,8088,4303.652968,4781.836631,5260.020294
,,,,,8089,4303.652968,4781.836631,5260.020294
,,,,,8090,4303.652968,4781.836631,5260.020294
,,,,,8091,4303.652968,4781.836631,5260.020294
,,,,,8092,4303.652968,4781.836631,5260.020294
,,,,,8093,4303.652968,4781.836631,5260.020294
,,,,,8094,4303.652968,4781.836631,5260.020294
,,,,,8095,4303.652968,4781.836631,5260.020294
,,,,,8096,4303.652968,4781.836631,5260.020294
,,,,,8097,4303.652968,4781.836631,5260.020294
,,,,,8098,4303.652968,4781.836631,5260.020294
,,,,,8099,4303.652968,4781.836631,5260.020294
,,,,,8100,4303.652968,4781.836631,5260.020294
,,,,,8101,4303.652968,4781.836631,5260.020294
,,,,,8102,4303.652968,4781.836631,5260.020294
,,,,,8103,4303.652968,4781.836631,5260.020294
,,,,,8104,4303.652968,4781.836631,5260.020294
,,,,,8105,4303.652968,4781.836631,5260.020294
,,,,,8106,4303.652968,4781.836631,5260.020294
,,,,,8107,4303.652968,4781.836631,5260.020294
,,,,,8108,4303.652968,4781.836631,5260.020294
,,,,,8109,4303.652968,4781.836631,5260.020294
,,,,,8110,4303.652968,4781.836631,5260.020294
,,,,,8111,4303.652968,4781.836631,5260.020294
,,,,,8112,4303.652968,4781.836631,5260.020294
,,,,,8113,4303.652968,4781.836631,5260.020294
,,,,,8114,4303.652968,4781.836631,5260.020294
,,,,,8115,4303.652968,4781.836631,5260.020294
,,,,,8116,4303.652968,4781.836631,5260.020294
,,,,,8117,4303.652968,4781.836631,5260.020294
,,,,,8118,4303.652968,4781.836631,5260.020294
,,,,,8119,4303.652968,4781.836631,5260.020294
,,,,,8120,4303.652968,4781.836631,5260.020294
,,,,,8121,4303.652968,4781.836631,5260.020294
,,,,,8122,4303.652968,4781.836631,5260.020294
,,,,,8123,4303.652968,4781.836631,5260.020294
,,,,,8124,4303.652968,4781.836631,5260.020294
,,,,,8125,4303.652968,4781.836631,5260.020294
,,,,,8126,4303.652968,4781.836631,5260.020294
,,,,,8127,4303.652968,4781.836631,5260.020294
,,,,,8128,4303.652968,4781.836631,5260.020294
,,,,,8129,4303.652968,4781.836631,5260.020294
,,,,,8130,4303.652968,4781.836631,5260.020294
,,,,,8131,4303.652968,4781.836631,5260.020294
,,,,,8132,4303.652968,4781.836631,5260.020294
,,,,,8133,4303.652968,4781.836631,5260.020294
,,,,,8134,4303.652968,4781.836631,5260.020294
,,,,,8135,4303.652968,4781.836631,5260.020294
,,,,,8136,4303.652968,4781.836631,5260.020294
,,,,,8137,4303.652968,4781.836631,5260.020294
,,,,,8138,4303.652968,4781.836631,5260.020294
,,,,,8139,4303.652968,4781.836631,5260.020294
,,,,,8140,4303.652968,4781.836631,5260.020294
,,,,,8141,4303.652968,4781.836631,5260.020294
,,,,,8142,4303.652968,4781.836631,5260.020294
,,,,,8143,4303.652968,4781.836631,5260.020294
,,,,,8144,4303.652968,4781.836631,5260.020294
,,,,,8145,4303.652968,4781.836631,5260.020294
,,,,,8146,4303.652968,4781.836631,5260.020294
,,,,,8147,4303.652968,4781.836631,5260.020294
,,,,,8148,4303.652968,4781.836631,5260.020294
,,,,,8149,4303.652968,4781.836631,5260.020294
,,,,,8150,4303.652968,4781.836631,5260.020294
,,,,,8151,4303.652968,4781.836631,5260.020294
,,,,,8152,4303.652968,4781.836631,5260.020294
,,,,,8153,4303.652968,4781.836631,5260.020294
,,,,,8154,4303.652968,4781.836631,5260.020294
,,,,,8155,4303.652968,4781.836631,5260.020294
,,,,,8156,4303.652968,4781.836631,5260.020294
,,,,,8157,4303.652968,4781.836631,5260.020294
,,,,,8158,4303.652968,4781.836631,5260.020294
,,,,,8159,4303.652968,4781.836631,5260.020294
,,,,,8160,4303.652968,4781.836631,5260.020294
,,,,,8161,4303.652968,4781.836631,5260.020294
,,,,,8162,4303.652968,4781.836631,5260.020294
,,,,,8163,4303.652968,4781.836631,5260.020294
,,,,,8164,4303.652968,4781.836631,5260.020294
,,,,,8165,4303.652968,4781.836631,5260.020294
,,,,,8166,4303.652968,4781.836631,5260.020294
,,,,,8167,4303.652968,4781.836631,5260.020294
,,,,,8168,4303.652968,4781.836631,5260.020294
,,,,,8169,4303.652968,4781.836631,5260.020294
,,,,,8170,4303.652968,4781.836631,5260.020294
,,,,,8171,4303.652968,4781.836631,5260.020294
,,,,,8172,4303.652968,4781.836631,5260.020294
,,,,,8173,4303.652968,4781.836631,5260.020294
,,,,,8174,4303.652968,4781.836631,5260.020294
,,,,,8175,4303.652968,4781.836631,5260.020294
,,,,,8176,4303.652968,4781.836631,5260.020294
,,,,,8177,4303.652968,4781.836631,5260.020294
,,,,,8178,4303.652968,4781.836631,5260.020294
,,,,,8179,4303.652968,4781.836631,5260.020294
,,,,,8180,4303.652968,4781.836631,5260.020294
,,,,,8181,4303.652968,4781.836631,5260.020294
,,,,,8182,4303.652968,4781.836631,5260.020294
,,,,,8183,4303.652968,4781.836631,5260.020294
,,,,,8184,4303.652968,4781.836631,5260.020294
,,,,,8185,4303.652968,4781.836631,5260.020294
,,,,,8186,4303.652968,4781.836631,5260.020294
,,,,,8187,4303.652968,4781.836631,5260.020294
,,,,,8188,4303.652968,4781.836631,5260.020294
,,,,,8189,4303.652968,4781.836631,5260.020294
,,,,,8190,4303.652968,4781.836631,5260.020294
,,,,,8191,4303.652968,4781.836631,5260.020294
,,,,,8192,4303.652968,4781.836631,5260.020294
,,,,,8193,4303.652968,4781.836631,5260.020294
,,,,,8194,4303.652968,4781.836631,5260.020294
,,,,,8195,4303.652968,4781.836631,5260.020294
,,,,,8196,4303.652968,4781.836631,5260.020294
,,,,,8197,4303.652968,4781.836631,5260.020294
,,,,,8198,4303.652968,4781.836631,5260.020294
,,,,,8199,4303.652968,4781.836631,5260.020294
,,,,,8200,4303.652968,4781.836631,5260.020294
,,,,,8201,4303.652968,4781.836631,5260.020294
,,,,,8202,4303.652968,4781.836631,5260.020294
,,,,,8203,4303.652968,4781.836631,5260.020294
,,,,,8204,4303.652968,4781.836631,5260.020294
,,,,,8205,4303.652968,4781.836631,5260.020294
,,,,,8206,4303.652968,4781.836631,5260.020294
,,,,,8207,4303.652968,4781.836631,5260.020294
,,,,,8208,4303.652968,4781.836631,5260.020294
,,,,,8209,4303.652968,4781.836631,5260.020294
,,,,,8210,4303.652968,4781.836631,5260.020294
,,,,,8211,4303.652968,4781.836631,5260.020294
,,,,,8212,4303.652968,4781.836631,5260.020294
,,,,,8213,4303.652968,4781.836631,5260.020294
,,,,,8214,4303.652968,4781.836631,5260.020294
,,,,,8215,4303.652968,4781.836631,5260.020294
,,,,,8216,4303.652968,4781.836631,5260.020294
,,,,,8217,4303.652968,4781.836631,5260.020294
,,,,,8218,4303.652968,4781.836631,5260.020294
,,,,,8219,4303.652968,4781.836631,5260.020294
,,,,,8220,4303.652968,4781.836631,5260.020294
,,,,,8221,4303.652968,4781.836631,5260.020294
,,,,,8222,4303.652968,4781.836631,5260.020294
,,,,,8223,4303.652968,4781.836631,5260.020294
,,,,,8224,4303.652968,4781.836631,5260.020294
,,,,,8225,4303.652968,4781.836631,5260.020294
,,,,,8226,4303.652968,4781.836631,5260.020294
,,,,,8227,4303.652968,4781.836631,5260.020294
,,,,,8228,4303.652968,4781.836631,5260.020294
,,,,,8229,4303.652968,4781.836631,5260.020294
,,,,,8230,4303.652968,4781.836631,5260.020294
,,,,,8231,4303.652968,4781.836631,5260.020294
,,,,,8232,4303.652968,4781.836631,5260.020294
,,,,,8233,4303.652968,4781.836631,5260.020294
,,,,,8234,4303.652968,4781.836631,5260.020294
,,,,,8235,4303.652968,4781.836631,5260.020294
,,,,,8236,4303.652968,4781.836631,5260.020294
,,,,,8237,4303.652968,4781.836631,5260.020294
,,,,,8238,4303.652968,4781.836631,5260.020294
,,,,,8239,4303.652968,4781.836631,5260.020294
,,,,,8240,4303.652968,4781.836631,5260.020294
,,,,,8241,4303.652968,4781.836631,5260.020294
,,,,,8242,4303.652968,4781.836631,5260.020294
,,,,,8243,4303.652968,4781.836631,5260.020294
,,,,,8244,4303.652968,4781.836631,5260.020294
,,,,,8245,4303.652968,4781.836631,5260.020294
,,,,,8246,4303.652968,4781.836631,5260.020294
,,,,,8247,4303.652968,4781.836631,5260.020294
,,,,,8248,4303.652968,4781.836631,5260.020294
,,,,,8249,4303.652968,4781.836631,5260.020294
,,,,,8250,4303.652968,4781.836631,5260.020294
,,,,,8251,4303.652968,4781.836631,5260.020294
,,,,,8252,4303.652968,4781.836631,5260.020294
,,,,,8253,4303.652968,4781.836631,5260.020294
,,,,,8254,4303.652968,4781.836631,5260.020294
,,,,,8255,4303.652968,4781.836631,5260.020294
,,,,,8256,4303.652968,4781.836631,5260.020294
,,,,,8257,4303.652968,4781.836631,5260.020294
,,,,,8258,4303.652968,4781.836631,5260.020294
,,,,,8259,4303.652968,4781.836631,5260.020294
,,,,,8260,4303.652968,4781.836631,5260.020294
,,,,,8261,4303.652968,4781.836631,5260.020294
,,,,,8262,4303.652968,4781.836631,5260.020294
,,,,,8263,4303.652968,4781.836631,5260.020294
,,,,,8264,4303.652968,4781.836631,5260.020294
,,,,,8265,4303.652968,4781.836631,5260.020294
,,,,,8266,4303.652968,4781.836631,5260.020294
,,,,,8267,4303.652968,4781.836631,5260.020294
,,,,,8268,4303.652968,4781.836631,5260.020294
,,,,,8269,4303.652968,4781.836631,5260.020294
,,,,,8270,4303.652968,4781.836631,5260.020294
,,,,,8271,4303.652968,4781.836631,5260.020294
,,,,,8272,4303.652968,4781.836631,5260.020294
,,,,,8273,4303.652968,4781.836631,5260.020294
,,,,,8274,4303.652968,4781.836631,5260.020294
,,,,,8275,4303.652968,4781.836631,5260.020294
,,,,,8276,4303.652968,4781.836631,5260.020294
,,,,,8277,4303.652968,4781.836631,5260.020294
,,,,,8278,4303.652968,4781.836631,5260.020294
,,,,,8279,4303.652968,4781.836631,5260.020294
,,,,,8280,4303.652968,4781.836631,5260.020294
,,,,,8281,4303.652968,4781.836631,5260.020294
,,,,,8282,4303.652968,4781.836631,5260.020294
,,,,,8283,4303.652968,4781.836631,5260.020294
,,,,,8284,4303.652968,4781.836631,5260.020294
,,,,,8285,4303.652968,4781.836631,5260.020294
,,,,,8286,4303.652968,4781.836631,5260.020294
,,,,,8287,4303.652968,4781.836631,5260.020294
,,,,,8288,4303.652968,4781.836631,5260.020294
,,,,,8289,4303.652968,4781.836631,5260.020294
,,,,,8290,4303.652968,4781.836631,5260.020294
,,,,,8291,4303.652968,4781.836631,5260.020294
,,,,,8292,4303.652968,4781.836631,5260.020294
,,,,,8293,4303.652968,4781.836631,5260.020294
,,,,,8294,4303.652968,4781.836631,5260.020294
,,,,,8295,4303.652968,4781.836631,5260.020294
,,,,,8296,4303.652968,4781.836631,5260.020294
,,,,,8297,4303.652968,4781.836631,5260.020294
,,,,,8298,4303.652968,4781.836631,5260.020294
,,,,,8299,4303.652968,4781.836631,5260.020294
,,,,,8300,4303.652968,4781.836631,5260.020294
,,,,,8301,4303.652968,4781.836631,5260.020294
,,,,,8302,4303.652968,4781.836631,5260.020294
,,,,,8303,4303.652968,4781.836631,5260.020294
,,,,,8304,4303.652968,4781.836631,5260.020294
,,,,,8305,4303.652968,4781.836631,5260.020294
,,,,,8306,4303.652968,4781.836631,5260.020294
,,,,,8307,4303.652968,4781.836631,5260.020294
,,,,,8308,4303.652968,4781.836631,5260.020294
,,,,,8309,4303.652968,4781.836631,5260.020294
,,,,,8310,4303.652968,4781.836631,5260.020294
,,,,,8311,4303.652968,4781.836631,5260.020294
,,,,,8312,4303.652968,4781.836631,5260.020294
,,,,,8313,4303.652968,4781.836631,5260.020294
,,,,,8314,4303.652968,4781.836631,5260.020294
,,,,,8315,4303.652968,4781.836631,5260.020294
,,,,,8316,4303.652968,4781.836631,5260.020294
,,,,,8317,4303.652968,4781.836631,5260.020294
,,,,,8318,4303.652968,4781.836631,5260.020294
,,,,,8319,4303.652968,4781.836631,5260.020294
,,,,,8320,4303.652968,4781.836631,5260.020294
,,,,,8321,4303.652968,4781.836631,5260.020294
,,,,,8322,4303.652968,4781.836631,5260.020294
,,,,,8323,4303.652968,4781.836631,5260.020294
,,,,,8324,4303.652968,4781.836631,5260.020294
,,,,,8325,4303.652968,4781.836631,5260.020294
,,,,,8326,4303.652968,4781.836631,5260.020294
,,,,,8327,4303.652968,4781.836631,5260.020294
,,,,,8328,4303.652968,4781.836631,5260.020294
,,,,,8329,4303.652968,4781.836631,5260.020294
,,,,,8330,4303.652968,4781.836631,5260.020294
,,,,,8331,4303.652968,4781.836631,5260.020294
,,,,,8332,4303.652968,4781.836631,5260.020294
,,,,,8333,4303.652968,4781.836631,5260.020294
,,,,,8334,4303.652968,4781.836631,5260.020294
,,,,,8335,4303.652968,4781.836631,5260.020294
,,,,,8336,4303.652968,4781.836631,5260.020294
,,,,,8337,4303.652968,4781.836631,5260.020294
,,,,,8338,4303.652968,4781.836631,5260.020294
,,,,,8339,4303.652968,4781.836631,5260.020294
,,,,,8340,4303.652968,4781.836631,5260.020294
,,,,,8341,4303.652968,4781.836631,5260.020294
,,,,,8342,4303.652968,4781.836631,5260.020294
,,,,,8343,4303.652968,4781.836631,5260.020294
,,,,,8344,4303.652968,4781.836631,5260.020294
,,,,,8345,4303.652968,4781.836631,5260.020294
,,,,,8346,4303.652968,4781.836631,5260.020294
,,,,,8347,4303.652968,4781.836631,5260.020294
,,,,,8348,4303.652968,4781.836631,5260.020294
,,,,,8349,4303.652968,4781.836631,5260.020294
,,,,,8350,4303.652968,4781.836631,5260.020294
,,,,,8351,4303.652968,4781.836631,5260.020294
,,,,,8352,4303.652968,4781.836631,5260.020294
,,,,,8353,4303.652968,4781.836631,5260.020294
,,,,,8354,4303.652968,4781.836631,5260.020294
,,,,,8355,4303.652968,4781.836631,5260.020294
,,,,,8356,4303.652968,4781.836631,5260.020294
,,,,,8357,4303.652968,4781.836631,5260.020294
,,,,,8358,4303.652968,4781.836631,5260.020294
,,,,,8359,4303.652968,4781.836631,5260.020294
,,,,,8360,4303.652968,4781.836631,5260.020294
,,,,,8361,4303.652968,4781.836631,5260.020294
,,,,,8362,4303.652968,4781.836631,5260.020294
,,,,,8363,4303.652968,4781.836631,5260.020294
,,,,,8364,4303.652968,4781.836631,5260.020294
,,,,,8365,4303.652968,4781.836631,5260.020294
,,,,,8366,4303.652968,4781.836631,5260.020294
,,,,,8367,4303.652968,4781.836631,5260.020294
,,,,,8368,4303.652968,4781.836631,5260.020294
,,,,,8369,4303.652968,4781.836631,5260.020294
,,,,,8370,4303.652968,4781.836631,5260.020294
,,,,,8371,4303.652968,4781.836631,5260.020294
,,,,,8372,4303.652968,4781.836631,5260.020294
,,,,,8373,4303.652968,4781.836631,5260.020294
,,,,,8374,4303.652968,4781.836631,5260.020294
,,,,,8375,4303.652968,4781.836631,5260.020294
,,,,,8376,4303.652968,4781.836631,5260.020294
,,,,,8377,4303.652968,4781.836631,5260.020294
,,,,,8378,4303.652968,4781.836631,5260.020294
,,,,,8379,4303.652968,4781.836631,5260.020294
,,,,,8380,4303.652968,4781.836631,5260.020294
,,,,,8381,4303.652968,4781.836631,5260.020294
,,,,,8382,4303.652968,4781.836631,5260.020294
,,,,,8383,4303.652968,4781.836631,5260.020294
,,,,,8384,4303.652968,4781.836631,5260.020294
,,,,,8385,4303.652968,4781.836631,5260.020294
,,,,,8386,4303.652968,4781.836631,5260.020294
,,,,,8387,4303.652968,4781.836631,5260.020294
,,,,,8388,4303.652968,4781.836631,5260.020294
,,,,,8389,4303.652968,4781.836631,5260.020294
,,,,,8390,4303.652968,4781.836631,5260.020294
,,,,,8391,4303.652968,4781.836631,5260.020294
,,,,,8392,4303.652968,4781.836631,5260.020294
,,,,,8393,4303.652968,4781.836631,5260.020294
,,,,,8394,4303.652968,4781.836631,5260.020294
,,,,,8395,4303.652968,4781.836631,5260.020294
,,,,,8396,4303.652968,4781.836631,5260.020294
,,,,,8397,4303.652968,4781.836631,5260.020294
,,,,,8398,4303.652968,4781.836631,5260.020294
,,,,,8399,4303.652968,4781.836631,5260.020294
,,,,,8400,4303.652968,4781.836631,5260.020294
,,,,,8401,4303.652968,4781.836631,5260.020294
,,,,,8402,4303.652968,4781.836631,5260.020294
,,,,,8403,4303.652968,4781.836631,5260.020294
,,,,,8404,4303.652968,4781.836631,5260.020294
,,,,,8405,4303.652968,4781.836631,5260.020294
,,,,,8406,4303.652968,4781.836631,5260.020294
,,,,,8407,4303.652968,4781.836631,5260.020294
,,,,,8408,4303.652968,4781.836631,5260.020294
,,,,,8409,4303.652968,4781.836631,5260.020294
,,,,,8410,4303.652968,4781.836631,5260.020294
,,,,,8411,4303.652968,4781.836631,5260.020294
,,,,,8412,4303.652968,4781.836631,5260.020294
,,,,,8413,4303.652968,4781.836631,5260.020294
,,,,,8414,4303.652968,4781.836631,5260.020294
,,,,,8415,4303.652968,4781.836631,5260.020294
,,,,,8416,4303.652968,4781.836631,5260.020294
,,,,,8417,4303.652968,4781.836631,5260.020294
,,,,,8418,4303.652968,4781.836631,5260.020294
,,,,,8419,4303.652968,4781.836631,5260.020294
,,,,,8420,4303.652968,4781.836631,5260.020294
,,,,,8421,4303.652968,4781.836631,5260.020294
,,,,,8422,4303.652968,4781.836631,5260.020294
,,,,,8423,4303.652968,4781.836631,5260.020294
,,,,,8424,4303.652968,4781.836631,5260.020294
,,,,,8425,4303.652968,4781.836631,5260.020294
,,,,,8426,4303.652968,4781.836631,5260.020294
,,,,,8427,4303.652968,4781.836631,5260.020294
,,,,,8428,4303.652968,4781.836631,5260.020294
,,,,,8429,4303.652968,4781.836631,5260.020294
,,,,,8430,4303.652968,4781.836631,5260.020294
,,,,,8431,4303.652968,4781.836631,5260.020294
,,,,,8432,4303.652968,4781.836631,5260.020294
,,,,,8433,4303.652968,4781.836631,5260.020294
,,,,,8434,4303.652968,4781.836631,5260.020294
,,,,,8435,4303.652968,4781.836631,5260.020294
,,,,,8436,4303.652968,4781.836631,5260.020294
,,,,,8437,4303.652968,4781.836631,5260.020294
,,,,,8438,4303.652968,4781.836631,5260.020294
,,,,,8439,4303.652968,4781.836631,5260.020294
,,,,,8440,4303.652968,4781.836631,5260.020294
,,,,,8441,4303.652968,4781.836631,5260.020294
,,,,,8442,4303.652968,4781.836631,5260.020294
,,,,,8443,4303.652968,4781.836631,5260.020294
,,,,,8444,4303.652968,4781.836631,5260.020294
,,,,,8445,4303.652968,4781.836631,5260.020294
,,,,,8446,4303.652968,4781.836631,5260.020294
,,,,,8447,4303.652968,4781.836631,5260.020294
,,,,,8448,4303.652968,4781.836631,5260.020294
,,,,,8449,4303.652968,4781.836631,5260.020294
,,,,,8450,4303.652968,4781.836631,5260.020294
,,,,,8451,4303.652968,4781.836631,5260.020294
,,,,,8452,4303.652968,4781.836631,5260.020294
,,,,,8453,4303.652968,4781.836631,5260.020294
,,,,,8454,4303.652968,4781.836631,5260.020294
,,,,,8455,4303.652968,4781.836631,5260.020294
,,,,,8456,4303.652968,4781.836631,5260.020294
,,,,,8457,4303.652968,4781.836631,5260.020294
,,,,,8458,4303.652968,4781.836631,5260.020294
,,,,,8459,4303.652968,4781.836631,5260.020294
,,,,,8460,4303.652968,4781.836631,5260.020294
,,,,,8461,4303.652968,4781.836631,5260.020294
,,,,,8462,4303.652968,4781.836631,5260.020294
,,,,,8463,4303.652968,4781.836631,5260.020294
,,,,,8464,4303.652968,4781.836631,5260.020294
,,,,,8465,4303.652968,4781.836631,5260.020294
,,,,,8466,4303.652968,4781.836631,5260.020294
,,,,,8467,4303.652968,4781.836631,5260.020294
,,,,,8468,4303.652968,4781.836631,5260.020294
,,,,,8469,4303.652968,4781.836631,5260.020294
,,,,,8470,4303.652968,4781.836631,5260.020294
,,,,,8471,4303.652968,4781.836631,5260.020294
,,,,,8472,4303.652968,4781.836631,5260.020294
,,,,,8473,4303.652968,4781.836631,5260.020294
,,,,,8474,4303.652968,4781.836631,5260.020294
,,,,,8475,4303.652968,4781.836631,5260.020294
,,,,,8476,4303.652968,4781.836631,5260.020294
,,,,,8477,4303.652968,4781.836631,5260.020294
,,,,,8478,4303.652968,4781.836631,5260.020294
,,,,,8479,4303.652968,4781.836631,5260.020294
,,,,,8480,4303.652968,4781.836631,5260.020294
,,,,,8481,4303.652968,4781.836631,5260.020294
,,,,,8482,4303.652968,4781.836631,5260.020294
,,,,,8483,4303.652968,4781.836631,5260.020294
,,,,,8484,4303.652968,4781.836631,5260.020294
,,,,,8485,4303.652968,4781.836631,5260.020294
,,,,,8486,4303.652968,4781.836631,5260.020294
,,,,,8487,4303.652968,4781.836631,5260.020294
,,,,,8488,4303.652968,4781.836631,5260.020294
,,,,,8489,4303.652968,4781.836631,5260.020294
,,,,,8490,4303.652968,4781.836631,5260.020294
,,,,,8491,4303.652968,4781.836631,5260.020294
,,,,,8492,4303.652968,4781.836631,5260.020294
,,,,,8493,4303.652968,4781.836631,5260.020294
,,,,,8494,4303.652968,4781.836631,5260.020294
,,,,,8495,4303.652968,4781.836631,5260.020294
,,,,,8496,4303.652968,4781.836631,5260.020294
,,,,,8497,4303.652968,4781.836631,5260.020294
,,,,,8498,4303.652968,4781.836631,5260.020294
,,,,,8499,4303.652968,4781.836631,5260.020294
,,,,,8500,4303.652968,4781.836631,5260.020294
,,,,,8501,4303.652968,4781.836631,5260.020294
,,,,,8502,4303.652968,4781.836631,5260.020294
,,,,,8503,4303.652968,4781.836631,5260.020294
,,,,,8504,4303.652968,4781.836631,5260.020294
,,,,,8505,4303.652968,4781.836631,5260.020294
,,,,,8506,4303.652968,4781.836631,5260.020294
,,,,,8507,4303.652968,4781.836631,5260.020294
,,,,,8508,4303.652968,4781.836631,5260.020294
,,,,,8509,4303.652968,4781.836631,5260.020294
,,,,,8510,4303.652968,4781.836631,5260.020294
,,,,,8511,4303.652968,4781.836631,5260.020294
,,,,,8512,4303.652968,4781.836631,5260.020294
,,,,,8513,4303.652968,4781.836631,5260.020294
,,,,,8514,4303.652968,4781.836631,5260.020294
,,,,,8515,4303.652968,4781.836631,5260.020294
,,,,,8516,4303.652968,4781.836631,5260.020294
,,,,,8517,4303.652968,4781.836631,5260.020294
,,,,,8518,4303.652968,4781.836631,5260.020294
,,,,,8519,4303.652968,4781.836631,5260.020294
,,,,,8520,4303.652968,4781.836631,5260.020294
,,,,,8521,4303.652968,4781.836631,5260.020294
,,,,,8522,4303.652968,4781.836631,5260.020294
,,,,,8523,4303.652968,4781.836631,5260.020294
,,,,,8524,4303.652968,4781.836631,5260.020294
,,,,,8525,4303.652968,4781.836631,5260.020294
,,,,,8526,4303.652968,4781.836631,5260.020294
,,,,,8527,4303.652968,4781.836631,5260.020294
,,,,,8528,4303.652968,4781.836631,5260.020294
,,,,,8529,4303.652968,4781.836631,5260.020294
,,,,,8530,4303.652968,4781.836631,5260.020294
,,,,,8531,4303.652968,4781.836631,5260.020294
,,,,,8532,4303.652968,4781.836631,5260.020294
,,,,,8533,4303.652968,4781.836631,5260.020294
,,,,,8534,4303.652968,4781.836631,5260.020294
,,,,,8535,4303.652968,4781.836631,5260.020294
,,,,,8536,4303.652968,4781.836631,5260.020294
,,,,,8537,4303.652968,4781.836631,5260.020294
,,,,,8538,4303.652968,4781.836631,5260.020294
,,,,,8539,4303.652968,4781.836631,5260.020294
,,,,,8540,4303.652968,4781.836631,5260.020294
,,,,,8541,4303.652968,4781.836631,5260.020294
,,,,,8542,4303.652968,4781.836631,5260.020294
,,,,,8543,4303.652968,4781.836631,5260.020294
,,,,,8544,4303.652968,4781.836631,5260.020294
,,,,,8545,4303.652968,4781.836631,5260.020294
,,,,,8546,4303.652968,4781.836631,5260.020294
,,,,,8547,4303.652968,4781.836631,5260.020294
,,,,,8548,4303.652968,4781.836631,5260.020294
,,,,,8549,4303.652968,4781.836631,5260.020294
,,,,,8550,4303.652968,4781.836631,5260.020294
,,,,,8551,4303.652968,4781.836631,5260.020294
,,,,,8552,4303.652968,4781.836631,5260.020294
,,,,,8553,4303.652968,4781.836631,5260.020294
,,,,,8554,4303.652968,4781.836631,5260.020294
,,,,,8555,4303.652968,4781.836631,5260.020294
,,,,,8556,4303.652968,4781.836631,5260.020294
,,,,,8557,4303.652968,4781.836631,5260.020294
,,,,,8558,4303.652968,4781.836631,5260.020294
,,,,,8559,4303.652968,4781.836631,5260.020294
,,,,,8560,4303.652968,4781.836631,5260.020294
,,,,,8561,4303.652968,4781.836631,5260.020294
,,,,,8562,4303.652968,4781.836631,5260.020294
,,,,,8563,4303.652968,4781.836631,5260.020294
,,,,,8564,4303.652968,4781.836631,5260.020294
,,,,,8565,4303.652968,4781.836631,5260.020294
,,,,,8566,4303.652968,4781.836631,5260.020294
,,,,,8567,4303.652968,4781.836631,5260.020294
,,,,,8568,4303.652968,4781.836631,5260.020294
,,,,,8569,4303.652968,4781.836631,5260.020294
,,,,,8570,4303.652968,4781.836631,5260.020294
,,,,,8571,4303.652968,4781.836631,5260.020294
,,,,,8572,4303.652968,4781.836631,5260.020294
,,,,,8573,4303.652968,4781.836631,5260.020294
,,,,,8574,4303.652968,4781.836631,5260.020294
,,,,,8575,4303.652968,4781.836631,5260.020294
,,,,,8576,4303.652968,4781.836631,5260.020294
,,,,,8577,4303.652968,4781.836631,5260.020294
,,,,,8578,4303.652968,4781.836631,5260.020294
,,,,,8579,4303.652968,4781.836631,5260.020294
,,,,,8580,4303.652968,4781.836631,5260.020294
,,,,,8581,4303.652968,4781.836631,5260.020294
,,,,,8582,4303.652968,4781.836631,5260.020294
,,,,,8583,4303.652968,4781.836631,5260.020294
,,,,,8584,4303.652968,4781.836631,5260.020294
,,,,,8585,4303.652968,4781.836631,5260.020294
,,,,,8586,4303.652968,4781.836631,5260.020294
,,,,,8587,4303.652968,4781.836631,5260.020294
,,,,,8588,4303.652968,4781.836631,5260.020294
,,,,,8589,4303.652968,4781.836631,5260.020294
,,,,,8590,4303.652968,4781.836631,5260.020294
,,,,,8591,4303.652968,4781.836631,5260.020294
,,,,,8592,4303.652968,4781.836631,5260.020294
,,,,,8593,4303.652968,4781.836631,5260.020294
,,,,,8594,4303.652968,4781.836631,5260.020294
,,,,,8595,4303.652968,4781.836631,5260.020294
,,,,,8596,4303.652968,4781.836631,5260.020294
,,,,,8597,4303.652968,4781.836631,5260.020294
,,,,,8598,4303.652968,4781.836631,5260.020294
,,,,,8599,4303.652968,4781.836631,5260.020294
,,,,,8600,4303.652968,4781.836631,5260.020294
,,,,,8601,4303.652968,4781.836631,5260.020294
,,,,,8602,4303.652968,4781.836631,5260.020294
,,,,,8603,4303.652968,4781.836631,5260.020294
,,,,,8604,4303.652968,4781.836631,5260.020294
,,,,,8605,4303.652968,4781.836631,5260.020294
,,,,,8606,4303.652968,4781.836631,5260.020294
,,,,,8607,4303.652968,4781.836631,5260.020294
,,,,,8608,4303.652968,4781.836631,5260.020294
,,,,,8609,4303.652968,4781.836631,5260.020294
,,,,,8610,4303.652968,4781.836631,5260.020294
,,,,,8611,4303.652968,4781.836631,5260.020294
,,,,,8612,4303.652968,4781.836631,5260.020294
,,,,,8613,4303.652968,4781.836631,5260.020294
,,,,,8614,4303.652968,4781.836631,5260.020294
,,,,,8615,4303.652968,4781.836631,5260.020294
,,,,,8616,4303.652968,4781.836631,5260.020294
,,,,,8617,4303.652968,4781.836631,5260.020294
,,,,,8618,4303.652968,4781.836631,5260.020294
,,,,,8619,4303.652968,4781.836631,5260.020294
,,,,,8620,4303.652968,4781.836631,5260.020294
,,,,,8621,4303.652968,4781.836631,5260.020294
,,,,,8622,4303.652968,4781.836631,5260.020294
,,,,,8623,4303.652968,4781.836631,5260.020294
,,,,,8624,4303.652968,4781.836631,5260.020294
,,,,,8625,4303.652968,4781.836631,5260.020294
,,,,,8626,4303.652968,4781.836631,5260.020294
,,,,,8627,4303.652968,4781.836631,5260.020294
,,,,,8628,4303.652968,4781.836631,5260.020294
,,,,,8629,4303.652968,4781.836631,5260.020294
,,,,,8630,4303.652968,4781.836631,5260.020294
,,,,,8631,4303.652968,4781.836631,5260.020294
,,,,,8632,4303.652968,4781.836631,5260.020294
,,,,,8633,4303.652968,4781.836631,5260.020294
,,,,,8634,4303.652968,4781.836631,5260.020294
,,,,,8635,4303.652968,4781.836631,5260.020294
,,,,,8636,4303.652968,4781.836631,5260.020294
,,,,,8637,4303.652968,4781.836631,5260.020294
,,,,,8638,4303.652968,4781.836631,5260.020294
,,,,,8639,4303.652968,4781.836631,5260.020294
,,,,,8640,4303.652968,4781.836631,5260.020294
,,,,,8641,4303.652968,4781.836631,5260.020294
,,,,,8642,4303.652968,4781.836631,5260.020294
,,,,,8643,4303.652968,4781.836631,5260.020294
,,,,,8644,4303.652968,4781.836631,5260.020294
,,,,,8645,4303.652968,4781.836631,5260.020294
,,,,,8646,4303.652968,4781.836631,5260.020294
,,,,,8647,4303.652968,4781.836631,5260.020294
,,,,,8648,4303.652968,4781.836631,5260.020294
,,,,,8649,4303.652968,4781.836631,5260.020294
,,,,,8650,4303.652968,4781.836631,5260.020294
,,,,,8651,4303.652968,4781.836631,5260.020294
,,,,,8652,4303.652968,4781.836631,5260.020294
,,,,,8653,4303.652968,4781.836631,5260.020294
,,,,,8654,4303.652968,4781.836631,5260.020294
,,,,,8655,4303.652968,4781.836631,5260.020294
,,,,,8656,4303.652968,4781.836631,5260.020294
,,,,,8657,4303.652968,4781.836631,5260.020294
,,,,,8658,4303.652968,4781.836631,5260.020294
,,,,,8659,4303.652968,4781.836631,5260.020294
,,,,,8660,4303.652968,4781.836631,5260.020294
,,,,,8661,4303.652968,4781.836631,5260.020294
,,,,,8662,4303.652968,4781.836631,5260.020294
,,,,,8663,4303.652968,4781.836631,5260.020294
,,,,,8664,4303.652968,4781.836631,5260.020294
,,,,,8665,4303.652968,4781.836631,5260.020294
,,,,,8666,4303.652968,4781.836631,5260.020294
,,,,,8667,4303.652968,4781.836631,5260.020294
,,,,,8668,4303.652968,4781.836631,5260.020294
,,,,,8669,4303.652968,4781.836631,5260.020294
,,,,,8670,4303.652968,4781.836631,5260.020294
,,,,,8671,4303.652968,4781.836631,5260.020294
,,,,,8672,4303.652968,4781.836631,5260.020294
,,,,,8673,4303.652968,4781.836631,5260.020294
,,,,,8674,4303.652968,4781.836631,5260.020294
,,,,,8675,4303.652968,4781.836631,5260.020294
,,,,,8676,4303.652968,4781.836631,5260.020294
,,,,,8677,4303.652968,4781.836631,5260.020294
,,,,,8678,4303.652968,4781.836631,5260.020294
,,,,,8679,4303.652968,4781.836631,5260.020294
,,,,,8680,4303.652968,4781.836631,5260.020294
,,,,,8681,4303.652968,4781.836631,5260.020294
,,,,,8682,4303.652968,4781.836631,5260.020294
,,,,,8683,4303.652968,4781.836631,5260.020294
,,,,,8684,4303.652968,4781.836631,5260.020294
,,,,,8685,4303.652968,4781.836631,5260.020294
,,,,,8686,4303.652968,4781.836631,5260.020294
,,,,,8687,4303.652968,4781.836631,5260.020294
,,,,,8688,4303.652968,4781.836631,5260.020294
,,,,,8689,4303.652968,4781.836631,5260.020294
,,,,,8690,4303.652968,4781.836631,5260.020294
,,,,,8691,4303.652968,4781.836631,5260.020294
,,,,,8692,4303.652968,4781.836631,5260.020294
,,,,,8693,4303.652968,4781.836631,5260.020294
,,,,,8694,4303.652968,4781.836631,5260.020294
,,,,,8695,4303.652968,4781.836631,5260.020294
,,,,,8696,4303.652968,4781.836631,5260.020294
,,,,,8697,4303.652968,4781.836631,5260.020294
,,,,,8698,4303.652968,4781.836631,5260.020294
,,,,,8699,4303.652968,4781.836631,5260.020294
,,,,,8700,4303.652968,4781.836631,5260.020294
,,,,,8701,4303.652968,4781.836631,5260.020294
,,,,,8702,4303.652968,4781.836631,5260.020294
,,,,,8703,4303.652968,4781.836631,5260.020294
,,,,,8704,4303.652968,4781.836631,5260.020294
,,,,,8705,4303.652968,4781.836631,5260.020294
,,,,,8706,4303.652968,4781.836631,5260.020294
,,,,,8707,4303.652968,4781.836631,5260.020294
,,,,,8708,4303.652968,4781.836631,5260.020294
,,,,,8709,4303.652968,4781.836631,5260.020294
,,,,,8710,4303.652968,4781.836631,5260.020294
,,,,,8711,4303.652968,4781.836631,5260.020294
,,,,,8712,4303.652968,4781.836631,5260.020294
,,,,,8713,4303.652968,4781.836631,5260.020294
,,,,,8714,4303.652968,4781.836631,5260.020294
,,,,,8715,4303.652968,4781.836631,5260.020294
,,,,,8716,4303.652968,4781.836631,5260.020294
,,,,,8717,4303.652968,4781.836631,5260.020294
,,,,,8718,4303.652968,4781.836631,5260.020294
,,,,,8719,4303.652968,4781.836631,5260.020294
,,,,,8720,4303.652968,4781.836631,5260.020294
,,,,,8721,4303.652968,4781.836631,5260.020294
,,,,,8722,4303.652968,4781.836631,5260.020294
,,,,,8723,4303.652968,4781.836631,5260.020294
,,,,,8724,4303.652968,4781.836631,5260.020294
,,,,,8725,4303.652968,4781.836631,5260.020294
,,,,,8726,4303.652968,4781.836631,5260.020294
,,,,,8727,4303.652968,4781.836631,5260.020294
,,,,,8728,4303.652968,4781.836631,5260.020294
,,,,,8729,4303.652968,4781.836631,5260.020294
,,,,,8730,4303.652968,4781.836631,5260.020294
,,,,,8731,4303.652968,4781.836631,5260.020294
,,,,,8732,4303.652968,4781.836631,5260.020294
,,,,,8733,4303.652968,4781.836631,5260.020294
,,,,,8734,4303.652968,4781.836631,5260.020294
,,,,,8735,4303.652968,4781.836631,5260.020294
,,,,,8736,4303.652968,4781.836631,5260.020294
,,,,,8737,4303.652968,4781.836631,5260.020294
,,,,,8738,4303.652968,4781.836631,5260.020294
,,,,,8739,4303.652968,4781.836631,5260.020294
,,,,,8740,4303.652968,4781.836631,5260.020294
,,,,,8741,4303.652968,4781.836631,5260.020294
,,,,,8742,4303.652968,4781.836631,5260.020294
,,,,,8743,4303.652968,4781.836631,5260.020294
,,,,,8744,4303.652968,4781.836631,5260.020294
,,,,,8745,4303.652968,4781.836631,5260.020294
,,,,,8746,4303.652968,4781.836631,5260.020294
,,,,,8747,4303.652968,4781.836631,5260.020294
,,,,,8748,4303.652968,4781.836631,5260.020294
,,,,,8749,4303.652968,4781.836631,5260.020294
,,,,,8750,4303.652968,4781.836631,5260.020294
,,,,,8751,4303.652968,4781.836631,5260.020294
,,,,,8752,4303.652968,4781.836631,5260.020294
,,,,,8753,4303.652968,4781.836631,5260.020294
,,,,,8754,4303.652968,4781.836631,5260.020294
,,,,,8755,4303.652968,4781.836631,5260.020294
,,,,,8756,4303.652968,4781.836631,5260.020294
,,,,,8757,4303.652968,4781.836631,5260.020294
,,,,,8758,4303.652968,4781.836631,5260.020294
,,,,,8759,4303.652968,4781.836631,5260.020294
,,,,,8760,4303.652968,4781.836631,5260.020294
