Time_Index,Price_tonne_z1,Price_tonne_z2,Price_tonne_z3
1,83200,83200,83200
2,83200,83200,83200
3,83200,83200,83200
4,83200,83200,83200
5,83200,83200,83200
6,83200,83200,83200
7,83200,83200,83200
8,83200,83200,83200
9,83200,83200,83200
10,83200,83200,83200
11,83200,83200,83200
12,83200,83200,83200
13,83200,83200,83200
14,83200,83200,83200
15,83200,83200,83200
16,83200,83200,83200
17,83200,83200,83200
18,83200,83200,83200
19,83200,83200,83200
20,83200,83200,83200
21,83200,83200,83200
22,83200,83200,83200
23,83200,83200,83200
24,83200,83200,83200
25,83200,83200,83200
26,83200,83200,83200
27,83200,83200,83200
28,83200,83200,83200
29,83200,83200,83200
30,83200,83200,83200
31,83200,83200,83200
32,83200,83200,83200
33,83200,83200,83200
34,83200,83200,83200
35,83200,83200,83200
36,83200,83200,83200
37,83200,83200,83200
38,83200,83200,83200
39,83200,83200,83200
40,83200,83200,83200
41,83200,83200,83200
42,83200,83200,83200
43,83200,83200,83200
44,83200,83200,83200
45,83200,83200,83200
46,83200,83200,83200
47,83200,83200,83200
48,83200,83200,83200
49,83200,83200,83200
50,83200,83200,83200
51,83200,83200,83200
52,83200,83200,83200
53,83200,83200,83200
54,83200,83200,83200
55,83200,83200,83200
56,83200,83200,83200
57,83200,83200,83200
58,83200,83200,83200
59,83200,83200,83200
60,83200,83200,83200
61,83200,83200,83200
62,83200,83200,83200
63,83200,83200,83200
64,83200,83200,83200
65,83200,83200,83200
66,83200,83200,83200
67,83200,83200,83200
68,83200,83200,83200
69,83200,83200,83200
70,83200,83200,83200
71,83200,83200,83200
72,83200,83200,83200
73,83200,83200,83200
74,83200,83200,83200
75,83200,83200,83200
76,83200,83200,83200
77,83200,83200,83200
78,83200,83200,83200
79,83200,83200,83200
80,83200,83200,83200
81,83200,83200,83200
82,83200,83200,83200
83,83200,83200,83200
84,83200,83200,83200
85,83200,83200,83200
86,83200,83200,83200
87,83200,83200,83200
88,83200,83200,83200
89,83200,83200,83200
90,83200,83200,83200
91,83200,83200,83200
92,83200,83200,83200
93,83200,83200,83200
94,83200,83200,83200
95,83200,83200,83200
96,83200,83200,83200
97,83200,83200,83200
98,83200,83200,83200
99,83200,83200,83200
100,83200,83200,83200
101,83200,83200,83200
102,83200,83200,83200
103,83200,83200,83200
104,83200,83200,83200
105,83200,83200,83200
106,83200,83200,83200
107,83200,83200,83200
108,83200,83200,83200
109,83200,83200,83200
110,83200,83200,83200
111,83200,83200,83200
112,83200,83200,83200
113,83200,83200,83200
114,83200,83200,83200
115,83200,83200,83200
116,83200,83200,83200
117,83200,83200,83200
118,83200,83200,83200
119,83200,83200,83200
120,83200,83200,83200
121,83200,83200,83200
122,83200,83200,83200
123,83200,83200,83200
124,83200,83200,83200
125,83200,83200,83200
126,83200,83200,83200
127,83200,83200,83200
128,83200,83200,83200
129,83200,83200,83200
130,83200,83200,83200
131,83200,83200,83200
132,83200,83200,83200
133,83200,83200,83200
134,83200,83200,83200
135,83200,83200,83200
136,83200,83200,83200
137,83200,83200,83200
138,83200,83200,83200
139,83200,83200,83200
140,83200,83200,83200
141,83200,83200,83200
142,83200,83200,83200
143,83200,83200,83200
144,83200,83200,83200
145,83200,83200,83200
146,83200,83200,83200
147,83200,83200,83200
148,83200,83200,83200
149,83200,83200,83200
150,83200,83200,83200
151,83200,83200,83200
152,83200,83200,83200
153,83200,83200,83200
154,83200,83200,83200
155,83200,83200,83200
156,83200,83200,83200
157,83200,83200,83200
158,83200,83200,83200
159,83200,83200,83200
160,83200,83200,83200
161,83200,83200,83200
162,83200,83200,83200
163,83200,83200,83200
164,83200,83200,83200
165,83200,83200,83200
166,83200,83200,83200
167,83200,83200,83200
168,83200,83200,83200
169,83200,83200,83200
170,83200,83200,83200
171,83200,83200,83200
172,83200,83200,83200
173,83200,83200,83200
174,83200,83200,83200
175,83200,83200,83200
176,83200,83200,83200
177,83200,83200,83200
178,83200,83200,83200
179,83200,83200,83200
180,83200,83200,83200
181,83200,83200,83200
182,83200,83200,83200
183,83200,83200,83200
184,83200,83200,83200
185,83200,83200,83200
186,83200,83200,83200
187,83200,83200,83200
188,83200,83200,83200
189,83200,83200,83200
190,83200,83200,83200
191,83200,83200,83200
192,83200,83200,83200
193,83200,83200,83200
194,83200,83200,83200
195,83200,83200,83200
196,83200,83200,83200
197,83200,83200,83200
198,83200,83200,83200
199,83200,83200,83200
200,83200,83200,83200
201,83200,83200,83200
202,83200,83200,83200
203,83200,83200,83200
204,83200,83200,83200
205,83200,83200,83200
206,83200,83200,83200
207,83200,83200,83200
208,83200,83200,83200
209,83200,83200,83200
210,83200,83200,83200
211,83200,83200,83200
212,83200,83200,83200
213,83200,83200,83200
214,83200,83200,83200
215,83200,83200,83200
216,83200,83200,83200
217,83200,83200,83200
218,83200,83200,83200
219,83200,83200,83200
220,83200,83200,83200
221,83200,83200,83200
222,83200,83200,83200
223,83200,83200,83200
224,83200,83200,83200
225,83200,83200,83200
226,83200,83200,83200
227,83200,83200,83200
228,83200,83200,83200
229,83200,83200,83200
230,83200,83200,83200
231,83200,83200,83200
232,83200,83200,83200
233,83200,83200,83200
234,83200,83200,83200
235,83200,83200,83200
236,83200,83200,83200
237,83200,83200,83200
238,83200,83200,83200
239,83200,83200,83200
240,83200,83200,83200
241,83200,83200,83200
242,83200,83200,83200
243,83200,83200,83200
244,83200,83200,83200
245,83200,83200,83200
246,83200,83200,83200
247,83200,83200,83200
248,83200,83200,83200
249,83200,83200,83200
250,83200,83200,83200
251,83200,83200,83200
252,83200,83200,83200
253,83200,83200,83200
254,83200,83200,83200
255,83200,83200,83200
256,83200,83200,83200
257,83200,83200,83200
258,83200,83200,83200
259,83200,83200,83200
260,83200,83200,83200
261,83200,83200,83200
262,83200,83200,83200
263,83200,83200,83200
264,83200,83200,83200
265,83200,83200,83200
266,83200,83200,83200
267,83200,83200,83200
268,83200,83200,83200
269,83200,83200,83200
270,83200,83200,83200
271,83200,83200,83200
272,83200,83200,83200
273,83200,83200,83200
274,83200,83200,83200
275,83200,83200,83200
276,83200,83200,83200
277,83200,83200,83200
278,83200,83200,83200
279,83200,83200,83200
280,83200,83200,83200
281,83200,83200,83200
282,83200,83200,83200
283,83200,83200,83200
284,83200,83200,83200
285,83200,83200,83200
286,83200,83200,83200
287,83200,83200,83200
288,83200,83200,83200
289,83200,83200,83200
290,83200,83200,83200
291,83200,83200,83200
292,83200,83200,83200
293,83200,83200,83200
294,83200,83200,83200
295,83200,83200,83200
296,83200,83200,83200
297,83200,83200,83200
298,83200,83200,83200
299,83200,83200,83200
300,83200,83200,83200
301,83200,83200,83200
302,83200,83200,83200
303,83200,83200,83200
304,83200,83200,83200
305,83200,83200,83200
306,83200,83200,83200
307,83200,83200,83200
308,83200,83200,83200
309,83200,83200,83200
310,83200,83200,83200
311,83200,83200,83200
312,83200,83200,83200
313,83200,83200,83200
314,83200,83200,83200
315,83200,83200,83200
316,83200,83200,83200
317,83200,83200,83200
318,83200,83200,83200
319,83200,83200,83200
320,83200,83200,83200
321,83200,83200,83200
322,83200,83200,83200
323,83200,83200,83200
324,83200,83200,83200
325,83200,83200,83200
326,83200,83200,83200
327,83200,83200,83200
328,83200,83200,83200
329,83200,83200,83200
330,83200,83200,83200
331,83200,83200,83200
332,83200,83200,83200
333,83200,83200,83200
334,83200,83200,83200
335,83200,83200,83200
336,83200,83200,83200
337,83200,83200,83200
338,83200,83200,83200
339,83200,83200,83200
340,83200,83200,83200
341,83200,83200,83200
342,83200,83200,83200
343,83200,83200,83200
344,83200,83200,83200
345,83200,83200,83200
346,83200,83200,83200
347,83200,83200,83200
348,83200,83200,83200
349,83200,83200,83200
350,83200,83200,83200
351,83200,83200,83200
352,83200,83200,83200
353,83200,83200,83200
354,83200,83200,83200
355,83200,83200,83200
356,83200,83200,83200
357,83200,83200,83200
358,83200,83200,83200
359,83200,83200,83200
360,83200,83200,83200
361,83200,83200,83200
362,83200,83200,83200
363,83200,83200,83200
364,83200,83200,83200
365,83200,83200,83200
366,83200,83200,83200
367,83200,83200,83200
368,83200,83200,83200
369,83200,83200,83200
370,83200,83200,83200
371,83200,83200,83200
372,83200,83200,83200
373,83200,83200,83200
374,83200,83200,83200
375,83200,83200,83200
376,83200,83200,83200
377,83200,83200,83200
378,83200,83200,83200
379,83200,83200,83200
380,83200,83200,83200
381,83200,83200,83200
382,83200,83200,83200
383,83200,83200,83200
384,83200,83200,83200
385,83200,83200,83200
386,83200,83200,83200
387,83200,83200,83200
388,83200,83200,83200
389,83200,83200,83200
390,83200,83200,83200
391,83200,83200,83200
392,83200,83200,83200
393,83200,83200,83200
394,83200,83200,83200
395,83200,83200,83200
396,83200,83200,83200
397,83200,83200,83200
398,83200,83200,83200
399,83200,83200,83200
400,83200,83200,83200
401,83200,83200,83200
402,83200,83200,83200
403,83200,83200,83200
404,83200,83200,83200
405,83200,83200,83200
406,83200,83200,83200
407,83200,83200,83200
408,83200,83200,83200
409,83200,83200,83200
410,83200,83200,83200
411,83200,83200,83200
412,83200,83200,83200
413,83200,83200,83200
414,83200,83200,83200
415,83200,83200,83200
416,83200,83200,83200
417,83200,83200,83200
418,83200,83200,83200
419,83200,83200,83200
420,83200,83200,83200
421,83200,83200,83200
422,83200,83200,83200
423,83200,83200,83200
424,83200,83200,83200
425,83200,83200,83200
426,83200,83200,83200
427,83200,83200,83200
428,83200,83200,83200
429,83200,83200,83200
430,83200,83200,83200
431,83200,83200,83200
432,83200,83200,83200
433,83200,83200,83200
434,83200,83200,83200
435,83200,83200,83200
436,83200,83200,83200
437,83200,83200,83200
438,83200,83200,83200
439,83200,83200,83200
440,83200,83200,83200
441,83200,83200,83200
442,83200,83200,83200
443,83200,83200,83200
444,83200,83200,83200
445,83200,83200,83200
446,83200,83200,83200
447,83200,83200,83200
448,83200,83200,83200
449,83200,83200,83200
450,83200,83200,83200
451,83200,83200,83200
452,83200,83200,83200
453,83200,83200,83200
454,83200,83200,83200
455,83200,83200,83200
456,83200,83200,83200
457,83200,83200,83200
458,83200,83200,83200
459,83200,83200,83200
460,83200,83200,83200
461,83200,83200,83200
462,83200,83200,83200
463,83200,83200,83200
464,83200,83200,83200
465,83200,83200,83200
466,83200,83200,83200
467,83200,83200,83200
468,83200,83200,83200
469,83200,83200,83200
470,83200,83200,83200
471,83200,83200,83200
472,83200,83200,83200
473,83200,83200,83200
474,83200,83200,83200
475,83200,83200,83200
476,83200,83200,83200
477,83200,83200,83200
478,83200,83200,83200
479,83200,83200,83200
480,83200,83200,83200
481,83200,83200,83200
482,83200,83200,83200
483,83200,83200,83200
484,83200,83200,83200
485,83200,83200,83200
486,83200,83200,83200
487,83200,83200,83200
488,83200,83200,83200
489,83200,83200,83200
490,83200,83200,83200
491,83200,83200,83200
492,83200,83200,83200
493,83200,83200,83200
494,83200,83200,83200
495,83200,83200,83200
496,83200,83200,83200
497,83200,83200,83200
498,83200,83200,83200
499,83200,83200,83200
500,83200,83200,83200
501,83200,83200,83200
502,83200,83200,83200
503,83200,83200,83200
504,83200,83200,83200
505,83200,83200,83200
506,83200,83200,83200
507,83200,83200,83200
508,83200,83200,83200
509,83200,83200,83200
510,83200,83200,83200
511,83200,83200,83200
512,83200,83200,83200
513,83200,83200,83200
514,83200,83200,83200
515,83200,83200,83200
516,83200,83200,83200
517,83200,83200,83200
518,83200,83200,83200
519,83200,83200,83200
520,83200,83200,83200
521,83200,83200,83200
522,83200,83200,83200
523,83200,83200,83200
524,83200,83200,83200
525,83200,83200,83200
526,83200,83200,83200
527,83200,83200,83200
528,83200,83200,83200
529,83200,83200,83200
530,83200,83200,83200
531,83200,83200,83200
532,83200,83200,83200
533,83200,83200,83200
534,83200,83200,83200
535,83200,83200,83200
536,83200,83200,83200
537,83200,83200,83200
538,83200,83200,83200
539,83200,83200,83200
540,83200,83200,83200
541,83200,83200,83200
542,83200,83200,83200
543,83200,83200,83200
544,83200,83200,83200
545,83200,83200,83200
546,83200,83200,83200
547,83200,83200,83200
548,83200,83200,83200
549,83200,83200,83200
550,83200,83200,83200
551,83200,83200,83200
552,83200,83200,83200
553,83200,83200,83200
554,83200,83200,83200
555,83200,83200,83200
556,83200,83200,83200
557,83200,83200,83200
558,83200,83200,83200
559,83200,83200,83200
560,83200,83200,83200
561,83200,83200,83200
562,83200,83200,83200
563,83200,83200,83200
564,83200,83200,83200
565,83200,83200,83200
566,83200,83200,83200
567,83200,83200,83200
568,83200,83200,83200
569,83200,83200,83200
570,83200,83200,83200
571,83200,83200,83200
572,83200,83200,83200
573,83200,83200,83200
574,83200,83200,83200
575,83200,83200,83200
576,83200,83200,83200
577,83200,83200,83200
578,83200,83200,83200
579,83200,83200,83200
580,83200,83200,83200
581,83200,83200,83200
582,83200,83200,83200
583,83200,83200,83200
584,83200,83200,83200
585,83200,83200,83200
586,83200,83200,83200
587,83200,83200,83200
588,83200,83200,83200
589,83200,83200,83200
590,83200,83200,83200
591,83200,83200,83200
592,83200,83200,83200
593,83200,83200,83200
594,83200,83200,83200
595,83200,83200,83200
596,83200,83200,83200
597,83200,83200,83200
598,83200,83200,83200
599,83200,83200,83200
600,83200,83200,83200
601,83200,83200,83200
602,83200,83200,83200
603,83200,83200,83200
604,83200,83200,83200
605,83200,83200,83200
606,83200,83200,83200
607,83200,83200,83200
608,83200,83200,83200
609,83200,83200,83200
610,83200,83200,83200
611,83200,83200,83200
612,83200,83200,83200
613,83200,83200,83200
614,83200,83200,83200
615,83200,83200,83200
616,83200,83200,83200
617,83200,83200,83200
618,83200,83200,83200
619,83200,83200,83200
620,83200,83200,83200
621,83200,83200,83200
622,83200,83200,83200
623,83200,83200,83200
624,83200,83200,83200
625,83200,83200,83200
626,83200,83200,83200
627,83200,83200,83200
628,83200,83200,83200
629,83200,83200,83200
630,83200,83200,83200
631,83200,83200,83200
632,83200,83200,83200
633,83200,83200,83200
634,83200,83200,83200
635,83200,83200,83200
636,83200,83200,83200
637,83200,83200,83200
638,83200,83200,83200
639,83200,83200,83200
640,83200,83200,83200
641,83200,83200,83200
642,83200,83200,83200
643,83200,83200,83200
644,83200,83200,83200
645,83200,83200,83200
646,83200,83200,83200
647,83200,83200,83200
648,83200,83200,83200
649,83200,83200,83200
650,83200,83200,83200
651,83200,83200,83200
652,83200,83200,83200
653,83200,83200,83200
654,83200,83200,83200
655,83200,83200,83200
656,83200,83200,83200
657,83200,83200,83200
658,83200,83200,83200
659,83200,83200,83200
660,83200,83200,83200
661,83200,83200,83200
662,83200,83200,83200
663,83200,83200,83200
664,83200,83200,83200
665,83200,83200,83200
666,83200,83200,83200
667,83200,83200,83200
668,83200,83200,83200
669,83200,83200,83200
670,83200,83200,83200
671,83200,83200,83200
672,83200,83200,83200
673,83200,83200,83200
674,83200,83200,83200
675,83200,83200,83200
676,83200,83200,83200
677,83200,83200,83200
678,83200,83200,83200
679,83200,83200,83200
680,83200,83200,83200
681,83200,83200,83200
682,83200,83200,83200
683,83200,83200,83200
684,83200,83200,83200
685,83200,83200,83200
686,83200,83200,83200
687,83200,83200,83200
688,83200,83200,83200
689,83200,83200,83200
690,83200,83200,83200
691,83200,83200,83200
692,83200,83200,83200
693,83200,83200,83200
694,83200,83200,83200
695,83200,83200,83200
696,83200,83200,83200
697,83200,83200,83200
698,83200,83200,83200
699,83200,83200,83200
700,83200,83200,83200
701,83200,83200,83200
702,83200,83200,83200
703,83200,83200,83200
704,83200,83200,83200
705,83200,83200,83200
706,83200,83200,83200
707,83200,83200,83200
708,83200,83200,83200
709,83200,83200,83200
710,83200,83200,83200
711,83200,83200,83200
712,83200,83200,83200
713,83200,83200,83200
714,83200,83200,83200
715,83200,83200,83200
716,83200,83200,83200
717,83200,83200,83200
718,83200,83200,83200
719,83200,83200,83200
720,83200,83200,83200
721,83200,83200,83200
722,83200,83200,83200
723,83200,83200,83200
724,83200,83200,83200
725,83200,83200,83200
726,83200,83200,83200
727,83200,83200,83200
728,83200,83200,83200
729,83200,83200,83200
730,83200,83200,83200
731,83200,83200,83200
732,83200,83200,83200
733,83200,83200,83200
734,83200,83200,83200
735,83200,83200,83200
736,83200,83200,83200
737,83200,83200,83200
738,83200,83200,83200
739,83200,83200,83200
740,83200,83200,83200
741,83200,83200,83200
742,83200,83200,83200
743,83200,83200,83200
744,83200,83200,83200
745,83200,83200,83200
746,83200,83200,83200
747,83200,83200,83200
748,83200,83200,83200
749,83200,83200,83200
750,83200,83200,83200
751,83200,83200,83200
752,83200,83200,83200
753,83200,83200,83200
754,83200,83200,83200
755,83200,83200,83200
756,83200,83200,83200
757,83200,83200,83200
758,83200,83200,83200
759,83200,83200,83200
760,83200,83200,83200
761,83200,83200,83200
762,83200,83200,83200
763,83200,83200,83200
764,83200,83200,83200
765,83200,83200,83200
766,83200,83200,83200
767,83200,83200,83200
768,83200,83200,83200
769,83200,83200,83200
770,83200,83200,83200
771,83200,83200,83200
772,83200,83200,83200
773,83200,83200,83200
774,83200,83200,83200
775,83200,83200,83200
776,83200,83200,83200
777,83200,83200,83200
778,83200,83200,83200
779,83200,83200,83200
780,83200,83200,83200
781,83200,83200,83200
782,83200,83200,83200
783,83200,83200,83200
784,83200,83200,83200
785,83200,83200,83200
786,83200,83200,83200
787,83200,83200,83200
788,83200,83200,83200
789,83200,83200,83200
790,83200,83200,83200
791,83200,83200,83200
792,83200,83200,83200
793,83200,83200,83200
794,83200,83200,83200
795,83200,83200,83200
796,83200,83200,83200
797,83200,83200,83200
798,83200,83200,83200
799,83200,83200,83200
800,83200,83200,83200
801,83200,83200,83200
802,83200,83200,83200
803,83200,83200,83200
804,83200,83200,83200
805,83200,83200,83200
806,83200,83200,83200
807,83200,83200,83200
808,83200,83200,83200
809,83200,83200,83200
810,83200,83200,83200
811,83200,83200,83200
812,83200,83200,83200
813,83200,83200,83200
814,83200,83200,83200
815,83200,83200,83200
816,83200,83200,83200
817,83200,83200,83200
818,83200,83200,83200
819,83200,83200,83200
820,83200,83200,83200
821,83200,83200,83200
822,83200,83200,83200
823,83200,83200,83200
824,83200,83200,83200
825,83200,83200,83200
826,83200,83200,83200
827,83200,83200,83200
828,83200,83200,83200
829,83200,83200,83200
830,83200,83200,83200
831,83200,83200,83200
832,83200,83200,83200
833,83200,83200,83200
834,83200,83200,83200
835,83200,83200,83200
836,83200,83200,83200
837,83200,83200,83200
838,83200,83200,83200
839,83200,83200,83200
840,83200,83200,83200
841,83200,83200,83200
842,83200,83200,83200
843,83200,83200,83200
844,83200,83200,83200
845,83200,83200,83200
846,83200,83200,83200
847,83200,83200,83200
848,83200,83200,83200
849,83200,83200,83200
850,83200,83200,83200
851,83200,83200,83200
852,83200,83200,83200
853,83200,83200,83200
854,83200,83200,83200
855,83200,83200,83200
856,83200,83200,83200
857,83200,83200,83200
858,83200,83200,83200
859,83200,83200,83200
860,83200,83200,83200
861,83200,83200,83200
862,83200,83200,83200
863,83200,83200,83200
864,83200,83200,83200
865,83200,83200,83200
866,83200,83200,83200
867,83200,83200,83200
868,83200,83200,83200
869,83200,83200,83200
870,83200,83200,83200
871,83200,83200,83200
872,83200,83200,83200
873,83200,83200,83200
874,83200,83200,83200
875,83200,83200,83200
876,83200,83200,83200
877,83200,83200,83200
878,83200,83200,83200
879,83200,83200,83200
880,83200,83200,83200
881,83200,83200,83200
882,83200,83200,83200
883,83200,83200,83200
884,83200,83200,83200
885,83200,83200,83200
886,83200,83200,83200
887,83200,83200,83200
888,83200,83200,83200
889,83200,83200,83200
890,83200,83200,83200
891,83200,83200,83200
892,83200,83200,83200
893,83200,83200,83200
894,83200,83200,83200
895,83200,83200,83200
896,83200,83200,83200
897,83200,83200,83200
898,83200,83200,83200
899,83200,83200,83200
900,83200,83200,83200
901,83200,83200,83200
902,83200,83200,83200
903,83200,83200,83200
904,83200,83200,83200
905,83200,83200,83200
906,83200,83200,83200
907,83200,83200,83200
908,83200,83200,83200
909,83200,83200,83200
910,83200,83200,83200
911,83200,83200,83200
912,83200,83200,83200
913,83200,83200,83200
914,83200,83200,83200
915,83200,83200,83200
916,83200,83200,83200
917,83200,83200,83200
918,83200,83200,83200
919,83200,83200,83200
920,83200,83200,83200
921,83200,83200,83200
922,83200,83200,83200
923,83200,83200,83200
924,83200,83200,83200
925,83200,83200,83200
926,83200,83200,83200
927,83200,83200,83200
928,83200,83200,83200
929,83200,83200,83200
930,83200,83200,83200
931,83200,83200,83200
932,83200,83200,83200
933,83200,83200,83200
934,83200,83200,83200
935,83200,83200,83200
936,83200,83200,83200
937,83200,83200,83200
938,83200,83200,83200
939,83200,83200,83200
940,83200,83200,83200
941,83200,83200,83200
942,83200,83200,83200
943,83200,83200,83200
944,83200,83200,83200
945,83200,83200,83200
946,83200,83200,83200
947,83200,83200,83200
948,83200,83200,83200
949,83200,83200,83200
950,83200,83200,83200
951,83200,83200,83200
952,83200,83200,83200
953,83200,83200,83200
954,83200,83200,83200
955,83200,83200,83200
956,83200,83200,83200
957,83200,83200,83200
958,83200,83200,83200
959,83200,83200,83200
960,83200,83200,83200
961,83200,83200,83200
962,83200,83200,83200
963,83200,83200,83200
964,83200,83200,83200
965,83200,83200,83200
966,83200,83200,83200
967,83200,83200,83200
968,83200,83200,83200
969,83200,83200,83200
970,83200,83200,83200
971,83200,83200,83200
972,83200,83200,83200
973,83200,83200,83200
974,83200,83200,83200
975,83200,83200,83200
976,83200,83200,83200
977,83200,83200,83200
978,83200,83200,83200
979,83200,83200,83200
980,83200,83200,83200
981,83200,83200,83200
982,83200,83200,83200
983,83200,83200,83200
984,83200,83200,83200
985,83200,83200,83200
986,83200,83200,83200
987,83200,83200,83200
988,83200,83200,83200
989,83200,83200,83200
990,83200,83200,83200
991,83200,83200,83200
992,83200,83200,83200
993,83200,83200,83200
994,83200,83200,83200
995,83200,83200,83200
996,83200,83200,83200
997,83200,83200,83200
998,83200,83200,83200
999,83200,83200,83200
1000,83200,83200,83200
1001,83200,83200,83200
1002,83200,83200,83200
1003,83200,83200,83200
1004,83200,83200,83200
1005,83200,83200,83200
1006,83200,83200,83200
1007,83200,83200,83200
1008,83200,83200,83200
1009,83200,83200,83200
1010,83200,83200,83200
1011,83200,83200,83200
1012,83200,83200,83200
1013,83200,83200,83200
1014,83200,83200,83200
1015,83200,83200,83200
1016,83200,83200,83200
1017,83200,83200,83200
1018,83200,83200,83200
1019,83200,83200,83200
1020,83200,83200,83200
1021,83200,83200,83200
1022,83200,83200,83200
1023,83200,83200,83200
1024,83200,83200,83200
1025,83200,83200,83200
1026,83200,83200,83200
1027,83200,83200,83200
1028,83200,83200,83200
1029,83200,83200,83200
1030,83200,83200,83200
1031,83200,83200,83200
1032,83200,83200,83200
1033,83200,83200,83200
1034,83200,83200,83200
1035,83200,83200,83200
1036,83200,83200,83200
1037,83200,83200,83200
1038,83200,83200,83200
1039,83200,83200,83200
1040,83200,83200,83200
1041,83200,83200,83200
1042,83200,83200,83200
1043,83200,83200,83200
1044,83200,83200,83200
1045,83200,83200,83200
1046,83200,83200,83200
1047,83200,83200,83200
1048,83200,83200,83200
1049,83200,83200,83200
1050,83200,83200,83200
1051,83200,83200,83200
1052,83200,83200,83200
1053,83200,83200,83200
1054,83200,83200,83200
1055,83200,83200,83200
1056,83200,83200,83200
1057,83200,83200,83200
1058,83200,83200,83200
1059,83200,83200,83200
1060,83200,83200,83200
1061,83200,83200,83200
1062,83200,83200,83200
1063,83200,83200,83200
1064,83200,83200,83200
1065,83200,83200,83200
1066,83200,83200,83200
1067,83200,83200,83200
1068,83200,83200,83200
1069,83200,83200,83200
1070,83200,83200,83200
1071,83200,83200,83200
1072,83200,83200,83200
1073,83200,83200,83200
1074,83200,83200,83200
1075,83200,83200,83200
1076,83200,83200,83200
1077,83200,83200,83200
1078,83200,83200,83200
1079,83200,83200,83200
1080,83200,83200,83200
1081,83200,83200,83200
1082,83200,83200,83200
1083,83200,83200,83200
1084,83200,83200,83200
1085,83200,83200,83200
1086,83200,83200,83200
1087,83200,83200,83200
1088,83200,83200,83200
1089,83200,83200,83200
1090,83200,83200,83200
1091,83200,83200,83200
1092,83200,83200,83200
1093,83200,83200,83200
1094,83200,83200,83200
1095,83200,83200,83200
1096,83200,83200,83200
1097,83200,83200,83200
1098,83200,83200,83200
1099,83200,83200,83200
1100,83200,83200,83200
1101,83200,83200,83200
1102,83200,83200,83200
1103,83200,83200,83200
1104,83200,83200,83200
1105,83200,83200,83200
1106,83200,83200,83200
1107,83200,83200,83200
1108,83200,83200,83200
1109,83200,83200,83200
1110,83200,83200,83200
1111,83200,83200,83200
1112,83200,83200,83200
1113,83200,83200,83200
1114,83200,83200,83200
1115,83200,83200,83200
1116,83200,83200,83200
1117,83200,83200,83200
1118,83200,83200,83200
1119,83200,83200,83200
1120,83200,83200,83200
1121,83200,83200,83200
1122,83200,83200,83200
1123,83200,83200,83200
1124,83200,83200,83200
1125,83200,83200,83200
1126,83200,83200,83200
1127,83200,83200,83200
1128,83200,83200,83200
1129,83200,83200,83200
1130,83200,83200,83200
1131,83200,83200,83200
1132,83200,83200,83200
1133,83200,83200,83200
1134,83200,83200,83200
1135,83200,83200,83200
1136,83200,83200,83200
1137,83200,83200,83200
1138,83200,83200,83200
1139,83200,83200,83200
1140,83200,83200,83200
1141,83200,83200,83200
1142,83200,83200,83200
1143,83200,83200,83200
1144,83200,83200,83200
1145,83200,83200,83200
1146,83200,83200,83200
1147,83200,83200,83200
1148,83200,83200,83200
1149,83200,83200,83200
1150,83200,83200,83200
1151,83200,83200,83200
1152,83200,83200,83200
1153,83200,83200,83200
1154,83200,83200,83200
1155,83200,83200,83200
1156,83200,83200,83200
1157,83200,83200,83200
1158,83200,83200,83200
1159,83200,83200,83200
1160,83200,83200,83200
1161,83200,83200,83200
1162,83200,83200,83200
1163,83200,83200,83200
1164,83200,83200,83200
1165,83200,83200,83200
1166,83200,83200,83200
1167,83200,83200,83200
1168,83200,83200,83200
1169,83200,83200,83200
1170,83200,83200,83200
1171,83200,83200,83200
1172,83200,83200,83200
1173,83200,83200,83200
1174,83200,83200,83200
1175,83200,83200,83200
1176,83200,83200,83200
1177,83200,83200,83200
1178,83200,83200,83200
1179,83200,83200,83200
1180,83200,83200,83200
1181,83200,83200,83200
1182,83200,83200,83200
1183,83200,83200,83200
1184,83200,83200,83200
1185,83200,83200,83200
1186,83200,83200,83200
1187,83200,83200,83200
1188,83200,83200,83200
1189,83200,83200,83200
1190,83200,83200,83200
1191,83200,83200,83200
1192,83200,83200,83200
1193,83200,83200,83200
1194,83200,83200,83200
1195,83200,83200,83200
1196,83200,83200,83200
1197,83200,83200,83200
1198,83200,83200,83200
1199,83200,83200,83200
1200,83200,83200,83200
1201,83200,83200,83200
1202,83200,83200,83200
1203,83200,83200,83200
1204,83200,83200,83200
1205,83200,83200,83200
1206,83200,83200,83200
1207,83200,83200,83200
1208,83200,83200,83200
1209,83200,83200,83200
1210,83200,83200,83200
1211,83200,83200,83200
1212,83200,83200,83200
1213,83200,83200,83200
1214,83200,83200,83200
1215,83200,83200,83200
1216,83200,83200,83200
1217,83200,83200,83200
1218,83200,83200,83200
1219,83200,83200,83200
1220,83200,83200,83200
1221,83200,83200,83200
1222,83200,83200,83200
1223,83200,83200,83200
1224,83200,83200,83200
1225,83200,83200,83200
1226,83200,83200,83200
1227,83200,83200,83200
1228,83200,83200,83200
1229,83200,83200,83200
1230,83200,83200,83200
1231,83200,83200,83200
1232,83200,83200,83200
1233,83200,83200,83200
1234,83200,83200,83200
1235,83200,83200,83200
1236,83200,83200,83200
1237,83200,83200,83200
1238,83200,83200,83200
1239,83200,83200,83200
1240,83200,83200,83200
1241,83200,83200,83200
1242,83200,83200,83200
1243,83200,83200,83200
1244,83200,83200,83200
1245,83200,83200,83200
1246,83200,83200,83200
1247,83200,83200,83200
1248,83200,83200,83200
1249,83200,83200,83200
1250,83200,83200,83200
1251,83200,83200,83200
1252,83200,83200,83200
1253,83200,83200,83200
1254,83200,83200,83200
1255,83200,83200,83200
1256,83200,83200,83200
1257,83200,83200,83200
1258,83200,83200,83200
1259,83200,83200,83200
1260,83200,83200,83200
1261,83200,83200,83200
1262,83200,83200,83200
1263,83200,83200,83200
1264,83200,83200,83200
1265,83200,83200,83200
1266,83200,83200,83200
1267,83200,83200,83200
1268,83200,83200,83200
1269,83200,83200,83200
1270,83200,83200,83200
1271,83200,83200,83200
1272,83200,83200,83200
1273,83200,83200,83200
1274,83200,83200,83200
1275,83200,83200,83200
1276,83200,83200,83200
1277,83200,83200,83200
1278,83200,83200,83200
1279,83200,83200,83200
1280,83200,83200,83200
1281,83200,83200,83200
1282,83200,83200,83200
1283,83200,83200,83200
1284,83200,83200,83200
1285,83200,83200,83200
1286,83200,83200,83200
1287,83200,83200,83200
1288,83200,83200,83200
1289,83200,83200,83200
1290,83200,83200,83200
1291,83200,83200,83200
1292,83200,83200,83200
1293,83200,83200,83200
1294,83200,83200,83200
1295,83200,83200,83200
1296,83200,83200,83200
1297,83200,83200,83200
1298,83200,83200,83200
1299,83200,83200,83200
1300,83200,83200,83200
1301,83200,83200,83200
1302,83200,83200,83200
1303,83200,83200,83200
1304,83200,83200,83200
1305,83200,83200,83200
1306,83200,83200,83200
1307,83200,83200,83200
1308,83200,83200,83200
1309,83200,83200,83200
1310,83200,83200,83200
1311,83200,83200,83200
1312,83200,83200,83200
1313,83200,83200,83200
1314,83200,83200,83200
1315,83200,83200,83200
1316,83200,83200,83200
1317,83200,83200,83200
1318,83200,83200,83200
1319,83200,83200,83200
1320,83200,83200,83200
1321,83200,83200,83200
1322,83200,83200,83200
1323,83200,83200,83200
1324,83200,83200,83200
1325,83200,83200,83200
1326,83200,83200,83200
1327,83200,83200,83200
1328,83200,83200,83200
1329,83200,83200,83200
1330,83200,83200,83200
1331,83200,83200,83200
1332,83200,83200,83200
1333,83200,83200,83200
1334,83200,83200,83200
1335,83200,83200,83200
1336,83200,83200,83200
1337,83200,83200,83200
1338,83200,83200,83200
1339,83200,83200,83200
1340,83200,83200,83200
1341,83200,83200,83200
1342,83200,83200,83200
1343,83200,83200,83200
1344,83200,83200,83200
1345,83200,83200,83200
1346,83200,83200,83200
1347,83200,83200,83200
1348,83200,83200,83200
1349,83200,83200,83200
1350,83200,83200,83200
1351,83200,83200,83200
1352,83200,83200,83200
1353,83200,83200,83200
1354,83200,83200,83200
1355,83200,83200,83200
1356,83200,83200,83200
1357,83200,83200,83200
1358,83200,83200,83200
1359,83200,83200,83200
1360,83200,83200,83200
1361,83200,83200,83200
1362,83200,83200,83200
1363,83200,83200,83200
1364,83200,83200,83200
1365,83200,83200,83200
1366,83200,83200,83200
1367,83200,83200,83200
1368,83200,83200,83200
1369,83200,83200,83200
1370,83200,83200,83200
1371,83200,83200,83200
1372,83200,83200,83200
1373,83200,83200,83200
1374,83200,83200,83200
1375,83200,83200,83200
1376,83200,83200,83200
1377,83200,83200,83200
1378,83200,83200,83200
1379,83200,83200,83200
1380,83200,83200,83200
1381,83200,83200,83200
1382,83200,83200,83200
1383,83200,83200,83200
1384,83200,83200,83200
1385,83200,83200,83200
1386,83200,83200,83200
1387,83200,83200,83200
1388,83200,83200,83200
1389,83200,83200,83200
1390,83200,83200,83200
1391,83200,83200,83200
1392,83200,83200,83200
1393,83200,83200,83200
1394,83200,83200,83200
1395,83200,83200,83200
1396,83200,83200,83200
1397,83200,83200,83200
1398,83200,83200,83200
1399,83200,83200,83200
1400,83200,83200,83200
1401,83200,83200,83200
1402,83200,83200,83200
1403,83200,83200,83200
1404,83200,83200,83200
1405,83200,83200,83200
1406,83200,83200,83200
1407,83200,83200,83200
1408,83200,83200,83200
1409,83200,83200,83200
1410,83200,83200,83200
1411,83200,83200,83200
1412,83200,83200,83200
1413,83200,83200,83200
1414,83200,83200,83200
1415,83200,83200,83200
1416,83200,83200,83200
1417,83200,83200,83200
1418,83200,83200,83200
1419,83200,83200,83200
1420,83200,83200,83200
1421,83200,83200,83200
1422,83200,83200,83200
1423,83200,83200,83200
1424,83200,83200,83200
1425,83200,83200,83200
1426,83200,83200,83200
1427,83200,83200,83200
1428,83200,83200,83200
1429,83200,83200,83200
1430,83200,83200,83200
1431,83200,83200,83200
1432,83200,83200,83200
1433,83200,83200,83200
1434,83200,83200,83200
1435,83200,83200,83200
1436,83200,83200,83200
1437,83200,83200,83200
1438,83200,83200,83200
1439,83200,83200,83200
1440,83200,83200,83200
1441,83200,83200,83200
1442,83200,83200,83200
1443,83200,83200,83200
1444,83200,83200,83200
1445,83200,83200,83200
1446,83200,83200,83200
1447,83200,83200,83200
1448,83200,83200,83200
1449,83200,83200,83200
1450,83200,83200,83200
1451,83200,83200,83200
1452,83200,83200,83200
1453,83200,83200,83200
1454,83200,83200,83200
1455,83200,83200,83200
1456,83200,83200,83200
1457,83200,83200,83200
1458,83200,83200,83200
1459,83200,83200,83200
1460,83200,83200,83200
1461,83200,83200,83200
1462,83200,83200,83200
1463,83200,83200,83200
1464,83200,83200,83200
1465,83200,83200,83200
1466,83200,83200,83200
1467,83200,83200,83200
1468,83200,83200,83200
1469,83200,83200,83200
1470,83200,83200,83200
1471,83200,83200,83200
1472,83200,83200,83200
1473,83200,83200,83200
1474,83200,83200,83200
1475,83200,83200,83200
1476,83200,83200,83200
1477,83200,83200,83200
1478,83200,83200,83200
1479,83200,83200,83200
1480,83200,83200,83200
1481,83200,83200,83200
1482,83200,83200,83200
1483,83200,83200,83200
1484,83200,83200,83200
1485,83200,83200,83200
1486,83200,83200,83200
1487,83200,83200,83200
1488,83200,83200,83200
1489,83200,83200,83200
1490,83200,83200,83200
1491,83200,83200,83200
1492,83200,83200,83200
1493,83200,83200,83200
1494,83200,83200,83200
1495,83200,83200,83200
1496,83200,83200,83200
1497,83200,83200,83200
1498,83200,83200,83200
1499,83200,83200,83200
1500,83200,83200,83200
1501,83200,83200,83200
1502,83200,83200,83200
1503,83200,83200,83200
1504,83200,83200,83200
1505,83200,83200,83200
1506,83200,83200,83200
1507,83200,83200,83200
1508,83200,83200,83200
1509,83200,83200,83200
1510,83200,83200,83200
1511,83200,83200,83200
1512,83200,83200,83200
1513,83200,83200,83200
1514,83200,83200,83200
1515,83200,83200,83200
1516,83200,83200,83200
1517,83200,83200,83200
1518,83200,83200,83200
1519,83200,83200,83200
1520,83200,83200,83200
1521,83200,83200,83200
1522,83200,83200,83200
1523,83200,83200,83200
1524,83200,83200,83200
1525,83200,83200,83200
1526,83200,83200,83200
1527,83200,83200,83200
1528,83200,83200,83200
1529,83200,83200,83200
1530,83200,83200,83200
1531,83200,83200,83200
1532,83200,83200,83200
1533,83200,83200,83200
1534,83200,83200,83200
1535,83200,83200,83200
1536,83200,83200,83200
1537,83200,83200,83200
1538,83200,83200,83200
1539,83200,83200,83200
1540,83200,83200,83200
1541,83200,83200,83200
1542,83200,83200,83200
1543,83200,83200,83200
1544,83200,83200,83200
1545,83200,83200,83200
1546,83200,83200,83200
1547,83200,83200,83200
1548,83200,83200,83200
1549,83200,83200,83200
1550,83200,83200,83200
1551,83200,83200,83200
1552,83200,83200,83200
1553,83200,83200,83200
1554,83200,83200,83200
1555,83200,83200,83200
1556,83200,83200,83200
1557,83200,83200,83200
1558,83200,83200,83200
1559,83200,83200,83200
1560,83200,83200,83200
1561,83200,83200,83200
1562,83200,83200,83200
1563,83200,83200,83200
1564,83200,83200,83200
1565,83200,83200,83200
1566,83200,83200,83200
1567,83200,83200,83200
1568,83200,83200,83200
1569,83200,83200,83200
1570,83200,83200,83200
1571,83200,83200,83200
1572,83200,83200,83200
1573,83200,83200,83200
1574,83200,83200,83200
1575,83200,83200,83200
1576,83200,83200,83200
1577,83200,83200,83200
1578,83200,83200,83200
1579,83200,83200,83200
1580,83200,83200,83200
1581,83200,83200,83200
1582,83200,83200,83200
1583,83200,83200,83200
1584,83200,83200,83200
1585,83200,83200,83200
1586,83200,83200,83200
1587,83200,83200,83200
1588,83200,83200,83200
1589,83200,83200,83200
1590,83200,83200,83200
1591,83200,83200,83200
1592,83200,83200,83200
1593,83200,83200,83200
1594,83200,83200,83200
1595,83200,83200,83200
1596,83200,83200,83200
1597,83200,83200,83200
1598,83200,83200,83200
1599,83200,83200,83200
1600,83200,83200,83200
1601,83200,83200,83200
1602,83200,83200,83200
1603,83200,83200,83200
1604,83200,83200,83200
1605,83200,83200,83200
1606,83200,83200,83200
1607,83200,83200,83200
1608,83200,83200,83200
1609,83200,83200,83200
1610,83200,83200,83200
1611,83200,83200,83200
1612,83200,83200,83200
1613,83200,83200,83200
1614,83200,83200,83200
1615,83200,83200,83200
1616,83200,83200,83200
1617,83200,83200,83200
1618,83200,83200,83200
1619,83200,83200,83200
1620,83200,83200,83200
1621,83200,83200,83200
1622,83200,83200,83200
1623,83200,83200,83200
1624,83200,83200,83200
1625,83200,83200,83200
1626,83200,83200,83200
1627,83200,83200,83200
1628,83200,83200,83200
1629,83200,83200,83200
1630,83200,83200,83200
1631,83200,83200,83200
1632,83200,83200,83200
1633,83200,83200,83200
1634,83200,83200,83200
1635,83200,83200,83200
1636,83200,83200,83200
1637,83200,83200,83200
1638,83200,83200,83200
1639,83200,83200,83200
1640,83200,83200,83200
1641,83200,83200,83200
1642,83200,83200,83200
1643,83200,83200,83200
1644,83200,83200,83200
1645,83200,83200,83200
1646,83200,83200,83200
1647,83200,83200,83200
1648,83200,83200,83200
1649,83200,83200,83200
1650,83200,83200,83200
1651,83200,83200,83200
1652,83200,83200,83200
1653,83200,83200,83200
1654,83200,83200,83200
1655,83200,83200,83200
1656,83200,83200,83200
1657,83200,83200,83200
1658,83200,83200,83200
1659,83200,83200,83200
1660,83200,83200,83200
1661,83200,83200,83200
1662,83200,83200,83200
1663,83200,83200,83200
1664,83200,83200,83200
1665,83200,83200,83200
1666,83200,83200,83200
1667,83200,83200,83200
1668,83200,83200,83200
1669,83200,83200,83200
1670,83200,83200,83200
1671,83200,83200,83200
1672,83200,83200,83200
1673,83200,83200,83200
1674,83200,83200,83200
1675,83200,83200,83200
1676,83200,83200,83200
1677,83200,83200,83200
1678,83200,83200,83200
1679,83200,83200,83200
1680,83200,83200,83200
1681,83200,83200,83200
1682,83200,83200,83200
1683,83200,83200,83200
1684,83200,83200,83200
1685,83200,83200,83200
1686,83200,83200,83200
1687,83200,83200,83200
1688,83200,83200,83200
1689,83200,83200,83200
1690,83200,83200,83200
1691,83200,83200,83200
1692,83200,83200,83200
1693,83200,83200,83200
1694,83200,83200,83200
1695,83200,83200,83200
1696,83200,83200,83200
1697,83200,83200,83200
1698,83200,83200,83200
1699,83200,83200,83200
1700,83200,83200,83200
1701,83200,83200,83200
1702,83200,83200,83200
1703,83200,83200,83200
1704,83200,83200,83200
1705,83200,83200,83200
1706,83200,83200,83200
1707,83200,83200,83200
1708,83200,83200,83200
1709,83200,83200,83200
1710,83200,83200,83200
1711,83200,83200,83200
1712,83200,83200,83200
1713,83200,83200,83200
1714,83200,83200,83200
1715,83200,83200,83200
1716,83200,83200,83200
1717,83200,83200,83200
1718,83200,83200,83200
1719,83200,83200,83200
1720,83200,83200,83200
1721,83200,83200,83200
1722,83200,83200,83200
1723,83200,83200,83200
1724,83200,83200,83200
1725,83200,83200,83200
1726,83200,83200,83200
1727,83200,83200,83200
1728,83200,83200,83200
1729,83200,83200,83200
1730,83200,83200,83200
1731,83200,83200,83200
1732,83200,83200,83200
1733,83200,83200,83200
1734,83200,83200,83200
1735,83200,83200,83200
1736,83200,83200,83200
1737,83200,83200,83200
1738,83200,83200,83200
1739,83200,83200,83200
1740,83200,83200,83200
1741,83200,83200,83200
1742,83200,83200,83200
1743,83200,83200,83200
1744,83200,83200,83200
1745,83200,83200,83200
1746,83200,83200,83200
1747,83200,83200,83200
1748,83200,83200,83200
1749,83200,83200,83200
1750,83200,83200,83200
1751,83200,83200,83200
1752,83200,83200,83200
1753,83200,83200,83200
1754,83200,83200,83200
1755,83200,83200,83200
1756,83200,83200,83200
1757,83200,83200,83200
1758,83200,83200,83200
1759,83200,83200,83200
1760,83200,83200,83200
1761,83200,83200,83200
1762,83200,83200,83200
1763,83200,83200,83200
1764,83200,83200,83200
1765,83200,83200,83200
1766,83200,83200,83200
1767,83200,83200,83200
1768,83200,83200,83200
1769,83200,83200,83200
1770,83200,83200,83200
1771,83200,83200,83200
1772,83200,83200,83200
1773,83200,83200,83200
1774,83200,83200,83200
1775,83200,83200,83200
1776,83200,83200,83200
1777,83200,83200,83200
1778,83200,83200,83200
1779,83200,83200,83200
1780,83200,83200,83200
1781,83200,83200,83200
1782,83200,83200,83200
1783,83200,83200,83200
1784,83200,83200,83200
1785,83200,83200,83200
1786,83200,83200,83200
1787,83200,83200,83200
1788,83200,83200,83200
1789,83200,83200,83200
1790,83200,83200,83200
1791,83200,83200,83200
1792,83200,83200,83200
1793,83200,83200,83200
1794,83200,83200,83200
1795,83200,83200,83200
1796,83200,83200,83200
1797,83200,83200,83200
1798,83200,83200,83200
1799,83200,83200,83200
1800,83200,83200,83200
1801,83200,83200,83200
1802,83200,83200,83200
1803,83200,83200,83200
1804,83200,83200,83200
1805,83200,83200,83200
1806,83200,83200,83200
1807,83200,83200,83200
1808,83200,83200,83200
1809,83200,83200,83200
1810,83200,83200,83200
1811,83200,83200,83200
1812,83200,83200,83200
1813,83200,83200,83200
1814,83200,83200,83200
1815,83200,83200,83200
1816,83200,83200,83200
1817,83200,83200,83200
1818,83200,83200,83200
1819,83200,83200,83200
1820,83200,83200,83200
1821,83200,83200,83200
1822,83200,83200,83200
1823,83200,83200,83200
1824,83200,83200,83200
1825,83200,83200,83200
1826,83200,83200,83200
1827,83200,83200,83200
1828,83200,83200,83200
1829,83200,83200,83200
1830,83200,83200,83200
1831,83200,83200,83200
1832,83200,83200,83200
1833,83200,83200,83200
1834,83200,83200,83200
1835,83200,83200,83200
1836,83200,83200,83200
1837,83200,83200,83200
1838,83200,83200,83200
1839,83200,83200,83200
1840,83200,83200,83200
1841,83200,83200,83200
1842,83200,83200,83200
1843,83200,83200,83200
1844,83200,83200,83200
1845,83200,83200,83200
1846,83200,83200,83200
1847,83200,83200,83200
1848,83200,83200,83200
1849,83200,83200,83200
1850,83200,83200,83200
1851,83200,83200,83200
1852,83200,83200,83200
1853,83200,83200,83200
1854,83200,83200,83200
1855,83200,83200,83200
1856,83200,83200,83200
1857,83200,83200,83200
1858,83200,83200,83200
1859,83200,83200,83200
1860,83200,83200,83200
1861,83200,83200,83200
1862,83200,83200,83200
1863,83200,83200,83200
1864,83200,83200,83200
1865,83200,83200,83200
1866,83200,83200,83200
1867,83200,83200,83200
1868,83200,83200,83200
1869,83200,83200,83200
1870,83200,83200,83200
1871,83200,83200,83200
1872,83200,83200,83200
1873,83200,83200,83200
1874,83200,83200,83200
1875,83200,83200,83200
1876,83200,83200,83200
1877,83200,83200,83200
1878,83200,83200,83200
1879,83200,83200,83200
1880,83200,83200,83200
1881,83200,83200,83200
1882,83200,83200,83200
1883,83200,83200,83200
1884,83200,83200,83200
1885,83200,83200,83200
1886,83200,83200,83200
1887,83200,83200,83200
1888,83200,83200,83200
1889,83200,83200,83200
1890,83200,83200,83200
1891,83200,83200,83200
1892,83200,83200,83200
1893,83200,83200,83200
1894,83200,83200,83200
1895,83200,83200,83200
1896,83200,83200,83200
1897,83200,83200,83200
1898,83200,83200,83200
1899,83200,83200,83200
1900,83200,83200,83200
1901,83200,83200,83200
1902,83200,83200,83200
1903,83200,83200,83200
1904,83200,83200,83200
1905,83200,83200,83200
1906,83200,83200,83200
1907,83200,83200,83200
1908,83200,83200,83200
1909,83200,83200,83200
1910,83200,83200,83200
1911,83200,83200,83200
1912,83200,83200,83200
1913,83200,83200,83200
1914,83200,83200,83200
1915,83200,83200,83200
1916,83200,83200,83200
1917,83200,83200,83200
1918,83200,83200,83200
1919,83200,83200,83200
1920,83200,83200,83200
1921,83200,83200,83200
1922,83200,83200,83200
1923,83200,83200,83200
1924,83200,83200,83200
1925,83200,83200,83200
1926,83200,83200,83200
1927,83200,83200,83200
1928,83200,83200,83200
1929,83200,83200,83200
1930,83200,83200,83200
1931,83200,83200,83200
1932,83200,83200,83200
1933,83200,83200,83200
1934,83200,83200,83200
1935,83200,83200,83200
1936,83200,83200,83200
1937,83200,83200,83200
1938,83200,83200,83200
1939,83200,83200,83200
1940,83200,83200,83200
1941,83200,83200,83200
1942,83200,83200,83200
1943,83200,83200,83200
1944,83200,83200,83200
1945,83200,83200,83200
1946,83200,83200,83200
1947,83200,83200,83200
1948,83200,83200,83200
1949,83200,83200,83200
1950,83200,83200,83200
1951,83200,83200,83200
1952,83200,83200,83200
1953,83200,83200,83200
1954,83200,83200,83200
1955,83200,83200,83200
1956,83200,83200,83200
1957,83200,83200,83200
1958,83200,83200,83200
1959,83200,83200,83200
1960,83200,83200,83200
1961,83200,83200,83200
1962,83200,83200,83200
1963,83200,83200,83200
1964,83200,83200,83200
1965,83200,83200,83200
1966,83200,83200,83200
1967,83200,83200,83200
1968,83200,83200,83200
1969,83200,83200,83200
1970,83200,83200,83200
1971,83200,83200,83200
1972,83200,83200,83200
1973,83200,83200,83200
1974,83200,83200,83200
1975,83200,83200,83200
1976,83200,83200,83200
1977,83200,83200,83200
1978,83200,83200,83200
1979,83200,83200,83200
1980,83200,83200,83200
1981,83200,83200,83200
1982,83200,83200,83200
1983,83200,83200,83200
1984,83200,83200,83200
1985,83200,83200,83200
1986,83200,83200,83200
1987,83200,83200,83200
1988,83200,83200,83200
1989,83200,83200,83200
1990,83200,83200,83200
1991,83200,83200,83200
1992,83200,83200,83200
1993,83200,83200,83200
1994,83200,83200,83200
1995,83200,83200,83200
1996,83200,83200,83200
1997,83200,83200,83200
1998,83200,83200,83200
1999,83200,83200,83200
2000,83200,83200,83200
2001,83200,83200,83200
2002,83200,83200,83200
2003,83200,83200,83200
2004,83200,83200,83200
2005,83200,83200,83200
2006,83200,83200,83200
2007,83200,83200,83200
2008,83200,83200,83200
2009,83200,83200,83200
2010,83200,83200,83200
2011,83200,83200,83200
2012,83200,83200,83200
2013,83200,83200,83200
2014,83200,83200,83200
2015,83200,83200,83200
2016,83200,83200,83200
2017,83200,83200,83200
2018,83200,83200,83200
2019,83200,83200,83200
2020,83200,83200,83200
2021,83200,83200,83200
2022,83200,83200,83200
2023,83200,83200,83200
2024,83200,83200,83200
2025,83200,83200,83200
2026,83200,83200,83200
2027,83200,83200,83200
2028,83200,83200,83200
2029,83200,83200,83200
2030,83200,83200,83200
2031,83200,83200,83200
2032,83200,83200,83200
2033,83200,83200,83200
2034,83200,83200,83200
2035,83200,83200,83200
2036,83200,83200,83200
2037,83200,83200,83200
2038,83200,83200,83200
2039,83200,83200,83200
2040,83200,83200,83200
2041,83200,83200,83200
2042,83200,83200,83200
2043,83200,83200,83200
2044,83200,83200,83200
2045,83200,83200,83200
2046,83200,83200,83200
2047,83200,83200,83200
2048,83200,83200,83200
2049,83200,83200,83200
2050,83200,83200,83200
2051,83200,83200,83200
2052,83200,83200,83200
2053,83200,83200,83200
2054,83200,83200,83200
2055,83200,83200,83200
2056,83200,83200,83200
2057,83200,83200,83200
2058,83200,83200,83200
2059,83200,83200,83200
2060,83200,83200,83200
2061,83200,83200,83200
2062,83200,83200,83200
2063,83200,83200,83200
2064,83200,83200,83200
2065,83200,83200,83200
2066,83200,83200,83200
2067,83200,83200,83200
2068,83200,83200,83200
2069,83200,83200,83200
2070,83200,83200,83200
2071,83200,83200,83200
2072,83200,83200,83200
2073,83200,83200,83200
2074,83200,83200,83200
2075,83200,83200,83200
2076,83200,83200,83200
2077,83200,83200,83200
2078,83200,83200,83200
2079,83200,83200,83200
2080,83200,83200,83200
2081,83200,83200,83200
2082,83200,83200,83200
2083,83200,83200,83200
2084,83200,83200,83200
2085,83200,83200,83200
2086,83200,83200,83200
2087,83200,83200,83200
2088,83200,83200,83200
2089,83200,83200,83200
2090,83200,83200,83200
2091,83200,83200,83200
2092,83200,83200,83200
2093,83200,83200,83200
2094,83200,83200,83200
2095,83200,83200,83200
2096,83200,83200,83200
2097,83200,83200,83200
2098,83200,83200,83200
2099,83200,83200,83200
2100,83200,83200,83200
2101,83200,83200,83200
2102,83200,83200,83200
2103,83200,83200,83200
2104,83200,83200,83200
2105,83200,83200,83200
2106,83200,83200,83200
2107,83200,83200,83200
2108,83200,83200,83200
2109,83200,83200,83200
2110,83200,83200,83200
2111,83200,83200,83200
2112,83200,83200,83200
2113,83200,83200,83200
2114,83200,83200,83200
2115,83200,83200,83200
2116,83200,83200,83200
2117,83200,83200,83200
2118,83200,83200,83200
2119,83200,83200,83200
2120,83200,83200,83200
2121,83200,83200,83200
2122,83200,83200,83200
2123,83200,83200,83200
2124,83200,83200,83200
2125,83200,83200,83200
2126,83200,83200,83200
2127,83200,83200,83200
2128,83200,83200,83200
2129,83200,83200,83200
2130,83200,83200,83200
2131,83200,83200,83200
2132,83200,83200,83200
2133,83200,83200,83200
2134,83200,83200,83200
2135,83200,83200,83200
2136,83200,83200,83200
2137,83200,83200,83200
2138,83200,83200,83200
2139,83200,83200,83200
2140,83200,83200,83200
2141,83200,83200,83200
2142,83200,83200,83200
2143,83200,83200,83200
2144,83200,83200,83200
2145,83200,83200,83200
2146,83200,83200,83200
2147,83200,83200,83200
2148,83200,83200,83200
2149,83200,83200,83200
2150,83200,83200,83200
2151,83200,83200,83200
2152,83200,83200,83200
2153,83200,83200,83200
2154,83200,83200,83200
2155,83200,83200,83200
2156,83200,83200,83200
2157,83200,83200,83200
2158,83200,83200,83200
2159,83200,83200,83200
2160,83200,83200,83200
2161,83200,83200,83200
2162,83200,83200,83200
2163,83200,83200,83200
2164,83200,83200,83200
2165,83200,83200,83200
2166,83200,83200,83200
2167,83200,83200,83200
2168,83200,83200,83200
2169,83200,83200,83200
2170,83200,83200,83200
2171,83200,83200,83200
2172,83200,83200,83200
2173,83200,83200,83200
2174,83200,83200,83200
2175,83200,83200,83200
2176,83200,83200,83200
2177,83200,83200,83200
2178,83200,83200,83200
2179,83200,83200,83200
2180,83200,83200,83200
2181,83200,83200,83200
2182,83200,83200,83200
2183,83200,83200,83200
2184,83200,83200,83200
2185,83200,83200,83200
2186,83200,83200,83200
2187,83200,83200,83200
2188,83200,83200,83200
2189,83200,83200,83200
2190,83200,83200,83200
2191,83200,83200,83200
2192,83200,83200,83200
2193,83200,83200,83200
2194,83200,83200,83200
2195,83200,83200,83200
2196,83200,83200,83200
2197,83200,83200,83200
2198,83200,83200,83200
2199,83200,83200,83200
2200,83200,83200,83200
2201,83200,83200,83200
2202,83200,83200,83200
2203,83200,83200,83200
2204,83200,83200,83200
2205,83200,83200,83200
2206,83200,83200,83200
2207,83200,83200,83200
2208,83200,83200,83200
2209,83200,83200,83200
2210,83200,83200,83200
2211,83200,83200,83200
2212,83200,83200,83200
2213,83200,83200,83200
2214,83200,83200,83200
2215,83200,83200,83200
2216,83200,83200,83200
2217,83200,83200,83200
2218,83200,83200,83200
2219,83200,83200,83200
2220,83200,83200,83200
2221,83200,83200,83200
2222,83200,83200,83200
2223,83200,83200,83200
2224,83200,83200,83200
2225,83200,83200,83200
2226,83200,83200,83200
2227,83200,83200,83200
2228,83200,83200,83200
2229,83200,83200,83200
2230,83200,83200,83200
2231,83200,83200,83200
2232,83200,83200,83200
2233,83200,83200,83200
2234,83200,83200,83200
2235,83200,83200,83200
2236,83200,83200,83200
2237,83200,83200,83200
2238,83200,83200,83200
2239,83200,83200,83200
2240,83200,83200,83200
2241,83200,83200,83200
2242,83200,83200,83200
2243,83200,83200,83200
2244,83200,83200,83200
2245,83200,83200,83200
2246,83200,83200,83200
2247,83200,83200,83200
2248,83200,83200,83200
2249,83200,83200,83200
2250,83200,83200,83200
2251,83200,83200,83200
2252,83200,83200,83200
2253,83200,83200,83200
2254,83200,83200,83200
2255,83200,83200,83200
2256,83200,83200,83200
2257,83200,83200,83200
2258,83200,83200,83200
2259,83200,83200,83200
2260,83200,83200,83200
2261,83200,83200,83200
2262,83200,83200,83200
2263,83200,83200,83200
2264,83200,83200,83200
2265,83200,83200,83200
2266,83200,83200,83200
2267,83200,83200,83200
2268,83200,83200,83200
2269,83200,83200,83200
2270,83200,83200,83200
2271,83200,83200,83200
2272,83200,83200,83200
2273,83200,83200,83200
2274,83200,83200,83200
2275,83200,83200,83200
2276,83200,83200,83200
2277,83200,83200,83200
2278,83200,83200,83200
2279,83200,83200,83200
2280,83200,83200,83200
2281,83200,83200,83200
2282,83200,83200,83200
2283,83200,83200,83200
2284,83200,83200,83200
2285,83200,83200,83200
2286,83200,83200,83200
2287,83200,83200,83200
2288,83200,83200,83200
2289,83200,83200,83200
2290,83200,83200,83200
2291,83200,83200,83200
2292,83200,83200,83200
2293,83200,83200,83200
2294,83200,83200,83200
2295,83200,83200,83200
2296,83200,83200,83200
2297,83200,83200,83200
2298,83200,83200,83200
2299,83200,83200,83200
2300,83200,83200,83200
2301,83200,83200,83200
2302,83200,83200,83200
2303,83200,83200,83200
2304,83200,83200,83200
2305,83200,83200,83200
2306,83200,83200,83200
2307,83200,83200,83200
2308,83200,83200,83200
2309,83200,83200,83200
2310,83200,83200,83200
2311,83200,83200,83200
2312,83200,83200,83200
2313,83200,83200,83200
2314,83200,83200,83200
2315,83200,83200,83200
2316,83200,83200,83200
2317,83200,83200,83200
2318,83200,83200,83200
2319,83200,83200,83200
2320,83200,83200,83200
2321,83200,83200,83200
2322,83200,83200,83200
2323,83200,83200,83200
2324,83200,83200,83200
2325,83200,83200,83200
2326,83200,83200,83200
2327,83200,83200,83200
2328,83200,83200,83200
2329,83200,83200,83200
2330,83200,83200,83200
2331,83200,83200,83200
2332,83200,83200,83200
2333,83200,83200,83200
2334,83200,83200,83200
2335,83200,83200,83200
2336,83200,83200,83200
2337,83200,83200,83200
2338,83200,83200,83200
2339,83200,83200,83200
2340,83200,83200,83200
2341,83200,83200,83200
2342,83200,83200,83200
2343,83200,83200,83200
2344,83200,83200,83200
2345,83200,83200,83200
2346,83200,83200,83200
2347,83200,83200,83200
2348,83200,83200,83200
2349,83200,83200,83200
2350,83200,83200,83200
2351,83200,83200,83200
2352,83200,83200,83200
2353,83200,83200,83200
2354,83200,83200,83200
2355,83200,83200,83200
2356,83200,83200,83200
2357,83200,83200,83200
2358,83200,83200,83200
2359,83200,83200,83200
2360,83200,83200,83200
2361,83200,83200,83200
2362,83200,83200,83200
2363,83200,83200,83200
2364,83200,83200,83200
2365,83200,83200,83200
2366,83200,83200,83200
2367,83200,83200,83200
2368,83200,83200,83200
2369,83200,83200,83200
2370,83200,83200,83200
2371,83200,83200,83200
2372,83200,83200,83200
2373,83200,83200,83200
2374,83200,83200,83200
2375,83200,83200,83200
2376,83200,83200,83200
2377,83200,83200,83200
2378,83200,83200,83200
2379,83200,83200,83200
2380,83200,83200,83200
2381,83200,83200,83200
2382,83200,83200,83200
2383,83200,83200,83200
2384,83200,83200,83200
2385,83200,83200,83200
2386,83200,83200,83200
2387,83200,83200,83200
2388,83200,83200,83200
2389,83200,83200,83200
2390,83200,83200,83200
2391,83200,83200,83200
2392,83200,83200,83200
2393,83200,83200,83200
2394,83200,83200,83200
2395,83200,83200,83200
2396,83200,83200,83200
2397,83200,83200,83200
2398,83200,83200,83200
2399,83200,83200,83200
2400,83200,83200,83200
2401,83200,83200,83200
2402,83200,83200,83200
2403,83200,83200,83200
2404,83200,83200,83200
2405,83200,83200,83200
2406,83200,83200,83200
2407,83200,83200,83200
2408,83200,83200,83200
2409,83200,83200,83200
2410,83200,83200,83200
2411,83200,83200,83200
2412,83200,83200,83200
2413,83200,83200,83200
2414,83200,83200,83200
2415,83200,83200,83200
2416,83200,83200,83200
2417,83200,83200,83200
2418,83200,83200,83200
2419,83200,83200,83200
2420,83200,83200,83200
2421,83200,83200,83200
2422,83200,83200,83200
2423,83200,83200,83200
2424,83200,83200,83200
2425,83200,83200,83200
2426,83200,83200,83200
2427,83200,83200,83200
2428,83200,83200,83200
2429,83200,83200,83200
2430,83200,83200,83200
2431,83200,83200,83200
2432,83200,83200,83200
2433,83200,83200,83200
2434,83200,83200,83200
2435,83200,83200,83200
2436,83200,83200,83200
2437,83200,83200,83200
2438,83200,83200,83200
2439,83200,83200,83200
2440,83200,83200,83200
2441,83200,83200,83200
2442,83200,83200,83200
2443,83200,83200,83200
2444,83200,83200,83200
2445,83200,83200,83200
2446,83200,83200,83200
2447,83200,83200,83200
2448,83200,83200,83200
2449,83200,83200,83200
2450,83200,83200,83200
2451,83200,83200,83200
2452,83200,83200,83200
2453,83200,83200,83200
2454,83200,83200,83200
2455,83200,83200,83200
2456,83200,83200,83200
2457,83200,83200,83200
2458,83200,83200,83200
2459,83200,83200,83200
2460,83200,83200,83200
2461,83200,83200,83200
2462,83200,83200,83200
2463,83200,83200,83200
2464,83200,83200,83200
2465,83200,83200,83200
2466,83200,83200,83200
2467,83200,83200,83200
2468,83200,83200,83200
2469,83200,83200,83200
2470,83200,83200,83200
2471,83200,83200,83200
2472,83200,83200,83200
2473,83200,83200,83200
2474,83200,83200,83200
2475,83200,83200,83200
2476,83200,83200,83200
2477,83200,83200,83200
2478,83200,83200,83200
2479,83200,83200,83200
2480,83200,83200,83200
2481,83200,83200,83200
2482,83200,83200,83200
2483,83200,83200,83200
2484,83200,83200,83200
2485,83200,83200,83200
2486,83200,83200,83200
2487,83200,83200,83200
2488,83200,83200,83200
2489,83200,83200,83200
2490,83200,83200,83200
2491,83200,83200,83200
2492,83200,83200,83200
2493,83200,83200,83200
2494,83200,83200,83200
2495,83200,83200,83200
2496,83200,83200,83200
2497,83200,83200,83200
2498,83200,83200,83200
2499,83200,83200,83200
2500,83200,83200,83200
2501,83200,83200,83200
2502,83200,83200,83200
2503,83200,83200,83200
2504,83200,83200,83200
2505,83200,83200,83200
2506,83200,83200,83200
2507,83200,83200,83200
2508,83200,83200,83200
2509,83200,83200,83200
2510,83200,83200,83200
2511,83200,83200,83200
2512,83200,83200,83200
2513,83200,83200,83200
2514,83200,83200,83200
2515,83200,83200,83200
2516,83200,83200,83200
2517,83200,83200,83200
2518,83200,83200,83200
2519,83200,83200,83200
2520,83200,83200,83200
2521,83200,83200,83200
2522,83200,83200,83200
2523,83200,83200,83200
2524,83200,83200,83200
2525,83200,83200,83200
2526,83200,83200,83200
2527,83200,83200,83200
2528,83200,83200,83200
2529,83200,83200,83200
2530,83200,83200,83200
2531,83200,83200,83200
2532,83200,83200,83200
2533,83200,83200,83200
2534,83200,83200,83200
2535,83200,83200,83200
2536,83200,83200,83200
2537,83200,83200,83200
2538,83200,83200,83200
2539,83200,83200,83200
2540,83200,83200,83200
2541,83200,83200,83200
2542,83200,83200,83200
2543,83200,83200,83200
2544,83200,83200,83200
2545,83200,83200,83200
2546,83200,83200,83200
2547,83200,83200,83200
2548,83200,83200,83200
2549,83200,83200,83200
2550,83200,83200,83200
2551,83200,83200,83200
2552,83200,83200,83200
2553,83200,83200,83200
2554,83200,83200,83200
2555,83200,83200,83200
2556,83200,83200,83200
2557,83200,83200,83200
2558,83200,83200,83200
2559,83200,83200,83200
2560,83200,83200,83200
2561,83200,83200,83200
2562,83200,83200,83200
2563,83200,83200,83200
2564,83200,83200,83200
2565,83200,83200,83200
2566,83200,83200,83200
2567,83200,83200,83200
2568,83200,83200,83200
2569,83200,83200,83200
2570,83200,83200,83200
2571,83200,83200,83200
2572,83200,83200,83200
2573,83200,83200,83200
2574,83200,83200,83200
2575,83200,83200,83200
2576,83200,83200,83200
2577,83200,83200,83200
2578,83200,83200,83200
2579,83200,83200,83200
2580,83200,83200,83200
2581,83200,83200,83200
2582,83200,83200,83200
2583,83200,83200,83200
2584,83200,83200,83200
2585,83200,83200,83200
2586,83200,83200,83200
2587,83200,83200,83200
2588,83200,83200,83200
2589,83200,83200,83200
2590,83200,83200,83200
2591,83200,83200,83200
2592,83200,83200,83200
2593,83200,83200,83200
2594,83200,83200,83200
2595,83200,83200,83200
2596,83200,83200,83200
2597,83200,83200,83200
2598,83200,83200,83200
2599,83200,83200,83200
2600,83200,83200,83200
2601,83200,83200,83200
2602,83200,83200,83200
2603,83200,83200,83200
2604,83200,83200,83200
2605,83200,83200,83200
2606,83200,83200,83200
2607,83200,83200,83200
2608,83200,83200,83200
2609,83200,83200,83200
2610,83200,83200,83200
2611,83200,83200,83200
2612,83200,83200,83200
2613,83200,83200,83200
2614,83200,83200,83200
2615,83200,83200,83200
2616,83200,83200,83200
2617,83200,83200,83200
2618,83200,83200,83200
2619,83200,83200,83200
2620,83200,83200,83200
2621,83200,83200,83200
2622,83200,83200,83200
2623,83200,83200,83200
2624,83200,83200,83200
2625,83200,83200,83200
2626,83200,83200,83200
2627,83200,83200,83200
2628,83200,83200,83200
2629,83200,83200,83200
2630,83200,83200,83200
2631,83200,83200,83200
2632,83200,83200,83200
2633,83200,83200,83200
2634,83200,83200,83200
2635,83200,83200,83200
2636,83200,83200,83200
2637,83200,83200,83200
2638,83200,83200,83200
2639,83200,83200,83200
2640,83200,83200,83200
2641,83200,83200,83200
2642,83200,83200,83200
2643,83200,83200,83200
2644,83200,83200,83200
2645,83200,83200,83200
2646,83200,83200,83200
2647,83200,83200,83200
2648,83200,83200,83200
2649,83200,83200,83200
2650,83200,83200,83200
2651,83200,83200,83200
2652,83200,83200,83200
2653,83200,83200,83200
2654,83200,83200,83200
2655,83200,83200,83200
2656,83200,83200,83200
2657,83200,83200,83200
2658,83200,83200,83200
2659,83200,83200,83200
2660,83200,83200,83200
2661,83200,83200,83200
2662,83200,83200,83200
2663,83200,83200,83200
2664,83200,83200,83200
2665,83200,83200,83200
2666,83200,83200,83200
2667,83200,83200,83200
2668,83200,83200,83200
2669,83200,83200,83200
2670,83200,83200,83200
2671,83200,83200,83200
2672,83200,83200,83200
2673,83200,83200,83200
2674,83200,83200,83200
2675,83200,83200,83200
2676,83200,83200,83200
2677,83200,83200,83200
2678,83200,83200,83200
2679,83200,83200,83200
2680,83200,83200,83200
2681,83200,83200,83200
2682,83200,83200,83200
2683,83200,83200,83200
2684,83200,83200,83200
2685,83200,83200,83200
2686,83200,83200,83200
2687,83200,83200,83200
2688,83200,83200,83200
2689,83200,83200,83200
2690,83200,83200,83200
2691,83200,83200,83200
2692,83200,83200,83200
2693,83200,83200,83200
2694,83200,83200,83200
2695,83200,83200,83200
2696,83200,83200,83200
2697,83200,83200,83200
2698,83200,83200,83200
2699,83200,83200,83200
2700,83200,83200,83200
2701,83200,83200,83200
2702,83200,83200,83200
2703,83200,83200,83200
2704,83200,83200,83200
2705,83200,83200,83200
2706,83200,83200,83200
2707,83200,83200,83200
2708,83200,83200,83200
2709,83200,83200,83200
2710,83200,83200,83200
2711,83200,83200,83200
2712,83200,83200,83200
2713,83200,83200,83200
2714,83200,83200,83200
2715,83200,83200,83200
2716,83200,83200,83200
2717,83200,83200,83200
2718,83200,83200,83200
2719,83200,83200,83200
2720,83200,83200,83200
2721,83200,83200,83200
2722,83200,83200,83200
2723,83200,83200,83200
2724,83200,83200,83200
2725,83200,83200,83200
2726,83200,83200,83200
2727,83200,83200,83200
2728,83200,83200,83200
2729,83200,83200,83200
2730,83200,83200,83200
2731,83200,83200,83200
2732,83200,83200,83200
2733,83200,83200,83200
2734,83200,83200,83200
2735,83200,83200,83200
2736,83200,83200,83200
2737,83200,83200,83200
2738,83200,83200,83200
2739,83200,83200,83200
2740,83200,83200,83200
2741,83200,83200,83200
2742,83200,83200,83200
2743,83200,83200,83200
2744,83200,83200,83200
2745,83200,83200,83200
2746,83200,83200,83200
2747,83200,83200,83200
2748,83200,83200,83200
2749,83200,83200,83200
2750,83200,83200,83200
2751,83200,83200,83200
2752,83200,83200,83200
2753,83200,83200,83200
2754,83200,83200,83200
2755,83200,83200,83200
2756,83200,83200,83200
2757,83200,83200,83200
2758,83200,83200,83200
2759,83200,83200,83200
2760,83200,83200,83200
2761,83200,83200,83200
2762,83200,83200,83200
2763,83200,83200,83200
2764,83200,83200,83200
2765,83200,83200,83200
2766,83200,83200,83200
2767,83200,83200,83200
2768,83200,83200,83200
2769,83200,83200,83200
2770,83200,83200,83200
2771,83200,83200,83200
2772,83200,83200,83200
2773,83200,83200,83200
2774,83200,83200,83200
2775,83200,83200,83200
2776,83200,83200,83200
2777,83200,83200,83200
2778,83200,83200,83200
2779,83200,83200,83200
2780,83200,83200,83200
2781,83200,83200,83200
2782,83200,83200,83200
2783,83200,83200,83200
2784,83200,83200,83200
2785,83200,83200,83200
2786,83200,83200,83200
2787,83200,83200,83200
2788,83200,83200,83200
2789,83200,83200,83200
2790,83200,83200,83200
2791,83200,83200,83200
2792,83200,83200,83200
2793,83200,83200,83200
2794,83200,83200,83200
2795,83200,83200,83200
2796,83200,83200,83200
2797,83200,83200,83200
2798,83200,83200,83200
2799,83200,83200,83200
2800,83200,83200,83200
2801,83200,83200,83200
2802,83200,83200,83200
2803,83200,83200,83200
2804,83200,83200,83200
2805,83200,83200,83200
2806,83200,83200,83200
2807,83200,83200,83200
2808,83200,83200,83200
2809,83200,83200,83200
2810,83200,83200,83200
2811,83200,83200,83200
2812,83200,83200,83200
2813,83200,83200,83200
2814,83200,83200,83200
2815,83200,83200,83200
2816,83200,83200,83200
2817,83200,83200,83200
2818,83200,83200,83200
2819,83200,83200,83200
2820,83200,83200,83200
2821,83200,83200,83200
2822,83200,83200,83200
2823,83200,83200,83200
2824,83200,83200,83200
2825,83200,83200,83200
2826,83200,83200,83200
2827,83200,83200,83200
2828,83200,83200,83200
2829,83200,83200,83200
2830,83200,83200,83200
2831,83200,83200,83200
2832,83200,83200,83200
2833,83200,83200,83200
2834,83200,83200,83200
2835,83200,83200,83200
2836,83200,83200,83200
2837,83200,83200,83200
2838,83200,83200,83200
2839,83200,83200,83200
2840,83200,83200,83200
2841,83200,83200,83200
2842,83200,83200,83200
2843,83200,83200,83200
2844,83200,83200,83200
2845,83200,83200,83200
2846,83200,83200,83200
2847,83200,83200,83200
2848,83200,83200,83200
2849,83200,83200,83200
2850,83200,83200,83200
2851,83200,83200,83200
2852,83200,83200,83200
2853,83200,83200,83200
2854,83200,83200,83200
2855,83200,83200,83200
2856,83200,83200,83200
2857,83200,83200,83200
2858,83200,83200,83200
2859,83200,83200,83200
2860,83200,83200,83200
2861,83200,83200,83200
2862,83200,83200,83200
2863,83200,83200,83200
2864,83200,83200,83200
2865,83200,83200,83200
2866,83200,83200,83200
2867,83200,83200,83200
2868,83200,83200,83200
2869,83200,83200,83200
2870,83200,83200,83200
2871,83200,83200,83200
2872,83200,83200,83200
2873,83200,83200,83200
2874,83200,83200,83200
2875,83200,83200,83200
2876,83200,83200,83200
2877,83200,83200,83200
2878,83200,83200,83200
2879,83200,83200,83200
2880,83200,83200,83200
2881,83200,83200,83200
2882,83200,83200,83200
2883,83200,83200,83200
2884,83200,83200,83200
2885,83200,83200,83200
2886,83200,83200,83200
2887,83200,83200,83200
2888,83200,83200,83200
2889,83200,83200,83200
2890,83200,83200,83200
2891,83200,83200,83200
2892,83200,83200,83200
2893,83200,83200,83200
2894,83200,83200,83200
2895,83200,83200,83200
2896,83200,83200,83200
2897,83200,83200,83200
2898,83200,83200,83200
2899,83200,83200,83200
2900,83200,83200,83200
2901,83200,83200,83200
2902,83200,83200,83200
2903,83200,83200,83200
2904,83200,83200,83200
2905,83200,83200,83200
2906,83200,83200,83200
2907,83200,83200,83200
2908,83200,83200,83200
2909,83200,83200,83200
2910,83200,83200,83200
2911,83200,83200,83200
2912,83200,83200,83200
2913,83200,83200,83200
2914,83200,83200,83200
2915,83200,83200,83200
2916,83200,83200,83200
2917,83200,83200,83200
2918,83200,83200,83200
2919,83200,83200,83200
2920,83200,83200,83200
2921,83200,83200,83200
2922,83200,83200,83200
2923,83200,83200,83200
2924,83200,83200,83200
2925,83200,83200,83200
2926,83200,83200,83200
2927,83200,83200,83200
2928,83200,83200,83200
2929,83200,83200,83200
2930,83200,83200,83200
2931,83200,83200,83200
2932,83200,83200,83200
2933,83200,83200,83200
2934,83200,83200,83200
2935,83200,83200,83200
2936,83200,83200,83200
2937,83200,83200,83200
2938,83200,83200,83200
2939,83200,83200,83200
2940,83200,83200,83200
2941,83200,83200,83200
2942,83200,83200,83200
2943,83200,83200,83200
2944,83200,83200,83200
2945,83200,83200,83200
2946,83200,83200,83200
2947,83200,83200,83200
2948,83200,83200,83200
2949,83200,83200,83200
2950,83200,83200,83200
2951,83200,83200,83200
2952,83200,83200,83200
2953,83200,83200,83200
2954,83200,83200,83200
2955,83200,83200,83200
2956,83200,83200,83200
2957,83200,83200,83200
2958,83200,83200,83200
2959,83200,83200,83200
2960,83200,83200,83200
2961,83200,83200,83200
2962,83200,83200,83200
2963,83200,83200,83200
2964,83200,83200,83200
2965,83200,83200,83200
2966,83200,83200,83200
2967,83200,83200,83200
2968,83200,83200,83200
2969,83200,83200,83200
2970,83200,83200,83200
2971,83200,83200,83200
2972,83200,83200,83200
2973,83200,83200,83200
2974,83200,83200,83200
2975,83200,83200,83200
2976,83200,83200,83200
2977,83200,83200,83200
2978,83200,83200,83200
2979,83200,83200,83200
2980,83200,83200,83200
2981,83200,83200,83200
2982,83200,83200,83200
2983,83200,83200,83200
2984,83200,83200,83200
2985,83200,83200,83200
2986,83200,83200,83200
2987,83200,83200,83200
2988,83200,83200,83200
2989,83200,83200,83200
2990,83200,83200,83200
2991,83200,83200,83200
2992,83200,83200,83200
2993,83200,83200,83200
2994,83200,83200,83200
2995,83200,83200,83200
2996,83200,83200,83200
2997,83200,83200,83200
2998,83200,83200,83200
2999,83200,83200,83200
3000,83200,83200,83200
3001,83200,83200,83200
3002,83200,83200,83200
3003,83200,83200,83200
3004,83200,83200,83200
3005,83200,83200,83200
3006,83200,83200,83200
3007,83200,83200,83200
3008,83200,83200,83200
3009,83200,83200,83200
3010,83200,83200,83200
3011,83200,83200,83200
3012,83200,83200,83200
3013,83200,83200,83200
3014,83200,83200,83200
3015,83200,83200,83200
3016,83200,83200,83200
3017,83200,83200,83200
3018,83200,83200,83200
3019,83200,83200,83200
3020,83200,83200,83200
3021,83200,83200,83200
3022,83200,83200,83200
3023,83200,83200,83200
3024,83200,83200,83200
3025,83200,83200,83200
3026,83200,83200,83200
3027,83200,83200,83200
3028,83200,83200,83200
3029,83200,83200,83200
3030,83200,83200,83200
3031,83200,83200,83200
3032,83200,83200,83200
3033,83200,83200,83200
3034,83200,83200,83200
3035,83200,83200,83200
3036,83200,83200,83200
3037,83200,83200,83200
3038,83200,83200,83200
3039,83200,83200,83200
3040,83200,83200,83200
3041,83200,83200,83200
3042,83200,83200,83200
3043,83200,83200,83200
3044,83200,83200,83200
3045,83200,83200,83200
3046,83200,83200,83200
3047,83200,83200,83200
3048,83200,83200,83200
3049,83200,83200,83200
3050,83200,83200,83200
3051,83200,83200,83200
3052,83200,83200,83200
3053,83200,83200,83200
3054,83200,83200,83200
3055,83200,83200,83200
3056,83200,83200,83200
3057,83200,83200,83200
3058,83200,83200,83200
3059,83200,83200,83200
3060,83200,83200,83200
3061,83200,83200,83200
3062,83200,83200,83200
3063,83200,83200,83200
3064,83200,83200,83200
3065,83200,83200,83200
3066,83200,83200,83200
3067,83200,83200,83200
3068,83200,83200,83200
3069,83200,83200,83200
3070,83200,83200,83200
3071,83200,83200,83200
3072,83200,83200,83200
3073,83200,83200,83200
3074,83200,83200,83200
3075,83200,83200,83200
3076,83200,83200,83200
3077,83200,83200,83200
3078,83200,83200,83200
3079,83200,83200,83200
3080,83200,83200,83200
3081,83200,83200,83200
3082,83200,83200,83200
3083,83200,83200,83200
3084,83200,83200,83200
3085,83200,83200,83200
3086,83200,83200,83200
3087,83200,83200,83200
3088,83200,83200,83200
3089,83200,83200,83200
3090,83200,83200,83200
3091,83200,83200,83200
3092,83200,83200,83200
3093,83200,83200,83200
3094,83200,83200,83200
3095,83200,83200,83200
3096,83200,83200,83200
3097,83200,83200,83200
3098,83200,83200,83200
3099,83200,83200,83200
3100,83200,83200,83200
3101,83200,83200,83200
3102,83200,83200,83200
3103,83200,83200,83200
3104,83200,83200,83200
3105,83200,83200,83200
3106,83200,83200,83200
3107,83200,83200,83200
3108,83200,83200,83200
3109,83200,83200,83200
3110,83200,83200,83200
3111,83200,83200,83200
3112,83200,83200,83200
3113,83200,83200,83200
3114,83200,83200,83200
3115,83200,83200,83200
3116,83200,83200,83200
3117,83200,83200,83200
3118,83200,83200,83200
3119,83200,83200,83200
3120,83200,83200,83200
3121,83200,83200,83200
3122,83200,83200,83200
3123,83200,83200,83200
3124,83200,83200,83200
3125,83200,83200,83200
3126,83200,83200,83200
3127,83200,83200,83200
3128,83200,83200,83200
3129,83200,83200,83200
3130,83200,83200,83200
3131,83200,83200,83200
3132,83200,83200,83200
3133,83200,83200,83200
3134,83200,83200,83200
3135,83200,83200,83200
3136,83200,83200,83200
3137,83200,83200,83200
3138,83200,83200,83200
3139,83200,83200,83200
3140,83200,83200,83200
3141,83200,83200,83200
3142,83200,83200,83200
3143,83200,83200,83200
3144,83200,83200,83200
3145,83200,83200,83200
3146,83200,83200,83200
3147,83200,83200,83200
3148,83200,83200,83200
3149,83200,83200,83200
3150,83200,83200,83200
3151,83200,83200,83200
3152,83200,83200,83200
3153,83200,83200,83200
3154,83200,83200,83200
3155,83200,83200,83200
3156,83200,83200,83200
3157,83200,83200,83200
3158,83200,83200,83200
3159,83200,83200,83200
3160,83200,83200,83200
3161,83200,83200,83200
3162,83200,83200,83200
3163,83200,83200,83200
3164,83200,83200,83200
3165,83200,83200,83200
3166,83200,83200,83200
3167,83200,83200,83200
3168,83200,83200,83200
3169,83200,83200,83200
3170,83200,83200,83200
3171,83200,83200,83200
3172,83200,83200,83200
3173,83200,83200,83200
3174,83200,83200,83200
3175,83200,83200,83200
3176,83200,83200,83200
3177,83200,83200,83200
3178,83200,83200,83200
3179,83200,83200,83200
3180,83200,83200,83200
3181,83200,83200,83200
3182,83200,83200,83200
3183,83200,83200,83200
3184,83200,83200,83200
3185,83200,83200,83200
3186,83200,83200,83200
3187,83200,83200,83200
3188,83200,83200,83200
3189,83200,83200,83200
3190,83200,83200,83200
3191,83200,83200,83200
3192,83200,83200,83200
3193,83200,83200,83200
3194,83200,83200,83200
3195,83200,83200,83200
3196,83200,83200,83200
3197,83200,83200,83200
3198,83200,83200,83200
3199,83200,83200,83200
3200,83200,83200,83200
3201,83200,83200,83200
3202,83200,83200,83200
3203,83200,83200,83200
3204,83200,83200,83200
3205,83200,83200,83200
3206,83200,83200,83200
3207,83200,83200,83200
3208,83200,83200,83200
3209,83200,83200,83200
3210,83200,83200,83200
3211,83200,83200,83200
3212,83200,83200,83200
3213,83200,83200,83200
3214,83200,83200,83200
3215,83200,83200,83200
3216,83200,83200,83200
3217,83200,83200,83200
3218,83200,83200,83200
3219,83200,83200,83200
3220,83200,83200,83200
3221,83200,83200,83200
3222,83200,83200,83200
3223,83200,83200,83200
3224,83200,83200,83200
3225,83200,83200,83200
3226,83200,83200,83200
3227,83200,83200,83200
3228,83200,83200,83200
3229,83200,83200,83200
3230,83200,83200,83200
3231,83200,83200,83200
3232,83200,83200,83200
3233,83200,83200,83200
3234,83200,83200,83200
3235,83200,83200,83200
3236,83200,83200,83200
3237,83200,83200,83200
3238,83200,83200,83200
3239,83200,83200,83200
3240,83200,83200,83200
3241,83200,83200,83200
3242,83200,83200,83200
3243,83200,83200,83200
3244,83200,83200,83200
3245,83200,83200,83200
3246,83200,83200,83200
3247,83200,83200,83200
3248,83200,83200,83200
3249,83200,83200,83200
3250,83200,83200,83200
3251,83200,83200,83200
3252,83200,83200,83200
3253,83200,83200,83200
3254,83200,83200,83200
3255,83200,83200,83200
3256,83200,83200,83200
3257,83200,83200,83200
3258,83200,83200,83200
3259,83200,83200,83200
3260,83200,83200,83200
3261,83200,83200,83200
3262,83200,83200,83200
3263,83200,83200,83200
3264,83200,83200,83200
3265,83200,83200,83200
3266,83200,83200,83200
3267,83200,83200,83200
3268,83200,83200,83200
3269,83200,83200,83200
3270,83200,83200,83200
3271,83200,83200,83200
3272,83200,83200,83200
3273,83200,83200,83200
3274,83200,83200,83200
3275,83200,83200,83200
3276,83200,83200,83200
3277,83200,83200,83200
3278,83200,83200,83200
3279,83200,83200,83200
3280,83200,83200,83200
3281,83200,83200,83200
3282,83200,83200,83200
3283,83200,83200,83200
3284,83200,83200,83200
3285,83200,83200,83200
3286,83200,83200,83200
3287,83200,83200,83200
3288,83200,83200,83200
3289,83200,83200,83200
3290,83200,83200,83200
3291,83200,83200,83200
3292,83200,83200,83200
3293,83200,83200,83200
3294,83200,83200,83200
3295,83200,83200,83200
3296,83200,83200,83200
3297,83200,83200,83200
3298,83200,83200,83200
3299,83200,83200,83200
3300,83200,83200,83200
3301,83200,83200,83200
3302,83200,83200,83200
3303,83200,83200,83200
3304,83200,83200,83200
3305,83200,83200,83200
3306,83200,83200,83200
3307,83200,83200,83200
3308,83200,83200,83200
3309,83200,83200,83200
3310,83200,83200,83200
3311,83200,83200,83200
3312,83200,83200,83200
3313,83200,83200,83200
3314,83200,83200,83200
3315,83200,83200,83200
3316,83200,83200,83200
3317,83200,83200,83200
3318,83200,83200,83200
3319,83200,83200,83200
3320,83200,83200,83200
3321,83200,83200,83200
3322,83200,83200,83200
3323,83200,83200,83200
3324,83200,83200,83200
3325,83200,83200,83200
3326,83200,83200,83200
3327,83200,83200,83200
3328,83200,83200,83200
3329,83200,83200,83200
3330,83200,83200,83200
3331,83200,83200,83200
3332,83200,83200,83200
3333,83200,83200,83200
3334,83200,83200,83200
3335,83200,83200,83200
3336,83200,83200,83200
3337,83200,83200,83200
3338,83200,83200,83200
3339,83200,83200,83200
3340,83200,83200,83200
3341,83200,83200,83200
3342,83200,83200,83200
3343,83200,83200,83200
3344,83200,83200,83200
3345,83200,83200,83200
3346,83200,83200,83200
3347,83200,83200,83200
3348,83200,83200,83200
3349,83200,83200,83200
3350,83200,83200,83200
3351,83200,83200,83200
3352,83200,83200,83200
3353,83200,83200,83200
3354,83200,83200,83200
3355,83200,83200,83200
3356,83200,83200,83200
3357,83200,83200,83200
3358,83200,83200,83200
3359,83200,83200,83200
3360,83200,83200,83200
3361,83200,83200,83200
3362,83200,83200,83200
3363,83200,83200,83200
3364,83200,83200,83200
3365,83200,83200,83200
3366,83200,83200,83200
3367,83200,83200,83200
3368,83200,83200,83200
3369,83200,83200,83200
3370,83200,83200,83200
3371,83200,83200,83200
3372,83200,83200,83200
3373,83200,83200,83200
3374,83200,83200,83200
3375,83200,83200,83200
3376,83200,83200,83200
3377,83200,83200,83200
3378,83200,83200,83200
3379,83200,83200,83200
3380,83200,83200,83200
3381,83200,83200,83200
3382,83200,83200,83200
3383,83200,83200,83200
3384,83200,83200,83200
3385,83200,83200,83200
3386,83200,83200,83200
3387,83200,83200,83200
3388,83200,83200,83200
3389,83200,83200,83200
3390,83200,83200,83200
3391,83200,83200,83200
3392,83200,83200,83200
3393,83200,83200,83200
3394,83200,83200,83200
3395,83200,83200,83200
3396,83200,83200,83200
3397,83200,83200,83200
3398,83200,83200,83200
3399,83200,83200,83200
3400,83200,83200,83200
3401,83200,83200,83200
3402,83200,83200,83200
3403,83200,83200,83200
3404,83200,83200,83200
3405,83200,83200,83200
3406,83200,83200,83200
3407,83200,83200,83200
3408,83200,83200,83200
3409,83200,83200,83200
3410,83200,83200,83200
3411,83200,83200,83200
3412,83200,83200,83200
3413,83200,83200,83200
3414,83200,83200,83200
3415,83200,83200,83200
3416,83200,83200,83200
3417,83200,83200,83200
3418,83200,83200,83200
3419,83200,83200,83200
3420,83200,83200,83200
3421,83200,83200,83200
3422,83200,83200,83200
3423,83200,83200,83200
3424,83200,83200,83200
3425,83200,83200,83200
3426,83200,83200,83200
3427,83200,83200,83200
3428,83200,83200,83200
3429,83200,83200,83200
3430,83200,83200,83200
3431,83200,83200,83200
3432,83200,83200,83200
3433,83200,83200,83200
3434,83200,83200,83200
3435,83200,83200,83200
3436,83200,83200,83200
3437,83200,83200,83200
3438,83200,83200,83200
3439,83200,83200,83200
3440,83200,83200,83200
3441,83200,83200,83200
3442,83200,83200,83200
3443,83200,83200,83200
3444,83200,83200,83200
3445,83200,83200,83200
3446,83200,83200,83200
3447,83200,83200,83200
3448,83200,83200,83200
3449,83200,83200,83200
3450,83200,83200,83200
3451,83200,83200,83200
3452,83200,83200,83200
3453,83200,83200,83200
3454,83200,83200,83200
3455,83200,83200,83200
3456,83200,83200,83200
3457,83200,83200,83200
3458,83200,83200,83200
3459,83200,83200,83200
3460,83200,83200,83200
3461,83200,83200,83200
3462,83200,83200,83200
3463,83200,83200,83200
3464,83200,83200,83200
3465,83200,83200,83200
3466,83200,83200,83200
3467,83200,83200,83200
3468,83200,83200,83200
3469,83200,83200,83200
3470,83200,83200,83200
3471,83200,83200,83200
3472,83200,83200,83200
3473,83200,83200,83200
3474,83200,83200,83200
3475,83200,83200,83200
3476,83200,83200,83200
3477,83200,83200,83200
3478,83200,83200,83200
3479,83200,83200,83200
3480,83200,83200,83200
3481,83200,83200,83200
3482,83200,83200,83200
3483,83200,83200,83200
3484,83200,83200,83200
3485,83200,83200,83200
3486,83200,83200,83200
3487,83200,83200,83200
3488,83200,83200,83200
3489,83200,83200,83200
3490,83200,83200,83200
3491,83200,83200,83200
3492,83200,83200,83200
3493,83200,83200,83200
3494,83200,83200,83200
3495,83200,83200,83200
3496,83200,83200,83200
3497,83200,83200,83200
3498,83200,83200,83200
3499,83200,83200,83200
3500,83200,83200,83200
3501,83200,83200,83200
3502,83200,83200,83200
3503,83200,83200,83200
3504,83200,83200,83200
3505,83200,83200,83200
3506,83200,83200,83200
3507,83200,83200,83200
3508,83200,83200,83200
3509,83200,83200,83200
3510,83200,83200,83200
3511,83200,83200,83200
3512,83200,83200,83200
3513,83200,83200,83200
3514,83200,83200,83200
3515,83200,83200,83200
3516,83200,83200,83200
3517,83200,83200,83200
3518,83200,83200,83200
3519,83200,83200,83200
3520,83200,83200,83200
3521,83200,83200,83200
3522,83200,83200,83200
3523,83200,83200,83200
3524,83200,83200,83200
3525,83200,83200,83200
3526,83200,83200,83200
3527,83200,83200,83200
3528,83200,83200,83200
3529,83200,83200,83200
3530,83200,83200,83200
3531,83200,83200,83200
3532,83200,83200,83200
3533,83200,83200,83200
3534,83200,83200,83200
3535,83200,83200,83200
3536,83200,83200,83200
3537,83200,83200,83200
3538,83200,83200,83200
3539,83200,83200,83200
3540,83200,83200,83200
3541,83200,83200,83200
3542,83200,83200,83200
3543,83200,83200,83200
3544,83200,83200,83200
3545,83200,83200,83200
3546,83200,83200,83200
3547,83200,83200,83200
3548,83200,83200,83200
3549,83200,83200,83200
3550,83200,83200,83200
3551,83200,83200,83200
3552,83200,83200,83200
3553,83200,83200,83200
3554,83200,83200,83200
3555,83200,83200,83200
3556,83200,83200,83200
3557,83200,83200,83200
3558,83200,83200,83200
3559,83200,83200,83200
3560,83200,83200,83200
3561,83200,83200,83200
3562,83200,83200,83200
3563,83200,83200,83200
3564,83200,83200,83200
3565,83200,83200,83200
3566,83200,83200,83200
3567,83200,83200,83200
3568,83200,83200,83200
3569,83200,83200,83200
3570,83200,83200,83200
3571,83200,83200,83200
3572,83200,83200,83200
3573,83200,83200,83200
3574,83200,83200,83200
3575,83200,83200,83200
3576,83200,83200,83200
3577,83200,83200,83200
3578,83200,83200,83200
3579,83200,83200,83200
3580,83200,83200,83200
3581,83200,83200,83200
3582,83200,83200,83200
3583,83200,83200,83200
3584,83200,83200,83200
3585,83200,83200,83200
3586,83200,83200,83200
3587,83200,83200,83200
3588,83200,83200,83200
3589,83200,83200,83200
3590,83200,83200,83200
3591,83200,83200,83200
3592,83200,83200,83200
3593,83200,83200,83200
3594,83200,83200,83200
3595,83200,83200,83200
3596,83200,83200,83200
3597,83200,83200,83200
3598,83200,83200,83200
3599,83200,83200,83200
3600,83200,83200,83200
3601,83200,83200,83200
3602,83200,83200,83200
3603,83200,83200,83200
3604,83200,83200,83200
3605,83200,83200,83200
3606,83200,83200,83200
3607,83200,83200,83200
3608,83200,83200,83200
3609,83200,83200,83200
3610,83200,83200,83200
3611,83200,83200,83200
3612,83200,83200,83200
3613,83200,83200,83200
3614,83200,83200,83200
3615,83200,83200,83200
3616,83200,83200,83200
3617,83200,83200,83200
3618,83200,83200,83200
3619,83200,83200,83200
3620,83200,83200,83200
3621,83200,83200,83200
3622,83200,83200,83200
3623,83200,83200,83200
3624,83200,83200,83200
3625,83200,83200,83200
3626,83200,83200,83200
3627,83200,83200,83200
3628,83200,83200,83200
3629,83200,83200,83200
3630,83200,83200,83200
3631,83200,83200,83200
3632,83200,83200,83200
3633,83200,83200,83200
3634,83200,83200,83200
3635,83200,83200,83200
3636,83200,83200,83200
3637,83200,83200,83200
3638,83200,83200,83200
3639,83200,83200,83200
3640,83200,83200,83200
3641,83200,83200,83200
3642,83200,83200,83200
3643,83200,83200,83200
3644,83200,83200,83200
3645,83200,83200,83200
3646,83200,83200,83200
3647,83200,83200,83200
3648,83200,83200,83200
3649,83200,83200,83200
3650,83200,83200,83200
3651,83200,83200,83200
3652,83200,83200,83200
3653,83200,83200,83200
3654,83200,83200,83200
3655,83200,83200,83200
3656,83200,83200,83200
3657,83200,83200,83200
3658,83200,83200,83200
3659,83200,83200,83200
3660,83200,83200,83200
3661,83200,83200,83200
3662,83200,83200,83200
3663,83200,83200,83200
3664,83200,83200,83200
3665,83200,83200,83200
3666,83200,83200,83200
3667,83200,83200,83200
3668,83200,83200,83200
3669,83200,83200,83200
3670,83200,83200,83200
3671,83200,83200,83200
3672,83200,83200,83200
3673,83200,83200,83200
3674,83200,83200,83200
3675,83200,83200,83200
3676,83200,83200,83200
3677,83200,83200,83200
3678,83200,83200,83200
3679,83200,83200,83200
3680,83200,83200,83200
3681,83200,83200,83200
3682,83200,83200,83200
3683,83200,83200,83200
3684,83200,83200,83200
3685,83200,83200,83200
3686,83200,83200,83200
3687,83200,83200,83200
3688,83200,83200,83200
3689,83200,83200,83200
3690,83200,83200,83200
3691,83200,83200,83200
3692,83200,83200,83200
3693,83200,83200,83200
3694,83200,83200,83200
3695,83200,83200,83200
3696,83200,83200,83200
3697,83200,83200,83200
3698,83200,83200,83200
3699,83200,83200,83200
3700,83200,83200,83200
3701,83200,83200,83200
3702,83200,83200,83200
3703,83200,83200,83200
3704,83200,83200,83200
3705,83200,83200,83200
3706,83200,83200,83200
3707,83200,83200,83200
3708,83200,83200,83200
3709,83200,83200,83200
3710,83200,83200,83200
3711,83200,83200,83200
3712,83200,83200,83200
3713,83200,83200,83200
3714,83200,83200,83200
3715,83200,83200,83200
3716,83200,83200,83200
3717,83200,83200,83200
3718,83200,83200,83200
3719,83200,83200,83200
3720,83200,83200,83200
3721,83200,83200,83200
3722,83200,83200,83200
3723,83200,83200,83200
3724,83200,83200,83200
3725,83200,83200,83200
3726,83200,83200,83200
3727,83200,83200,83200
3728,83200,83200,83200
3729,83200,83200,83200
3730,83200,83200,83200
3731,83200,83200,83200
3732,83200,83200,83200
3733,83200,83200,83200
3734,83200,83200,83200
3735,83200,83200,83200
3736,83200,83200,83200
3737,83200,83200,83200
3738,83200,83200,83200
3739,83200,83200,83200
3740,83200,83200,83200
3741,83200,83200,83200
3742,83200,83200,83200
3743,83200,83200,83200
3744,83200,83200,83200
3745,83200,83200,83200
3746,83200,83200,83200
3747,83200,83200,83200
3748,83200,83200,83200
3749,83200,83200,83200
3750,83200,83200,83200
3751,83200,83200,83200
3752,83200,83200,83200
3753,83200,83200,83200
3754,83200,83200,83200
3755,83200,83200,83200
3756,83200,83200,83200
3757,83200,83200,83200
3758,83200,83200,83200
3759,83200,83200,83200
3760,83200,83200,83200
3761,83200,83200,83200
3762,83200,83200,83200
3763,83200,83200,83200
3764,83200,83200,83200
3765,83200,83200,83200
3766,83200,83200,83200
3767,83200,83200,83200
3768,83200,83200,83200
3769,83200,83200,83200
3770,83200,83200,83200
3771,83200,83200,83200
3772,83200,83200,83200
3773,83200,83200,83200
3774,83200,83200,83200
3775,83200,83200,83200
3776,83200,83200,83200
3777,83200,83200,83200
3778,83200,83200,83200
3779,83200,83200,83200
3780,83200,83200,83200
3781,83200,83200,83200
3782,83200,83200,83200
3783,83200,83200,83200
3784,83200,83200,83200
3785,83200,83200,83200
3786,83200,83200,83200
3787,83200,83200,83200
3788,83200,83200,83200
3789,83200,83200,83200
3790,83200,83200,83200
3791,83200,83200,83200
3792,83200,83200,83200
3793,83200,83200,83200
3794,83200,83200,83200
3795,83200,83200,83200
3796,83200,83200,83200
3797,83200,83200,83200
3798,83200,83200,83200
3799,83200,83200,83200
3800,83200,83200,83200
3801,83200,83200,83200
3802,83200,83200,83200
3803,83200,83200,83200
3804,83200,83200,83200
3805,83200,83200,83200
3806,83200,83200,83200
3807,83200,83200,83200
3808,83200,83200,83200
3809,83200,83200,83200
3810,83200,83200,83200
3811,83200,83200,83200
3812,83200,83200,83200
3813,83200,83200,83200
3814,83200,83200,83200
3815,83200,83200,83200
3816,83200,83200,83200
3817,83200,83200,83200
3818,83200,83200,83200
3819,83200,83200,83200
3820,83200,83200,83200
3821,83200,83200,83200
3822,83200,83200,83200
3823,83200,83200,83200
3824,83200,83200,83200
3825,83200,83200,83200
3826,83200,83200,83200
3827,83200,83200,83200
3828,83200,83200,83200
3829,83200,83200,83200
3830,83200,83200,83200
3831,83200,83200,83200
3832,83200,83200,83200
3833,83200,83200,83200
3834,83200,83200,83200
3835,83200,83200,83200
3836,83200,83200,83200
3837,83200,83200,83200
3838,83200,83200,83200
3839,83200,83200,83200
3840,83200,83200,83200
3841,83200,83200,83200
3842,83200,83200,83200
3843,83200,83200,83200
3844,83200,83200,83200
3845,83200,83200,83200
3846,83200,83200,83200
3847,83200,83200,83200
3848,83200,83200,83200
3849,83200,83200,83200
3850,83200,83200,83200
3851,83200,83200,83200
3852,83200,83200,83200
3853,83200,83200,83200
3854,83200,83200,83200
3855,83200,83200,83200
3856,83200,83200,83200
3857,83200,83200,83200
3858,83200,83200,83200
3859,83200,83200,83200
3860,83200,83200,83200
3861,83200,83200,83200
3862,83200,83200,83200
3863,83200,83200,83200
3864,83200,83200,83200
3865,83200,83200,83200
3866,83200,83200,83200
3867,83200,83200,83200
3868,83200,83200,83200
3869,83200,83200,83200
3870,83200,83200,83200
3871,83200,83200,83200
3872,83200,83200,83200
3873,83200,83200,83200
3874,83200,83200,83200
3875,83200,83200,83200
3876,83200,83200,83200
3877,83200,83200,83200
3878,83200,83200,83200
3879,83200,83200,83200
3880,83200,83200,83200
3881,83200,83200,83200
3882,83200,83200,83200
3883,83200,83200,83200
3884,83200,83200,83200
3885,83200,83200,83200
3886,83200,83200,83200
3887,83200,83200,83200
3888,83200,83200,83200
3889,83200,83200,83200
3890,83200,83200,83200
3891,83200,83200,83200
3892,83200,83200,83200
3893,83200,83200,83200
3894,83200,83200,83200
3895,83200,83200,83200
3896,83200,83200,83200
3897,83200,83200,83200
3898,83200,83200,83200
3899,83200,83200,83200
3900,83200,83200,83200
3901,83200,83200,83200
3902,83200,83200,83200
3903,83200,83200,83200
3904,83200,83200,83200
3905,83200,83200,83200
3906,83200,83200,83200
3907,83200,83200,83200
3908,83200,83200,83200
3909,83200,83200,83200
3910,83200,83200,83200
3911,83200,83200,83200
3912,83200,83200,83200
3913,83200,83200,83200
3914,83200,83200,83200
3915,83200,83200,83200
3916,83200,83200,83200
3917,83200,83200,83200
3918,83200,83200,83200
3919,83200,83200,83200
3920,83200,83200,83200
3921,83200,83200,83200
3922,83200,83200,83200
3923,83200,83200,83200
3924,83200,83200,83200
3925,83200,83200,83200
3926,83200,83200,83200
3927,83200,83200,83200
3928,83200,83200,83200
3929,83200,83200,83200
3930,83200,83200,83200
3931,83200,83200,83200
3932,83200,83200,83200
3933,83200,83200,83200
3934,83200,83200,83200
3935,83200,83200,83200
3936,83200,83200,83200
3937,83200,83200,83200
3938,83200,83200,83200
3939,83200,83200,83200
3940,83200,83200,83200
3941,83200,83200,83200
3942,83200,83200,83200
3943,83200,83200,83200
3944,83200,83200,83200
3945,83200,83200,83200
3946,83200,83200,83200
3947,83200,83200,83200
3948,83200,83200,83200
3949,83200,83200,83200
3950,83200,83200,83200
3951,83200,83200,83200
3952,83200,83200,83200
3953,83200,83200,83200
3954,83200,83200,83200
3955,83200,83200,83200
3956,83200,83200,83200
3957,83200,83200,83200
3958,83200,83200,83200
3959,83200,83200,83200
3960,83200,83200,83200
3961,83200,83200,83200
3962,83200,83200,83200
3963,83200,83200,83200
3964,83200,83200,83200
3965,83200,83200,83200
3966,83200,83200,83200
3967,83200,83200,83200
3968,83200,83200,83200
3969,83200,83200,83200
3970,83200,83200,83200
3971,83200,83200,83200
3972,83200,83200,83200
3973,83200,83200,83200
3974,83200,83200,83200
3975,83200,83200,83200
3976,83200,83200,83200
3977,83200,83200,83200
3978,83200,83200,83200
3979,83200,83200,83200
3980,83200,83200,83200
3981,83200,83200,83200
3982,83200,83200,83200
3983,83200,83200,83200
3984,83200,83200,83200
3985,83200,83200,83200
3986,83200,83200,83200
3987,83200,83200,83200
3988,83200,83200,83200
3989,83200,83200,83200
3990,83200,83200,83200
3991,83200,83200,83200
3992,83200,83200,83200
3993,83200,83200,83200
3994,83200,83200,83200
3995,83200,83200,83200
3996,83200,83200,83200
3997,83200,83200,83200
3998,83200,83200,83200
3999,83200,83200,83200
4000,83200,83200,83200
4001,83200,83200,83200
4002,83200,83200,83200
4003,83200,83200,83200
4004,83200,83200,83200
4005,83200,83200,83200
4006,83200,83200,83200
4007,83200,83200,83200
4008,83200,83200,83200
4009,83200,83200,83200
4010,83200,83200,83200
4011,83200,83200,83200
4012,83200,83200,83200
4013,83200,83200,83200
4014,83200,83200,83200
4015,83200,83200,83200
4016,83200,83200,83200
4017,83200,83200,83200
4018,83200,83200,83200
4019,83200,83200,83200
4020,83200,83200,83200
4021,83200,83200,83200
4022,83200,83200,83200
4023,83200,83200,83200
4024,83200,83200,83200
4025,83200,83200,83200
4026,83200,83200,83200
4027,83200,83200,83200
4028,83200,83200,83200
4029,83200,83200,83200
4030,83200,83200,83200
4031,83200,83200,83200
4032,83200,83200,83200
4033,83200,83200,83200
4034,83200,83200,83200
4035,83200,83200,83200
4036,83200,83200,83200
4037,83200,83200,83200
4038,83200,83200,83200
4039,83200,83200,83200
4040,83200,83200,83200
4041,83200,83200,83200
4042,83200,83200,83200
4043,83200,83200,83200
4044,83200,83200,83200
4045,83200,83200,83200
4046,83200,83200,83200
4047,83200,83200,83200
4048,83200,83200,83200
4049,83200,83200,83200
4050,83200,83200,83200
4051,83200,83200,83200
4052,83200,83200,83200
4053,83200,83200,83200
4054,83200,83200,83200
4055,83200,83200,83200
4056,83200,83200,83200
4057,83200,83200,83200
4058,83200,83200,83200
4059,83200,83200,83200
4060,83200,83200,83200
4061,83200,83200,83200
4062,83200,83200,83200
4063,83200,83200,83200
4064,83200,83200,83200
4065,83200,83200,83200
4066,83200,83200,83200
4067,83200,83200,83200
4068,83200,83200,83200
4069,83200,83200,83200
4070,83200,83200,83200
4071,83200,83200,83200
4072,83200,83200,83200
4073,83200,83200,83200
4074,83200,83200,83200
4075,83200,83200,83200
4076,83200,83200,83200
4077,83200,83200,83200
4078,83200,83200,83200
4079,83200,83200,83200
4080,83200,83200,83200
4081,83200,83200,83200
4082,83200,83200,83200
4083,83200,83200,83200
4084,83200,83200,83200
4085,83200,83200,83200
4086,83200,83200,83200
4087,83200,83200,83200
4088,83200,83200,83200
4089,83200,83200,83200
4090,83200,83200,83200
4091,83200,83200,83200
4092,83200,83200,83200
4093,83200,83200,83200
4094,83200,83200,83200
4095,83200,83200,83200
4096,83200,83200,83200
4097,83200,83200,83200
4098,83200,83200,83200
4099,83200,83200,83200
4100,83200,83200,83200
4101,83200,83200,83200
4102,83200,83200,83200
4103,83200,83200,83200
4104,83200,83200,83200
4105,83200,83200,83200
4106,83200,83200,83200
4107,83200,83200,83200
4108,83200,83200,83200
4109,83200,83200,83200
4110,83200,83200,83200
4111,83200,83200,83200
4112,83200,83200,83200
4113,83200,83200,83200
4114,83200,83200,83200
4115,83200,83200,83200
4116,83200,83200,83200
4117,83200,83200,83200
4118,83200,83200,83200
4119,83200,83200,83200
4120,83200,83200,83200
4121,83200,83200,83200
4122,83200,83200,83200
4123,83200,83200,83200
4124,83200,83200,83200
4125,83200,83200,83200
4126,83200,83200,83200
4127,83200,83200,83200
4128,83200,83200,83200
4129,83200,83200,83200
4130,83200,83200,83200
4131,83200,83200,83200
4132,83200,83200,83200
4133,83200,83200,83200
4134,83200,83200,83200
4135,83200,83200,83200
4136,83200,83200,83200
4137,83200,83200,83200
4138,83200,83200,83200
4139,83200,83200,83200
4140,83200,83200,83200
4141,83200,83200,83200
4142,83200,83200,83200
4143,83200,83200,83200
4144,83200,83200,83200
4145,83200,83200,83200
4146,83200,83200,83200
4147,83200,83200,83200
4148,83200,83200,83200
4149,83200,83200,83200
4150,83200,83200,83200
4151,83200,83200,83200
4152,83200,83200,83200
4153,83200,83200,83200
4154,83200,83200,83200
4155,83200,83200,83200
4156,83200,83200,83200
4157,83200,83200,83200
4158,83200,83200,83200
4159,83200,83200,83200
4160,83200,83200,83200
4161,83200,83200,83200
4162,83200,83200,83200
4163,83200,83200,83200
4164,83200,83200,83200
4165,83200,83200,83200
4166,83200,83200,83200
4167,83200,83200,83200
4168,83200,83200,83200
4169,83200,83200,83200
4170,83200,83200,83200
4171,83200,83200,83200
4172,83200,83200,83200
4173,83200,83200,83200
4174,83200,83200,83200
4175,83200,83200,83200
4176,83200,83200,83200
4177,83200,83200,83200
4178,83200,83200,83200
4179,83200,83200,83200
4180,83200,83200,83200
4181,83200,83200,83200
4182,83200,83200,83200
4183,83200,83200,83200
4184,83200,83200,83200
4185,83200,83200,83200
4186,83200,83200,83200
4187,83200,83200,83200
4188,83200,83200,83200
4189,83200,83200,83200
4190,83200,83200,83200
4191,83200,83200,83200
4192,83200,83200,83200
4193,83200,83200,83200
4194,83200,83200,83200
4195,83200,83200,83200
4196,83200,83200,83200
4197,83200,83200,83200
4198,83200,83200,83200
4199,83200,83200,83200
4200,83200,83200,83200
4201,83200,83200,83200
4202,83200,83200,83200
4203,83200,83200,83200
4204,83200,83200,83200
4205,83200,83200,83200
4206,83200,83200,83200
4207,83200,83200,83200
4208,83200,83200,83200
4209,83200,83200,83200
4210,83200,83200,83200
4211,83200,83200,83200
4212,83200,83200,83200
4213,83200,83200,83200
4214,83200,83200,83200
4215,83200,83200,83200
4216,83200,83200,83200
4217,83200,83200,83200
4218,83200,83200,83200
4219,83200,83200,83200
4220,83200,83200,83200
4221,83200,83200,83200
4222,83200,83200,83200
4223,83200,83200,83200
4224,83200,83200,83200
4225,83200,83200,83200
4226,83200,83200,83200
4227,83200,83200,83200
4228,83200,83200,83200
4229,83200,83200,83200
4230,83200,83200,83200
4231,83200,83200,83200
4232,83200,83200,83200
4233,83200,83200,83200
4234,83200,83200,83200
4235,83200,83200,83200
4236,83200,83200,83200
4237,83200,83200,83200
4238,83200,83200,83200
4239,83200,83200,83200
4240,83200,83200,83200
4241,83200,83200,83200
4242,83200,83200,83200
4243,83200,83200,83200
4244,83200,83200,83200
4245,83200,83200,83200
4246,83200,83200,83200
4247,83200,83200,83200
4248,83200,83200,83200
4249,83200,83200,83200
4250,83200,83200,83200
4251,83200,83200,83200
4252,83200,83200,83200
4253,83200,83200,83200
4254,83200,83200,83200
4255,83200,83200,83200
4256,83200,83200,83200
4257,83200,83200,83200
4258,83200,83200,83200
4259,83200,83200,83200
4260,83200,83200,83200
4261,83200,83200,83200
4262,83200,83200,83200
4263,83200,83200,83200
4264,83200,83200,83200
4265,83200,83200,83200
4266,83200,83200,83200
4267,83200,83200,83200
4268,83200,83200,83200
4269,83200,83200,83200
4270,83200,83200,83200
4271,83200,83200,83200
4272,83200,83200,83200
4273,83200,83200,83200
4274,83200,83200,83200
4275,83200,83200,83200
4276,83200,83200,83200
4277,83200,83200,83200
4278,83200,83200,83200
4279,83200,83200,83200
4280,83200,83200,83200
4281,83200,83200,83200
4282,83200,83200,83200
4283,83200,83200,83200
4284,83200,83200,83200
4285,83200,83200,83200
4286,83200,83200,83200
4287,83200,83200,83200
4288,83200,83200,83200
4289,83200,83200,83200
4290,83200,83200,83200
4291,83200,83200,83200
4292,83200,83200,83200
4293,83200,83200,83200
4294,83200,83200,83200
4295,83200,83200,83200
4296,83200,83200,83200
4297,83200,83200,83200
4298,83200,83200,83200
4299,83200,83200,83200
4300,83200,83200,83200
4301,83200,83200,83200
4302,83200,83200,83200
4303,83200,83200,83200
4304,83200,83200,83200
4305,83200,83200,83200
4306,83200,83200,83200
4307,83200,83200,83200
4308,83200,83200,83200
4309,83200,83200,83200
4310,83200,83200,83200
4311,83200,83200,83200
4312,83200,83200,83200
4313,83200,83200,83200
4314,83200,83200,83200
4315,83200,83200,83200
4316,83200,83200,83200
4317,83200,83200,83200
4318,83200,83200,83200
4319,83200,83200,83200
4320,83200,83200,83200
4321,83200,83200,83200
4322,83200,83200,83200
4323,83200,83200,83200
4324,83200,83200,83200
4325,83200,83200,83200
4326,83200,83200,83200
4327,83200,83200,83200
4328,83200,83200,83200
4329,83200,83200,83200
4330,83200,83200,83200
4331,83200,83200,83200
4332,83200,83200,83200
4333,83200,83200,83200
4334,83200,83200,83200
4335,83200,83200,83200
4336,83200,83200,83200
4337,83200,83200,83200
4338,83200,83200,83200
4339,83200,83200,83200
4340,83200,83200,83200
4341,83200,83200,83200
4342,83200,83200,83200
4343,83200,83200,83200
4344,83200,83200,83200
4345,83200,83200,83200
4346,83200,83200,83200
4347,83200,83200,83200
4348,83200,83200,83200
4349,83200,83200,83200
4350,83200,83200,83200
4351,83200,83200,83200
4352,83200,83200,83200
4353,83200,83200,83200
4354,83200,83200,83200
4355,83200,83200,83200
4356,83200,83200,83200
4357,83200,83200,83200
4358,83200,83200,83200
4359,83200,83200,83200
4360,83200,83200,83200
4361,83200,83200,83200
4362,83200,83200,83200
4363,83200,83200,83200
4364,83200,83200,83200
4365,83200,83200,83200
4366,83200,83200,83200
4367,83200,83200,83200
4368,83200,83200,83200
4369,83200,83200,83200
4370,83200,83200,83200
4371,83200,83200,83200
4372,83200,83200,83200
4373,83200,83200,83200
4374,83200,83200,83200
4375,83200,83200,83200
4376,83200,83200,83200
4377,83200,83200,83200
4378,83200,83200,83200
4379,83200,83200,83200
4380,83200,83200,83200
4381,83200,83200,83200
4382,83200,83200,83200
4383,83200,83200,83200
4384,83200,83200,83200
4385,83200,83200,83200
4386,83200,83200,83200
4387,83200,83200,83200
4388,83200,83200,83200
4389,83200,83200,83200
4390,83200,83200,83200
4391,83200,83200,83200
4392,83200,83200,83200
4393,83200,83200,83200
4394,83200,83200,83200
4395,83200,83200,83200
4396,83200,83200,83200
4397,83200,83200,83200
4398,83200,83200,83200
4399,83200,83200,83200
4400,83200,83200,83200
4401,83200,83200,83200
4402,83200,83200,83200
4403,83200,83200,83200
4404,83200,83200,83200
4405,83200,83200,83200
4406,83200,83200,83200
4407,83200,83200,83200
4408,83200,83200,83200
4409,83200,83200,83200
4410,83200,83200,83200
4411,83200,83200,83200
4412,83200,83200,83200
4413,83200,83200,83200
4414,83200,83200,83200
4415,83200,83200,83200
4416,83200,83200,83200
4417,83200,83200,83200
4418,83200,83200,83200
4419,83200,83200,83200
4420,83200,83200,83200
4421,83200,83200,83200
4422,83200,83200,83200
4423,83200,83200,83200
4424,83200,83200,83200
4425,83200,83200,83200
4426,83200,83200,83200
4427,83200,83200,83200
4428,83200,83200,83200
4429,83200,83200,83200
4430,83200,83200,83200
4431,83200,83200,83200
4432,83200,83200,83200
4433,83200,83200,83200
4434,83200,83200,83200
4435,83200,83200,83200
4436,83200,83200,83200
4437,83200,83200,83200
4438,83200,83200,83200
4439,83200,83200,83200
4440,83200,83200,83200
4441,83200,83200,83200
4442,83200,83200,83200
4443,83200,83200,83200
4444,83200,83200,83200
4445,83200,83200,83200
4446,83200,83200,83200
4447,83200,83200,83200
4448,83200,83200,83200
4449,83200,83200,83200
4450,83200,83200,83200
4451,83200,83200,83200
4452,83200,83200,83200
4453,83200,83200,83200
4454,83200,83200,83200
4455,83200,83200,83200
4456,83200,83200,83200
4457,83200,83200,83200
4458,83200,83200,83200
4459,83200,83200,83200
4460,83200,83200,83200
4461,83200,83200,83200
4462,83200,83200,83200
4463,83200,83200,83200
4464,83200,83200,83200
4465,83200,83200,83200
4466,83200,83200,83200
4467,83200,83200,83200
4468,83200,83200,83200
4469,83200,83200,83200
4470,83200,83200,83200
4471,83200,83200,83200
4472,83200,83200,83200
4473,83200,83200,83200
4474,83200,83200,83200
4475,83200,83200,83200
4476,83200,83200,83200
4477,83200,83200,83200
4478,83200,83200,83200
4479,83200,83200,83200
4480,83200,83200,83200
4481,83200,83200,83200
4482,83200,83200,83200
4483,83200,83200,83200
4484,83200,83200,83200
4485,83200,83200,83200
4486,83200,83200,83200
4487,83200,83200,83200
4488,83200,83200,83200
4489,83200,83200,83200
4490,83200,83200,83200
4491,83200,83200,83200
4492,83200,83200,83200
4493,83200,83200,83200
4494,83200,83200,83200
4495,83200,83200,83200
4496,83200,83200,83200
4497,83200,83200,83200
4498,83200,83200,83200
4499,83200,83200,83200
4500,83200,83200,83200
4501,83200,83200,83200
4502,83200,83200,83200
4503,83200,83200,83200
4504,83200,83200,83200
4505,83200,83200,83200
4506,83200,83200,83200
4507,83200,83200,83200
4508,83200,83200,83200
4509,83200,83200,83200
4510,83200,83200,83200
4511,83200,83200,83200
4512,83200,83200,83200
4513,83200,83200,83200
4514,83200,83200,83200
4515,83200,83200,83200
4516,83200,83200,83200
4517,83200,83200,83200
4518,83200,83200,83200
4519,83200,83200,83200
4520,83200,83200,83200
4521,83200,83200,83200
4522,83200,83200,83200
4523,83200,83200,83200
4524,83200,83200,83200
4525,83200,83200,83200
4526,83200,83200,83200
4527,83200,83200,83200
4528,83200,83200,83200
4529,83200,83200,83200
4530,83200,83200,83200
4531,83200,83200,83200
4532,83200,83200,83200
4533,83200,83200,83200
4534,83200,83200,83200
4535,83200,83200,83200
4536,83200,83200,83200
4537,83200,83200,83200
4538,83200,83200,83200
4539,83200,83200,83200
4540,83200,83200,83200
4541,83200,83200,83200
4542,83200,83200,83200
4543,83200,83200,83200
4544,83200,83200,83200
4545,83200,83200,83200
4546,83200,83200,83200
4547,83200,83200,83200
4548,83200,83200,83200
4549,83200,83200,83200
4550,83200,83200,83200
4551,83200,83200,83200
4552,83200,83200,83200
4553,83200,83200,83200
4554,83200,83200,83200
4555,83200,83200,83200
4556,83200,83200,83200
4557,83200,83200,83200
4558,83200,83200,83200
4559,83200,83200,83200
4560,83200,83200,83200
4561,83200,83200,83200
4562,83200,83200,83200
4563,83200,83200,83200
4564,83200,83200,83200
4565,83200,83200,83200
4566,83200,83200,83200
4567,83200,83200,83200
4568,83200,83200,83200
4569,83200,83200,83200
4570,83200,83200,83200
4571,83200,83200,83200
4572,83200,83200,83200
4573,83200,83200,83200
4574,83200,83200,83200
4575,83200,83200,83200
4576,83200,83200,83200
4577,83200,83200,83200
4578,83200,83200,83200
4579,83200,83200,83200
4580,83200,83200,83200
4581,83200,83200,83200
4582,83200,83200,83200
4583,83200,83200,83200
4584,83200,83200,83200
4585,83200,83200,83200
4586,83200,83200,83200
4587,83200,83200,83200
4588,83200,83200,83200
4589,83200,83200,83200
4590,83200,83200,83200
4591,83200,83200,83200
4592,83200,83200,83200
4593,83200,83200,83200
4594,83200,83200,83200
4595,83200,83200,83200
4596,83200,83200,83200
4597,83200,83200,83200
4598,83200,83200,83200
4599,83200,83200,83200
4600,83200,83200,83200
4601,83200,83200,83200
4602,83200,83200,83200
4603,83200,83200,83200
4604,83200,83200,83200
4605,83200,83200,83200
4606,83200,83200,83200
4607,83200,83200,83200
4608,83200,83200,83200
4609,83200,83200,83200
4610,83200,83200,83200
4611,83200,83200,83200
4612,83200,83200,83200
4613,83200,83200,83200
4614,83200,83200,83200
4615,83200,83200,83200
4616,83200,83200,83200
4617,83200,83200,83200
4618,83200,83200,83200
4619,83200,83200,83200
4620,83200,83200,83200
4621,83200,83200,83200
4622,83200,83200,83200
4623,83200,83200,83200
4624,83200,83200,83200
4625,83200,83200,83200
4626,83200,83200,83200
4627,83200,83200,83200
4628,83200,83200,83200
4629,83200,83200,83200
4630,83200,83200,83200
4631,83200,83200,83200
4632,83200,83200,83200
4633,83200,83200,83200
4634,83200,83200,83200
4635,83200,83200,83200
4636,83200,83200,83200
4637,83200,83200,83200
4638,83200,83200,83200
4639,83200,83200,83200
4640,83200,83200,83200
4641,83200,83200,83200
4642,83200,83200,83200
4643,83200,83200,83200
4644,83200,83200,83200
4645,83200,83200,83200
4646,83200,83200,83200
4647,83200,83200,83200
4648,83200,83200,83200
4649,83200,83200,83200
4650,83200,83200,83200
4651,83200,83200,83200
4652,83200,83200,83200
4653,83200,83200,83200
4654,83200,83200,83200
4655,83200,83200,83200
4656,83200,83200,83200
4657,83200,83200,83200
4658,83200,83200,83200
4659,83200,83200,83200
4660,83200,83200,83200
4661,83200,83200,83200
4662,83200,83200,83200
4663,83200,83200,83200
4664,83200,83200,83200
4665,83200,83200,83200
4666,83200,83200,83200
4667,83200,83200,83200
4668,83200,83200,83200
4669,83200,83200,83200
4670,83200,83200,83200
4671,83200,83200,83200
4672,83200,83200,83200
4673,83200,83200,83200
4674,83200,83200,83200
4675,83200,83200,83200
4676,83200,83200,83200
4677,83200,83200,83200
4678,83200,83200,83200
4679,83200,83200,83200
4680,83200,83200,83200
4681,83200,83200,83200
4682,83200,83200,83200
4683,83200,83200,83200
4684,83200,83200,83200
4685,83200,83200,83200
4686,83200,83200,83200
4687,83200,83200,83200
4688,83200,83200,83200
4689,83200,83200,83200
4690,83200,83200,83200
4691,83200,83200,83200
4692,83200,83200,83200
4693,83200,83200,83200
4694,83200,83200,83200
4695,83200,83200,83200
4696,83200,83200,83200
4697,83200,83200,83200
4698,83200,83200,83200
4699,83200,83200,83200
4700,83200,83200,83200
4701,83200,83200,83200
4702,83200,83200,83200
4703,83200,83200,83200
4704,83200,83200,83200
4705,83200,83200,83200
4706,83200,83200,83200
4707,83200,83200,83200
4708,83200,83200,83200
4709,83200,83200,83200
4710,83200,83200,83200
4711,83200,83200,83200
4712,83200,83200,83200
4713,83200,83200,83200
4714,83200,83200,83200
4715,83200,83200,83200
4716,83200,83200,83200
4717,83200,83200,83200
4718,83200,83200,83200
4719,83200,83200,83200
4720,83200,83200,83200
4721,83200,83200,83200
4722,83200,83200,83200
4723,83200,83200,83200
4724,83200,83200,83200
4725,83200,83200,83200
4726,83200,83200,83200
4727,83200,83200,83200
4728,83200,83200,83200
4729,83200,83200,83200
4730,83200,83200,83200
4731,83200,83200,83200
4732,83200,83200,83200
4733,83200,83200,83200
4734,83200,83200,83200
4735,83200,83200,83200
4736,83200,83200,83200
4737,83200,83200,83200
4738,83200,83200,83200
4739,83200,83200,83200
4740,83200,83200,83200
4741,83200,83200,83200
4742,83200,83200,83200
4743,83200,83200,83200
4744,83200,83200,83200
4745,83200,83200,83200
4746,83200,83200,83200
4747,83200,83200,83200
4748,83200,83200,83200
4749,83200,83200,83200
4750,83200,83200,83200
4751,83200,83200,83200
4752,83200,83200,83200
4753,83200,83200,83200
4754,83200,83200,83200
4755,83200,83200,83200
4756,83200,83200,83200
4757,83200,83200,83200
4758,83200,83200,83200
4759,83200,83200,83200
4760,83200,83200,83200
4761,83200,83200,83200
4762,83200,83200,83200
4763,83200,83200,83200
4764,83200,83200,83200
4765,83200,83200,83200
4766,83200,83200,83200
4767,83200,83200,83200
4768,83200,83200,83200
4769,83200,83200,83200
4770,83200,83200,83200
4771,83200,83200,83200
4772,83200,83200,83200
4773,83200,83200,83200
4774,83200,83200,83200
4775,83200,83200,83200
4776,83200,83200,83200
4777,83200,83200,83200
4778,83200,83200,83200
4779,83200,83200,83200
4780,83200,83200,83200
4781,83200,83200,83200
4782,83200,83200,83200
4783,83200,83200,83200
4784,83200,83200,83200
4785,83200,83200,83200
4786,83200,83200,83200
4787,83200,83200,83200
4788,83200,83200,83200
4789,83200,83200,83200
4790,83200,83200,83200
4791,83200,83200,83200
4792,83200,83200,83200
4793,83200,83200,83200
4794,83200,83200,83200
4795,83200,83200,83200
4796,83200,83200,83200
4797,83200,83200,83200
4798,83200,83200,83200
4799,83200,83200,83200
4800,83200,83200,83200
4801,83200,83200,83200
4802,83200,83200,83200
4803,83200,83200,83200
4804,83200,83200,83200
4805,83200,83200,83200
4806,83200,83200,83200
4807,83200,83200,83200
4808,83200,83200,83200
4809,83200,83200,83200
4810,83200,83200,83200
4811,83200,83200,83200
4812,83200,83200,83200
4813,83200,83200,83200
4814,83200,83200,83200
4815,83200,83200,83200
4816,83200,83200,83200
4817,83200,83200,83200
4818,83200,83200,83200
4819,83200,83200,83200
4820,83200,83200,83200
4821,83200,83200,83200
4822,83200,83200,83200
4823,83200,83200,83200
4824,83200,83200,83200
4825,83200,83200,83200
4826,83200,83200,83200
4827,83200,83200,83200
4828,83200,83200,83200
4829,83200,83200,83200
4830,83200,83200,83200
4831,83200,83200,83200
4832,83200,83200,83200
4833,83200,83200,83200
4834,83200,83200,83200
4835,83200,83200,83200
4836,83200,83200,83200
4837,83200,83200,83200
4838,83200,83200,83200
4839,83200,83200,83200
4840,83200,83200,83200
4841,83200,83200,83200
4842,83200,83200,83200
4843,83200,83200,83200
4844,83200,83200,83200
4845,83200,83200,83200
4846,83200,83200,83200
4847,83200,83200,83200
4848,83200,83200,83200
4849,83200,83200,83200
4850,83200,83200,83200
4851,83200,83200,83200
4852,83200,83200,83200
4853,83200,83200,83200
4854,83200,83200,83200
4855,83200,83200,83200
4856,83200,83200,83200
4857,83200,83200,83200
4858,83200,83200,83200
4859,83200,83200,83200
4860,83200,83200,83200
4861,83200,83200,83200
4862,83200,83200,83200
4863,83200,83200,83200
4864,83200,83200,83200
4865,83200,83200,83200
4866,83200,83200,83200
4867,83200,83200,83200
4868,83200,83200,83200
4869,83200,83200,83200
4870,83200,83200,83200
4871,83200,83200,83200
4872,83200,83200,83200
4873,83200,83200,83200
4874,83200,83200,83200
4875,83200,83200,83200
4876,83200,83200,83200
4877,83200,83200,83200
4878,83200,83200,83200
4879,83200,83200,83200
4880,83200,83200,83200
4881,83200,83200,83200
4882,83200,83200,83200
4883,83200,83200,83200
4884,83200,83200,83200
4885,83200,83200,83200
4886,83200,83200,83200
4887,83200,83200,83200
4888,83200,83200,83200
4889,83200,83200,83200
4890,83200,83200,83200
4891,83200,83200,83200
4892,83200,83200,83200
4893,83200,83200,83200
4894,83200,83200,83200
4895,83200,83200,83200
4896,83200,83200,83200
4897,83200,83200,83200
4898,83200,83200,83200
4899,83200,83200,83200
4900,83200,83200,83200
4901,83200,83200,83200
4902,83200,83200,83200
4903,83200,83200,83200
4904,83200,83200,83200
4905,83200,83200,83200
4906,83200,83200,83200
4907,83200,83200,83200
4908,83200,83200,83200
4909,83200,83200,83200
4910,83200,83200,83200
4911,83200,83200,83200
4912,83200,83200,83200
4913,83200,83200,83200
4914,83200,83200,83200
4915,83200,83200,83200
4916,83200,83200,83200
4917,83200,83200,83200
4918,83200,83200,83200
4919,83200,83200,83200
4920,83200,83200,83200
4921,83200,83200,83200
4922,83200,83200,83200
4923,83200,83200,83200
4924,83200,83200,83200
4925,83200,83200,83200
4926,83200,83200,83200
4927,83200,83200,83200
4928,83200,83200,83200
4929,83200,83200,83200
4930,83200,83200,83200
4931,83200,83200,83200
4932,83200,83200,83200
4933,83200,83200,83200
4934,83200,83200,83200
4935,83200,83200,83200
4936,83200,83200,83200
4937,83200,83200,83200
4938,83200,83200,83200
4939,83200,83200,83200
4940,83200,83200,83200
4941,83200,83200,83200
4942,83200,83200,83200
4943,83200,83200,83200
4944,83200,83200,83200
4945,83200,83200,83200
4946,83200,83200,83200
4947,83200,83200,83200
4948,83200,83200,83200
4949,83200,83200,83200
4950,83200,83200,83200
4951,83200,83200,83200
4952,83200,83200,83200
4953,83200,83200,83200
4954,83200,83200,83200
4955,83200,83200,83200
4956,83200,83200,83200
4957,83200,83200,83200
4958,83200,83200,83200
4959,83200,83200,83200
4960,83200,83200,83200
4961,83200,83200,83200
4962,83200,83200,83200
4963,83200,83200,83200
4964,83200,83200,83200
4965,83200,83200,83200
4966,83200,83200,83200
4967,83200,83200,83200
4968,83200,83200,83200
4969,83200,83200,83200
4970,83200,83200,83200
4971,83200,83200,83200
4972,83200,83200,83200
4973,83200,83200,83200
4974,83200,83200,83200
4975,83200,83200,83200
4976,83200,83200,83200
4977,83200,83200,83200
4978,83200,83200,83200
4979,83200,83200,83200
4980,83200,83200,83200
4981,83200,83200,83200
4982,83200,83200,83200
4983,83200,83200,83200
4984,83200,83200,83200
4985,83200,83200,83200
4986,83200,83200,83200
4987,83200,83200,83200
4988,83200,83200,83200
4989,83200,83200,83200
4990,83200,83200,83200
4991,83200,83200,83200
4992,83200,83200,83200
4993,83200,83200,83200
4994,83200,83200,83200
4995,83200,83200,83200
4996,83200,83200,83200
4997,83200,83200,83200
4998,83200,83200,83200
4999,83200,83200,83200
5000,83200,83200,83200
5001,83200,83200,83200
5002,83200,83200,83200
5003,83200,83200,83200
5004,83200,83200,83200
5005,83200,83200,83200
5006,83200,83200,83200
5007,83200,83200,83200
5008,83200,83200,83200
5009,83200,83200,83200
5010,83200,83200,83200
5011,83200,83200,83200
5012,83200,83200,83200
5013,83200,83200,83200
5014,83200,83200,83200
5015,83200,83200,83200
5016,83200,83200,83200
5017,83200,83200,83200
5018,83200,83200,83200
5019,83200,83200,83200
5020,83200,83200,83200
5021,83200,83200,83200
5022,83200,83200,83200
5023,83200,83200,83200
5024,83200,83200,83200
5025,83200,83200,83200
5026,83200,83200,83200
5027,83200,83200,83200
5028,83200,83200,83200
5029,83200,83200,83200
5030,83200,83200,83200
5031,83200,83200,83200
5032,83200,83200,83200
5033,83200,83200,83200
5034,83200,83200,83200
5035,83200,83200,83200
5036,83200,83200,83200
5037,83200,83200,83200
5038,83200,83200,83200
5039,83200,83200,83200
5040,83200,83200,83200
5041,83200,83200,83200
5042,83200,83200,83200
5043,83200,83200,83200
5044,83200,83200,83200
5045,83200,83200,83200
5046,83200,83200,83200
5047,83200,83200,83200
5048,83200,83200,83200
5049,83200,83200,83200
5050,83200,83200,83200
5051,83200,83200,83200
5052,83200,83200,83200
5053,83200,83200,83200
5054,83200,83200,83200
5055,83200,83200,83200
5056,83200,83200,83200
5057,83200,83200,83200
5058,83200,83200,83200
5059,83200,83200,83200
5060,83200,83200,83200
5061,83200,83200,83200
5062,83200,83200,83200
5063,83200,83200,83200
5064,83200,83200,83200
5065,83200,83200,83200
5066,83200,83200,83200
5067,83200,83200,83200
5068,83200,83200,83200
5069,83200,83200,83200
5070,83200,83200,83200
5071,83200,83200,83200
5072,83200,83200,83200
5073,83200,83200,83200
5074,83200,83200,83200
5075,83200,83200,83200
5076,83200,83200,83200
5077,83200,83200,83200
5078,83200,83200,83200
5079,83200,83200,83200
5080,83200,83200,83200
5081,83200,83200,83200
5082,83200,83200,83200
5083,83200,83200,83200
5084,83200,83200,83200
5085,83200,83200,83200
5086,83200,83200,83200
5087,83200,83200,83200
5088,83200,83200,83200
5089,83200,83200,83200
5090,83200,83200,83200
5091,83200,83200,83200
5092,83200,83200,83200
5093,83200,83200,83200
5094,83200,83200,83200
5095,83200,83200,83200
5096,83200,83200,83200
5097,83200,83200,83200
5098,83200,83200,83200
5099,83200,83200,83200
5100,83200,83200,83200
5101,83200,83200,83200
5102,83200,83200,83200
5103,83200,83200,83200
5104,83200,83200,83200
5105,83200,83200,83200
5106,83200,83200,83200
5107,83200,83200,83200
5108,83200,83200,83200
5109,83200,83200,83200
5110,83200,83200,83200
5111,83200,83200,83200
5112,83200,83200,83200
5113,83200,83200,83200
5114,83200,83200,83200
5115,83200,83200,83200
5116,83200,83200,83200
5117,83200,83200,83200
5118,83200,83200,83200
5119,83200,83200,83200
5120,83200,83200,83200
5121,83200,83200,83200
5122,83200,83200,83200
5123,83200,83200,83200
5124,83200,83200,83200
5125,83200,83200,83200
5126,83200,83200,83200
5127,83200,83200,83200
5128,83200,83200,83200
5129,83200,83200,83200
5130,83200,83200,83200
5131,83200,83200,83200
5132,83200,83200,83200
5133,83200,83200,83200
5134,83200,83200,83200
5135,83200,83200,83200
5136,83200,83200,83200
5137,83200,83200,83200
5138,83200,83200,83200
5139,83200,83200,83200
5140,83200,83200,83200
5141,83200,83200,83200
5142,83200,83200,83200
5143,83200,83200,83200
5144,83200,83200,83200
5145,83200,83200,83200
5146,83200,83200,83200
5147,83200,83200,83200
5148,83200,83200,83200
5149,83200,83200,83200
5150,83200,83200,83200
5151,83200,83200,83200
5152,83200,83200,83200
5153,83200,83200,83200
5154,83200,83200,83200
5155,83200,83200,83200
5156,83200,83200,83200
5157,83200,83200,83200
5158,83200,83200,83200
5159,83200,83200,83200
5160,83200,83200,83200
5161,83200,83200,83200
5162,83200,83200,83200
5163,83200,83200,83200
5164,83200,83200,83200
5165,83200,83200,83200
5166,83200,83200,83200
5167,83200,83200,83200
5168,83200,83200,83200
5169,83200,83200,83200
5170,83200,83200,83200
5171,83200,83200,83200
5172,83200,83200,83200
5173,83200,83200,83200
5174,83200,83200,83200
5175,83200,83200,83200
5176,83200,83200,83200
5177,83200,83200,83200
5178,83200,83200,83200
5179,83200,83200,83200
5180,83200,83200,83200
5181,83200,83200,83200
5182,83200,83200,83200
5183,83200,83200,83200
5184,83200,83200,83200
5185,83200,83200,83200
5186,83200,83200,83200
5187,83200,83200,83200
5188,83200,83200,83200
5189,83200,83200,83200
5190,83200,83200,83200
5191,83200,83200,83200
5192,83200,83200,83200
5193,83200,83200,83200
5194,83200,83200,83200
5195,83200,83200,83200
5196,83200,83200,83200
5197,83200,83200,83200
5198,83200,83200,83200
5199,83200,83200,83200
5200,83200,83200,83200
5201,83200,83200,83200
5202,83200,83200,83200
5203,83200,83200,83200
5204,83200,83200,83200
5205,83200,83200,83200
5206,83200,83200,83200
5207,83200,83200,83200
5208,83200,83200,83200
5209,83200,83200,83200
5210,83200,83200,83200
5211,83200,83200,83200
5212,83200,83200,83200
5213,83200,83200,83200
5214,83200,83200,83200
5215,83200,83200,83200
5216,83200,83200,83200
5217,83200,83200,83200
5218,83200,83200,83200
5219,83200,83200,83200
5220,83200,83200,83200
5221,83200,83200,83200
5222,83200,83200,83200
5223,83200,83200,83200
5224,83200,83200,83200
5225,83200,83200,83200
5226,83200,83200,83200
5227,83200,83200,83200
5228,83200,83200,83200
5229,83200,83200,83200
5230,83200,83200,83200
5231,83200,83200,83200
5232,83200,83200,83200
5233,83200,83200,83200
5234,83200,83200,83200
5235,83200,83200,83200
5236,83200,83200,83200
5237,83200,83200,83200
5238,83200,83200,83200
5239,83200,83200,83200
5240,83200,83200,83200
5241,83200,83200,83200
5242,83200,83200,83200
5243,83200,83200,83200
5244,83200,83200,83200
5245,83200,83200,83200
5246,83200,83200,83200
5247,83200,83200,83200
5248,83200,83200,83200
5249,83200,83200,83200
5250,83200,83200,83200
5251,83200,83200,83200
5252,83200,83200,83200
5253,83200,83200,83200
5254,83200,83200,83200
5255,83200,83200,83200
5256,83200,83200,83200
5257,83200,83200,83200
5258,83200,83200,83200
5259,83200,83200,83200
5260,83200,83200,83200
5261,83200,83200,83200
5262,83200,83200,83200
5263,83200,83200,83200
5264,83200,83200,83200
5265,83200,83200,83200
5266,83200,83200,83200
5267,83200,83200,83200
5268,83200,83200,83200
5269,83200,83200,83200
5270,83200,83200,83200
5271,83200,83200,83200
5272,83200,83200,83200
5273,83200,83200,83200
5274,83200,83200,83200
5275,83200,83200,83200
5276,83200,83200,83200
5277,83200,83200,83200
5278,83200,83200,83200
5279,83200,83200,83200
5280,83200,83200,83200
5281,83200,83200,83200
5282,83200,83200,83200
5283,83200,83200,83200
5284,83200,83200,83200
5285,83200,83200,83200
5286,83200,83200,83200
5287,83200,83200,83200
5288,83200,83200,83200
5289,83200,83200,83200
5290,83200,83200,83200
5291,83200,83200,83200
5292,83200,83200,83200
5293,83200,83200,83200
5294,83200,83200,83200
5295,83200,83200,83200
5296,83200,83200,83200
5297,83200,83200,83200
5298,83200,83200,83200
5299,83200,83200,83200
5300,83200,83200,83200
5301,83200,83200,83200
5302,83200,83200,83200
5303,83200,83200,83200
5304,83200,83200,83200
5305,83200,83200,83200
5306,83200,83200,83200
5307,83200,83200,83200
5308,83200,83200,83200
5309,83200,83200,83200
5310,83200,83200,83200
5311,83200,83200,83200
5312,83200,83200,83200
5313,83200,83200,83200
5314,83200,83200,83200
5315,83200,83200,83200
5316,83200,83200,83200
5317,83200,83200,83200
5318,83200,83200,83200
5319,83200,83200,83200
5320,83200,83200,83200
5321,83200,83200,83200
5322,83200,83200,83200
5323,83200,83200,83200
5324,83200,83200,83200
5325,83200,83200,83200
5326,83200,83200,83200
5327,83200,83200,83200
5328,83200,83200,83200
5329,83200,83200,83200
5330,83200,83200,83200
5331,83200,83200,83200
5332,83200,83200,83200
5333,83200,83200,83200
5334,83200,83200,83200
5335,83200,83200,83200
5336,83200,83200,83200
5337,83200,83200,83200
5338,83200,83200,83200
5339,83200,83200,83200
5340,83200,83200,83200
5341,83200,83200,83200
5342,83200,83200,83200
5343,83200,83200,83200
5344,83200,83200,83200
5345,83200,83200,83200
5346,83200,83200,83200
5347,83200,83200,83200
5348,83200,83200,83200
5349,83200,83200,83200
5350,83200,83200,83200
5351,83200,83200,83200
5352,83200,83200,83200
5353,83200,83200,83200
5354,83200,83200,83200
5355,83200,83200,83200
5356,83200,83200,83200
5357,83200,83200,83200
5358,83200,83200,83200
5359,83200,83200,83200
5360,83200,83200,83200
5361,83200,83200,83200
5362,83200,83200,83200
5363,83200,83200,83200
5364,83200,83200,83200
5365,83200,83200,83200
5366,83200,83200,83200
5367,83200,83200,83200
5368,83200,83200,83200
5369,83200,83200,83200
5370,83200,83200,83200
5371,83200,83200,83200
5372,83200,83200,83200
5373,83200,83200,83200
5374,83200,83200,83200
5375,83200,83200,83200
5376,83200,83200,83200
5377,83200,83200,83200
5378,83200,83200,83200
5379,83200,83200,83200
5380,83200,83200,83200
5381,83200,83200,83200
5382,83200,83200,83200
5383,83200,83200,83200
5384,83200,83200,83200
5385,83200,83200,83200
5386,83200,83200,83200
5387,83200,83200,83200
5388,83200,83200,83200
5389,83200,83200,83200
5390,83200,83200,83200
5391,83200,83200,83200
5392,83200,83200,83200
5393,83200,83200,83200
5394,83200,83200,83200
5395,83200,83200,83200
5396,83200,83200,83200
5397,83200,83200,83200
5398,83200,83200,83200
5399,83200,83200,83200
5400,83200,83200,83200
5401,83200,83200,83200
5402,83200,83200,83200
5403,83200,83200,83200
5404,83200,83200,83200
5405,83200,83200,83200
5406,83200,83200,83200
5407,83200,83200,83200
5408,83200,83200,83200
5409,83200,83200,83200
5410,83200,83200,83200
5411,83200,83200,83200
5412,83200,83200,83200
5413,83200,83200,83200
5414,83200,83200,83200
5415,83200,83200,83200
5416,83200,83200,83200
5417,83200,83200,83200
5418,83200,83200,83200
5419,83200,83200,83200
5420,83200,83200,83200
5421,83200,83200,83200
5422,83200,83200,83200
5423,83200,83200,83200
5424,83200,83200,83200
5425,83200,83200,83200
5426,83200,83200,83200
5427,83200,83200,83200
5428,83200,83200,83200
5429,83200,83200,83200
5430,83200,83200,83200
5431,83200,83200,83200
5432,83200,83200,83200
5433,83200,83200,83200
5434,83200,83200,83200
5435,83200,83200,83200
5436,83200,83200,83200
5437,83200,83200,83200
5438,83200,83200,83200
5439,83200,83200,83200
5440,83200,83200,83200
5441,83200,83200,83200
5442,83200,83200,83200
5443,83200,83200,83200
5444,83200,83200,83200
5445,83200,83200,83200
5446,83200,83200,83200
5447,83200,83200,83200
5448,83200,83200,83200
5449,83200,83200,83200
5450,83200,83200,83200
5451,83200,83200,83200
5452,83200,83200,83200
5453,83200,83200,83200
5454,83200,83200,83200
5455,83200,83200,83200
5456,83200,83200,83200
5457,83200,83200,83200
5458,83200,83200,83200
5459,83200,83200,83200
5460,83200,83200,83200
5461,83200,83200,83200
5462,83200,83200,83200
5463,83200,83200,83200
5464,83200,83200,83200
5465,83200,83200,83200
5466,83200,83200,83200
5467,83200,83200,83200
5468,83200,83200,83200
5469,83200,83200,83200
5470,83200,83200,83200
5471,83200,83200,83200
5472,83200,83200,83200
5473,83200,83200,83200
5474,83200,83200,83200
5475,83200,83200,83200
5476,83200,83200,83200
5477,83200,83200,83200
5478,83200,83200,83200
5479,83200,83200,83200
5480,83200,83200,83200
5481,83200,83200,83200
5482,83200,83200,83200
5483,83200,83200,83200
5484,83200,83200,83200
5485,83200,83200,83200
5486,83200,83200,83200
5487,83200,83200,83200
5488,83200,83200,83200
5489,83200,83200,83200
5490,83200,83200,83200
5491,83200,83200,83200
5492,83200,83200,83200
5493,83200,83200,83200
5494,83200,83200,83200
5495,83200,83200,83200
5496,83200,83200,83200
5497,83200,83200,83200
5498,83200,83200,83200
5499,83200,83200,83200
5500,83200,83200,83200
5501,83200,83200,83200
5502,83200,83200,83200
5503,83200,83200,83200
5504,83200,83200,83200
5505,83200,83200,83200
5506,83200,83200,83200
5507,83200,83200,83200
5508,83200,83200,83200
5509,83200,83200,83200
5510,83200,83200,83200
5511,83200,83200,83200
5512,83200,83200,83200
5513,83200,83200,83200
5514,83200,83200,83200
5515,83200,83200,83200
5516,83200,83200,83200
5517,83200,83200,83200
5518,83200,83200,83200
5519,83200,83200,83200
5520,83200,83200,83200
5521,83200,83200,83200
5522,83200,83200,83200
5523,83200,83200,83200
5524,83200,83200,83200
5525,83200,83200,83200
5526,83200,83200,83200
5527,83200,83200,83200
5528,83200,83200,83200
5529,83200,83200,83200
5530,83200,83200,83200
5531,83200,83200,83200
5532,83200,83200,83200
5533,83200,83200,83200
5534,83200,83200,83200
5535,83200,83200,83200
5536,83200,83200,83200
5537,83200,83200,83200
5538,83200,83200,83200
5539,83200,83200,83200
5540,83200,83200,83200
5541,83200,83200,83200
5542,83200,83200,83200
5543,83200,83200,83200
5544,83200,83200,83200
5545,83200,83200,83200
5546,83200,83200,83200
5547,83200,83200,83200
5548,83200,83200,83200
5549,83200,83200,83200
5550,83200,83200,83200
5551,83200,83200,83200
5552,83200,83200,83200
5553,83200,83200,83200
5554,83200,83200,83200
5555,83200,83200,83200
5556,83200,83200,83200
5557,83200,83200,83200
5558,83200,83200,83200
5559,83200,83200,83200
5560,83200,83200,83200
5561,83200,83200,83200
5562,83200,83200,83200
5563,83200,83200,83200
5564,83200,83200,83200
5565,83200,83200,83200
5566,83200,83200,83200
5567,83200,83200,83200
5568,83200,83200,83200
5569,83200,83200,83200
5570,83200,83200,83200
5571,83200,83200,83200
5572,83200,83200,83200
5573,83200,83200,83200
5574,83200,83200,83200
5575,83200,83200,83200
5576,83200,83200,83200
5577,83200,83200,83200
5578,83200,83200,83200
5579,83200,83200,83200
5580,83200,83200,83200
5581,83200,83200,83200
5582,83200,83200,83200
5583,83200,83200,83200
5584,83200,83200,83200
5585,83200,83200,83200
5586,83200,83200,83200
5587,83200,83200,83200
5588,83200,83200,83200
5589,83200,83200,83200
5590,83200,83200,83200
5591,83200,83200,83200
5592,83200,83200,83200
5593,83200,83200,83200
5594,83200,83200,83200
5595,83200,83200,83200
5596,83200,83200,83200
5597,83200,83200,83200
5598,83200,83200,83200
5599,83200,83200,83200
5600,83200,83200,83200
5601,83200,83200,83200
5602,83200,83200,83200
5603,83200,83200,83200
5604,83200,83200,83200
5605,83200,83200,83200
5606,83200,83200,83200
5607,83200,83200,83200
5608,83200,83200,83200
5609,83200,83200,83200
5610,83200,83200,83200
5611,83200,83200,83200
5612,83200,83200,83200
5613,83200,83200,83200
5614,83200,83200,83200
5615,83200,83200,83200
5616,83200,83200,83200
5617,83200,83200,83200
5618,83200,83200,83200
5619,83200,83200,83200
5620,83200,83200,83200
5621,83200,83200,83200
5622,83200,83200,83200
5623,83200,83200,83200
5624,83200,83200,83200
5625,83200,83200,83200
5626,83200,83200,83200
5627,83200,83200,83200
5628,83200,83200,83200
5629,83200,83200,83200
5630,83200,83200,83200
5631,83200,83200,83200
5632,83200,83200,83200
5633,83200,83200,83200
5634,83200,83200,83200
5635,83200,83200,83200
5636,83200,83200,83200
5637,83200,83200,83200
5638,83200,83200,83200
5639,83200,83200,83200
5640,83200,83200,83200
5641,83200,83200,83200
5642,83200,83200,83200
5643,83200,83200,83200
5644,83200,83200,83200
5645,83200,83200,83200
5646,83200,83200,83200
5647,83200,83200,83200
5648,83200,83200,83200
5649,83200,83200,83200
5650,83200,83200,83200
5651,83200,83200,83200
5652,83200,83200,83200
5653,83200,83200,83200
5654,83200,83200,83200
5655,83200,83200,83200
5656,83200,83200,83200
5657,83200,83200,83200
5658,83200,83200,83200
5659,83200,83200,83200
5660,83200,83200,83200
5661,83200,83200,83200
5662,83200,83200,83200
5663,83200,83200,83200
5664,83200,83200,83200
5665,83200,83200,83200
5666,83200,83200,83200
5667,83200,83200,83200
5668,83200,83200,83200
5669,83200,83200,83200
5670,83200,83200,83200
5671,83200,83200,83200
5672,83200,83200,83200
5673,83200,83200,83200
5674,83200,83200,83200
5675,83200,83200,83200
5676,83200,83200,83200
5677,83200,83200,83200
5678,83200,83200,83200
5679,83200,83200,83200
5680,83200,83200,83200
5681,83200,83200,83200
5682,83200,83200,83200
5683,83200,83200,83200
5684,83200,83200,83200
5685,83200,83200,83200
5686,83200,83200,83200
5687,83200,83200,83200
5688,83200,83200,83200
5689,83200,83200,83200
5690,83200,83200,83200
5691,83200,83200,83200
5692,83200,83200,83200
5693,83200,83200,83200
5694,83200,83200,83200
5695,83200,83200,83200
5696,83200,83200,83200
5697,83200,83200,83200
5698,83200,83200,83200
5699,83200,83200,83200
5700,83200,83200,83200
5701,83200,83200,83200
5702,83200,83200,83200
5703,83200,83200,83200
5704,83200,83200,83200
5705,83200,83200,83200
5706,83200,83200,83200
5707,83200,83200,83200
5708,83200,83200,83200
5709,83200,83200,83200
5710,83200,83200,83200
5711,83200,83200,83200
5712,83200,83200,83200
5713,83200,83200,83200
5714,83200,83200,83200
5715,83200,83200,83200
5716,83200,83200,83200
5717,83200,83200,83200
5718,83200,83200,83200
5719,83200,83200,83200
5720,83200,83200,83200
5721,83200,83200,83200
5722,83200,83200,83200
5723,83200,83200,83200
5724,83200,83200,83200
5725,83200,83200,83200
5726,83200,83200,83200
5727,83200,83200,83200
5728,83200,83200,83200
5729,83200,83200,83200
5730,83200,83200,83200
5731,83200,83200,83200
5732,83200,83200,83200
5733,83200,83200,83200
5734,83200,83200,83200
5735,83200,83200,83200
5736,83200,83200,83200
5737,83200,83200,83200
5738,83200,83200,83200
5739,83200,83200,83200
5740,83200,83200,83200
5741,83200,83200,83200
5742,83200,83200,83200
5743,83200,83200,83200
5744,83200,83200,83200
5745,83200,83200,83200
5746,83200,83200,83200
5747,83200,83200,83200
5748,83200,83200,83200
5749,83200,83200,83200
5750,83200,83200,83200
5751,83200,83200,83200
5752,83200,83200,83200
5753,83200,83200,83200
5754,83200,83200,83200
5755,83200,83200,83200
5756,83200,83200,83200
5757,83200,83200,83200
5758,83200,83200,83200
5759,83200,83200,83200
5760,83200,83200,83200
5761,83200,83200,83200
5762,83200,83200,83200
5763,83200,83200,83200
5764,83200,83200,83200
5765,83200,83200,83200
5766,83200,83200,83200
5767,83200,83200,83200
5768,83200,83200,83200
5769,83200,83200,83200
5770,83200,83200,83200
5771,83200,83200,83200
5772,83200,83200,83200
5773,83200,83200,83200
5774,83200,83200,83200
5775,83200,83200,83200
5776,83200,83200,83200
5777,83200,83200,83200
5778,83200,83200,83200
5779,83200,83200,83200
5780,83200,83200,83200
5781,83200,83200,83200
5782,83200,83200,83200
5783,83200,83200,83200
5784,83200,83200,83200
5785,83200,83200,83200
5786,83200,83200,83200
5787,83200,83200,83200
5788,83200,83200,83200
5789,83200,83200,83200
5790,83200,83200,83200
5791,83200,83200,83200
5792,83200,83200,83200
5793,83200,83200,83200
5794,83200,83200,83200
5795,83200,83200,83200
5796,83200,83200,83200
5797,83200,83200,83200
5798,83200,83200,83200
5799,83200,83200,83200
5800,83200,83200,83200
5801,83200,83200,83200
5802,83200,83200,83200
5803,83200,83200,83200
5804,83200,83200,83200
5805,83200,83200,83200
5806,83200,83200,83200
5807,83200,83200,83200
5808,83200,83200,83200
5809,83200,83200,83200
5810,83200,83200,83200
5811,83200,83200,83200
5812,83200,83200,83200
5813,83200,83200,83200
5814,83200,83200,83200
5815,83200,83200,83200
5816,83200,83200,83200
5817,83200,83200,83200
5818,83200,83200,83200
5819,83200,83200,83200
5820,83200,83200,83200
5821,83200,83200,83200
5822,83200,83200,83200
5823,83200,83200,83200
5824,83200,83200,83200
5825,83200,83200,83200
5826,83200,83200,83200
5827,83200,83200,83200
5828,83200,83200,83200
5829,83200,83200,83200
5830,83200,83200,83200
5831,83200,83200,83200
5832,83200,83200,83200
5833,83200,83200,83200
5834,83200,83200,83200
5835,83200,83200,83200
5836,83200,83200,83200
5837,83200,83200,83200
5838,83200,83200,83200
5839,83200,83200,83200
5840,83200,83200,83200
5841,83200,83200,83200
5842,83200,83200,83200
5843,83200,83200,83200
5844,83200,83200,83200
5845,83200,83200,83200
5846,83200,83200,83200
5847,83200,83200,83200
5848,83200,83200,83200
5849,83200,83200,83200
5850,83200,83200,83200
5851,83200,83200,83200
5852,83200,83200,83200
5853,83200,83200,83200
5854,83200,83200,83200
5855,83200,83200,83200
5856,83200,83200,83200
5857,83200,83200,83200
5858,83200,83200,83200
5859,83200,83200,83200
5860,83200,83200,83200
5861,83200,83200,83200
5862,83200,83200,83200
5863,83200,83200,83200
5864,83200,83200,83200
5865,83200,83200,83200
5866,83200,83200,83200
5867,83200,83200,83200
5868,83200,83200,83200
5869,83200,83200,83200
5870,83200,83200,83200
5871,83200,83200,83200
5872,83200,83200,83200
5873,83200,83200,83200
5874,83200,83200,83200
5875,83200,83200,83200
5876,83200,83200,83200
5877,83200,83200,83200
5878,83200,83200,83200
5879,83200,83200,83200
5880,83200,83200,83200
5881,83200,83200,83200
5882,83200,83200,83200
5883,83200,83200,83200
5884,83200,83200,83200
5885,83200,83200,83200
5886,83200,83200,83200
5887,83200,83200,83200
5888,83200,83200,83200
5889,83200,83200,83200
5890,83200,83200,83200
5891,83200,83200,83200
5892,83200,83200,83200
5893,83200,83200,83200
5894,83200,83200,83200
5895,83200,83200,83200
5896,83200,83200,83200
5897,83200,83200,83200
5898,83200,83200,83200
5899,83200,83200,83200
5900,83200,83200,83200
5901,83200,83200,83200
5902,83200,83200,83200
5903,83200,83200,83200
5904,83200,83200,83200
5905,83200,83200,83200
5906,83200,83200,83200
5907,83200,83200,83200
5908,83200,83200,83200
5909,83200,83200,83200
5910,83200,83200,83200
5911,83200,83200,83200
5912,83200,83200,83200
5913,83200,83200,83200
5914,83200,83200,83200
5915,83200,83200,83200
5916,83200,83200,83200
5917,83200,83200,83200
5918,83200,83200,83200
5919,83200,83200,83200
5920,83200,83200,83200
5921,83200,83200,83200
5922,83200,83200,83200
5923,83200,83200,83200
5924,83200,83200,83200
5925,83200,83200,83200
5926,83200,83200,83200
5927,83200,83200,83200
5928,83200,83200,83200
5929,83200,83200,83200
5930,83200,83200,83200
5931,83200,83200,83200
5932,83200,83200,83200
5933,83200,83200,83200
5934,83200,83200,83200
5935,83200,83200,83200
5936,83200,83200,83200
5937,83200,83200,83200
5938,83200,83200,83200
5939,83200,83200,83200
5940,83200,83200,83200
5941,83200,83200,83200
5942,83200,83200,83200
5943,83200,83200,83200
5944,83200,83200,83200
5945,83200,83200,83200
5946,83200,83200,83200
5947,83200,83200,83200
5948,83200,83200,83200
5949,83200,83200,83200
5950,83200,83200,83200
5951,83200,83200,83200
5952,83200,83200,83200
5953,83200,83200,83200
5954,83200,83200,83200
5955,83200,83200,83200
5956,83200,83200,83200
5957,83200,83200,83200
5958,83200,83200,83200
5959,83200,83200,83200
5960,83200,83200,83200
5961,83200,83200,83200
5962,83200,83200,83200
5963,83200,83200,83200
5964,83200,83200,83200
5965,83200,83200,83200
5966,83200,83200,83200
5967,83200,83200,83200
5968,83200,83200,83200
5969,83200,83200,83200
5970,83200,83200,83200
5971,83200,83200,83200
5972,83200,83200,83200
5973,83200,83200,83200
5974,83200,83200,83200
5975,83200,83200,83200
5976,83200,83200,83200
5977,83200,83200,83200
5978,83200,83200,83200
5979,83200,83200,83200
5980,83200,83200,83200
5981,83200,83200,83200
5982,83200,83200,83200
5983,83200,83200,83200
5984,83200,83200,83200
5985,83200,83200,83200
5986,83200,83200,83200
5987,83200,83200,83200
5988,83200,83200,83200
5989,83200,83200,83200
5990,83200,83200,83200
5991,83200,83200,83200
5992,83200,83200,83200
5993,83200,83200,83200
5994,83200,83200,83200
5995,83200,83200,83200
5996,83200,83200,83200
5997,83200,83200,83200
5998,83200,83200,83200
5999,83200,83200,83200
6000,83200,83200,83200
6001,83200,83200,83200
6002,83200,83200,83200
6003,83200,83200,83200
6004,83200,83200,83200
6005,83200,83200,83200
6006,83200,83200,83200
6007,83200,83200,83200
6008,83200,83200,83200
6009,83200,83200,83200
6010,83200,83200,83200
6011,83200,83200,83200
6012,83200,83200,83200
6013,83200,83200,83200
6014,83200,83200,83200
6015,83200,83200,83200
6016,83200,83200,83200
6017,83200,83200,83200
6018,83200,83200,83200
6019,83200,83200,83200
6020,83200,83200,83200
6021,83200,83200,83200
6022,83200,83200,83200
6023,83200,83200,83200
6024,83200,83200,83200
6025,83200,83200,83200
6026,83200,83200,83200
6027,83200,83200,83200
6028,83200,83200,83200
6029,83200,83200,83200
6030,83200,83200,83200
6031,83200,83200,83200
6032,83200,83200,83200
6033,83200,83200,83200
6034,83200,83200,83200
6035,83200,83200,83200
6036,83200,83200,83200
6037,83200,83200,83200
6038,83200,83200,83200
6039,83200,83200,83200
6040,83200,83200,83200
6041,83200,83200,83200
6042,83200,83200,83200
6043,83200,83200,83200
6044,83200,83200,83200
6045,83200,83200,83200
6046,83200,83200,83200
6047,83200,83200,83200
6048,83200,83200,83200
6049,83200,83200,83200
6050,83200,83200,83200
6051,83200,83200,83200
6052,83200,83200,83200
6053,83200,83200,83200
6054,83200,83200,83200
6055,83200,83200,83200
6056,83200,83200,83200
6057,83200,83200,83200
6058,83200,83200,83200
6059,83200,83200,83200
6060,83200,83200,83200
6061,83200,83200,83200
6062,83200,83200,83200
6063,83200,83200,83200
6064,83200,83200,83200
6065,83200,83200,83200
6066,83200,83200,83200
6067,83200,83200,83200
6068,83200,83200,83200
6069,83200,83200,83200
6070,83200,83200,83200
6071,83200,83200,83200
6072,83200,83200,83200
6073,83200,83200,83200
6074,83200,83200,83200
6075,83200,83200,83200
6076,83200,83200,83200
6077,83200,83200,83200
6078,83200,83200,83200
6079,83200,83200,83200
6080,83200,83200,83200
6081,83200,83200,83200
6082,83200,83200,83200
6083,83200,83200,83200
6084,83200,83200,83200
6085,83200,83200,83200
6086,83200,83200,83200
6087,83200,83200,83200
6088,83200,83200,83200
6089,83200,83200,83200
6090,83200,83200,83200
6091,83200,83200,83200
6092,83200,83200,83200
6093,83200,83200,83200
6094,83200,83200,83200
6095,83200,83200,83200
6096,83200,83200,83200
6097,83200,83200,83200
6098,83200,83200,83200
6099,83200,83200,83200
6100,83200,83200,83200
6101,83200,83200,83200
6102,83200,83200,83200
6103,83200,83200,83200
6104,83200,83200,83200
6105,83200,83200,83200
6106,83200,83200,83200
6107,83200,83200,83200
6108,83200,83200,83200
6109,83200,83200,83200
6110,83200,83200,83200
6111,83200,83200,83200
6112,83200,83200,83200
6113,83200,83200,83200
6114,83200,83200,83200
6115,83200,83200,83200
6116,83200,83200,83200
6117,83200,83200,83200
6118,83200,83200,83200
6119,83200,83200,83200
6120,83200,83200,83200
6121,83200,83200,83200
6122,83200,83200,83200
6123,83200,83200,83200
6124,83200,83200,83200
6125,83200,83200,83200
6126,83200,83200,83200
6127,83200,83200,83200
6128,83200,83200,83200
6129,83200,83200,83200
6130,83200,83200,83200
6131,83200,83200,83200
6132,83200,83200,83200
6133,83200,83200,83200
6134,83200,83200,83200
6135,83200,83200,83200
6136,83200,83200,83200
6137,83200,83200,83200
6138,83200,83200,83200
6139,83200,83200,83200
6140,83200,83200,83200
6141,83200,83200,83200
6142,83200,83200,83200
6143,83200,83200,83200
6144,83200,83200,83200
6145,83200,83200,83200
6146,83200,83200,83200
6147,83200,83200,83200
6148,83200,83200,83200
6149,83200,83200,83200
6150,83200,83200,83200
6151,83200,83200,83200
6152,83200,83200,83200
6153,83200,83200,83200
6154,83200,83200,83200
6155,83200,83200,83200
6156,83200,83200,83200
6157,83200,83200,83200
6158,83200,83200,83200
6159,83200,83200,83200
6160,83200,83200,83200
6161,83200,83200,83200
6162,83200,83200,83200
6163,83200,83200,83200
6164,83200,83200,83200
6165,83200,83200,83200
6166,83200,83200,83200
6167,83200,83200,83200
6168,83200,83200,83200
6169,83200,83200,83200
6170,83200,83200,83200
6171,83200,83200,83200
6172,83200,83200,83200
6173,83200,83200,83200
6174,83200,83200,83200
6175,83200,83200,83200
6176,83200,83200,83200
6177,83200,83200,83200
6178,83200,83200,83200
6179,83200,83200,83200
6180,83200,83200,83200
6181,83200,83200,83200
6182,83200,83200,83200
6183,83200,83200,83200
6184,83200,83200,83200
6185,83200,83200,83200
6186,83200,83200,83200
6187,83200,83200,83200
6188,83200,83200,83200
6189,83200,83200,83200
6190,83200,83200,83200
6191,83200,83200,83200
6192,83200,83200,83200
6193,83200,83200,83200
6194,83200,83200,83200
6195,83200,83200,83200
6196,83200,83200,83200
6197,83200,83200,83200
6198,83200,83200,83200
6199,83200,83200,83200
6200,83200,83200,83200
6201,83200,83200,83200
6202,83200,83200,83200
6203,83200,83200,83200
6204,83200,83200,83200
6205,83200,83200,83200
6206,83200,83200,83200
6207,83200,83200,83200
6208,83200,83200,83200
6209,83200,83200,83200
6210,83200,83200,83200
6211,83200,83200,83200
6212,83200,83200,83200
6213,83200,83200,83200
6214,83200,83200,83200
6215,83200,83200,83200
6216,83200,83200,83200
6217,83200,83200,83200
6218,83200,83200,83200
6219,83200,83200,83200
6220,83200,83200,83200
6221,83200,83200,83200
6222,83200,83200,83200
6223,83200,83200,83200
6224,83200,83200,83200
6225,83200,83200,83200
6226,83200,83200,83200
6227,83200,83200,83200
6228,83200,83200,83200
6229,83200,83200,83200
6230,83200,83200,83200
6231,83200,83200,83200
6232,83200,83200,83200
6233,83200,83200,83200
6234,83200,83200,83200
6235,83200,83200,83200
6236,83200,83200,83200
6237,83200,83200,83200
6238,83200,83200,83200
6239,83200,83200,83200
6240,83200,83200,83200
6241,83200,83200,83200
6242,83200,83200,83200
6243,83200,83200,83200
6244,83200,83200,83200
6245,83200,83200,83200
6246,83200,83200,83200
6247,83200,83200,83200
6248,83200,83200,83200
6249,83200,83200,83200
6250,83200,83200,83200
6251,83200,83200,83200
6252,83200,83200,83200
6253,83200,83200,83200
6254,83200,83200,83200
6255,83200,83200,83200
6256,83200,83200,83200
6257,83200,83200,83200
6258,83200,83200,83200
6259,83200,83200,83200
6260,83200,83200,83200
6261,83200,83200,83200
6262,83200,83200,83200
6263,83200,83200,83200
6264,83200,83200,83200
6265,83200,83200,83200
6266,83200,83200,83200
6267,83200,83200,83200
6268,83200,83200,83200
6269,83200,83200,83200
6270,83200,83200,83200
6271,83200,83200,83200
6272,83200,83200,83200
6273,83200,83200,83200
6274,83200,83200,83200
6275,83200,83200,83200
6276,83200,83200,83200
6277,83200,83200,83200
6278,83200,83200,83200
6279,83200,83200,83200
6280,83200,83200,83200
6281,83200,83200,83200
6282,83200,83200,83200
6283,83200,83200,83200
6284,83200,83200,83200
6285,83200,83200,83200
6286,83200,83200,83200
6287,83200,83200,83200
6288,83200,83200,83200
6289,83200,83200,83200
6290,83200,83200,83200
6291,83200,83200,83200
6292,83200,83200,83200
6293,83200,83200,83200
6294,83200,83200,83200
6295,83200,83200,83200
6296,83200,83200,83200
6297,83200,83200,83200
6298,83200,83200,83200
6299,83200,83200,83200
6300,83200,83200,83200
6301,83200,83200,83200
6302,83200,83200,83200
6303,83200,83200,83200
6304,83200,83200,83200
6305,83200,83200,83200
6306,83200,83200,83200
6307,83200,83200,83200
6308,83200,83200,83200
6309,83200,83200,83200
6310,83200,83200,83200
6311,83200,83200,83200
6312,83200,83200,83200
6313,83200,83200,83200
6314,83200,83200,83200
6315,83200,83200,83200
6316,83200,83200,83200
6317,83200,83200,83200
6318,83200,83200,83200
6319,83200,83200,83200
6320,83200,83200,83200
6321,83200,83200,83200
6322,83200,83200,83200
6323,83200,83200,83200
6324,83200,83200,83200
6325,83200,83200,83200
6326,83200,83200,83200
6327,83200,83200,83200
6328,83200,83200,83200
6329,83200,83200,83200
6330,83200,83200,83200
6331,83200,83200,83200
6332,83200,83200,83200
6333,83200,83200,83200
6334,83200,83200,83200
6335,83200,83200,83200
6336,83200,83200,83200
6337,83200,83200,83200
6338,83200,83200,83200
6339,83200,83200,83200
6340,83200,83200,83200
6341,83200,83200,83200
6342,83200,83200,83200
6343,83200,83200,83200
6344,83200,83200,83200
6345,83200,83200,83200
6346,83200,83200,83200
6347,83200,83200,83200
6348,83200,83200,83200
6349,83200,83200,83200
6350,83200,83200,83200
6351,83200,83200,83200
6352,83200,83200,83200
6353,83200,83200,83200
6354,83200,83200,83200
6355,83200,83200,83200
6356,83200,83200,83200
6357,83200,83200,83200
6358,83200,83200,83200
6359,83200,83200,83200
6360,83200,83200,83200
6361,83200,83200,83200
6362,83200,83200,83200
6363,83200,83200,83200
6364,83200,83200,83200
6365,83200,83200,83200
6366,83200,83200,83200
6367,83200,83200,83200
6368,83200,83200,83200
6369,83200,83200,83200
6370,83200,83200,83200
6371,83200,83200,83200
6372,83200,83200,83200
6373,83200,83200,83200
6374,83200,83200,83200
6375,83200,83200,83200
6376,83200,83200,83200
6377,83200,83200,83200
6378,83200,83200,83200
6379,83200,83200,83200
6380,83200,83200,83200
6381,83200,83200,83200
6382,83200,83200,83200
6383,83200,83200,83200
6384,83200,83200,83200
6385,83200,83200,83200
6386,83200,83200,83200
6387,83200,83200,83200
6388,83200,83200,83200
6389,83200,83200,83200
6390,83200,83200,83200
6391,83200,83200,83200
6392,83200,83200,83200
6393,83200,83200,83200
6394,83200,83200,83200
6395,83200,83200,83200
6396,83200,83200,83200
6397,83200,83200,83200
6398,83200,83200,83200
6399,83200,83200,83200
6400,83200,83200,83200
6401,83200,83200,83200
6402,83200,83200,83200
6403,83200,83200,83200
6404,83200,83200,83200
6405,83200,83200,83200
6406,83200,83200,83200
6407,83200,83200,83200
6408,83200,83200,83200
6409,83200,83200,83200
6410,83200,83200,83200
6411,83200,83200,83200
6412,83200,83200,83200
6413,83200,83200,83200
6414,83200,83200,83200
6415,83200,83200,83200
6416,83200,83200,83200
6417,83200,83200,83200
6418,83200,83200,83200
6419,83200,83200,83200
6420,83200,83200,83200
6421,83200,83200,83200
6422,83200,83200,83200
6423,83200,83200,83200
6424,83200,83200,83200
6425,83200,83200,83200
6426,83200,83200,83200
6427,83200,83200,83200
6428,83200,83200,83200
6429,83200,83200,83200
6430,83200,83200,83200
6431,83200,83200,83200
6432,83200,83200,83200
6433,83200,83200,83200
6434,83200,83200,83200
6435,83200,83200,83200
6436,83200,83200,83200
6437,83200,83200,83200
6438,83200,83200,83200
6439,83200,83200,83200
6440,83200,83200,83200
6441,83200,83200,83200
6442,83200,83200,83200
6443,83200,83200,83200
6444,83200,83200,83200
6445,83200,83200,83200
6446,83200,83200,83200
6447,83200,83200,83200
6448,83200,83200,83200
6449,83200,83200,83200
6450,83200,83200,83200
6451,83200,83200,83200
6452,83200,83200,83200
6453,83200,83200,83200
6454,83200,83200,83200
6455,83200,83200,83200
6456,83200,83200,83200
6457,83200,83200,83200
6458,83200,83200,83200
6459,83200,83200,83200
6460,83200,83200,83200
6461,83200,83200,83200
6462,83200,83200,83200
6463,83200,83200,83200
6464,83200,83200,83200
6465,83200,83200,83200
6466,83200,83200,83200
6467,83200,83200,83200
6468,83200,83200,83200
6469,83200,83200,83200
6470,83200,83200,83200
6471,83200,83200,83200
6472,83200,83200,83200
6473,83200,83200,83200
6474,83200,83200,83200
6475,83200,83200,83200
6476,83200,83200,83200
6477,83200,83200,83200
6478,83200,83200,83200
6479,83200,83200,83200
6480,83200,83200,83200
6481,83200,83200,83200
6482,83200,83200,83200
6483,83200,83200,83200
6484,83200,83200,83200
6485,83200,83200,83200
6486,83200,83200,83200
6487,83200,83200,83200
6488,83200,83200,83200
6489,83200,83200,83200
6490,83200,83200,83200
6491,83200,83200,83200
6492,83200,83200,83200
6493,83200,83200,83200
6494,83200,83200,83200
6495,83200,83200,83200
6496,83200,83200,83200
6497,83200,83200,83200
6498,83200,83200,83200
6499,83200,83200,83200
6500,83200,83200,83200
6501,83200,83200,83200
6502,83200,83200,83200
6503,83200,83200,83200
6504,83200,83200,83200
6505,83200,83200,83200
6506,83200,83200,83200
6507,83200,83200,83200
6508,83200,83200,83200
6509,83200,83200,83200
6510,83200,83200,83200
6511,83200,83200,83200
6512,83200,83200,83200
6513,83200,83200,83200
6514,83200,83200,83200
6515,83200,83200,83200
6516,83200,83200,83200
6517,83200,83200,83200
6518,83200,83200,83200
6519,83200,83200,83200
6520,83200,83200,83200
6521,83200,83200,83200
6522,83200,83200,83200
6523,83200,83200,83200
6524,83200,83200,83200
6525,83200,83200,83200
6526,83200,83200,83200
6527,83200,83200,83200
6528,83200,83200,83200
6529,83200,83200,83200
6530,83200,83200,83200
6531,83200,83200,83200
6532,83200,83200,83200
6533,83200,83200,83200
6534,83200,83200,83200
6535,83200,83200,83200
6536,83200,83200,83200
6537,83200,83200,83200
6538,83200,83200,83200
6539,83200,83200,83200
6540,83200,83200,83200
6541,83200,83200,83200
6542,83200,83200,83200
6543,83200,83200,83200
6544,83200,83200,83200
6545,83200,83200,83200
6546,83200,83200,83200
6547,83200,83200,83200
6548,83200,83200,83200
6549,83200,83200,83200
6550,83200,83200,83200
6551,83200,83200,83200
6552,83200,83200,83200
6553,83200,83200,83200
6554,83200,83200,83200
6555,83200,83200,83200
6556,83200,83200,83200
6557,83200,83200,83200
6558,83200,83200,83200
6559,83200,83200,83200
6560,83200,83200,83200
6561,83200,83200,83200
6562,83200,83200,83200
6563,83200,83200,83200
6564,83200,83200,83200
6565,83200,83200,83200
6566,83200,83200,83200
6567,83200,83200,83200
6568,83200,83200,83200
6569,83200,83200,83200
6570,83200,83200,83200
6571,83200,83200,83200
6572,83200,83200,83200
6573,83200,83200,83200
6574,83200,83200,83200
6575,83200,83200,83200
6576,83200,83200,83200
6577,83200,83200,83200
6578,83200,83200,83200
6579,83200,83200,83200
6580,83200,83200,83200
6581,83200,83200,83200
6582,83200,83200,83200
6583,83200,83200,83200
6584,83200,83200,83200
6585,83200,83200,83200
6586,83200,83200,83200
6587,83200,83200,83200
6588,83200,83200,83200
6589,83200,83200,83200
6590,83200,83200,83200
6591,83200,83200,83200
6592,83200,83200,83200
6593,83200,83200,83200
6594,83200,83200,83200
6595,83200,83200,83200
6596,83200,83200,83200
6597,83200,83200,83200
6598,83200,83200,83200
6599,83200,83200,83200
6600,83200,83200,83200
6601,83200,83200,83200
6602,83200,83200,83200
6603,83200,83200,83200
6604,83200,83200,83200
6605,83200,83200,83200
6606,83200,83200,83200
6607,83200,83200,83200
6608,83200,83200,83200
6609,83200,83200,83200
6610,83200,83200,83200
6611,83200,83200,83200
6612,83200,83200,83200
6613,83200,83200,83200
6614,83200,83200,83200
6615,83200,83200,83200
6616,83200,83200,83200
6617,83200,83200,83200
6618,83200,83200,83200
6619,83200,83200,83200
6620,83200,83200,83200
6621,83200,83200,83200
6622,83200,83200,83200
6623,83200,83200,83200
6624,83200,83200,83200
6625,83200,83200,83200
6626,83200,83200,83200
6627,83200,83200,83200
6628,83200,83200,83200
6629,83200,83200,83200
6630,83200,83200,83200
6631,83200,83200,83200
6632,83200,83200,83200
6633,83200,83200,83200
6634,83200,83200,83200
6635,83200,83200,83200
6636,83200,83200,83200
6637,83200,83200,83200
6638,83200,83200,83200
6639,83200,83200,83200
6640,83200,83200,83200
6641,83200,83200,83200
6642,83200,83200,83200
6643,83200,83200,83200
6644,83200,83200,83200
6645,83200,83200,83200
6646,83200,83200,83200
6647,83200,83200,83200
6648,83200,83200,83200
6649,83200,83200,83200
6650,83200,83200,83200
6651,83200,83200,83200
6652,83200,83200,83200
6653,83200,83200,83200
6654,83200,83200,83200
6655,83200,83200,83200
6656,83200,83200,83200
6657,83200,83200,83200
6658,83200,83200,83200
6659,83200,83200,83200
6660,83200,83200,83200
6661,83200,83200,83200
6662,83200,83200,83200
6663,83200,83200,83200
6664,83200,83200,83200
6665,83200,83200,83200
6666,83200,83200,83200
6667,83200,83200,83200
6668,83200,83200,83200
6669,83200,83200,83200
6670,83200,83200,83200
6671,83200,83200,83200
6672,83200,83200,83200
6673,83200,83200,83200
6674,83200,83200,83200
6675,83200,83200,83200
6676,83200,83200,83200
6677,83200,83200,83200
6678,83200,83200,83200
6679,83200,83200,83200
6680,83200,83200,83200
6681,83200,83200,83200
6682,83200,83200,83200
6683,83200,83200,83200
6684,83200,83200,83200
6685,83200,83200,83200
6686,83200,83200,83200
6687,83200,83200,83200
6688,83200,83200,83200
6689,83200,83200,83200
6690,83200,83200,83200
6691,83200,83200,83200
6692,83200,83200,83200
6693,83200,83200,83200
6694,83200,83200,83200
6695,83200,83200,83200
6696,83200,83200,83200
6697,83200,83200,83200
6698,83200,83200,83200
6699,83200,83200,83200
6700,83200,83200,83200
6701,83200,83200,83200
6702,83200,83200,83200
6703,83200,83200,83200
6704,83200,83200,83200
6705,83200,83200,83200
6706,83200,83200,83200
6707,83200,83200,83200
6708,83200,83200,83200
6709,83200,83200,83200
6710,83200,83200,83200
6711,83200,83200,83200
6712,83200,83200,83200
6713,83200,83200,83200
6714,83200,83200,83200
6715,83200,83200,83200
6716,83200,83200,83200
6717,83200,83200,83200
6718,83200,83200,83200
6719,83200,83200,83200
6720,83200,83200,83200
6721,83200,83200,83200
6722,83200,83200,83200
6723,83200,83200,83200
6724,83200,83200,83200
6725,83200,83200,83200
6726,83200,83200,83200
6727,83200,83200,83200
6728,83200,83200,83200
6729,83200,83200,83200
6730,83200,83200,83200
6731,83200,83200,83200
6732,83200,83200,83200
6733,83200,83200,83200
6734,83200,83200,83200
6735,83200,83200,83200
6736,83200,83200,83200
6737,83200,83200,83200
6738,83200,83200,83200
6739,83200,83200,83200
6740,83200,83200,83200
6741,83200,83200,83200
6742,83200,83200,83200
6743,83200,83200,83200
6744,83200,83200,83200
6745,83200,83200,83200
6746,83200,83200,83200
6747,83200,83200,83200
6748,83200,83200,83200
6749,83200,83200,83200
6750,83200,83200,83200
6751,83200,83200,83200
6752,83200,83200,83200
6753,83200,83200,83200
6754,83200,83200,83200
6755,83200,83200,83200
6756,83200,83200,83200
6757,83200,83200,83200
6758,83200,83200,83200
6759,83200,83200,83200
6760,83200,83200,83200
6761,83200,83200,83200
6762,83200,83200,83200
6763,83200,83200,83200
6764,83200,83200,83200
6765,83200,83200,83200
6766,83200,83200,83200
6767,83200,83200,83200
6768,83200,83200,83200
6769,83200,83200,83200
6770,83200,83200,83200
6771,83200,83200,83200
6772,83200,83200,83200
6773,83200,83200,83200
6774,83200,83200,83200
6775,83200,83200,83200
6776,83200,83200,83200
6777,83200,83200,83200
6778,83200,83200,83200
6779,83200,83200,83200
6780,83200,83200,83200
6781,83200,83200,83200
6782,83200,83200,83200
6783,83200,83200,83200
6784,83200,83200,83200
6785,83200,83200,83200
6786,83200,83200,83200
6787,83200,83200,83200
6788,83200,83200,83200
6789,83200,83200,83200
6790,83200,83200,83200
6791,83200,83200,83200
6792,83200,83200,83200
6793,83200,83200,83200
6794,83200,83200,83200
6795,83200,83200,83200
6796,83200,83200,83200
6797,83200,83200,83200
6798,83200,83200,83200
6799,83200,83200,83200
6800,83200,83200,83200
6801,83200,83200,83200
6802,83200,83200,83200
6803,83200,83200,83200
6804,83200,83200,83200
6805,83200,83200,83200
6806,83200,83200,83200
6807,83200,83200,83200
6808,83200,83200,83200
6809,83200,83200,83200
6810,83200,83200,83200
6811,83200,83200,83200
6812,83200,83200,83200
6813,83200,83200,83200
6814,83200,83200,83200
6815,83200,83200,83200
6816,83200,83200,83200
6817,83200,83200,83200
6818,83200,83200,83200
6819,83200,83200,83200
6820,83200,83200,83200
6821,83200,83200,83200
6822,83200,83200,83200
6823,83200,83200,83200
6824,83200,83200,83200
6825,83200,83200,83200
6826,83200,83200,83200
6827,83200,83200,83200
6828,83200,83200,83200
6829,83200,83200,83200
6830,83200,83200,83200
6831,83200,83200,83200
6832,83200,83200,83200
6833,83200,83200,83200
6834,83200,83200,83200
6835,83200,83200,83200
6836,83200,83200,83200
6837,83200,83200,83200
6838,83200,83200,83200
6839,83200,83200,83200
6840,83200,83200,83200
6841,83200,83200,83200
6842,83200,83200,83200
6843,83200,83200,83200
6844,83200,83200,83200
6845,83200,83200,83200
6846,83200,83200,83200
6847,83200,83200,83200
6848,83200,83200,83200
6849,83200,83200,83200
6850,83200,83200,83200
6851,83200,83200,83200
6852,83200,83200,83200
6853,83200,83200,83200
6854,83200,83200,83200
6855,83200,83200,83200
6856,83200,83200,83200
6857,83200,83200,83200
6858,83200,83200,83200
6859,83200,83200,83200
6860,83200,83200,83200
6861,83200,83200,83200
6862,83200,83200,83200
6863,83200,83200,83200
6864,83200,83200,83200
6865,83200,83200,83200
6866,83200,83200,83200
6867,83200,83200,83200
6868,83200,83200,83200
6869,83200,83200,83200
6870,83200,83200,83200
6871,83200,83200,83200
6872,83200,83200,83200
6873,83200,83200,83200
6874,83200,83200,83200
6875,83200,83200,83200
6876,83200,83200,83200
6877,83200,83200,83200
6878,83200,83200,83200
6879,83200,83200,83200
6880,83200,83200,83200
6881,83200,83200,83200
6882,83200,83200,83200
6883,83200,83200,83200
6884,83200,83200,83200
6885,83200,83200,83200
6886,83200,83200,83200
6887,83200,83200,83200
6888,83200,83200,83200
6889,83200,83200,83200
6890,83200,83200,83200
6891,83200,83200,83200
6892,83200,83200,83200
6893,83200,83200,83200
6894,83200,83200,83200
6895,83200,83200,83200
6896,83200,83200,83200
6897,83200,83200,83200
6898,83200,83200,83200
6899,83200,83200,83200
6900,83200,83200,83200
6901,83200,83200,83200
6902,83200,83200,83200
6903,83200,83200,83200
6904,83200,83200,83200
6905,83200,83200,83200
6906,83200,83200,83200
6907,83200,83200,83200
6908,83200,83200,83200
6909,83200,83200,83200
6910,83200,83200,83200
6911,83200,83200,83200
6912,83200,83200,83200
6913,83200,83200,83200
6914,83200,83200,83200
6915,83200,83200,83200
6916,83200,83200,83200
6917,83200,83200,83200
6918,83200,83200,83200
6919,83200,83200,83200
6920,83200,83200,83200
6921,83200,83200,83200
6922,83200,83200,83200
6923,83200,83200,83200
6924,83200,83200,83200
6925,83200,83200,83200
6926,83200,83200,83200
6927,83200,83200,83200
6928,83200,83200,83200
6929,83200,83200,83200
6930,83200,83200,83200
6931,83200,83200,83200
6932,83200,83200,83200
6933,83200,83200,83200
6934,83200,83200,83200
6935,83200,83200,83200
6936,83200,83200,83200
6937,83200,83200,83200
6938,83200,83200,83200
6939,83200,83200,83200
6940,83200,83200,83200
6941,83200,83200,83200
6942,83200,83200,83200
6943,83200,83200,83200
6944,83200,83200,83200
6945,83200,83200,83200
6946,83200,83200,83200
6947,83200,83200,83200
6948,83200,83200,83200
6949,83200,83200,83200
6950,83200,83200,83200
6951,83200,83200,83200
6952,83200,83200,83200
6953,83200,83200,83200
6954,83200,83200,83200
6955,83200,83200,83200
6956,83200,83200,83200
6957,83200,83200,83200
6958,83200,83200,83200
6959,83200,83200,83200
6960,83200,83200,83200
6961,83200,83200,83200
6962,83200,83200,83200
6963,83200,83200,83200
6964,83200,83200,83200
6965,83200,83200,83200
6966,83200,83200,83200
6967,83200,83200,83200
6968,83200,83200,83200
6969,83200,83200,83200
6970,83200,83200,83200
6971,83200,83200,83200
6972,83200,83200,83200
6973,83200,83200,83200
6974,83200,83200,83200
6975,83200,83200,83200
6976,83200,83200,83200
6977,83200,83200,83200
6978,83200,83200,83200
6979,83200,83200,83200
6980,83200,83200,83200
6981,83200,83200,83200
6982,83200,83200,83200
6983,83200,83200,83200
6984,83200,83200,83200
6985,83200,83200,83200
6986,83200,83200,83200
6987,83200,83200,83200
6988,83200,83200,83200
6989,83200,83200,83200
6990,83200,83200,83200
6991,83200,83200,83200
6992,83200,83200,83200
6993,83200,83200,83200
6994,83200,83200,83200
6995,83200,83200,83200
6996,83200,83200,83200
6997,83200,83200,83200
6998,83200,83200,83200
6999,83200,83200,83200
7000,83200,83200,83200
7001,83200,83200,83200
7002,83200,83200,83200
7003,83200,83200,83200
7004,83200,83200,83200
7005,83200,83200,83200
7006,83200,83200,83200
7007,83200,83200,83200
7008,83200,83200,83200
7009,83200,83200,83200
7010,83200,83200,83200
7011,83200,83200,83200
7012,83200,83200,83200
7013,83200,83200,83200
7014,83200,83200,83200
7015,83200,83200,83200
7016,83200,83200,83200
7017,83200,83200,83200
7018,83200,83200,83200
7019,83200,83200,83200
7020,83200,83200,83200
7021,83200,83200,83200
7022,83200,83200,83200
7023,83200,83200,83200
7024,83200,83200,83200
7025,83200,83200,83200
7026,83200,83200,83200
7027,83200,83200,83200
7028,83200,83200,83200
7029,83200,83200,83200
7030,83200,83200,83200
7031,83200,83200,83200
7032,83200,83200,83200
7033,83200,83200,83200
7034,83200,83200,83200
7035,83200,83200,83200
7036,83200,83200,83200
7037,83200,83200,83200
7038,83200,83200,83200
7039,83200,83200,83200
7040,83200,83200,83200
7041,83200,83200,83200
7042,83200,83200,83200
7043,83200,83200,83200
7044,83200,83200,83200
7045,83200,83200,83200
7046,83200,83200,83200
7047,83200,83200,83200
7048,83200,83200,83200
7049,83200,83200,83200
7050,83200,83200,83200
7051,83200,83200,83200
7052,83200,83200,83200
7053,83200,83200,83200
7054,83200,83200,83200
7055,83200,83200,83200
7056,83200,83200,83200
7057,83200,83200,83200
7058,83200,83200,83200
7059,83200,83200,83200
7060,83200,83200,83200
7061,83200,83200,83200
7062,83200,83200,83200
7063,83200,83200,83200
7064,83200,83200,83200
7065,83200,83200,83200
7066,83200,83200,83200
7067,83200,83200,83200
7068,83200,83200,83200
7069,83200,83200,83200
7070,83200,83200,83200
7071,83200,83200,83200
7072,83200,83200,83200
7073,83200,83200,83200
7074,83200,83200,83200
7075,83200,83200,83200
7076,83200,83200,83200
7077,83200,83200,83200
7078,83200,83200,83200
7079,83200,83200,83200
7080,83200,83200,83200
7081,83200,83200,83200
7082,83200,83200,83200
7083,83200,83200,83200
7084,83200,83200,83200
7085,83200,83200,83200
7086,83200,83200,83200
7087,83200,83200,83200
7088,83200,83200,83200
7089,83200,83200,83200
7090,83200,83200,83200
7091,83200,83200,83200
7092,83200,83200,83200
7093,83200,83200,83200
7094,83200,83200,83200
7095,83200,83200,83200
7096,83200,83200,83200
7097,83200,83200,83200
7098,83200,83200,83200
7099,83200,83200,83200
7100,83200,83200,83200
7101,83200,83200,83200
7102,83200,83200,83200
7103,83200,83200,83200
7104,83200,83200,83200
7105,83200,83200,83200
7106,83200,83200,83200
7107,83200,83200,83200
7108,83200,83200,83200
7109,83200,83200,83200
7110,83200,83200,83200
7111,83200,83200,83200
7112,83200,83200,83200
7113,83200,83200,83200
7114,83200,83200,83200
7115,83200,83200,83200
7116,83200,83200,83200
7117,83200,83200,83200
7118,83200,83200,83200
7119,83200,83200,83200
7120,83200,83200,83200
7121,83200,83200,83200
7122,83200,83200,83200
7123,83200,83200,83200
7124,83200,83200,83200
7125,83200,83200,83200
7126,83200,83200,83200
7127,83200,83200,83200
7128,83200,83200,83200
7129,83200,83200,83200
7130,83200,83200,83200
7131,83200,83200,83200
7132,83200,83200,83200
7133,83200,83200,83200
7134,83200,83200,83200
7135,83200,83200,83200
7136,83200,83200,83200
7137,83200,83200,83200
7138,83200,83200,83200
7139,83200,83200,83200
7140,83200,83200,83200
7141,83200,83200,83200
7142,83200,83200,83200
7143,83200,83200,83200
7144,83200,83200,83200
7145,83200,83200,83200
7146,83200,83200,83200
7147,83200,83200,83200
7148,83200,83200,83200
7149,83200,83200,83200
7150,83200,83200,83200
7151,83200,83200,83200
7152,83200,83200,83200
7153,83200,83200,83200
7154,83200,83200,83200
7155,83200,83200,83200
7156,83200,83200,83200
7157,83200,83200,83200
7158,83200,83200,83200
7159,83200,83200,83200
7160,83200,83200,83200
7161,83200,83200,83200
7162,83200,83200,83200
7163,83200,83200,83200
7164,83200,83200,83200
7165,83200,83200,83200
7166,83200,83200,83200
7167,83200,83200,83200
7168,83200,83200,83200
7169,83200,83200,83200
7170,83200,83200,83200
7171,83200,83200,83200
7172,83200,83200,83200
7173,83200,83200,83200
7174,83200,83200,83200
7175,83200,83200,83200
7176,83200,83200,83200
7177,83200,83200,83200
7178,83200,83200,83200
7179,83200,83200,83200
7180,83200,83200,83200
7181,83200,83200,83200
7182,83200,83200,83200
7183,83200,83200,83200
7184,83200,83200,83200
7185,83200,83200,83200
7186,83200,83200,83200
7187,83200,83200,83200
7188,83200,83200,83200
7189,83200,83200,83200
7190,83200,83200,83200
7191,83200,83200,83200
7192,83200,83200,83200
7193,83200,83200,83200
7194,83200,83200,83200
7195,83200,83200,83200
7196,83200,83200,83200
7197,83200,83200,83200
7198,83200,83200,83200
7199,83200,83200,83200
7200,83200,83200,83200
7201,83200,83200,83200
7202,83200,83200,83200
7203,83200,83200,83200
7204,83200,83200,83200
7205,83200,83200,83200
7206,83200,83200,83200
7207,83200,83200,83200
7208,83200,83200,83200
7209,83200,83200,83200
7210,83200,83200,83200
7211,83200,83200,83200
7212,83200,83200,83200
7213,83200,83200,83200
7214,83200,83200,83200
7215,83200,83200,83200
7216,83200,83200,83200
7217,83200,83200,83200
7218,83200,83200,83200
7219,83200,83200,83200
7220,83200,83200,83200
7221,83200,83200,83200
7222,83200,83200,83200
7223,83200,83200,83200
7224,83200,83200,83200
7225,83200,83200,83200
7226,83200,83200,83200
7227,83200,83200,83200
7228,83200,83200,83200
7229,83200,83200,83200
7230,83200,83200,83200
7231,83200,83200,83200
7232,83200,83200,83200
7233,83200,83200,83200
7234,83200,83200,83200
7235,83200,83200,83200
7236,83200,83200,83200
7237,83200,83200,83200
7238,83200,83200,83200
7239,83200,83200,83200
7240,83200,83200,83200
7241,83200,83200,83200
7242,83200,83200,83200
7243,83200,83200,83200
7244,83200,83200,83200
7245,83200,83200,83200
7246,83200,83200,83200
7247,83200,83200,83200
7248,83200,83200,83200
7249,83200,83200,83200
7250,83200,83200,83200
7251,83200,83200,83200
7252,83200,83200,83200
7253,83200,83200,83200
7254,83200,83200,83200
7255,83200,83200,83200
7256,83200,83200,83200
7257,83200,83200,83200
7258,83200,83200,83200
7259,83200,83200,83200
7260,83200,83200,83200
7261,83200,83200,83200
7262,83200,83200,83200
7263,83200,83200,83200
7264,83200,83200,83200
7265,83200,83200,83200
7266,83200,83200,83200
7267,83200,83200,83200
7268,83200,83200,83200
7269,83200,83200,83200
7270,83200,83200,83200
7271,83200,83200,83200
7272,83200,83200,83200
7273,83200,83200,83200
7274,83200,83200,83200
7275,83200,83200,83200
7276,83200,83200,83200
7277,83200,83200,83200
7278,83200,83200,83200
7279,83200,83200,83200
7280,83200,83200,83200
7281,83200,83200,83200
7282,83200,83200,83200
7283,83200,83200,83200
7284,83200,83200,83200
7285,83200,83200,83200
7286,83200,83200,83200
7287,83200,83200,83200
7288,83200,83200,83200
7289,83200,83200,83200
7290,83200,83200,83200
7291,83200,83200,83200
7292,83200,83200,83200
7293,83200,83200,83200
7294,83200,83200,83200
7295,83200,83200,83200
7296,83200,83200,83200
7297,83200,83200,83200
7298,83200,83200,83200
7299,83200,83200,83200
7300,83200,83200,83200
7301,83200,83200,83200
7302,83200,83200,83200
7303,83200,83200,83200
7304,83200,83200,83200
7305,83200,83200,83200
7306,83200,83200,83200
7307,83200,83200,83200
7308,83200,83200,83200
7309,83200,83200,83200
7310,83200,83200,83200
7311,83200,83200,83200
7312,83200,83200,83200
7313,83200,83200,83200
7314,83200,83200,83200
7315,83200,83200,83200
7316,83200,83200,83200
7317,83200,83200,83200
7318,83200,83200,83200
7319,83200,83200,83200
7320,83200,83200,83200
7321,83200,83200,83200
7322,83200,83200,83200
7323,83200,83200,83200
7324,83200,83200,83200
7325,83200,83200,83200
7326,83200,83200,83200
7327,83200,83200,83200
7328,83200,83200,83200
7329,83200,83200,83200
7330,83200,83200,83200
7331,83200,83200,83200
7332,83200,83200,83200
7333,83200,83200,83200
7334,83200,83200,83200
7335,83200,83200,83200
7336,83200,83200,83200
7337,83200,83200,83200
7338,83200,83200,83200
7339,83200,83200,83200
7340,83200,83200,83200
7341,83200,83200,83200
7342,83200,83200,83200
7343,83200,83200,83200
7344,83200,83200,83200
7345,83200,83200,83200
7346,83200,83200,83200
7347,83200,83200,83200
7348,83200,83200,83200
7349,83200,83200,83200
7350,83200,83200,83200
7351,83200,83200,83200
7352,83200,83200,83200
7353,83200,83200,83200
7354,83200,83200,83200
7355,83200,83200,83200
7356,83200,83200,83200
7357,83200,83200,83200
7358,83200,83200,83200
7359,83200,83200,83200
7360,83200,83200,83200
7361,83200,83200,83200
7362,83200,83200,83200
7363,83200,83200,83200
7364,83200,83200,83200
7365,83200,83200,83200
7366,83200,83200,83200
7367,83200,83200,83200
7368,83200,83200,83200
7369,83200,83200,83200
7370,83200,83200,83200
7371,83200,83200,83200
7372,83200,83200,83200
7373,83200,83200,83200
7374,83200,83200,83200
7375,83200,83200,83200
7376,83200,83200,83200
7377,83200,83200,83200
7378,83200,83200,83200
7379,83200,83200,83200
7380,83200,83200,83200
7381,83200,83200,83200
7382,83200,83200,83200
7383,83200,83200,83200
7384,83200,83200,83200
7385,83200,83200,83200
7386,83200,83200,83200
7387,83200,83200,83200
7388,83200,83200,83200
7389,83200,83200,83200
7390,83200,83200,83200
7391,83200,83200,83200
7392,83200,83200,83200
7393,83200,83200,83200
7394,83200,83200,83200
7395,83200,83200,83200
7396,83200,83200,83200
7397,83200,83200,83200
7398,83200,83200,83200
7399,83200,83200,83200
7400,83200,83200,83200
7401,83200,83200,83200
7402,83200,83200,83200
7403,83200,83200,83200
7404,83200,83200,83200
7405,83200,83200,83200
7406,83200,83200,83200
7407,83200,83200,83200
7408,83200,83200,83200
7409,83200,83200,83200
7410,83200,83200,83200
7411,83200,83200,83200
7412,83200,83200,83200
7413,83200,83200,83200
7414,83200,83200,83200
7415,83200,83200,83200
7416,83200,83200,83200
7417,83200,83200,83200
7418,83200,83200,83200
7419,83200,83200,83200
7420,83200,83200,83200
7421,83200,83200,83200
7422,83200,83200,83200
7423,83200,83200,83200
7424,83200,83200,83200
7425,83200,83200,83200
7426,83200,83200,83200
7427,83200,83200,83200
7428,83200,83200,83200
7429,83200,83200,83200
7430,83200,83200,83200
7431,83200,83200,83200
7432,83200,83200,83200
7433,83200,83200,83200
7434,83200,83200,83200
7435,83200,83200,83200
7436,83200,83200,83200
7437,83200,83200,83200
7438,83200,83200,83200
7439,83200,83200,83200
7440,83200,83200,83200
7441,83200,83200,83200
7442,83200,83200,83200
7443,83200,83200,83200
7444,83200,83200,83200
7445,83200,83200,83200
7446,83200,83200,83200
7447,83200,83200,83200
7448,83200,83200,83200
7449,83200,83200,83200
7450,83200,83200,83200
7451,83200,83200,83200
7452,83200,83200,83200
7453,83200,83200,83200
7454,83200,83200,83200
7455,83200,83200,83200
7456,83200,83200,83200
7457,83200,83200,83200
7458,83200,83200,83200
7459,83200,83200,83200
7460,83200,83200,83200
7461,83200,83200,83200
7462,83200,83200,83200
7463,83200,83200,83200
7464,83200,83200,83200
7465,83200,83200,83200
7466,83200,83200,83200
7467,83200,83200,83200
7468,83200,83200,83200
7469,83200,83200,83200
7470,83200,83200,83200
7471,83200,83200,83200
7472,83200,83200,83200
7473,83200,83200,83200
7474,83200,83200,83200
7475,83200,83200,83200
7476,83200,83200,83200
7477,83200,83200,83200
7478,83200,83200,83200
7479,83200,83200,83200
7480,83200,83200,83200
7481,83200,83200,83200
7482,83200,83200,83200
7483,83200,83200,83200
7484,83200,83200,83200
7485,83200,83200,83200
7486,83200,83200,83200
7487,83200,83200,83200
7488,83200,83200,83200
7489,83200,83200,83200
7490,83200,83200,83200
7491,83200,83200,83200
7492,83200,83200,83200
7493,83200,83200,83200
7494,83200,83200,83200
7495,83200,83200,83200
7496,83200,83200,83200
7497,83200,83200,83200
7498,83200,83200,83200
7499,83200,83200,83200
7500,83200,83200,83200
7501,83200,83200,83200
7502,83200,83200,83200
7503,83200,83200,83200
7504,83200,83200,83200
7505,83200,83200,83200
7506,83200,83200,83200
7507,83200,83200,83200
7508,83200,83200,83200
7509,83200,83200,83200
7510,83200,83200,83200
7511,83200,83200,83200
7512,83200,83200,83200
7513,83200,83200,83200
7514,83200,83200,83200
7515,83200,83200,83200
7516,83200,83200,83200
7517,83200,83200,83200
7518,83200,83200,83200
7519,83200,83200,83200
7520,83200,83200,83200
7521,83200,83200,83200
7522,83200,83200,83200
7523,83200,83200,83200
7524,83200,83200,83200
7525,83200,83200,83200
7526,83200,83200,83200
7527,83200,83200,83200
7528,83200,83200,83200
7529,83200,83200,83200
7530,83200,83200,83200
7531,83200,83200,83200
7532,83200,83200,83200
7533,83200,83200,83200
7534,83200,83200,83200
7535,83200,83200,83200
7536,83200,83200,83200
7537,83200,83200,83200
7538,83200,83200,83200
7539,83200,83200,83200
7540,83200,83200,83200
7541,83200,83200,83200
7542,83200,83200,83200
7543,83200,83200,83200
7544,83200,83200,83200
7545,83200,83200,83200
7546,83200,83200,83200
7547,83200,83200,83200
7548,83200,83200,83200
7549,83200,83200,83200
7550,83200,83200,83200
7551,83200,83200,83200
7552,83200,83200,83200
7553,83200,83200,83200
7554,83200,83200,83200
7555,83200,83200,83200
7556,83200,83200,83200
7557,83200,83200,83200
7558,83200,83200,83200
7559,83200,83200,83200
7560,83200,83200,83200
7561,83200,83200,83200
7562,83200,83200,83200
7563,83200,83200,83200
7564,83200,83200,83200
7565,83200,83200,83200
7566,83200,83200,83200
7567,83200,83200,83200
7568,83200,83200,83200
7569,83200,83200,83200
7570,83200,83200,83200
7571,83200,83200,83200
7572,83200,83200,83200
7573,83200,83200,83200
7574,83200,83200,83200
7575,83200,83200,83200
7576,83200,83200,83200
7577,83200,83200,83200
7578,83200,83200,83200
7579,83200,83200,83200
7580,83200,83200,83200
7581,83200,83200,83200
7582,83200,83200,83200
7583,83200,83200,83200
7584,83200,83200,83200
7585,83200,83200,83200
7586,83200,83200,83200
7587,83200,83200,83200
7588,83200,83200,83200
7589,83200,83200,83200
7590,83200,83200,83200
7591,83200,83200,83200
7592,83200,83200,83200
7593,83200,83200,83200
7594,83200,83200,83200
7595,83200,83200,83200
7596,83200,83200,83200
7597,83200,83200,83200
7598,83200,83200,83200
7599,83200,83200,83200
7600,83200,83200,83200
7601,83200,83200,83200
7602,83200,83200,83200
7603,83200,83200,83200
7604,83200,83200,83200
7605,83200,83200,83200
7606,83200,83200,83200
7607,83200,83200,83200
7608,83200,83200,83200
7609,83200,83200,83200
7610,83200,83200,83200
7611,83200,83200,83200
7612,83200,83200,83200
7613,83200,83200,83200
7614,83200,83200,83200
7615,83200,83200,83200
7616,83200,83200,83200
7617,83200,83200,83200
7618,83200,83200,83200
7619,83200,83200,83200
7620,83200,83200,83200
7621,83200,83200,83200
7622,83200,83200,83200
7623,83200,83200,83200
7624,83200,83200,83200
7625,83200,83200,83200
7626,83200,83200,83200
7627,83200,83200,83200
7628,83200,83200,83200
7629,83200,83200,83200
7630,83200,83200,83200
7631,83200,83200,83200
7632,83200,83200,83200
7633,83200,83200,83200
7634,83200,83200,83200
7635,83200,83200,83200
7636,83200,83200,83200
7637,83200,83200,83200
7638,83200,83200,83200
7639,83200,83200,83200
7640,83200,83200,83200
7641,83200,83200,83200
7642,83200,83200,83200
7643,83200,83200,83200
7644,83200,83200,83200
7645,83200,83200,83200
7646,83200,83200,83200
7647,83200,83200,83200
7648,83200,83200,83200
7649,83200,83200,83200
7650,83200,83200,83200
7651,83200,83200,83200
7652,83200,83200,83200
7653,83200,83200,83200
7654,83200,83200,83200
7655,83200,83200,83200
7656,83200,83200,83200
7657,83200,83200,83200
7658,83200,83200,83200
7659,83200,83200,83200
7660,83200,83200,83200
7661,83200,83200,83200
7662,83200,83200,83200
7663,83200,83200,83200
7664,83200,83200,83200
7665,83200,83200,83200
7666,83200,83200,83200
7667,83200,83200,83200
7668,83200,83200,83200
7669,83200,83200,83200
7670,83200,83200,83200
7671,83200,83200,83200
7672,83200,83200,83200
7673,83200,83200,83200
7674,83200,83200,83200
7675,83200,83200,83200
7676,83200,83200,83200
7677,83200,83200,83200
7678,83200,83200,83200
7679,83200,83200,83200
7680,83200,83200,83200
7681,83200,83200,83200
7682,83200,83200,83200
7683,83200,83200,83200
7684,83200,83200,83200
7685,83200,83200,83200
7686,83200,83200,83200
7687,83200,83200,83200
7688,83200,83200,83200
7689,83200,83200,83200
7690,83200,83200,83200
7691,83200,83200,83200
7692,83200,83200,83200
7693,83200,83200,83200
7694,83200,83200,83200
7695,83200,83200,83200
7696,83200,83200,83200
7697,83200,83200,83200
7698,83200,83200,83200
7699,83200,83200,83200
7700,83200,83200,83200
7701,83200,83200,83200
7702,83200,83200,83200
7703,83200,83200,83200
7704,83200,83200,83200
7705,83200,83200,83200
7706,83200,83200,83200
7707,83200,83200,83200
7708,83200,83200,83200
7709,83200,83200,83200
7710,83200,83200,83200
7711,83200,83200,83200
7712,83200,83200,83200
7713,83200,83200,83200
7714,83200,83200,83200
7715,83200,83200,83200
7716,83200,83200,83200
7717,83200,83200,83200
7718,83200,83200,83200
7719,83200,83200,83200
7720,83200,83200,83200
7721,83200,83200,83200
7722,83200,83200,83200
7723,83200,83200,83200
7724,83200,83200,83200
7725,83200,83200,83200
7726,83200,83200,83200
7727,83200,83200,83200
7728,83200,83200,83200
7729,83200,83200,83200
7730,83200,83200,83200
7731,83200,83200,83200
7732,83200,83200,83200
7733,83200,83200,83200
7734,83200,83200,83200
7735,83200,83200,83200
7736,83200,83200,83200
7737,83200,83200,83200
7738,83200,83200,83200
7739,83200,83200,83200
7740,83200,83200,83200
7741,83200,83200,83200
7742,83200,83200,83200
7743,83200,83200,83200
7744,83200,83200,83200
7745,83200,83200,83200
7746,83200,83200,83200
7747,83200,83200,83200
7748,83200,83200,83200
7749,83200,83200,83200
7750,83200,83200,83200
7751,83200,83200,83200
7752,83200,83200,83200
7753,83200,83200,83200
7754,83200,83200,83200
7755,83200,83200,83200
7756,83200,83200,83200
7757,83200,83200,83200
7758,83200,83200,83200
7759,83200,83200,83200
7760,83200,83200,83200
7761,83200,83200,83200
7762,83200,83200,83200
7763,83200,83200,83200
7764,83200,83200,83200
7765,83200,83200,83200
7766,83200,83200,83200
7767,83200,83200,83200
7768,83200,83200,83200
7769,83200,83200,83200
7770,83200,83200,83200
7771,83200,83200,83200
7772,83200,83200,83200
7773,83200,83200,83200
7774,83200,83200,83200
7775,83200,83200,83200
7776,83200,83200,83200
7777,83200,83200,83200
7778,83200,83200,83200
7779,83200,83200,83200
7780,83200,83200,83200
7781,83200,83200,83200
7782,83200,83200,83200
7783,83200,83200,83200
7784,83200,83200,83200
7785,83200,83200,83200
7786,83200,83200,83200
7787,83200,83200,83200
7788,83200,83200,83200
7789,83200,83200,83200
7790,83200,83200,83200
7791,83200,83200,83200
7792,83200,83200,83200
7793,83200,83200,83200
7794,83200,83200,83200
7795,83200,83200,83200
7796,83200,83200,83200
7797,83200,83200,83200
7798,83200,83200,83200
7799,83200,83200,83200
7800,83200,83200,83200
7801,83200,83200,83200
7802,83200,83200,83200
7803,83200,83200,83200
7804,83200,83200,83200
7805,83200,83200,83200
7806,83200,83200,83200
7807,83200,83200,83200
7808,83200,83200,83200
7809,83200,83200,83200
7810,83200,83200,83200
7811,83200,83200,83200
7812,83200,83200,83200
7813,83200,83200,83200
7814,83200,83200,83200
7815,83200,83200,83200
7816,83200,83200,83200
7817,83200,83200,83200
7818,83200,83200,83200
7819,83200,83200,83200
7820,83200,83200,83200
7821,83200,83200,83200
7822,83200,83200,83200
7823,83200,83200,83200
7824,83200,83200,83200
7825,83200,83200,83200
7826,83200,83200,83200
7827,83200,83200,83200
7828,83200,83200,83200
7829,83200,83200,83200
7830,83200,83200,83200
7831,83200,83200,83200
7832,83200,83200,83200
7833,83200,83200,83200
7834,83200,83200,83200
7835,83200,83200,83200
7836,83200,83200,83200
7837,83200,83200,83200
7838,83200,83200,83200
7839,83200,83200,83200
7840,83200,83200,83200
7841,83200,83200,83200
7842,83200,83200,83200
7843,83200,83200,83200
7844,83200,83200,83200
7845,83200,83200,83200
7846,83200,83200,83200
7847,83200,83200,83200
7848,83200,83200,83200
7849,83200,83200,83200
7850,83200,83200,83200
7851,83200,83200,83200
7852,83200,83200,83200
7853,83200,83200,83200
7854,83200,83200,83200
7855,83200,83200,83200
7856,83200,83200,83200
7857,83200,83200,83200
7858,83200,83200,83200
7859,83200,83200,83200
7860,83200,83200,83200
7861,83200,83200,83200
7862,83200,83200,83200
7863,83200,83200,83200
7864,83200,83200,83200
7865,83200,83200,83200
7866,83200,83200,83200
7867,83200,83200,83200
7868,83200,83200,83200
7869,83200,83200,83200
7870,83200,83200,83200
7871,83200,83200,83200
7872,83200,83200,83200
7873,83200,83200,83200
7874,83200,83200,83200
7875,83200,83200,83200
7876,83200,83200,83200
7877,83200,83200,83200
7878,83200,83200,83200
7879,83200,83200,83200
7880,83200,83200,83200
7881,83200,83200,83200
7882,83200,83200,83200
7883,83200,83200,83200
7884,83200,83200,83200
7885,83200,83200,83200
7886,83200,83200,83200
7887,83200,83200,83200
7888,83200,83200,83200
7889,83200,83200,83200
7890,83200,83200,83200
7891,83200,83200,83200
7892,83200,83200,83200
7893,83200,83200,83200
7894,83200,83200,83200
7895,83200,83200,83200
7896,83200,83200,83200
7897,83200,83200,83200
7898,83200,83200,83200
7899,83200,83200,83200
7900,83200,83200,83200
7901,83200,83200,83200
7902,83200,83200,83200
7903,83200,83200,83200
7904,83200,83200,83200
7905,83200,83200,83200
7906,83200,83200,83200
7907,83200,83200,83200
7908,83200,83200,83200
7909,83200,83200,83200
7910,83200,83200,83200
7911,83200,83200,83200
7912,83200,83200,83200
7913,83200,83200,83200
7914,83200,83200,83200
7915,83200,83200,83200
7916,83200,83200,83200
7917,83200,83200,83200
7918,83200,83200,83200
7919,83200,83200,83200
7920,83200,83200,83200
7921,83200,83200,83200
7922,83200,83200,83200
7923,83200,83200,83200
7924,83200,83200,83200
7925,83200,83200,83200
7926,83200,83200,83200
7927,83200,83200,83200
7928,83200,83200,83200
7929,83200,83200,83200
7930,83200,83200,83200
7931,83200,83200,83200
7932,83200,83200,83200
7933,83200,83200,83200
7934,83200,83200,83200
7935,83200,83200,83200
7936,83200,83200,83200
7937,83200,83200,83200
7938,83200,83200,83200
7939,83200,83200,83200
7940,83200,83200,83200
7941,83200,83200,83200
7942,83200,83200,83200
7943,83200,83200,83200
7944,83200,83200,83200
7945,83200,83200,83200
7946,83200,83200,83200
7947,83200,83200,83200
7948,83200,83200,83200
7949,83200,83200,83200
7950,83200,83200,83200
7951,83200,83200,83200
7952,83200,83200,83200
7953,83200,83200,83200
7954,83200,83200,83200
7955,83200,83200,83200
7956,83200,83200,83200
7957,83200,83200,83200
7958,83200,83200,83200
7959,83200,83200,83200
7960,83200,83200,83200
7961,83200,83200,83200
7962,83200,83200,83200
7963,83200,83200,83200
7964,83200,83200,83200
7965,83200,83200,83200
7966,83200,83200,83200
7967,83200,83200,83200
7968,83200,83200,83200
7969,83200,83200,83200
7970,83200,83200,83200
7971,83200,83200,83200
7972,83200,83200,83200
7973,83200,83200,83200
7974,83200,83200,83200
7975,83200,83200,83200
7976,83200,83200,83200
7977,83200,83200,83200
7978,83200,83200,83200
7979,83200,83200,83200
7980,83200,83200,83200
7981,83200,83200,83200
7982,83200,83200,83200
7983,83200,83200,83200
7984,83200,83200,83200
7985,83200,83200,83200
7986,83200,83200,83200
7987,83200,83200,83200
7988,83200,83200,83200
7989,83200,83200,83200
7990,83200,83200,83200
7991,83200,83200,83200
7992,83200,83200,83200
7993,83200,83200,83200
7994,83200,83200,83200
7995,83200,83200,83200
7996,83200,83200,83200
7997,83200,83200,83200
7998,83200,83200,83200
7999,83200,83200,83200
8000,83200,83200,83200
8001,83200,83200,83200
8002,83200,83200,83200
8003,83200,83200,83200
8004,83200,83200,83200
8005,83200,83200,83200
8006,83200,83200,83200
8007,83200,83200,83200
8008,83200,83200,83200
8009,83200,83200,83200
8010,83200,83200,83200
8011,83200,83200,83200
8012,83200,83200,83200
8013,83200,83200,83200
8014,83200,83200,83200
8015,83200,83200,83200
8016,83200,83200,83200
8017,83200,83200,83200
8018,83200,83200,83200
8019,83200,83200,83200
8020,83200,83200,83200
8021,83200,83200,83200
8022,83200,83200,83200
8023,83200,83200,83200
8024,83200,83200,83200
8025,83200,83200,83200
8026,83200,83200,83200
8027,83200,83200,83200
8028,83200,83200,83200
8029,83200,83200,83200
8030,83200,83200,83200
8031,83200,83200,83200
8032,83200,83200,83200
8033,83200,83200,83200
8034,83200,83200,83200
8035,83200,83200,83200
8036,83200,83200,83200
8037,83200,83200,83200
8038,83200,83200,83200
8039,83200,83200,83200
8040,83200,83200,83200
8041,83200,83200,83200
8042,83200,83200,83200
8043,83200,83200,83200
8044,83200,83200,83200
8045,83200,83200,83200
8046,83200,83200,83200
8047,83200,83200,83200
8048,83200,83200,83200
8049,83200,83200,83200
8050,83200,83200,83200
8051,83200,83200,83200
8052,83200,83200,83200
8053,83200,83200,83200
8054,83200,83200,83200
8055,83200,83200,83200
8056,83200,83200,83200
8057,83200,83200,83200
8058,83200,83200,83200
8059,83200,83200,83200
8060,83200,83200,83200
8061,83200,83200,83200
8062,83200,83200,83200
8063,83200,83200,83200
8064,83200,83200,83200
8065,83200,83200,83200
8066,83200,83200,83200
8067,83200,83200,83200
8068,83200,83200,83200
8069,83200,83200,83200
8070,83200,83200,83200
8071,83200,83200,83200
8072,83200,83200,83200
8073,83200,83200,83200
8074,83200,83200,83200
8075,83200,83200,83200
8076,83200,83200,83200
8077,83200,83200,83200
8078,83200,83200,83200
8079,83200,83200,83200
8080,83200,83200,83200
8081,83200,83200,83200
8082,83200,83200,83200
8083,83200,83200,83200
8084,83200,83200,83200
8085,83200,83200,83200
8086,83200,83200,83200
8087,83200,83200,83200
8088,83200,83200,83200
8089,83200,83200,83200
8090,83200,83200,83200
8091,83200,83200,83200
8092,83200,83200,83200
8093,83200,83200,83200
8094,83200,83200,83200
8095,83200,83200,83200
8096,83200,83200,83200
8097,83200,83200,83200
8098,83200,83200,83200
8099,83200,83200,83200
8100,83200,83200,83200
8101,83200,83200,83200
8102,83200,83200,83200
8103,83200,83200,83200
8104,83200,83200,83200
8105,83200,83200,83200
8106,83200,83200,83200
8107,83200,83200,83200
8108,83200,83200,83200
8109,83200,83200,83200
8110,83200,83200,83200
8111,83200,83200,83200
8112,83200,83200,83200
8113,83200,83200,83200
8114,83200,83200,83200
8115,83200,83200,83200
8116,83200,83200,83200
8117,83200,83200,83200
8118,83200,83200,83200
8119,83200,83200,83200
8120,83200,83200,83200
8121,83200,83200,83200
8122,83200,83200,83200
8123,83200,83200,83200
8124,83200,83200,83200
8125,83200,83200,83200
8126,83200,83200,83200
8127,83200,83200,83200
8128,83200,83200,83200
8129,83200,83200,83200
8130,83200,83200,83200
8131,83200,83200,83200
8132,83200,83200,83200
8133,83200,83200,83200
8134,83200,83200,83200
8135,83200,83200,83200
8136,83200,83200,83200
8137,83200,83200,83200
8138,83200,83200,83200
8139,83200,83200,83200
8140,83200,83200,83200
8141,83200,83200,83200
8142,83200,83200,83200
8143,83200,83200,83200
8144,83200,83200,83200
8145,83200,83200,83200
8146,83200,83200,83200
8147,83200,83200,83200
8148,83200,83200,83200
8149,83200,83200,83200
8150,83200,83200,83200
8151,83200,83200,83200
8152,83200,83200,83200
8153,83200,83200,83200
8154,83200,83200,83200
8155,83200,83200,83200
8156,83200,83200,83200
8157,83200,83200,83200
8158,83200,83200,83200
8159,83200,83200,83200
8160,83200,83200,83200
8161,83200,83200,83200
8162,83200,83200,83200
8163,83200,83200,83200
8164,83200,83200,83200
8165,83200,83200,83200
8166,83200,83200,83200
8167,83200,83200,83200
8168,83200,83200,83200
8169,83200,83200,83200
8170,83200,83200,83200
8171,83200,83200,83200
8172,83200,83200,83200
8173,83200,83200,83200
8174,83200,83200,83200
8175,83200,83200,83200
8176,83200,83200,83200
8177,83200,83200,83200
8178,83200,83200,83200
8179,83200,83200,83200
8180,83200,83200,83200
8181,83200,83200,83200
8182,83200,83200,83200
8183,83200,83200,83200
8184,83200,83200,83200
8185,83200,83200,83200
8186,83200,83200,83200
8187,83200,83200,83200
8188,83200,83200,83200
8189,83200,83200,83200
8190,83200,83200,83200
8191,83200,83200,83200
8192,83200,83200,83200
8193,83200,83200,83200
8194,83200,83200,83200
8195,83200,83200,83200
8196,83200,83200,83200
8197,83200,83200,83200
8198,83200,83200,83200
8199,83200,83200,83200
8200,83200,83200,83200
8201,83200,83200,83200
8202,83200,83200,83200
8203,83200,83200,83200
8204,83200,83200,83200
8205,83200,83200,83200
8206,83200,83200,83200
8207,83200,83200,83200
8208,83200,83200,83200
8209,83200,83200,83200
8210,83200,83200,83200
8211,83200,83200,83200
8212,83200,83200,83200
8213,83200,83200,83200
8214,83200,83200,83200
8215,83200,83200,83200
8216,83200,83200,83200
8217,83200,83200,83200
8218,83200,83200,83200
8219,83200,83200,83200
8220,83200,83200,83200
8221,83200,83200,83200
8222,83200,83200,83200
8223,83200,83200,83200
8224,83200,83200,83200
8225,83200,83200,83200
8226,83200,83200,83200
8227,83200,83200,83200
8228,83200,83200,83200
8229,83200,83200,83200
8230,83200,83200,83200
8231,83200,83200,83200
8232,83200,83200,83200
8233,83200,83200,83200
8234,83200,83200,83200
8235,83200,83200,83200
8236,83200,83200,83200
8237,83200,83200,83200
8238,83200,83200,83200
8239,83200,83200,83200
8240,83200,83200,83200
8241,83200,83200,83200
8242,83200,83200,83200
8243,83200,83200,83200
8244,83200,83200,83200
8245,83200,83200,83200
8246,83200,83200,83200
8247,83200,83200,83200
8248,83200,83200,83200
8249,83200,83200,83200
8250,83200,83200,83200
8251,83200,83200,83200
8252,83200,83200,83200
8253,83200,83200,83200
8254,83200,83200,83200
8255,83200,83200,83200
8256,83200,83200,83200
8257,83200,83200,83200
8258,83200,83200,83200
8259,83200,83200,83200
8260,83200,83200,83200
8261,83200,83200,83200
8262,83200,83200,83200
8263,83200,83200,83200
8264,83200,83200,83200
8265,83200,83200,83200
8266,83200,83200,83200
8267,83200,83200,83200
8268,83200,83200,83200
8269,83200,83200,83200
8270,83200,83200,83200
8271,83200,83200,83200
8272,83200,83200,83200
8273,83200,83200,83200
8274,83200,83200,83200
8275,83200,83200,83200
8276,83200,83200,83200
8277,83200,83200,83200
8278,83200,83200,83200
8279,83200,83200,83200
8280,83200,83200,83200
8281,83200,83200,83200
8282,83200,83200,83200
8283,83200,83200,83200
8284,83200,83200,83200
8285,83200,83200,83200
8286,83200,83200,83200
8287,83200,83200,83200
8288,83200,83200,83200
8289,83200,83200,83200
8290,83200,83200,83200
8291,83200,83200,83200
8292,83200,83200,83200
8293,83200,83200,83200
8294,83200,83200,83200
8295,83200,83200,83200
8296,83200,83200,83200
8297,83200,83200,83200
8298,83200,83200,83200
8299,83200,83200,83200
8300,83200,83200,83200
8301,83200,83200,83200
8302,83200,83200,83200
8303,83200,83200,83200
8304,83200,83200,83200
8305,83200,83200,83200
8306,83200,83200,83200
8307,83200,83200,83200
8308,83200,83200,83200
8309,83200,83200,83200
8310,83200,83200,83200
8311,83200,83200,83200
8312,83200,83200,83200
8313,83200,83200,83200
8314,83200,83200,83200
8315,83200,83200,83200
8316,83200,83200,83200
8317,83200,83200,83200
8318,83200,83200,83200
8319,83200,83200,83200
8320,83200,83200,83200
8321,83200,83200,83200
8322,83200,83200,83200
8323,83200,83200,83200
8324,83200,83200,83200
8325,83200,83200,83200
8326,83200,83200,83200
8327,83200,83200,83200
8328,83200,83200,83200
8329,83200,83200,83200
8330,83200,83200,83200
8331,83200,83200,83200
8332,83200,83200,83200
8333,83200,83200,83200
8334,83200,83200,83200
8335,83200,83200,83200
8336,83200,83200,83200
8337,83200,83200,83200
8338,83200,83200,83200
8339,83200,83200,83200
8340,83200,83200,83200
8341,83200,83200,83200
8342,83200,83200,83200
8343,83200,83200,83200
8344,83200,83200,83200
8345,83200,83200,83200
8346,83200,83200,83200
8347,83200,83200,83200
8348,83200,83200,83200
8349,83200,83200,83200
8350,83200,83200,83200
8351,83200,83200,83200
8352,83200,83200,83200
8353,83200,83200,83200
8354,83200,83200,83200
8355,83200,83200,83200
8356,83200,83200,83200
8357,83200,83200,83200
8358,83200,83200,83200
8359,83200,83200,83200
8360,83200,83200,83200
8361,83200,83200,83200
8362,83200,83200,83200
8363,83200,83200,83200
8364,83200,83200,83200
8365,83200,83200,83200
8366,83200,83200,83200
8367,83200,83200,83200
8368,83200,83200,83200
8369,83200,83200,83200
8370,83200,83200,83200
8371,83200,83200,83200
8372,83200,83200,83200
8373,83200,83200,83200
8374,83200,83200,83200
8375,83200,83200,83200
8376,83200,83200,83200
8377,83200,83200,83200
8378,83200,83200,83200
8379,83200,83200,83200
8380,83200,83200,83200
8381,83200,83200,83200
8382,83200,83200,83200
8383,83200,83200,83200
8384,83200,83200,83200
8385,83200,83200,83200
8386,83200,83200,83200
8387,83200,83200,83200
8388,83200,83200,83200
8389,83200,83200,83200
8390,83200,83200,83200
8391,83200,83200,83200
8392,83200,83200,83200
8393,83200,83200,83200
8394,83200,83200,83200
8395,83200,83200,83200
8396,83200,83200,83200
8397,83200,83200,83200
8398,83200,83200,83200
8399,83200,83200,83200
8400,83200,83200,83200
8401,83200,83200,83200
8402,83200,83200,83200
8403,83200,83200,83200
8404,83200,83200,83200
8405,83200,83200,83200
8406,83200,83200,83200
8407,83200,83200,83200
8408,83200,83200,83200
8409,83200,83200,83200
8410,83200,83200,83200
8411,83200,83200,83200
8412,83200,83200,83200
8413,83200,83200,83200
8414,83200,83200,83200
8415,83200,83200,83200
8416,83200,83200,83200
8417,83200,83200,83200
8418,83200,83200,83200
8419,83200,83200,83200
8420,83200,83200,83200
8421,83200,83200,83200
8422,83200,83200,83200
8423,83200,83200,83200
8424,83200,83200,83200
8425,83200,83200,83200
8426,83200,83200,83200
8427,83200,83200,83200
8428,83200,83200,83200
8429,83200,83200,83200
8430,83200,83200,83200
8431,83200,83200,83200
8432,83200,83200,83200
8433,83200,83200,83200
8434,83200,83200,83200
8435,83200,83200,83200
8436,83200,83200,83200
8437,83200,83200,83200
8438,83200,83200,83200
8439,83200,83200,83200
8440,83200,83200,83200
8441,83200,83200,83200
8442,83200,83200,83200
8443,83200,83200,83200
8444,83200,83200,83200
8445,83200,83200,83200
8446,83200,83200,83200
8447,83200,83200,83200
8448,83200,83200,83200
8449,83200,83200,83200
8450,83200,83200,83200
8451,83200,83200,83200
8452,83200,83200,83200
8453,83200,83200,83200
8454,83200,83200,83200
8455,83200,83200,83200
8456,83200,83200,83200
8457,83200,83200,83200
8458,83200,83200,83200
8459,83200,83200,83200
8460,83200,83200,83200
8461,83200,83200,83200
8462,83200,83200,83200
8463,83200,83200,83200
8464,83200,83200,83200
8465,83200,83200,83200
8466,83200,83200,83200
8467,83200,83200,83200
8468,83200,83200,83200
8469,83200,83200,83200
8470,83200,83200,83200
8471,83200,83200,83200
8472,83200,83200,83200
8473,83200,83200,83200
8474,83200,83200,83200
8475,83200,83200,83200
8476,83200,83200,83200
8477,83200,83200,83200
8478,83200,83200,83200
8479,83200,83200,83200
8480,83200,83200,83200
8481,83200,83200,83200
8482,83200,83200,83200
8483,83200,83200,83200
8484,83200,83200,83200
8485,83200,83200,83200
8486,83200,83200,83200
8487,83200,83200,83200
8488,83200,83200,83200
8489,83200,83200,83200
8490,83200,83200,83200
8491,83200,83200,83200
8492,83200,83200,83200
8493,83200,83200,83200
8494,83200,83200,83200
8495,83200,83200,83200
8496,83200,83200,83200
8497,83200,83200,83200
8498,83200,83200,83200
8499,83200,83200,83200
8500,83200,83200,83200
8501,83200,83200,83200
8502,83200,83200,83200
8503,83200,83200,83200
8504,83200,83200,83200
8505,83200,83200,83200
8506,83200,83200,83200
8507,83200,83200,83200
8508,83200,83200,83200
8509,83200,83200,83200
8510,83200,83200,83200
8511,83200,83200,83200
8512,83200,83200,83200
8513,83200,83200,83200
8514,83200,83200,83200
8515,83200,83200,83200
8516,83200,83200,83200
8517,83200,83200,83200
8518,83200,83200,83200
8519,83200,83200,83200
8520,83200,83200,83200
8521,83200,83200,83200
8522,83200,83200,83200
8523,83200,83200,83200
8524,83200,83200,83200
8525,83200,83200,83200
8526,83200,83200,83200
8527,83200,83200,83200
8528,83200,83200,83200
8529,83200,83200,83200
8530,83200,83200,83200
8531,83200,83200,83200
8532,83200,83200,83200
8533,83200,83200,83200
8534,83200,83200,83200
8535,83200,83200,83200
8536,83200,83200,83200
8537,83200,83200,83200
8538,83200,83200,83200
8539,83200,83200,83200
8540,83200,83200,83200
8541,83200,83200,83200
8542,83200,83200,83200
8543,83200,83200,83200
8544,83200,83200,83200
8545,83200,83200,83200
8546,83200,83200,83200
8547,83200,83200,83200
8548,83200,83200,83200
8549,83200,83200,83200
8550,83200,83200,83200
8551,83200,83200,83200
8552,83200,83200,83200
8553,83200,83200,83200
8554,83200,83200,83200
8555,83200,83200,83200
8556,83200,83200,83200
8557,83200,83200,83200
8558,83200,83200,83200
8559,83200,83200,83200
8560,83200,83200,83200
8561,83200,83200,83200
8562,83200,83200,83200
8563,83200,83200,83200
8564,83200,83200,83200
8565,83200,83200,83200
8566,83200,83200,83200
8567,83200,83200,83200
8568,83200,83200,83200
8569,83200,83200,83200
8570,83200,83200,83200
8571,83200,83200,83200
8572,83200,83200,83200
8573,83200,83200,83200
8574,83200,83200,83200
8575,83200,83200,83200
8576,83200,83200,83200
8577,83200,83200,83200
8578,83200,83200,83200
8579,83200,83200,83200
8580,83200,83200,83200
8581,83200,83200,83200
8582,83200,83200,83200
8583,83200,83200,83200
8584,83200,83200,83200
8585,83200,83200,83200
8586,83200,83200,83200
8587,83200,83200,83200
8588,83200,83200,83200
8589,83200,83200,83200
8590,83200,83200,83200
8591,83200,83200,83200
8592,83200,83200,83200
8593,83200,83200,83200
8594,83200,83200,83200
8595,83200,83200,83200
8596,83200,83200,83200
8597,83200,83200,83200
8598,83200,83200,83200
8599,83200,83200,83200
8600,83200,83200,83200
8601,83200,83200,83200
8602,83200,83200,83200
8603,83200,83200,83200
8604,83200,83200,83200
8605,83200,83200,83200
8606,83200,83200,83200
8607,83200,83200,83200
8608,83200,83200,83200
8609,83200,83200,83200
8610,83200,83200,83200
8611,83200,83200,83200
8612,83200,83200,83200
8613,83200,83200,83200
8614,83200,83200,83200
8615,83200,83200,83200
8616,83200,83200,83200
8617,83200,83200,83200
8618,83200,83200,83200
8619,83200,83200,83200
8620,83200,83200,83200
8621,83200,83200,83200
8622,83200,83200,83200
8623,83200,83200,83200
8624,83200,83200,83200
8625,83200,83200,83200
8626,83200,83200,83200
8627,83200,83200,83200
8628,83200,83200,83200
8629,83200,83200,83200
8630,83200,83200,83200
8631,83200,83200,83200
8632,83200,83200,83200
8633,83200,83200,83200
8634,83200,83200,83200
8635,83200,83200,83200
8636,83200,83200,83200
8637,83200,83200,83200
8638,83200,83200,83200
8639,83200,83200,83200
8640,83200,83200,83200
8641,83200,83200,83200
8642,83200,83200,83200
8643,83200,83200,83200
8644,83200,83200,83200
8645,83200,83200,83200
8646,83200,83200,83200
8647,83200,83200,83200
8648,83200,83200,83200
8649,83200,83200,83200
8650,83200,83200,83200
8651,83200,83200,83200
8652,83200,83200,83200
8653,83200,83200,83200
8654,83200,83200,83200
8655,83200,83200,83200
8656,83200,83200,83200
8657,83200,83200,83200
8658,83200,83200,83200
8659,83200,83200,83200
8660,83200,83200,83200
8661,83200,83200,83200
8662,83200,83200,83200
8663,83200,83200,83200
8664,83200,83200,83200
8665,83200,83200,83200
8666,83200,83200,83200
8667,83200,83200,83200
8668,83200,83200,83200
8669,83200,83200,83200
8670,83200,83200,83200
8671,83200,83200,83200
8672,83200,83200,83200
8673,83200,83200,83200
8674,83200,83200,83200
8675,83200,83200,83200
8676,83200,83200,83200
8677,83200,83200,83200
8678,83200,83200,83200
8679,83200,83200,83200
8680,83200,83200,83200
8681,83200,83200,83200
8682,83200,83200,83200
8683,83200,83200,83200
8684,83200,83200,83200
8685,83200,83200,83200
8686,83200,83200,83200
8687,83200,83200,83200
8688,83200,83200,83200
8689,83200,83200,83200
8690,83200,83200,83200
8691,83200,83200,83200
8692,83200,83200,83200
8693,83200,83200,83200
8694,83200,83200,83200
8695,83200,83200,83200
8696,83200,83200,83200
8697,83200,83200,83200
8698,83200,83200,83200
8699,83200,83200,83200
8700,83200,83200,83200
8701,83200,83200,83200
8702,83200,83200,83200
8703,83200,83200,83200
8704,83200,83200,83200
8705,83200,83200,83200
8706,83200,83200,83200
8707,83200,83200,83200
8708,83200,83200,83200
8709,83200,83200,83200
8710,83200,83200,83200
8711,83200,83200,83200
8712,83200,83200,83200
8713,83200,83200,83200
8714,83200,83200,83200
8715,83200,83200,83200
8716,83200,83200,83200
8717,83200,83200,83200
8718,83200,83200,83200
8719,83200,83200,83200
8720,83200,83200,83200
8721,83200,83200,83200
8722,83200,83200,83200
8723,83200,83200,83200
8724,83200,83200,83200
8725,83200,83200,83200
8726,83200,83200,83200
8727,83200,83200,83200
8728,83200,83200,83200
8729,83200,83200,83200
8730,83200,83200,83200
8731,83200,83200,83200
8732,83200,83200,83200
8733,83200,83200,83200
8734,83200,83200,83200
8735,83200,83200,83200
8736,83200,83200,83200
8737,83200,83200,83200
8738,83200,83200,83200
8739,83200,83200,83200
8740,83200,83200,83200
8741,83200,83200,83200
8742,83200,83200,83200
8743,83200,83200,83200
8744,83200,83200,83200
8745,83200,83200,83200
8746,83200,83200,83200
8747,83200,83200,83200
8748,83200,83200,83200
8749,83200,83200,83200
8750,83200,83200,83200
8751,83200,83200,83200
8752,83200,83200,83200
8753,83200,83200,83200
8754,83200,83200,83200
8755,83200,83200,83200
8756,83200,83200,83200
8757,83200,83200,83200
8758,83200,83200,83200
8759,83200,83200,83200
8760,83200,83200,83200
