Time_Index,Price_tonne_z1,Price_tonne_z2,Price_tonne_z3
1,969,969,969
2,969,969,969
3,969,969,969
4,969,969,969
5,969,969,969
6,969,969,969
7,969,969,969
8,969,969,969
9,969,969,969
10,969,969,969
11,969,969,969
12,969,969,969
13,969,969,969
14,969,969,969
15,969,969,969
16,969,969,969
17,969,969,969
18,969,969,969
19,969,969,969
20,969,969,969
21,969,969,969
22,969,969,969
23,969,969,969
24,969,969,969
25,969,969,969
26,969,969,969
27,969,969,969
28,969,969,969
29,969,969,969
30,969,969,969
31,969,969,969
32,969,969,969
33,969,969,969
34,969,969,969
35,969,969,969
36,969,969,969
37,969,969,969
38,969,969,969
39,969,969,969
40,969,969,969
41,969,969,969
42,969,969,969
43,969,969,969
44,969,969,969
45,969,969,969
46,969,969,969
47,969,969,969
48,969,969,969
49,969,969,969
50,969,969,969
51,969,969,969
52,969,969,969
53,969,969,969
54,969,969,969
55,969,969,969
56,969,969,969
57,969,969,969
58,969,969,969
59,969,969,969
60,969,969,969
61,969,969,969
62,969,969,969
63,969,969,969
64,969,969,969
65,969,969,969
66,969,969,969
67,969,969,969
68,969,969,969
69,969,969,969
70,969,969,969
71,969,969,969
72,969,969,969
73,969,969,969
74,969,969,969
75,969,969,969
76,969,969,969
77,969,969,969
78,969,969,969
79,969,969,969
80,969,969,969
81,969,969,969
82,969,969,969
83,969,969,969
84,969,969,969
85,969,969,969
86,969,969,969
87,969,969,969
88,969,969,969
89,969,969,969
90,969,969,969
91,969,969,969
92,969,969,969
93,969,969,969
94,969,969,969
95,969,969,969
96,969,969,969
97,969,969,969
98,969,969,969
99,969,969,969
100,969,969,969
101,969,969,969
102,969,969,969
103,969,969,969
104,969,969,969
105,969,969,969
106,969,969,969
107,969,969,969
108,969,969,969
109,969,969,969
110,969,969,969
111,969,969,969
112,969,969,969
113,969,969,969
114,969,969,969
115,969,969,969
116,969,969,969
117,969,969,969
118,969,969,969
119,969,969,969
120,969,969,969
121,969,969,969
122,969,969,969
123,969,969,969
124,969,969,969
125,969,969,969
126,969,969,969
127,969,969,969
128,969,969,969
129,969,969,969
130,969,969,969
131,969,969,969
132,969,969,969
133,969,969,969
134,969,969,969
135,969,969,969
136,969,969,969
137,969,969,969
138,969,969,969
139,969,969,969
140,969,969,969
141,969,969,969
142,969,969,969
143,969,969,969
144,969,969,969
145,969,969,969
146,969,969,969
147,969,969,969
148,969,969,969
149,969,969,969
150,969,969,969
151,969,969,969
152,969,969,969
153,969,969,969
154,969,969,969
155,969,969,969
156,969,969,969
157,969,969,969
158,969,969,969
159,969,969,969
160,969,969,969
161,969,969,969
162,969,969,969
163,969,969,969
164,969,969,969
165,969,969,969
166,969,969,969
167,969,969,969
168,969,969,969
169,969,969,969
170,969,969,969
171,969,969,969
172,969,969,969
173,969,969,969
174,969,969,969
175,969,969,969
176,969,969,969
177,969,969,969
178,969,969,969
179,969,969,969
180,969,969,969
181,969,969,969
182,969,969,969
183,969,969,969
184,969,969,969
185,969,969,969
186,969,969,969
187,969,969,969
188,969,969,969
189,969,969,969
190,969,969,969
191,969,969,969
192,969,969,969
193,969,969,969
194,969,969,969
195,969,969,969
196,969,969,969
197,969,969,969
198,969,969,969
199,969,969,969
200,969,969,969
201,969,969,969
202,969,969,969
203,969,969,969
204,969,969,969
205,969,969,969
206,969,969,969
207,969,969,969
208,969,969,969
209,969,969,969
210,969,969,969
211,969,969,969
212,969,969,969
213,969,969,969
214,969,969,969
215,969,969,969
216,969,969,969
217,969,969,969
218,969,969,969
219,969,969,969
220,969,969,969
221,969,969,969
222,969,969,969
223,969,969,969
224,969,969,969
225,969,969,969
226,969,969,969
227,969,969,969
228,969,969,969
229,969,969,969
230,969,969,969
231,969,969,969
232,969,969,969
233,969,969,969
234,969,969,969
235,969,969,969
236,969,969,969
237,969,969,969
238,969,969,969
239,969,969,969
240,969,969,969
241,969,969,969
242,969,969,969
243,969,969,969
244,969,969,969
245,969,969,969
246,969,969,969
247,969,969,969
248,969,969,969
249,969,969,969
250,969,969,969
251,969,969,969
252,969,969,969
253,969,969,969
254,969,969,969
255,969,969,969
256,969,969,969
257,969,969,969
258,969,969,969
259,969,969,969
260,969,969,969
261,969,969,969
262,969,969,969
263,969,969,969
264,969,969,969
265,969,969,969
266,969,969,969
267,969,969,969
268,969,969,969
269,969,969,969
270,969,969,969
271,969,969,969
272,969,969,969
273,969,969,969
274,969,969,969
275,969,969,969
276,969,969,969
277,969,969,969
278,969,969,969
279,969,969,969
280,969,969,969
281,969,969,969
282,969,969,969
283,969,969,969
284,969,969,969
285,969,969,969
286,969,969,969
287,969,969,969
288,969,969,969
289,969,969,969
290,969,969,969
291,969,969,969
292,969,969,969
293,969,969,969
294,969,969,969
295,969,969,969
296,969,969,969
297,969,969,969
298,969,969,969
299,969,969,969
300,969,969,969
301,969,969,969
302,969,969,969
303,969,969,969
304,969,969,969
305,969,969,969
306,969,969,969
307,969,969,969
308,969,969,969
309,969,969,969
310,969,969,969
311,969,969,969
312,969,969,969
313,969,969,969
314,969,969,969
315,969,969,969
316,969,969,969
317,969,969,969
318,969,969,969
319,969,969,969
320,969,969,969
321,969,969,969
322,969,969,969
323,969,969,969
324,969,969,969
325,969,969,969
326,969,969,969
327,969,969,969
328,969,969,969
329,969,969,969
330,969,969,969
331,969,969,969
332,969,969,969
333,969,969,969
334,969,969,969
335,969,969,969
336,969,969,969
337,969,969,969
338,969,969,969
339,969,969,969
340,969,969,969
341,969,969,969
342,969,969,969
343,969,969,969
344,969,969,969
345,969,969,969
346,969,969,969
347,969,969,969
348,969,969,969
349,969,969,969
350,969,969,969
351,969,969,969
352,969,969,969
353,969,969,969
354,969,969,969
355,969,969,969
356,969,969,969
357,969,969,969
358,969,969,969
359,969,969,969
360,969,969,969
361,969,969,969
362,969,969,969
363,969,969,969
364,969,969,969
365,969,969,969
366,969,969,969
367,969,969,969
368,969,969,969
369,969,969,969
370,969,969,969
371,969,969,969
372,969,969,969
373,969,969,969
374,969,969,969
375,969,969,969
376,969,969,969
377,969,969,969
378,969,969,969
379,969,969,969
380,969,969,969
381,969,969,969
382,969,969,969
383,969,969,969
384,969,969,969
385,969,969,969
386,969,969,969
387,969,969,969
388,969,969,969
389,969,969,969
390,969,969,969
391,969,969,969
392,969,969,969
393,969,969,969
394,969,969,969
395,969,969,969
396,969,969,969
397,969,969,969
398,969,969,969
399,969,969,969
400,969,969,969
401,969,969,969
402,969,969,969
403,969,969,969
404,969,969,969
405,969,969,969
406,969,969,969
407,969,969,969
408,969,969,969
409,969,969,969
410,969,969,969
411,969,969,969
412,969,969,969
413,969,969,969
414,969,969,969
415,969,969,969
416,969,969,969
417,969,969,969
418,969,969,969
419,969,969,969
420,969,969,969
421,969,969,969
422,969,969,969
423,969,969,969
424,969,969,969
425,969,969,969
426,969,969,969
427,969,969,969
428,969,969,969
429,969,969,969
430,969,969,969
431,969,969,969
432,969,969,969
433,969,969,969
434,969,969,969
435,969,969,969
436,969,969,969
437,969,969,969
438,969,969,969
439,969,969,969
440,969,969,969
441,969,969,969
442,969,969,969
443,969,969,969
444,969,969,969
445,969,969,969
446,969,969,969
447,969,969,969
448,969,969,969
449,969,969,969
450,969,969,969
451,969,969,969
452,969,969,969
453,969,969,969
454,969,969,969
455,969,969,969
456,969,969,969
457,969,969,969
458,969,969,969
459,969,969,969
460,969,969,969
461,969,969,969
462,969,969,969
463,969,969,969
464,969,969,969
465,969,969,969
466,969,969,969
467,969,969,969
468,969,969,969
469,969,969,969
470,969,969,969
471,969,969,969
472,969,969,969
473,969,969,969
474,969,969,969
475,969,969,969
476,969,969,969
477,969,969,969
478,969,969,969
479,969,969,969
480,969,969,969
481,969,969,969
482,969,969,969
483,969,969,969
484,969,969,969
485,969,969,969
486,969,969,969
487,969,969,969
488,969,969,969
489,969,969,969
490,969,969,969
491,969,969,969
492,969,969,969
493,969,969,969
494,969,969,969
495,969,969,969
496,969,969,969
497,969,969,969
498,969,969,969
499,969,969,969
500,969,969,969
501,969,969,969
502,969,969,969
503,969,969,969
504,969,969,969
505,969,969,969
506,969,969,969
507,969,969,969
508,969,969,969
509,969,969,969
510,969,969,969
511,969,969,969
512,969,969,969
513,969,969,969
514,969,969,969
515,969,969,969
516,969,969,969
517,969,969,969
518,969,969,969
519,969,969,969
520,969,969,969
521,969,969,969
522,969,969,969
523,969,969,969
524,969,969,969
525,969,969,969
526,969,969,969
527,969,969,969
528,969,969,969
529,969,969,969
530,969,969,969
531,969,969,969
532,969,969,969
533,969,969,969
534,969,969,969
535,969,969,969
536,969,969,969
537,969,969,969
538,969,969,969
539,969,969,969
540,969,969,969
541,969,969,969
542,969,969,969
543,969,969,969
544,969,969,969
545,969,969,969
546,969,969,969
547,969,969,969
548,969,969,969
549,969,969,969
550,969,969,969
551,969,969,969
552,969,969,969
553,969,969,969
554,969,969,969
555,969,969,969
556,969,969,969
557,969,969,969
558,969,969,969
559,969,969,969
560,969,969,969
561,969,969,969
562,969,969,969
563,969,969,969
564,969,969,969
565,969,969,969
566,969,969,969
567,969,969,969
568,969,969,969
569,969,969,969
570,969,969,969
571,969,969,969
572,969,969,969
573,969,969,969
574,969,969,969
575,969,969,969
576,969,969,969
577,969,969,969
578,969,969,969
579,969,969,969
580,969,969,969
581,969,969,969
582,969,969,969
583,969,969,969
584,969,969,969
585,969,969,969
586,969,969,969
587,969,969,969
588,969,969,969
589,969,969,969
590,969,969,969
591,969,969,969
592,969,969,969
593,969,969,969
594,969,969,969
595,969,969,969
596,969,969,969
597,969,969,969
598,969,969,969
599,969,969,969
600,969,969,969
601,969,969,969
602,969,969,969
603,969,969,969
604,969,969,969
605,969,969,969
606,969,969,969
607,969,969,969
608,969,969,969
609,969,969,969
610,969,969,969
611,969,969,969
612,969,969,969
613,969,969,969
614,969,969,969
615,969,969,969
616,969,969,969
617,969,969,969
618,969,969,969
619,969,969,969
620,969,969,969
621,969,969,969
622,969,969,969
623,969,969,969
624,969,969,969
625,969,969,969
626,969,969,969
627,969,969,969
628,969,969,969
629,969,969,969
630,969,969,969
631,969,969,969
632,969,969,969
633,969,969,969
634,969,969,969
635,969,969,969
636,969,969,969
637,969,969,969
638,969,969,969
639,969,969,969
640,969,969,969
641,969,969,969
642,969,969,969
643,969,969,969
644,969,969,969
645,969,969,969
646,969,969,969
647,969,969,969
648,969,969,969
649,969,969,969
650,969,969,969
651,969,969,969
652,969,969,969
653,969,969,969
654,969,969,969
655,969,969,969
656,969,969,969
657,969,969,969
658,969,969,969
659,969,969,969
660,969,969,969
661,969,969,969
662,969,969,969
663,969,969,969
664,969,969,969
665,969,969,969
666,969,969,969
667,969,969,969
668,969,969,969
669,969,969,969
670,969,969,969
671,969,969,969
672,969,969,969
673,969,969,969
674,969,969,969
675,969,969,969
676,969,969,969
677,969,969,969
678,969,969,969
679,969,969,969
680,969,969,969
681,969,969,969
682,969,969,969
683,969,969,969
684,969,969,969
685,969,969,969
686,969,969,969
687,969,969,969
688,969,969,969
689,969,969,969
690,969,969,969
691,969,969,969
692,969,969,969
693,969,969,969
694,969,969,969
695,969,969,969
696,969,969,969
697,969,969,969
698,969,969,969
699,969,969,969
700,969,969,969
701,969,969,969
702,969,969,969
703,969,969,969
704,969,969,969
705,969,969,969
706,969,969,969
707,969,969,969
708,969,969,969
709,969,969,969
710,969,969,969
711,969,969,969
712,969,969,969
713,969,969,969
714,969,969,969
715,969,969,969
716,969,969,969
717,969,969,969
718,969,969,969
719,969,969,969
720,969,969,969
721,969,969,969
722,969,969,969
723,969,969,969
724,969,969,969
725,969,969,969
726,969,969,969
727,969,969,969
728,969,969,969
729,969,969,969
730,969,969,969
731,969,969,969
732,969,969,969
733,969,969,969
734,969,969,969
735,969,969,969
736,969,969,969
737,969,969,969
738,969,969,969
739,969,969,969
740,969,969,969
741,969,969,969
742,969,969,969
743,969,969,969
744,969,969,969
745,969,969,969
746,969,969,969
747,969,969,969
748,969,969,969
749,969,969,969
750,969,969,969
751,969,969,969
752,969,969,969
753,969,969,969
754,969,969,969
755,969,969,969
756,969,969,969
757,969,969,969
758,969,969,969
759,969,969,969
760,969,969,969
761,969,969,969
762,969,969,969
763,969,969,969
764,969,969,969
765,969,969,969
766,969,969,969
767,969,969,969
768,969,969,969
769,969,969,969
770,969,969,969
771,969,969,969
772,969,969,969
773,969,969,969
774,969,969,969
775,969,969,969
776,969,969,969
777,969,969,969
778,969,969,969
779,969,969,969
780,969,969,969
781,969,969,969
782,969,969,969
783,969,969,969
784,969,969,969
785,969,969,969
786,969,969,969
787,969,969,969
788,969,969,969
789,969,969,969
790,969,969,969
791,969,969,969
792,969,969,969
793,969,969,969
794,969,969,969
795,969,969,969
796,969,969,969
797,969,969,969
798,969,969,969
799,969,969,969
800,969,969,969
801,969,969,969
802,969,969,969
803,969,969,969
804,969,969,969
805,969,969,969
806,969,969,969
807,969,969,969
808,969,969,969
809,969,969,969
810,969,969,969
811,969,969,969
812,969,969,969
813,969,969,969
814,969,969,969
815,969,969,969
816,969,969,969
817,969,969,969
818,969,969,969
819,969,969,969
820,969,969,969
821,969,969,969
822,969,969,969
823,969,969,969
824,969,969,969
825,969,969,969
826,969,969,969
827,969,969,969
828,969,969,969
829,969,969,969
830,969,969,969
831,969,969,969
832,969,969,969
833,969,969,969
834,969,969,969
835,969,969,969
836,969,969,969
837,969,969,969
838,969,969,969
839,969,969,969
840,969,969,969
841,969,969,969
842,969,969,969
843,969,969,969
844,969,969,969
845,969,969,969
846,969,969,969
847,969,969,969
848,969,969,969
849,969,969,969
850,969,969,969
851,969,969,969
852,969,969,969
853,969,969,969
854,969,969,969
855,969,969,969
856,969,969,969
857,969,969,969
858,969,969,969
859,969,969,969
860,969,969,969
861,969,969,969
862,969,969,969
863,969,969,969
864,969,969,969
865,969,969,969
866,969,969,969
867,969,969,969
868,969,969,969
869,969,969,969
870,969,969,969
871,969,969,969
872,969,969,969
873,969,969,969
874,969,969,969
875,969,969,969
876,969,969,969
877,969,969,969
878,969,969,969
879,969,969,969
880,969,969,969
881,969,969,969
882,969,969,969
883,969,969,969
884,969,969,969
885,969,969,969
886,969,969,969
887,969,969,969
888,969,969,969
889,969,969,969
890,969,969,969
891,969,969,969
892,969,969,969
893,969,969,969
894,969,969,969
895,969,969,969
896,969,969,969
897,969,969,969
898,969,969,969
899,969,969,969
900,969,969,969
901,969,969,969
902,969,969,969
903,969,969,969
904,969,969,969
905,969,969,969
906,969,969,969
907,969,969,969
908,969,969,969
909,969,969,969
910,969,969,969
911,969,969,969
912,969,969,969
913,969,969,969
914,969,969,969
915,969,969,969
916,969,969,969
917,969,969,969
918,969,969,969
919,969,969,969
920,969,969,969
921,969,969,969
922,969,969,969
923,969,969,969
924,969,969,969
925,969,969,969
926,969,969,969
927,969,969,969
928,969,969,969
929,969,969,969
930,969,969,969
931,969,969,969
932,969,969,969
933,969,969,969
934,969,969,969
935,969,969,969
936,969,969,969
937,969,969,969
938,969,969,969
939,969,969,969
940,969,969,969
941,969,969,969
942,969,969,969
943,969,969,969
944,969,969,969
945,969,969,969
946,969,969,969
947,969,969,969
948,969,969,969
949,969,969,969
950,969,969,969
951,969,969,969
952,969,969,969
953,969,969,969
954,969,969,969
955,969,969,969
956,969,969,969
957,969,969,969
958,969,969,969
959,969,969,969
960,969,969,969
961,969,969,969
962,969,969,969
963,969,969,969
964,969,969,969
965,969,969,969
966,969,969,969
967,969,969,969
968,969,969,969
969,969,969,969
970,969,969,969
971,969,969,969
972,969,969,969
973,969,969,969
974,969,969,969
975,969,969,969
976,969,969,969
977,969,969,969
978,969,969,969
979,969,969,969
980,969,969,969
981,969,969,969
982,969,969,969
983,969,969,969
984,969,969,969
985,969,969,969
986,969,969,969
987,969,969,969
988,969,969,969
989,969,969,969
990,969,969,969
991,969,969,969
992,969,969,969
993,969,969,969
994,969,969,969
995,969,969,969
996,969,969,969
997,969,969,969
998,969,969,969
999,969,969,969
1000,969,969,969
1001,969,969,969
1002,969,969,969
1003,969,969,969
1004,969,969,969
1005,969,969,969
1006,969,969,969
1007,969,969,969
1008,969,969,969
1009,969,969,969
1010,969,969,969
1011,969,969,969
1012,969,969,969
1013,969,969,969
1014,969,969,969
1015,969,969,969
1016,969,969,969
1017,969,969,969
1018,969,969,969
1019,969,969,969
1020,969,969,969
1021,969,969,969
1022,969,969,969
1023,969,969,969
1024,969,969,969
1025,969,969,969
1026,969,969,969
1027,969,969,969
1028,969,969,969
1029,969,969,969
1030,969,969,969
1031,969,969,969
1032,969,969,969
1033,969,969,969
1034,969,969,969
1035,969,969,969
1036,969,969,969
1037,969,969,969
1038,969,969,969
1039,969,969,969
1040,969,969,969
1041,969,969,969
1042,969,969,969
1043,969,969,969
1044,969,969,969
1045,969,969,969
1046,969,969,969
1047,969,969,969
1048,969,969,969
1049,969,969,969
1050,969,969,969
1051,969,969,969
1052,969,969,969
1053,969,969,969
1054,969,969,969
1055,969,969,969
1056,969,969,969
1057,969,969,969
1058,969,969,969
1059,969,969,969
1060,969,969,969
1061,969,969,969
1062,969,969,969
1063,969,969,969
1064,969,969,969
1065,969,969,969
1066,969,969,969
1067,969,969,969
1068,969,969,969
1069,969,969,969
1070,969,969,969
1071,969,969,969
1072,969,969,969
1073,969,969,969
1074,969,969,969
1075,969,969,969
1076,969,969,969
1077,969,969,969
1078,969,969,969
1079,969,969,969
1080,969,969,969
1081,969,969,969
1082,969,969,969
1083,969,969,969
1084,969,969,969
1085,969,969,969
1086,969,969,969
1087,969,969,969
1088,969,969,969
1089,969,969,969
1090,969,969,969
1091,969,969,969
1092,969,969,969
1093,969,969,969
1094,969,969,969
1095,969,969,969
1096,969,969,969
1097,969,969,969
1098,969,969,969
1099,969,969,969
1100,969,969,969
1101,969,969,969
1102,969,969,969
1103,969,969,969
1104,969,969,969
1105,969,969,969
1106,969,969,969
1107,969,969,969
1108,969,969,969
1109,969,969,969
1110,969,969,969
1111,969,969,969
1112,969,969,969
1113,969,969,969
1114,969,969,969
1115,969,969,969
1116,969,969,969
1117,969,969,969
1118,969,969,969
1119,969,969,969
1120,969,969,969
1121,969,969,969
1122,969,969,969
1123,969,969,969
1124,969,969,969
1125,969,969,969
1126,969,969,969
1127,969,969,969
1128,969,969,969
1129,969,969,969
1130,969,969,969
1131,969,969,969
1132,969,969,969
1133,969,969,969
1134,969,969,969
1135,969,969,969
1136,969,969,969
1137,969,969,969
1138,969,969,969
1139,969,969,969
1140,969,969,969
1141,969,969,969
1142,969,969,969
1143,969,969,969
1144,969,969,969
1145,969,969,969
1146,969,969,969
1147,969,969,969
1148,969,969,969
1149,969,969,969
1150,969,969,969
1151,969,969,969
1152,969,969,969
1153,969,969,969
1154,969,969,969
1155,969,969,969
1156,969,969,969
1157,969,969,969
1158,969,969,969
1159,969,969,969
1160,969,969,969
1161,969,969,969
1162,969,969,969
1163,969,969,969
1164,969,969,969
1165,969,969,969
1166,969,969,969
1167,969,969,969
1168,969,969,969
1169,969,969,969
1170,969,969,969
1171,969,969,969
1172,969,969,969
1173,969,969,969
1174,969,969,969
1175,969,969,969
1176,969,969,969
1177,969,969,969
1178,969,969,969
1179,969,969,969
1180,969,969,969
1181,969,969,969
1182,969,969,969
1183,969,969,969
1184,969,969,969
1185,969,969,969
1186,969,969,969
1187,969,969,969
1188,969,969,969
1189,969,969,969
1190,969,969,969
1191,969,969,969
1192,969,969,969
1193,969,969,969
1194,969,969,969
1195,969,969,969
1196,969,969,969
1197,969,969,969
1198,969,969,969
1199,969,969,969
1200,969,969,969
1201,969,969,969
1202,969,969,969
1203,969,969,969
1204,969,969,969
1205,969,969,969
1206,969,969,969
1207,969,969,969
1208,969,969,969
1209,969,969,969
1210,969,969,969
1211,969,969,969
1212,969,969,969
1213,969,969,969
1214,969,969,969
1215,969,969,969
1216,969,969,969
1217,969,969,969
1218,969,969,969
1219,969,969,969
1220,969,969,969
1221,969,969,969
1222,969,969,969
1223,969,969,969
1224,969,969,969
1225,969,969,969
1226,969,969,969
1227,969,969,969
1228,969,969,969
1229,969,969,969
1230,969,969,969
1231,969,969,969
1232,969,969,969
1233,969,969,969
1234,969,969,969
1235,969,969,969
1236,969,969,969
1237,969,969,969
1238,969,969,969
1239,969,969,969
1240,969,969,969
1241,969,969,969
1242,969,969,969
1243,969,969,969
1244,969,969,969
1245,969,969,969
1246,969,969,969
1247,969,969,969
1248,969,969,969
1249,969,969,969
1250,969,969,969
1251,969,969,969
1252,969,969,969
1253,969,969,969
1254,969,969,969
1255,969,969,969
1256,969,969,969
1257,969,969,969
1258,969,969,969
1259,969,969,969
1260,969,969,969
1261,969,969,969
1262,969,969,969
1263,969,969,969
1264,969,969,969
1265,969,969,969
1266,969,969,969
1267,969,969,969
1268,969,969,969
1269,969,969,969
1270,969,969,969
1271,969,969,969
1272,969,969,969
1273,969,969,969
1274,969,969,969
1275,969,969,969
1276,969,969,969
1277,969,969,969
1278,969,969,969
1279,969,969,969
1280,969,969,969
1281,969,969,969
1282,969,969,969
1283,969,969,969
1284,969,969,969
1285,969,969,969
1286,969,969,969
1287,969,969,969
1288,969,969,969
1289,969,969,969
1290,969,969,969
1291,969,969,969
1292,969,969,969
1293,969,969,969
1294,969,969,969
1295,969,969,969
1296,969,969,969
1297,969,969,969
1298,969,969,969
1299,969,969,969
1300,969,969,969
1301,969,969,969
1302,969,969,969
1303,969,969,969
1304,969,969,969
1305,969,969,969
1306,969,969,969
1307,969,969,969
1308,969,969,969
1309,969,969,969
1310,969,969,969
1311,969,969,969
1312,969,969,969
1313,969,969,969
1314,969,969,969
1315,969,969,969
1316,969,969,969
1317,969,969,969
1318,969,969,969
1319,969,969,969
1320,969,969,969
1321,969,969,969
1322,969,969,969
1323,969,969,969
1324,969,969,969
1325,969,969,969
1326,969,969,969
1327,969,969,969
1328,969,969,969
1329,969,969,969
1330,969,969,969
1331,969,969,969
1332,969,969,969
1333,969,969,969
1334,969,969,969
1335,969,969,969
1336,969,969,969
1337,969,969,969
1338,969,969,969
1339,969,969,969
1340,969,969,969
1341,969,969,969
1342,969,969,969
1343,969,969,969
1344,969,969,969
1345,969,969,969
1346,969,969,969
1347,969,969,969
1348,969,969,969
1349,969,969,969
1350,969,969,969
1351,969,969,969
1352,969,969,969
1353,969,969,969
1354,969,969,969
1355,969,969,969
1356,969,969,969
1357,969,969,969
1358,969,969,969
1359,969,969,969
1360,969,969,969
1361,969,969,969
1362,969,969,969
1363,969,969,969
1364,969,969,969
1365,969,969,969
1366,969,969,969
1367,969,969,969
1368,969,969,969
1369,969,969,969
1370,969,969,969
1371,969,969,969
1372,969,969,969
1373,969,969,969
1374,969,969,969
1375,969,969,969
1376,969,969,969
1377,969,969,969
1378,969,969,969
1379,969,969,969
1380,969,969,969
1381,969,969,969
1382,969,969,969
1383,969,969,969
1384,969,969,969
1385,969,969,969
1386,969,969,969
1387,969,969,969
1388,969,969,969
1389,969,969,969
1390,969,969,969
1391,969,969,969
1392,969,969,969
1393,969,969,969
1394,969,969,969
1395,969,969,969
1396,969,969,969
1397,969,969,969
1398,969,969,969
1399,969,969,969
1400,969,969,969
1401,969,969,969
1402,969,969,969
1403,969,969,969
1404,969,969,969
1405,969,969,969
1406,969,969,969
1407,969,969,969
1408,969,969,969
1409,969,969,969
1410,969,969,969
1411,969,969,969
1412,969,969,969
1413,969,969,969
1414,969,969,969
1415,969,969,969
1416,969,969,969
1417,969,969,969
1418,969,969,969
1419,969,969,969
1420,969,969,969
1421,969,969,969
1422,969,969,969
1423,969,969,969
1424,969,969,969
1425,969,969,969
1426,969,969,969
1427,969,969,969
1428,969,969,969
1429,969,969,969
1430,969,969,969
1431,969,969,969
1432,969,969,969
1433,969,969,969
1434,969,969,969
1435,969,969,969
1436,969,969,969
1437,969,969,969
1438,969,969,969
1439,969,969,969
1440,969,969,969
1441,969,969,969
1442,969,969,969
1443,969,969,969
1444,969,969,969
1445,969,969,969
1446,969,969,969
1447,969,969,969
1448,969,969,969
1449,969,969,969
1450,969,969,969
1451,969,969,969
1452,969,969,969
1453,969,969,969
1454,969,969,969
1455,969,969,969
1456,969,969,969
1457,969,969,969
1458,969,969,969
1459,969,969,969
1460,969,969,969
1461,969,969,969
1462,969,969,969
1463,969,969,969
1464,969,969,969
1465,969,969,969
1466,969,969,969
1467,969,969,969
1468,969,969,969
1469,969,969,969
1470,969,969,969
1471,969,969,969
1472,969,969,969
1473,969,969,969
1474,969,969,969
1475,969,969,969
1476,969,969,969
1477,969,969,969
1478,969,969,969
1479,969,969,969
1480,969,969,969
1481,969,969,969
1482,969,969,969
1483,969,969,969
1484,969,969,969
1485,969,969,969
1486,969,969,969
1487,969,969,969
1488,969,969,969
1489,969,969,969
1490,969,969,969
1491,969,969,969
1492,969,969,969
1493,969,969,969
1494,969,969,969
1495,969,969,969
1496,969,969,969
1497,969,969,969
1498,969,969,969
1499,969,969,969
1500,969,969,969
1501,969,969,969
1502,969,969,969
1503,969,969,969
1504,969,969,969
1505,969,969,969
1506,969,969,969
1507,969,969,969
1508,969,969,969
1509,969,969,969
1510,969,969,969
1511,969,969,969
1512,969,969,969
1513,969,969,969
1514,969,969,969
1515,969,969,969
1516,969,969,969
1517,969,969,969
1518,969,969,969
1519,969,969,969
1520,969,969,969
1521,969,969,969
1522,969,969,969
1523,969,969,969
1524,969,969,969
1525,969,969,969
1526,969,969,969
1527,969,969,969
1528,969,969,969
1529,969,969,969
1530,969,969,969
1531,969,969,969
1532,969,969,969
1533,969,969,969
1534,969,969,969
1535,969,969,969
1536,969,969,969
1537,969,969,969
1538,969,969,969
1539,969,969,969
1540,969,969,969
1541,969,969,969
1542,969,969,969
1543,969,969,969
1544,969,969,969
1545,969,969,969
1546,969,969,969
1547,969,969,969
1548,969,969,969
1549,969,969,969
1550,969,969,969
1551,969,969,969
1552,969,969,969
1553,969,969,969
1554,969,969,969
1555,969,969,969
1556,969,969,969
1557,969,969,969
1558,969,969,969
1559,969,969,969
1560,969,969,969
1561,969,969,969
1562,969,969,969
1563,969,969,969
1564,969,969,969
1565,969,969,969
1566,969,969,969
1567,969,969,969
1568,969,969,969
1569,969,969,969
1570,969,969,969
1571,969,969,969
1572,969,969,969
1573,969,969,969
1574,969,969,969
1575,969,969,969
1576,969,969,969
1577,969,969,969
1578,969,969,969
1579,969,969,969
1580,969,969,969
1581,969,969,969
1582,969,969,969
1583,969,969,969
1584,969,969,969
1585,969,969,969
1586,969,969,969
1587,969,969,969
1588,969,969,969
1589,969,969,969
1590,969,969,969
1591,969,969,969
1592,969,969,969
1593,969,969,969
1594,969,969,969
1595,969,969,969
1596,969,969,969
1597,969,969,969
1598,969,969,969
1599,969,969,969
1600,969,969,969
1601,969,969,969
1602,969,969,969
1603,969,969,969
1604,969,969,969
1605,969,969,969
1606,969,969,969
1607,969,969,969
1608,969,969,969
1609,969,969,969
1610,969,969,969
1611,969,969,969
1612,969,969,969
1613,969,969,969
1614,969,969,969
1615,969,969,969
1616,969,969,969
1617,969,969,969
1618,969,969,969
1619,969,969,969
1620,969,969,969
1621,969,969,969
1622,969,969,969
1623,969,969,969
1624,969,969,969
1625,969,969,969
1626,969,969,969
1627,969,969,969
1628,969,969,969
1629,969,969,969
1630,969,969,969
1631,969,969,969
1632,969,969,969
1633,969,969,969
1634,969,969,969
1635,969,969,969
1636,969,969,969
1637,969,969,969
1638,969,969,969
1639,969,969,969
1640,969,969,969
1641,969,969,969
1642,969,969,969
1643,969,969,969
1644,969,969,969
1645,969,969,969
1646,969,969,969
1647,969,969,969
1648,969,969,969
1649,969,969,969
1650,969,969,969
1651,969,969,969
1652,969,969,969
1653,969,969,969
1654,969,969,969
1655,969,969,969
1656,969,969,969
1657,969,969,969
1658,969,969,969
1659,969,969,969
1660,969,969,969
1661,969,969,969
1662,969,969,969
1663,969,969,969
1664,969,969,969
1665,969,969,969
1666,969,969,969
1667,969,969,969
1668,969,969,969
1669,969,969,969
1670,969,969,969
1671,969,969,969
1672,969,969,969
1673,969,969,969
1674,969,969,969
1675,969,969,969
1676,969,969,969
1677,969,969,969
1678,969,969,969
1679,969,969,969
1680,969,969,969
1681,969,969,969
1682,969,969,969
1683,969,969,969
1684,969,969,969
1685,969,969,969
1686,969,969,969
1687,969,969,969
1688,969,969,969
1689,969,969,969
1690,969,969,969
1691,969,969,969
1692,969,969,969
1693,969,969,969
1694,969,969,969
1695,969,969,969
1696,969,969,969
1697,969,969,969
1698,969,969,969
1699,969,969,969
1700,969,969,969
1701,969,969,969
1702,969,969,969
1703,969,969,969
1704,969,969,969
1705,969,969,969
1706,969,969,969
1707,969,969,969
1708,969,969,969
1709,969,969,969
1710,969,969,969
1711,969,969,969
1712,969,969,969
1713,969,969,969
1714,969,969,969
1715,969,969,969
1716,969,969,969
1717,969,969,969
1718,969,969,969
1719,969,969,969
1720,969,969,969
1721,969,969,969
1722,969,969,969
1723,969,969,969
1724,969,969,969
1725,969,969,969
1726,969,969,969
1727,969,969,969
1728,969,969,969
1729,969,969,969
1730,969,969,969
1731,969,969,969
1732,969,969,969
1733,969,969,969
1734,969,969,969
1735,969,969,969
1736,969,969,969
1737,969,969,969
1738,969,969,969
1739,969,969,969
1740,969,969,969
1741,969,969,969
1742,969,969,969
1743,969,969,969
1744,969,969,969
1745,969,969,969
1746,969,969,969
1747,969,969,969
1748,969,969,969
1749,969,969,969
1750,969,969,969
1751,969,969,969
1752,969,969,969
1753,969,969,969
1754,969,969,969
1755,969,969,969
1756,969,969,969
1757,969,969,969
1758,969,969,969
1759,969,969,969
1760,969,969,969
1761,969,969,969
1762,969,969,969
1763,969,969,969
1764,969,969,969
1765,969,969,969
1766,969,969,969
1767,969,969,969
1768,969,969,969
1769,969,969,969
1770,969,969,969
1771,969,969,969
1772,969,969,969
1773,969,969,969
1774,969,969,969
1775,969,969,969
1776,969,969,969
1777,969,969,969
1778,969,969,969
1779,969,969,969
1780,969,969,969
1781,969,969,969
1782,969,969,969
1783,969,969,969
1784,969,969,969
1785,969,969,969
1786,969,969,969
1787,969,969,969
1788,969,969,969
1789,969,969,969
1790,969,969,969
1791,969,969,969
1792,969,969,969
1793,969,969,969
1794,969,969,969
1795,969,969,969
1796,969,969,969
1797,969,969,969
1798,969,969,969
1799,969,969,969
1800,969,969,969
1801,969,969,969
1802,969,969,969
1803,969,969,969
1804,969,969,969
1805,969,969,969
1806,969,969,969
1807,969,969,969
1808,969,969,969
1809,969,969,969
1810,969,969,969
1811,969,969,969
1812,969,969,969
1813,969,969,969
1814,969,969,969
1815,969,969,969
1816,969,969,969
1817,969,969,969
1818,969,969,969
1819,969,969,969
1820,969,969,969
1821,969,969,969
1822,969,969,969
1823,969,969,969
1824,969,969,969
1825,969,969,969
1826,969,969,969
1827,969,969,969
1828,969,969,969
1829,969,969,969
1830,969,969,969
1831,969,969,969
1832,969,969,969
1833,969,969,969
1834,969,969,969
1835,969,969,969
1836,969,969,969
1837,969,969,969
1838,969,969,969
1839,969,969,969
1840,969,969,969
1841,969,969,969
1842,969,969,969
1843,969,969,969
1844,969,969,969
1845,969,969,969
1846,969,969,969
1847,969,969,969
1848,969,969,969
1849,969,969,969
1850,969,969,969
1851,969,969,969
1852,969,969,969
1853,969,969,969
1854,969,969,969
1855,969,969,969
1856,969,969,969
1857,969,969,969
1858,969,969,969
1859,969,969,969
1860,969,969,969
1861,969,969,969
1862,969,969,969
1863,969,969,969
1864,969,969,969
1865,969,969,969
1866,969,969,969
1867,969,969,969
1868,969,969,969
1869,969,969,969
1870,969,969,969
1871,969,969,969
1872,969,969,969
1873,969,969,969
1874,969,969,969
1875,969,969,969
1876,969,969,969
1877,969,969,969
1878,969,969,969
1879,969,969,969
1880,969,969,969
1881,969,969,969
1882,969,969,969
1883,969,969,969
1884,969,969,969
1885,969,969,969
1886,969,969,969
1887,969,969,969
1888,969,969,969
1889,969,969,969
1890,969,969,969
1891,969,969,969
1892,969,969,969
1893,969,969,969
1894,969,969,969
1895,969,969,969
1896,969,969,969
1897,969,969,969
1898,969,969,969
1899,969,969,969
1900,969,969,969
1901,969,969,969
1902,969,969,969
1903,969,969,969
1904,969,969,969
1905,969,969,969
1906,969,969,969
1907,969,969,969
1908,969,969,969
1909,969,969,969
1910,969,969,969
1911,969,969,969
1912,969,969,969
1913,969,969,969
1914,969,969,969
1915,969,969,969
1916,969,969,969
1917,969,969,969
1918,969,969,969
1919,969,969,969
1920,969,969,969
1921,969,969,969
1922,969,969,969
1923,969,969,969
1924,969,969,969
1925,969,969,969
1926,969,969,969
1927,969,969,969
1928,969,969,969
1929,969,969,969
1930,969,969,969
1931,969,969,969
1932,969,969,969
1933,969,969,969
1934,969,969,969
1935,969,969,969
1936,969,969,969
1937,969,969,969
1938,969,969,969
1939,969,969,969
1940,969,969,969
1941,969,969,969
1942,969,969,969
1943,969,969,969
1944,969,969,969
1945,969,969,969
1946,969,969,969
1947,969,969,969
1948,969,969,969
1949,969,969,969
1950,969,969,969
1951,969,969,969
1952,969,969,969
1953,969,969,969
1954,969,969,969
1955,969,969,969
1956,969,969,969
1957,969,969,969
1958,969,969,969
1959,969,969,969
1960,969,969,969
1961,969,969,969
1962,969,969,969
1963,969,969,969
1964,969,969,969
1965,969,969,969
1966,969,969,969
1967,969,969,969
1968,969,969,969
1969,969,969,969
1970,969,969,969
1971,969,969,969
1972,969,969,969
1973,969,969,969
1974,969,969,969
1975,969,969,969
1976,969,969,969
1977,969,969,969
1978,969,969,969
1979,969,969,969
1980,969,969,969
1981,969,969,969
1982,969,969,969
1983,969,969,969
1984,969,969,969
1985,969,969,969
1986,969,969,969
1987,969,969,969
1988,969,969,969
1989,969,969,969
1990,969,969,969
1991,969,969,969
1992,969,969,969
1993,969,969,969
1994,969,969,969
1995,969,969,969
1996,969,969,969
1997,969,969,969
1998,969,969,969
1999,969,969,969
2000,969,969,969
2001,969,969,969
2002,969,969,969
2003,969,969,969
2004,969,969,969
2005,969,969,969
2006,969,969,969
2007,969,969,969
2008,969,969,969
2009,969,969,969
2010,969,969,969
2011,969,969,969
2012,969,969,969
2013,969,969,969
2014,969,969,969
2015,969,969,969
2016,969,969,969
2017,969,969,969
2018,969,969,969
2019,969,969,969
2020,969,969,969
2021,969,969,969
2022,969,969,969
2023,969,969,969
2024,969,969,969
2025,969,969,969
2026,969,969,969
2027,969,969,969
2028,969,969,969
2029,969,969,969
2030,969,969,969
2031,969,969,969
2032,969,969,969
2033,969,969,969
2034,969,969,969
2035,969,969,969
2036,969,969,969
2037,969,969,969
2038,969,969,969
2039,969,969,969
2040,969,969,969
2041,969,969,969
2042,969,969,969
2043,969,969,969
2044,969,969,969
2045,969,969,969
2046,969,969,969
2047,969,969,969
2048,969,969,969
2049,969,969,969
2050,969,969,969
2051,969,969,969
2052,969,969,969
2053,969,969,969
2054,969,969,969
2055,969,969,969
2056,969,969,969
2057,969,969,969
2058,969,969,969
2059,969,969,969
2060,969,969,969
2061,969,969,969
2062,969,969,969
2063,969,969,969
2064,969,969,969
2065,969,969,969
2066,969,969,969
2067,969,969,969
2068,969,969,969
2069,969,969,969
2070,969,969,969
2071,969,969,969
2072,969,969,969
2073,969,969,969
2074,969,969,969
2075,969,969,969
2076,969,969,969
2077,969,969,969
2078,969,969,969
2079,969,969,969
2080,969,969,969
2081,969,969,969
2082,969,969,969
2083,969,969,969
2084,969,969,969
2085,969,969,969
2086,969,969,969
2087,969,969,969
2088,969,969,969
2089,969,969,969
2090,969,969,969
2091,969,969,969
2092,969,969,969
2093,969,969,969
2094,969,969,969
2095,969,969,969
2096,969,969,969
2097,969,969,969
2098,969,969,969
2099,969,969,969
2100,969,969,969
2101,969,969,969
2102,969,969,969
2103,969,969,969
2104,969,969,969
2105,969,969,969
2106,969,969,969
2107,969,969,969
2108,969,969,969
2109,969,969,969
2110,969,969,969
2111,969,969,969
2112,969,969,969
2113,969,969,969
2114,969,969,969
2115,969,969,969
2116,969,969,969
2117,969,969,969
2118,969,969,969
2119,969,969,969
2120,969,969,969
2121,969,969,969
2122,969,969,969
2123,969,969,969
2124,969,969,969
2125,969,969,969
2126,969,969,969
2127,969,969,969
2128,969,969,969
2129,969,969,969
2130,969,969,969
2131,969,969,969
2132,969,969,969
2133,969,969,969
2134,969,969,969
2135,969,969,969
2136,969,969,969
2137,969,969,969
2138,969,969,969
2139,969,969,969
2140,969,969,969
2141,969,969,969
2142,969,969,969
2143,969,969,969
2144,969,969,969
2145,969,969,969
2146,969,969,969
2147,969,969,969
2148,969,969,969
2149,969,969,969
2150,969,969,969
2151,969,969,969
2152,969,969,969
2153,969,969,969
2154,969,969,969
2155,969,969,969
2156,969,969,969
2157,969,969,969
2158,969,969,969
2159,969,969,969
2160,969,969,969
2161,969,969,969
2162,969,969,969
2163,969,969,969
2164,969,969,969
2165,969,969,969
2166,969,969,969
2167,969,969,969
2168,969,969,969
2169,969,969,969
2170,969,969,969
2171,969,969,969
2172,969,969,969
2173,969,969,969
2174,969,969,969
2175,969,969,969
2176,969,969,969
2177,969,969,969
2178,969,969,969
2179,969,969,969
2180,969,969,969
2181,969,969,969
2182,969,969,969
2183,969,969,969
2184,969,969,969
2185,969,969,969
2186,969,969,969
2187,969,969,969
2188,969,969,969
2189,969,969,969
2190,969,969,969
2191,969,969,969
2192,969,969,969
2193,969,969,969
2194,969,969,969
2195,969,969,969
2196,969,969,969
2197,969,969,969
2198,969,969,969
2199,969,969,969
2200,969,969,969
2201,969,969,969
2202,969,969,969
2203,969,969,969
2204,969,969,969
2205,969,969,969
2206,969,969,969
2207,969,969,969
2208,969,969,969
2209,969,969,969
2210,969,969,969
2211,969,969,969
2212,969,969,969
2213,969,969,969
2214,969,969,969
2215,969,969,969
2216,969,969,969
2217,969,969,969
2218,969,969,969
2219,969,969,969
2220,969,969,969
2221,969,969,969
2222,969,969,969
2223,969,969,969
2224,969,969,969
2225,969,969,969
2226,969,969,969
2227,969,969,969
2228,969,969,969
2229,969,969,969
2230,969,969,969
2231,969,969,969
2232,969,969,969
2233,969,969,969
2234,969,969,969
2235,969,969,969
2236,969,969,969
2237,969,969,969
2238,969,969,969
2239,969,969,969
2240,969,969,969
2241,969,969,969
2242,969,969,969
2243,969,969,969
2244,969,969,969
2245,969,969,969
2246,969,969,969
2247,969,969,969
2248,969,969,969
2249,969,969,969
2250,969,969,969
2251,969,969,969
2252,969,969,969
2253,969,969,969
2254,969,969,969
2255,969,969,969
2256,969,969,969
2257,969,969,969
2258,969,969,969
2259,969,969,969
2260,969,969,969
2261,969,969,969
2262,969,969,969
2263,969,969,969
2264,969,969,969
2265,969,969,969
2266,969,969,969
2267,969,969,969
2268,969,969,969
2269,969,969,969
2270,969,969,969
2271,969,969,969
2272,969,969,969
2273,969,969,969
2274,969,969,969
2275,969,969,969
2276,969,969,969
2277,969,969,969
2278,969,969,969
2279,969,969,969
2280,969,969,969
2281,969,969,969
2282,969,969,969
2283,969,969,969
2284,969,969,969
2285,969,969,969
2286,969,969,969
2287,969,969,969
2288,969,969,969
2289,969,969,969
2290,969,969,969
2291,969,969,969
2292,969,969,969
2293,969,969,969
2294,969,969,969
2295,969,969,969
2296,969,969,969
2297,969,969,969
2298,969,969,969
2299,969,969,969
2300,969,969,969
2301,969,969,969
2302,969,969,969
2303,969,969,969
2304,969,969,969
2305,969,969,969
2306,969,969,969
2307,969,969,969
2308,969,969,969
2309,969,969,969
2310,969,969,969
2311,969,969,969
2312,969,969,969
2313,969,969,969
2314,969,969,969
2315,969,969,969
2316,969,969,969
2317,969,969,969
2318,969,969,969
2319,969,969,969
2320,969,969,969
2321,969,969,969
2322,969,969,969
2323,969,969,969
2324,969,969,969
2325,969,969,969
2326,969,969,969
2327,969,969,969
2328,969,969,969
2329,969,969,969
2330,969,969,969
2331,969,969,969
2332,969,969,969
2333,969,969,969
2334,969,969,969
2335,969,969,969
2336,969,969,969
2337,969,969,969
2338,969,969,969
2339,969,969,969
2340,969,969,969
2341,969,969,969
2342,969,969,969
2343,969,969,969
2344,969,969,969
2345,969,969,969
2346,969,969,969
2347,969,969,969
2348,969,969,969
2349,969,969,969
2350,969,969,969
2351,969,969,969
2352,969,969,969
2353,969,969,969
2354,969,969,969
2355,969,969,969
2356,969,969,969
2357,969,969,969
2358,969,969,969
2359,969,969,969
2360,969,969,969
2361,969,969,969
2362,969,969,969
2363,969,969,969
2364,969,969,969
2365,969,969,969
2366,969,969,969
2367,969,969,969
2368,969,969,969
2369,969,969,969
2370,969,969,969
2371,969,969,969
2372,969,969,969
2373,969,969,969
2374,969,969,969
2375,969,969,969
2376,969,969,969
2377,969,969,969
2378,969,969,969
2379,969,969,969
2380,969,969,969
2381,969,969,969
2382,969,969,969
2383,969,969,969
2384,969,969,969
2385,969,969,969
2386,969,969,969
2387,969,969,969
2388,969,969,969
2389,969,969,969
2390,969,969,969
2391,969,969,969
2392,969,969,969
2393,969,969,969
2394,969,969,969
2395,969,969,969
2396,969,969,969
2397,969,969,969
2398,969,969,969
2399,969,969,969
2400,969,969,969
2401,969,969,969
2402,969,969,969
2403,969,969,969
2404,969,969,969
2405,969,969,969
2406,969,969,969
2407,969,969,969
2408,969,969,969
2409,969,969,969
2410,969,969,969
2411,969,969,969
2412,969,969,969
2413,969,969,969
2414,969,969,969
2415,969,969,969
2416,969,969,969
2417,969,969,969
2418,969,969,969
2419,969,969,969
2420,969,969,969
2421,969,969,969
2422,969,969,969
2423,969,969,969
2424,969,969,969
2425,969,969,969
2426,969,969,969
2427,969,969,969
2428,969,969,969
2429,969,969,969
2430,969,969,969
2431,969,969,969
2432,969,969,969
2433,969,969,969
2434,969,969,969
2435,969,969,969
2436,969,969,969
2437,969,969,969
2438,969,969,969
2439,969,969,969
2440,969,969,969
2441,969,969,969
2442,969,969,969
2443,969,969,969
2444,969,969,969
2445,969,969,969
2446,969,969,969
2447,969,969,969
2448,969,969,969
2449,969,969,969
2450,969,969,969
2451,969,969,969
2452,969,969,969
2453,969,969,969
2454,969,969,969
2455,969,969,969
2456,969,969,969
2457,969,969,969
2458,969,969,969
2459,969,969,969
2460,969,969,969
2461,969,969,969
2462,969,969,969
2463,969,969,969
2464,969,969,969
2465,969,969,969
2466,969,969,969
2467,969,969,969
2468,969,969,969
2469,969,969,969
2470,969,969,969
2471,969,969,969
2472,969,969,969
2473,969,969,969
2474,969,969,969
2475,969,969,969
2476,969,969,969
2477,969,969,969
2478,969,969,969
2479,969,969,969
2480,969,969,969
2481,969,969,969
2482,969,969,969
2483,969,969,969
2484,969,969,969
2485,969,969,969
2486,969,969,969
2487,969,969,969
2488,969,969,969
2489,969,969,969
2490,969,969,969
2491,969,969,969
2492,969,969,969
2493,969,969,969
2494,969,969,969
2495,969,969,969
2496,969,969,969
2497,969,969,969
2498,969,969,969
2499,969,969,969
2500,969,969,969
2501,969,969,969
2502,969,969,969
2503,969,969,969
2504,969,969,969
2505,969,969,969
2506,969,969,969
2507,969,969,969
2508,969,969,969
2509,969,969,969
2510,969,969,969
2511,969,969,969
2512,969,969,969
2513,969,969,969
2514,969,969,969
2515,969,969,969
2516,969,969,969
2517,969,969,969
2518,969,969,969
2519,969,969,969
2520,969,969,969
2521,969,969,969
2522,969,969,969
2523,969,969,969
2524,969,969,969
2525,969,969,969
2526,969,969,969
2527,969,969,969
2528,969,969,969
2529,969,969,969
2530,969,969,969
2531,969,969,969
2532,969,969,969
2533,969,969,969
2534,969,969,969
2535,969,969,969
2536,969,969,969
2537,969,969,969
2538,969,969,969
2539,969,969,969
2540,969,969,969
2541,969,969,969
2542,969,969,969
2543,969,969,969
2544,969,969,969
2545,969,969,969
2546,969,969,969
2547,969,969,969
2548,969,969,969
2549,969,969,969
2550,969,969,969
2551,969,969,969
2552,969,969,969
2553,969,969,969
2554,969,969,969
2555,969,969,969
2556,969,969,969
2557,969,969,969
2558,969,969,969
2559,969,969,969
2560,969,969,969
2561,969,969,969
2562,969,969,969
2563,969,969,969
2564,969,969,969
2565,969,969,969
2566,969,969,969
2567,969,969,969
2568,969,969,969
2569,969,969,969
2570,969,969,969
2571,969,969,969
2572,969,969,969
2573,969,969,969
2574,969,969,969
2575,969,969,969
2576,969,969,969
2577,969,969,969
2578,969,969,969
2579,969,969,969
2580,969,969,969
2581,969,969,969
2582,969,969,969
2583,969,969,969
2584,969,969,969
2585,969,969,969
2586,969,969,969
2587,969,969,969
2588,969,969,969
2589,969,969,969
2590,969,969,969
2591,969,969,969
2592,969,969,969
2593,969,969,969
2594,969,969,969
2595,969,969,969
2596,969,969,969
2597,969,969,969
2598,969,969,969
2599,969,969,969
2600,969,969,969
2601,969,969,969
2602,969,969,969
2603,969,969,969
2604,969,969,969
2605,969,969,969
2606,969,969,969
2607,969,969,969
2608,969,969,969
2609,969,969,969
2610,969,969,969
2611,969,969,969
2612,969,969,969
2613,969,969,969
2614,969,969,969
2615,969,969,969
2616,969,969,969
2617,969,969,969
2618,969,969,969
2619,969,969,969
2620,969,969,969
2621,969,969,969
2622,969,969,969
2623,969,969,969
2624,969,969,969
2625,969,969,969
2626,969,969,969
2627,969,969,969
2628,969,969,969
2629,969,969,969
2630,969,969,969
2631,969,969,969
2632,969,969,969
2633,969,969,969
2634,969,969,969
2635,969,969,969
2636,969,969,969
2637,969,969,969
2638,969,969,969
2639,969,969,969
2640,969,969,969
2641,969,969,969
2642,969,969,969
2643,969,969,969
2644,969,969,969
2645,969,969,969
2646,969,969,969
2647,969,969,969
2648,969,969,969
2649,969,969,969
2650,969,969,969
2651,969,969,969
2652,969,969,969
2653,969,969,969
2654,969,969,969
2655,969,969,969
2656,969,969,969
2657,969,969,969
2658,969,969,969
2659,969,969,969
2660,969,969,969
2661,969,969,969
2662,969,969,969
2663,969,969,969
2664,969,969,969
2665,969,969,969
2666,969,969,969
2667,969,969,969
2668,969,969,969
2669,969,969,969
2670,969,969,969
2671,969,969,969
2672,969,969,969
2673,969,969,969
2674,969,969,969
2675,969,969,969
2676,969,969,969
2677,969,969,969
2678,969,969,969
2679,969,969,969
2680,969,969,969
2681,969,969,969
2682,969,969,969
2683,969,969,969
2684,969,969,969
2685,969,969,969
2686,969,969,969
2687,969,969,969
2688,969,969,969
2689,969,969,969
2690,969,969,969
2691,969,969,969
2692,969,969,969
2693,969,969,969
2694,969,969,969
2695,969,969,969
2696,969,969,969
2697,969,969,969
2698,969,969,969
2699,969,969,969
2700,969,969,969
2701,969,969,969
2702,969,969,969
2703,969,969,969
2704,969,969,969
2705,969,969,969
2706,969,969,969
2707,969,969,969
2708,969,969,969
2709,969,969,969
2710,969,969,969
2711,969,969,969
2712,969,969,969
2713,969,969,969
2714,969,969,969
2715,969,969,969
2716,969,969,969
2717,969,969,969
2718,969,969,969
2719,969,969,969
2720,969,969,969
2721,969,969,969
2722,969,969,969
2723,969,969,969
2724,969,969,969
2725,969,969,969
2726,969,969,969
2727,969,969,969
2728,969,969,969
2729,969,969,969
2730,969,969,969
2731,969,969,969
2732,969,969,969
2733,969,969,969
2734,969,969,969
2735,969,969,969
2736,969,969,969
2737,969,969,969
2738,969,969,969
2739,969,969,969
2740,969,969,969
2741,969,969,969
2742,969,969,969
2743,969,969,969
2744,969,969,969
2745,969,969,969
2746,969,969,969
2747,969,969,969
2748,969,969,969
2749,969,969,969
2750,969,969,969
2751,969,969,969
2752,969,969,969
2753,969,969,969
2754,969,969,969
2755,969,969,969
2756,969,969,969
2757,969,969,969
2758,969,969,969
2759,969,969,969
2760,969,969,969
2761,969,969,969
2762,969,969,969
2763,969,969,969
2764,969,969,969
2765,969,969,969
2766,969,969,969
2767,969,969,969
2768,969,969,969
2769,969,969,969
2770,969,969,969
2771,969,969,969
2772,969,969,969
2773,969,969,969
2774,969,969,969
2775,969,969,969
2776,969,969,969
2777,969,969,969
2778,969,969,969
2779,969,969,969
2780,969,969,969
2781,969,969,969
2782,969,969,969
2783,969,969,969
2784,969,969,969
2785,969,969,969
2786,969,969,969
2787,969,969,969
2788,969,969,969
2789,969,969,969
2790,969,969,969
2791,969,969,969
2792,969,969,969
2793,969,969,969
2794,969,969,969
2795,969,969,969
2796,969,969,969
2797,969,969,969
2798,969,969,969
2799,969,969,969
2800,969,969,969
2801,969,969,969
2802,969,969,969
2803,969,969,969
2804,969,969,969
2805,969,969,969
2806,969,969,969
2807,969,969,969
2808,969,969,969
2809,969,969,969
2810,969,969,969
2811,969,969,969
2812,969,969,969
2813,969,969,969
2814,969,969,969
2815,969,969,969
2816,969,969,969
2817,969,969,969
2818,969,969,969
2819,969,969,969
2820,969,969,969
2821,969,969,969
2822,969,969,969
2823,969,969,969
2824,969,969,969
2825,969,969,969
2826,969,969,969
2827,969,969,969
2828,969,969,969
2829,969,969,969
2830,969,969,969
2831,969,969,969
2832,969,969,969
2833,969,969,969
2834,969,969,969
2835,969,969,969
2836,969,969,969
2837,969,969,969
2838,969,969,969
2839,969,969,969
2840,969,969,969
2841,969,969,969
2842,969,969,969
2843,969,969,969
2844,969,969,969
2845,969,969,969
2846,969,969,969
2847,969,969,969
2848,969,969,969
2849,969,969,969
2850,969,969,969
2851,969,969,969
2852,969,969,969
2853,969,969,969
2854,969,969,969
2855,969,969,969
2856,969,969,969
2857,969,969,969
2858,969,969,969
2859,969,969,969
2860,969,969,969
2861,969,969,969
2862,969,969,969
2863,969,969,969
2864,969,969,969
2865,969,969,969
2866,969,969,969
2867,969,969,969
2868,969,969,969
2869,969,969,969
2870,969,969,969
2871,969,969,969
2872,969,969,969
2873,969,969,969
2874,969,969,969
2875,969,969,969
2876,969,969,969
2877,969,969,969
2878,969,969,969
2879,969,969,969
2880,969,969,969
2881,969,969,969
2882,969,969,969
2883,969,969,969
2884,969,969,969
2885,969,969,969
2886,969,969,969
2887,969,969,969
2888,969,969,969
2889,969,969,969
2890,969,969,969
2891,969,969,969
2892,969,969,969
2893,969,969,969
2894,969,969,969
2895,969,969,969
2896,969,969,969
2897,969,969,969
2898,969,969,969
2899,969,969,969
2900,969,969,969
2901,969,969,969
2902,969,969,969
2903,969,969,969
2904,969,969,969
2905,969,969,969
2906,969,969,969
2907,969,969,969
2908,969,969,969
2909,969,969,969
2910,969,969,969
2911,969,969,969
2912,969,969,969
2913,969,969,969
2914,969,969,969
2915,969,969,969
2916,969,969,969
2917,969,969,969
2918,969,969,969
2919,969,969,969
2920,969,969,969
2921,969,969,969
2922,969,969,969
2923,969,969,969
2924,969,969,969
2925,969,969,969
2926,969,969,969
2927,969,969,969
2928,969,969,969
2929,969,969,969
2930,969,969,969
2931,969,969,969
2932,969,969,969
2933,969,969,969
2934,969,969,969
2935,969,969,969
2936,969,969,969
2937,969,969,969
2938,969,969,969
2939,969,969,969
2940,969,969,969
2941,969,969,969
2942,969,969,969
2943,969,969,969
2944,969,969,969
2945,969,969,969
2946,969,969,969
2947,969,969,969
2948,969,969,969
2949,969,969,969
2950,969,969,969
2951,969,969,969
2952,969,969,969
2953,969,969,969
2954,969,969,969
2955,969,969,969
2956,969,969,969
2957,969,969,969
2958,969,969,969
2959,969,969,969
2960,969,969,969
2961,969,969,969
2962,969,969,969
2963,969,969,969
2964,969,969,969
2965,969,969,969
2966,969,969,969
2967,969,969,969
2968,969,969,969
2969,969,969,969
2970,969,969,969
2971,969,969,969
2972,969,969,969
2973,969,969,969
2974,969,969,969
2975,969,969,969
2976,969,969,969
2977,969,969,969
2978,969,969,969
2979,969,969,969
2980,969,969,969
2981,969,969,969
2982,969,969,969
2983,969,969,969
2984,969,969,969
2985,969,969,969
2986,969,969,969
2987,969,969,969
2988,969,969,969
2989,969,969,969
2990,969,969,969
2991,969,969,969
2992,969,969,969
2993,969,969,969
2994,969,969,969
2995,969,969,969
2996,969,969,969
2997,969,969,969
2998,969,969,969
2999,969,969,969
3000,969,969,969
3001,969,969,969
3002,969,969,969
3003,969,969,969
3004,969,969,969
3005,969,969,969
3006,969,969,969
3007,969,969,969
3008,969,969,969
3009,969,969,969
3010,969,969,969
3011,969,969,969
3012,969,969,969
3013,969,969,969
3014,969,969,969
3015,969,969,969
3016,969,969,969
3017,969,969,969
3018,969,969,969
3019,969,969,969
3020,969,969,969
3021,969,969,969
3022,969,969,969
3023,969,969,969
3024,969,969,969
3025,969,969,969
3026,969,969,969
3027,969,969,969
3028,969,969,969
3029,969,969,969
3030,969,969,969
3031,969,969,969
3032,969,969,969
3033,969,969,969
3034,969,969,969
3035,969,969,969
3036,969,969,969
3037,969,969,969
3038,969,969,969
3039,969,969,969
3040,969,969,969
3041,969,969,969
3042,969,969,969
3043,969,969,969
3044,969,969,969
3045,969,969,969
3046,969,969,969
3047,969,969,969
3048,969,969,969
3049,969,969,969
3050,969,969,969
3051,969,969,969
3052,969,969,969
3053,969,969,969
3054,969,969,969
3055,969,969,969
3056,969,969,969
3057,969,969,969
3058,969,969,969
3059,969,969,969
3060,969,969,969
3061,969,969,969
3062,969,969,969
3063,969,969,969
3064,969,969,969
3065,969,969,969
3066,969,969,969
3067,969,969,969
3068,969,969,969
3069,969,969,969
3070,969,969,969
3071,969,969,969
3072,969,969,969
3073,969,969,969
3074,969,969,969
3075,969,969,969
3076,969,969,969
3077,969,969,969
3078,969,969,969
3079,969,969,969
3080,969,969,969
3081,969,969,969
3082,969,969,969
3083,969,969,969
3084,969,969,969
3085,969,969,969
3086,969,969,969
3087,969,969,969
3088,969,969,969
3089,969,969,969
3090,969,969,969
3091,969,969,969
3092,969,969,969
3093,969,969,969
3094,969,969,969
3095,969,969,969
3096,969,969,969
3097,969,969,969
3098,969,969,969
3099,969,969,969
3100,969,969,969
3101,969,969,969
3102,969,969,969
3103,969,969,969
3104,969,969,969
3105,969,969,969
3106,969,969,969
3107,969,969,969
3108,969,969,969
3109,969,969,969
3110,969,969,969
3111,969,969,969
3112,969,969,969
3113,969,969,969
3114,969,969,969
3115,969,969,969
3116,969,969,969
3117,969,969,969
3118,969,969,969
3119,969,969,969
3120,969,969,969
3121,969,969,969
3122,969,969,969
3123,969,969,969
3124,969,969,969
3125,969,969,969
3126,969,969,969
3127,969,969,969
3128,969,969,969
3129,969,969,969
3130,969,969,969
3131,969,969,969
3132,969,969,969
3133,969,969,969
3134,969,969,969
3135,969,969,969
3136,969,969,969
3137,969,969,969
3138,969,969,969
3139,969,969,969
3140,969,969,969
3141,969,969,969
3142,969,969,969
3143,969,969,969
3144,969,969,969
3145,969,969,969
3146,969,969,969
3147,969,969,969
3148,969,969,969
3149,969,969,969
3150,969,969,969
3151,969,969,969
3152,969,969,969
3153,969,969,969
3154,969,969,969
3155,969,969,969
3156,969,969,969
3157,969,969,969
3158,969,969,969
3159,969,969,969
3160,969,969,969
3161,969,969,969
3162,969,969,969
3163,969,969,969
3164,969,969,969
3165,969,969,969
3166,969,969,969
3167,969,969,969
3168,969,969,969
3169,969,969,969
3170,969,969,969
3171,969,969,969
3172,969,969,969
3173,969,969,969
3174,969,969,969
3175,969,969,969
3176,969,969,969
3177,969,969,969
3178,969,969,969
3179,969,969,969
3180,969,969,969
3181,969,969,969
3182,969,969,969
3183,969,969,969
3184,969,969,969
3185,969,969,969
3186,969,969,969
3187,969,969,969
3188,969,969,969
3189,969,969,969
3190,969,969,969
3191,969,969,969
3192,969,969,969
3193,969,969,969
3194,969,969,969
3195,969,969,969
3196,969,969,969
3197,969,969,969
3198,969,969,969
3199,969,969,969
3200,969,969,969
3201,969,969,969
3202,969,969,969
3203,969,969,969
3204,969,969,969
3205,969,969,969
3206,969,969,969
3207,969,969,969
3208,969,969,969
3209,969,969,969
3210,969,969,969
3211,969,969,969
3212,969,969,969
3213,969,969,969
3214,969,969,969
3215,969,969,969
3216,969,969,969
3217,969,969,969
3218,969,969,969
3219,969,969,969
3220,969,969,969
3221,969,969,969
3222,969,969,969
3223,969,969,969
3224,969,969,969
3225,969,969,969
3226,969,969,969
3227,969,969,969
3228,969,969,969
3229,969,969,969
3230,969,969,969
3231,969,969,969
3232,969,969,969
3233,969,969,969
3234,969,969,969
3235,969,969,969
3236,969,969,969
3237,969,969,969
3238,969,969,969
3239,969,969,969
3240,969,969,969
3241,969,969,969
3242,969,969,969
3243,969,969,969
3244,969,969,969
3245,969,969,969
3246,969,969,969
3247,969,969,969
3248,969,969,969
3249,969,969,969
3250,969,969,969
3251,969,969,969
3252,969,969,969
3253,969,969,969
3254,969,969,969
3255,969,969,969
3256,969,969,969
3257,969,969,969
3258,969,969,969
3259,969,969,969
3260,969,969,969
3261,969,969,969
3262,969,969,969
3263,969,969,969
3264,969,969,969
3265,969,969,969
3266,969,969,969
3267,969,969,969
3268,969,969,969
3269,969,969,969
3270,969,969,969
3271,969,969,969
3272,969,969,969
3273,969,969,969
3274,969,969,969
3275,969,969,969
3276,969,969,969
3277,969,969,969
3278,969,969,969
3279,969,969,969
3280,969,969,969
3281,969,969,969
3282,969,969,969
3283,969,969,969
3284,969,969,969
3285,969,969,969
3286,969,969,969
3287,969,969,969
3288,969,969,969
3289,969,969,969
3290,969,969,969
3291,969,969,969
3292,969,969,969
3293,969,969,969
3294,969,969,969
3295,969,969,969
3296,969,969,969
3297,969,969,969
3298,969,969,969
3299,969,969,969
3300,969,969,969
3301,969,969,969
3302,969,969,969
3303,969,969,969
3304,969,969,969
3305,969,969,969
3306,969,969,969
3307,969,969,969
3308,969,969,969
3309,969,969,969
3310,969,969,969
3311,969,969,969
3312,969,969,969
3313,969,969,969
3314,969,969,969
3315,969,969,969
3316,969,969,969
3317,969,969,969
3318,969,969,969
3319,969,969,969
3320,969,969,969
3321,969,969,969
3322,969,969,969
3323,969,969,969
3324,969,969,969
3325,969,969,969
3326,969,969,969
3327,969,969,969
3328,969,969,969
3329,969,969,969
3330,969,969,969
3331,969,969,969
3332,969,969,969
3333,969,969,969
3334,969,969,969
3335,969,969,969
3336,969,969,969
3337,969,969,969
3338,969,969,969
3339,969,969,969
3340,969,969,969
3341,969,969,969
3342,969,969,969
3343,969,969,969
3344,969,969,969
3345,969,969,969
3346,969,969,969
3347,969,969,969
3348,969,969,969
3349,969,969,969
3350,969,969,969
3351,969,969,969
3352,969,969,969
3353,969,969,969
3354,969,969,969
3355,969,969,969
3356,969,969,969
3357,969,969,969
3358,969,969,969
3359,969,969,969
3360,969,969,969
3361,969,969,969
3362,969,969,969
3363,969,969,969
3364,969,969,969
3365,969,969,969
3366,969,969,969
3367,969,969,969
3368,969,969,969
3369,969,969,969
3370,969,969,969
3371,969,969,969
3372,969,969,969
3373,969,969,969
3374,969,969,969
3375,969,969,969
3376,969,969,969
3377,969,969,969
3378,969,969,969
3379,969,969,969
3380,969,969,969
3381,969,969,969
3382,969,969,969
3383,969,969,969
3384,969,969,969
3385,969,969,969
3386,969,969,969
3387,969,969,969
3388,969,969,969
3389,969,969,969
3390,969,969,969
3391,969,969,969
3392,969,969,969
3393,969,969,969
3394,969,969,969
3395,969,969,969
3396,969,969,969
3397,969,969,969
3398,969,969,969
3399,969,969,969
3400,969,969,969
3401,969,969,969
3402,969,969,969
3403,969,969,969
3404,969,969,969
3405,969,969,969
3406,969,969,969
3407,969,969,969
3408,969,969,969
3409,969,969,969
3410,969,969,969
3411,969,969,969
3412,969,969,969
3413,969,969,969
3414,969,969,969
3415,969,969,969
3416,969,969,969
3417,969,969,969
3418,969,969,969
3419,969,969,969
3420,969,969,969
3421,969,969,969
3422,969,969,969
3423,969,969,969
3424,969,969,969
3425,969,969,969
3426,969,969,969
3427,969,969,969
3428,969,969,969
3429,969,969,969
3430,969,969,969
3431,969,969,969
3432,969,969,969
3433,969,969,969
3434,969,969,969
3435,969,969,969
3436,969,969,969
3437,969,969,969
3438,969,969,969
3439,969,969,969
3440,969,969,969
3441,969,969,969
3442,969,969,969
3443,969,969,969
3444,969,969,969
3445,969,969,969
3446,969,969,969
3447,969,969,969
3448,969,969,969
3449,969,969,969
3450,969,969,969
3451,969,969,969
3452,969,969,969
3453,969,969,969
3454,969,969,969
3455,969,969,969
3456,969,969,969
3457,969,969,969
3458,969,969,969
3459,969,969,969
3460,969,969,969
3461,969,969,969
3462,969,969,969
3463,969,969,969
3464,969,969,969
3465,969,969,969
3466,969,969,969
3467,969,969,969
3468,969,969,969
3469,969,969,969
3470,969,969,969
3471,969,969,969
3472,969,969,969
3473,969,969,969
3474,969,969,969
3475,969,969,969
3476,969,969,969
3477,969,969,969
3478,969,969,969
3479,969,969,969
3480,969,969,969
3481,969,969,969
3482,969,969,969
3483,969,969,969
3484,969,969,969
3485,969,969,969
3486,969,969,969
3487,969,969,969
3488,969,969,969
3489,969,969,969
3490,969,969,969
3491,969,969,969
3492,969,969,969
3493,969,969,969
3494,969,969,969
3495,969,969,969
3496,969,969,969
3497,969,969,969
3498,969,969,969
3499,969,969,969
3500,969,969,969
3501,969,969,969
3502,969,969,969
3503,969,969,969
3504,969,969,969
3505,969,969,969
3506,969,969,969
3507,969,969,969
3508,969,969,969
3509,969,969,969
3510,969,969,969
3511,969,969,969
3512,969,969,969
3513,969,969,969
3514,969,969,969
3515,969,969,969
3516,969,969,969
3517,969,969,969
3518,969,969,969
3519,969,969,969
3520,969,969,969
3521,969,969,969
3522,969,969,969
3523,969,969,969
3524,969,969,969
3525,969,969,969
3526,969,969,969
3527,969,969,969
3528,969,969,969
3529,969,969,969
3530,969,969,969
3531,969,969,969
3532,969,969,969
3533,969,969,969
3534,969,969,969
3535,969,969,969
3536,969,969,969
3537,969,969,969
3538,969,969,969
3539,969,969,969
3540,969,969,969
3541,969,969,969
3542,969,969,969
3543,969,969,969
3544,969,969,969
3545,969,969,969
3546,969,969,969
3547,969,969,969
3548,969,969,969
3549,969,969,969
3550,969,969,969
3551,969,969,969
3552,969,969,969
3553,969,969,969
3554,969,969,969
3555,969,969,969
3556,969,969,969
3557,969,969,969
3558,969,969,969
3559,969,969,969
3560,969,969,969
3561,969,969,969
3562,969,969,969
3563,969,969,969
3564,969,969,969
3565,969,969,969
3566,969,969,969
3567,969,969,969
3568,969,969,969
3569,969,969,969
3570,969,969,969
3571,969,969,969
3572,969,969,969
3573,969,969,969
3574,969,969,969
3575,969,969,969
3576,969,969,969
3577,969,969,969
3578,969,969,969
3579,969,969,969
3580,969,969,969
3581,969,969,969
3582,969,969,969
3583,969,969,969
3584,969,969,969
3585,969,969,969
3586,969,969,969
3587,969,969,969
3588,969,969,969
3589,969,969,969
3590,969,969,969
3591,969,969,969
3592,969,969,969
3593,969,969,969
3594,969,969,969
3595,969,969,969
3596,969,969,969
3597,969,969,969
3598,969,969,969
3599,969,969,969
3600,969,969,969
3601,969,969,969
3602,969,969,969
3603,969,969,969
3604,969,969,969
3605,969,969,969
3606,969,969,969
3607,969,969,969
3608,969,969,969
3609,969,969,969
3610,969,969,969
3611,969,969,969
3612,969,969,969
3613,969,969,969
3614,969,969,969
3615,969,969,969
3616,969,969,969
3617,969,969,969
3618,969,969,969
3619,969,969,969
3620,969,969,969
3621,969,969,969
3622,969,969,969
3623,969,969,969
3624,969,969,969
3625,969,969,969
3626,969,969,969
3627,969,969,969
3628,969,969,969
3629,969,969,969
3630,969,969,969
3631,969,969,969
3632,969,969,969
3633,969,969,969
3634,969,969,969
3635,969,969,969
3636,969,969,969
3637,969,969,969
3638,969,969,969
3639,969,969,969
3640,969,969,969
3641,969,969,969
3642,969,969,969
3643,969,969,969
3644,969,969,969
3645,969,969,969
3646,969,969,969
3647,969,969,969
3648,969,969,969
3649,969,969,969
3650,969,969,969
3651,969,969,969
3652,969,969,969
3653,969,969,969
3654,969,969,969
3655,969,969,969
3656,969,969,969
3657,969,969,969
3658,969,969,969
3659,969,969,969
3660,969,969,969
3661,969,969,969
3662,969,969,969
3663,969,969,969
3664,969,969,969
3665,969,969,969
3666,969,969,969
3667,969,969,969
3668,969,969,969
3669,969,969,969
3670,969,969,969
3671,969,969,969
3672,969,969,969
3673,969,969,969
3674,969,969,969
3675,969,969,969
3676,969,969,969
3677,969,969,969
3678,969,969,969
3679,969,969,969
3680,969,969,969
3681,969,969,969
3682,969,969,969
3683,969,969,969
3684,969,969,969
3685,969,969,969
3686,969,969,969
3687,969,969,969
3688,969,969,969
3689,969,969,969
3690,969,969,969
3691,969,969,969
3692,969,969,969
3693,969,969,969
3694,969,969,969
3695,969,969,969
3696,969,969,969
3697,969,969,969
3698,969,969,969
3699,969,969,969
3700,969,969,969
3701,969,969,969
3702,969,969,969
3703,969,969,969
3704,969,969,969
3705,969,969,969
3706,969,969,969
3707,969,969,969
3708,969,969,969
3709,969,969,969
3710,969,969,969
3711,969,969,969
3712,969,969,969
3713,969,969,969
3714,969,969,969
3715,969,969,969
3716,969,969,969
3717,969,969,969
3718,969,969,969
3719,969,969,969
3720,969,969,969
3721,969,969,969
3722,969,969,969
3723,969,969,969
3724,969,969,969
3725,969,969,969
3726,969,969,969
3727,969,969,969
3728,969,969,969
3729,969,969,969
3730,969,969,969
3731,969,969,969
3732,969,969,969
3733,969,969,969
3734,969,969,969
3735,969,969,969
3736,969,969,969
3737,969,969,969
3738,969,969,969
3739,969,969,969
3740,969,969,969
3741,969,969,969
3742,969,969,969
3743,969,969,969
3744,969,969,969
3745,969,969,969
3746,969,969,969
3747,969,969,969
3748,969,969,969
3749,969,969,969
3750,969,969,969
3751,969,969,969
3752,969,969,969
3753,969,969,969
3754,969,969,969
3755,969,969,969
3756,969,969,969
3757,969,969,969
3758,969,969,969
3759,969,969,969
3760,969,969,969
3761,969,969,969
3762,969,969,969
3763,969,969,969
3764,969,969,969
3765,969,969,969
3766,969,969,969
3767,969,969,969
3768,969,969,969
3769,969,969,969
3770,969,969,969
3771,969,969,969
3772,969,969,969
3773,969,969,969
3774,969,969,969
3775,969,969,969
3776,969,969,969
3777,969,969,969
3778,969,969,969
3779,969,969,969
3780,969,969,969
3781,969,969,969
3782,969,969,969
3783,969,969,969
3784,969,969,969
3785,969,969,969
3786,969,969,969
3787,969,969,969
3788,969,969,969
3789,969,969,969
3790,969,969,969
3791,969,969,969
3792,969,969,969
3793,969,969,969
3794,969,969,969
3795,969,969,969
3796,969,969,969
3797,969,969,969
3798,969,969,969
3799,969,969,969
3800,969,969,969
3801,969,969,969
3802,969,969,969
3803,969,969,969
3804,969,969,969
3805,969,969,969
3806,969,969,969
3807,969,969,969
3808,969,969,969
3809,969,969,969
3810,969,969,969
3811,969,969,969
3812,969,969,969
3813,969,969,969
3814,969,969,969
3815,969,969,969
3816,969,969,969
3817,969,969,969
3818,969,969,969
3819,969,969,969
3820,969,969,969
3821,969,969,969
3822,969,969,969
3823,969,969,969
3824,969,969,969
3825,969,969,969
3826,969,969,969
3827,969,969,969
3828,969,969,969
3829,969,969,969
3830,969,969,969
3831,969,969,969
3832,969,969,969
3833,969,969,969
3834,969,969,969
3835,969,969,969
3836,969,969,969
3837,969,969,969
3838,969,969,969
3839,969,969,969
3840,969,969,969
3841,969,969,969
3842,969,969,969
3843,969,969,969
3844,969,969,969
3845,969,969,969
3846,969,969,969
3847,969,969,969
3848,969,969,969
3849,969,969,969
3850,969,969,969
3851,969,969,969
3852,969,969,969
3853,969,969,969
3854,969,969,969
3855,969,969,969
3856,969,969,969
3857,969,969,969
3858,969,969,969
3859,969,969,969
3860,969,969,969
3861,969,969,969
3862,969,969,969
3863,969,969,969
3864,969,969,969
3865,969,969,969
3866,969,969,969
3867,969,969,969
3868,969,969,969
3869,969,969,969
3870,969,969,969
3871,969,969,969
3872,969,969,969
3873,969,969,969
3874,969,969,969
3875,969,969,969
3876,969,969,969
3877,969,969,969
3878,969,969,969
3879,969,969,969
3880,969,969,969
3881,969,969,969
3882,969,969,969
3883,969,969,969
3884,969,969,969
3885,969,969,969
3886,969,969,969
3887,969,969,969
3888,969,969,969
3889,969,969,969
3890,969,969,969
3891,969,969,969
3892,969,969,969
3893,969,969,969
3894,969,969,969
3895,969,969,969
3896,969,969,969
3897,969,969,969
3898,969,969,969
3899,969,969,969
3900,969,969,969
3901,969,969,969
3902,969,969,969
3903,969,969,969
3904,969,969,969
3905,969,969,969
3906,969,969,969
3907,969,969,969
3908,969,969,969
3909,969,969,969
3910,969,969,969
3911,969,969,969
3912,969,969,969
3913,969,969,969
3914,969,969,969
3915,969,969,969
3916,969,969,969
3917,969,969,969
3918,969,969,969
3919,969,969,969
3920,969,969,969
3921,969,969,969
3922,969,969,969
3923,969,969,969
3924,969,969,969
3925,969,969,969
3926,969,969,969
3927,969,969,969
3928,969,969,969
3929,969,969,969
3930,969,969,969
3931,969,969,969
3932,969,969,969
3933,969,969,969
3934,969,969,969
3935,969,969,969
3936,969,969,969
3937,969,969,969
3938,969,969,969
3939,969,969,969
3940,969,969,969
3941,969,969,969
3942,969,969,969
3943,969,969,969
3944,969,969,969
3945,969,969,969
3946,969,969,969
3947,969,969,969
3948,969,969,969
3949,969,969,969
3950,969,969,969
3951,969,969,969
3952,969,969,969
3953,969,969,969
3954,969,969,969
3955,969,969,969
3956,969,969,969
3957,969,969,969
3958,969,969,969
3959,969,969,969
3960,969,969,969
3961,969,969,969
3962,969,969,969
3963,969,969,969
3964,969,969,969
3965,969,969,969
3966,969,969,969
3967,969,969,969
3968,969,969,969
3969,969,969,969
3970,969,969,969
3971,969,969,969
3972,969,969,969
3973,969,969,969
3974,969,969,969
3975,969,969,969
3976,969,969,969
3977,969,969,969
3978,969,969,969
3979,969,969,969
3980,969,969,969
3981,969,969,969
3982,969,969,969
3983,969,969,969
3984,969,969,969
3985,969,969,969
3986,969,969,969
3987,969,969,969
3988,969,969,969
3989,969,969,969
3990,969,969,969
3991,969,969,969
3992,969,969,969
3993,969,969,969
3994,969,969,969
3995,969,969,969
3996,969,969,969
3997,969,969,969
3998,969,969,969
3999,969,969,969
4000,969,969,969
4001,969,969,969
4002,969,969,969
4003,969,969,969
4004,969,969,969
4005,969,969,969
4006,969,969,969
4007,969,969,969
4008,969,969,969
4009,969,969,969
4010,969,969,969
4011,969,969,969
4012,969,969,969
4013,969,969,969
4014,969,969,969
4015,969,969,969
4016,969,969,969
4017,969,969,969
4018,969,969,969
4019,969,969,969
4020,969,969,969
4021,969,969,969
4022,969,969,969
4023,969,969,969
4024,969,969,969
4025,969,969,969
4026,969,969,969
4027,969,969,969
4028,969,969,969
4029,969,969,969
4030,969,969,969
4031,969,969,969
4032,969,969,969
4033,969,969,969
4034,969,969,969
4035,969,969,969
4036,969,969,969
4037,969,969,969
4038,969,969,969
4039,969,969,969
4040,969,969,969
4041,969,969,969
4042,969,969,969
4043,969,969,969
4044,969,969,969
4045,969,969,969
4046,969,969,969
4047,969,969,969
4048,969,969,969
4049,969,969,969
4050,969,969,969
4051,969,969,969
4052,969,969,969
4053,969,969,969
4054,969,969,969
4055,969,969,969
4056,969,969,969
4057,969,969,969
4058,969,969,969
4059,969,969,969
4060,969,969,969
4061,969,969,969
4062,969,969,969
4063,969,969,969
4064,969,969,969
4065,969,969,969
4066,969,969,969
4067,969,969,969
4068,969,969,969
4069,969,969,969
4070,969,969,969
4071,969,969,969
4072,969,969,969
4073,969,969,969
4074,969,969,969
4075,969,969,969
4076,969,969,969
4077,969,969,969
4078,969,969,969
4079,969,969,969
4080,969,969,969
4081,969,969,969
4082,969,969,969
4083,969,969,969
4084,969,969,969
4085,969,969,969
4086,969,969,969
4087,969,969,969
4088,969,969,969
4089,969,969,969
4090,969,969,969
4091,969,969,969
4092,969,969,969
4093,969,969,969
4094,969,969,969
4095,969,969,969
4096,969,969,969
4097,969,969,969
4098,969,969,969
4099,969,969,969
4100,969,969,969
4101,969,969,969
4102,969,969,969
4103,969,969,969
4104,969,969,969
4105,969,969,969
4106,969,969,969
4107,969,969,969
4108,969,969,969
4109,969,969,969
4110,969,969,969
4111,969,969,969
4112,969,969,969
4113,969,969,969
4114,969,969,969
4115,969,969,969
4116,969,969,969
4117,969,969,969
4118,969,969,969
4119,969,969,969
4120,969,969,969
4121,969,969,969
4122,969,969,969
4123,969,969,969
4124,969,969,969
4125,969,969,969
4126,969,969,969
4127,969,969,969
4128,969,969,969
4129,969,969,969
4130,969,969,969
4131,969,969,969
4132,969,969,969
4133,969,969,969
4134,969,969,969
4135,969,969,969
4136,969,969,969
4137,969,969,969
4138,969,969,969
4139,969,969,969
4140,969,969,969
4141,969,969,969
4142,969,969,969
4143,969,969,969
4144,969,969,969
4145,969,969,969
4146,969,969,969
4147,969,969,969
4148,969,969,969
4149,969,969,969
4150,969,969,969
4151,969,969,969
4152,969,969,969
4153,969,969,969
4154,969,969,969
4155,969,969,969
4156,969,969,969
4157,969,969,969
4158,969,969,969
4159,969,969,969
4160,969,969,969
4161,969,969,969
4162,969,969,969
4163,969,969,969
4164,969,969,969
4165,969,969,969
4166,969,969,969
4167,969,969,969
4168,969,969,969
4169,969,969,969
4170,969,969,969
4171,969,969,969
4172,969,969,969
4173,969,969,969
4174,969,969,969
4175,969,969,969
4176,969,969,969
4177,969,969,969
4178,969,969,969
4179,969,969,969
4180,969,969,969
4181,969,969,969
4182,969,969,969
4183,969,969,969
4184,969,969,969
4185,969,969,969
4186,969,969,969
4187,969,969,969
4188,969,969,969
4189,969,969,969
4190,969,969,969
4191,969,969,969
4192,969,969,969
4193,969,969,969
4194,969,969,969
4195,969,969,969
4196,969,969,969
4197,969,969,969
4198,969,969,969
4199,969,969,969
4200,969,969,969
4201,969,969,969
4202,969,969,969
4203,969,969,969
4204,969,969,969
4205,969,969,969
4206,969,969,969
4207,969,969,969
4208,969,969,969
4209,969,969,969
4210,969,969,969
4211,969,969,969
4212,969,969,969
4213,969,969,969
4214,969,969,969
4215,969,969,969
4216,969,969,969
4217,969,969,969
4218,969,969,969
4219,969,969,969
4220,969,969,969
4221,969,969,969
4222,969,969,969
4223,969,969,969
4224,969,969,969
4225,969,969,969
4226,969,969,969
4227,969,969,969
4228,969,969,969
4229,969,969,969
4230,969,969,969
4231,969,969,969
4232,969,969,969
4233,969,969,969
4234,969,969,969
4235,969,969,969
4236,969,969,969
4237,969,969,969
4238,969,969,969
4239,969,969,969
4240,969,969,969
4241,969,969,969
4242,969,969,969
4243,969,969,969
4244,969,969,969
4245,969,969,969
4246,969,969,969
4247,969,969,969
4248,969,969,969
4249,969,969,969
4250,969,969,969
4251,969,969,969
4252,969,969,969
4253,969,969,969
4254,969,969,969
4255,969,969,969
4256,969,969,969
4257,969,969,969
4258,969,969,969
4259,969,969,969
4260,969,969,969
4261,969,969,969
4262,969,969,969
4263,969,969,969
4264,969,969,969
4265,969,969,969
4266,969,969,969
4267,969,969,969
4268,969,969,969
4269,969,969,969
4270,969,969,969
4271,969,969,969
4272,969,969,969
4273,969,969,969
4274,969,969,969
4275,969,969,969
4276,969,969,969
4277,969,969,969
4278,969,969,969
4279,969,969,969
4280,969,969,969
4281,969,969,969
4282,969,969,969
4283,969,969,969
4284,969,969,969
4285,969,969,969
4286,969,969,969
4287,969,969,969
4288,969,969,969
4289,969,969,969
4290,969,969,969
4291,969,969,969
4292,969,969,969
4293,969,969,969
4294,969,969,969
4295,969,969,969
4296,969,969,969
4297,969,969,969
4298,969,969,969
4299,969,969,969
4300,969,969,969
4301,969,969,969
4302,969,969,969
4303,969,969,969
4304,969,969,969
4305,969,969,969
4306,969,969,969
4307,969,969,969
4308,969,969,969
4309,969,969,969
4310,969,969,969
4311,969,969,969
4312,969,969,969
4313,969,969,969
4314,969,969,969
4315,969,969,969
4316,969,969,969
4317,969,969,969
4318,969,969,969
4319,969,969,969
4320,969,969,969
4321,969,969,969
4322,969,969,969
4323,969,969,969
4324,969,969,969
4325,969,969,969
4326,969,969,969
4327,969,969,969
4328,969,969,969
4329,969,969,969
4330,969,969,969
4331,969,969,969
4332,969,969,969
4333,969,969,969
4334,969,969,969
4335,969,969,969
4336,969,969,969
4337,969,969,969
4338,969,969,969
4339,969,969,969
4340,969,969,969
4341,969,969,969
4342,969,969,969
4343,969,969,969
4344,969,969,969
4345,969,969,969
4346,969,969,969
4347,969,969,969
4348,969,969,969
4349,969,969,969
4350,969,969,969
4351,969,969,969
4352,969,969,969
4353,969,969,969
4354,969,969,969
4355,969,969,969
4356,969,969,969
4357,969,969,969
4358,969,969,969
4359,969,969,969
4360,969,969,969
4361,969,969,969
4362,969,969,969
4363,969,969,969
4364,969,969,969
4365,969,969,969
4366,969,969,969
4367,969,969,969
4368,969,969,969
4369,969,969,969
4370,969,969,969
4371,969,969,969
4372,969,969,969
4373,969,969,969
4374,969,969,969
4375,969,969,969
4376,969,969,969
4377,969,969,969
4378,969,969,969
4379,969,969,969
4380,969,969,969
4381,969,969,969
4382,969,969,969
4383,969,969,969
4384,969,969,969
4385,969,969,969
4386,969,969,969
4387,969,969,969
4388,969,969,969
4389,969,969,969
4390,969,969,969
4391,969,969,969
4392,969,969,969
4393,969,969,969
4394,969,969,969
4395,969,969,969
4396,969,969,969
4397,969,969,969
4398,969,969,969
4399,969,969,969
4400,969,969,969
4401,969,969,969
4402,969,969,969
4403,969,969,969
4404,969,969,969
4405,969,969,969
4406,969,969,969
4407,969,969,969
4408,969,969,969
4409,969,969,969
4410,969,969,969
4411,969,969,969
4412,969,969,969
4413,969,969,969
4414,969,969,969
4415,969,969,969
4416,969,969,969
4417,969,969,969
4418,969,969,969
4419,969,969,969
4420,969,969,969
4421,969,969,969
4422,969,969,969
4423,969,969,969
4424,969,969,969
4425,969,969,969
4426,969,969,969
4427,969,969,969
4428,969,969,969
4429,969,969,969
4430,969,969,969
4431,969,969,969
4432,969,969,969
4433,969,969,969
4434,969,969,969
4435,969,969,969
4436,969,969,969
4437,969,969,969
4438,969,969,969
4439,969,969,969
4440,969,969,969
4441,969,969,969
4442,969,969,969
4443,969,969,969
4444,969,969,969
4445,969,969,969
4446,969,969,969
4447,969,969,969
4448,969,969,969
4449,969,969,969
4450,969,969,969
4451,969,969,969
4452,969,969,969
4453,969,969,969
4454,969,969,969
4455,969,969,969
4456,969,969,969
4457,969,969,969
4458,969,969,969
4459,969,969,969
4460,969,969,969
4461,969,969,969
4462,969,969,969
4463,969,969,969
4464,969,969,969
4465,969,969,969
4466,969,969,969
4467,969,969,969
4468,969,969,969
4469,969,969,969
4470,969,969,969
4471,969,969,969
4472,969,969,969
4473,969,969,969
4474,969,969,969
4475,969,969,969
4476,969,969,969
4477,969,969,969
4478,969,969,969
4479,969,969,969
4480,969,969,969
4481,969,969,969
4482,969,969,969
4483,969,969,969
4484,969,969,969
4485,969,969,969
4486,969,969,969
4487,969,969,969
4488,969,969,969
4489,969,969,969
4490,969,969,969
4491,969,969,969
4492,969,969,969
4493,969,969,969
4494,969,969,969
4495,969,969,969
4496,969,969,969
4497,969,969,969
4498,969,969,969
4499,969,969,969
4500,969,969,969
4501,969,969,969
4502,969,969,969
4503,969,969,969
4504,969,969,969
4505,969,969,969
4506,969,969,969
4507,969,969,969
4508,969,969,969
4509,969,969,969
4510,969,969,969
4511,969,969,969
4512,969,969,969
4513,969,969,969
4514,969,969,969
4515,969,969,969
4516,969,969,969
4517,969,969,969
4518,969,969,969
4519,969,969,969
4520,969,969,969
4521,969,969,969
4522,969,969,969
4523,969,969,969
4524,969,969,969
4525,969,969,969
4526,969,969,969
4527,969,969,969
4528,969,969,969
4529,969,969,969
4530,969,969,969
4531,969,969,969
4532,969,969,969
4533,969,969,969
4534,969,969,969
4535,969,969,969
4536,969,969,969
4537,969,969,969
4538,969,969,969
4539,969,969,969
4540,969,969,969
4541,969,969,969
4542,969,969,969
4543,969,969,969
4544,969,969,969
4545,969,969,969
4546,969,969,969
4547,969,969,969
4548,969,969,969
4549,969,969,969
4550,969,969,969
4551,969,969,969
4552,969,969,969
4553,969,969,969
4554,969,969,969
4555,969,969,969
4556,969,969,969
4557,969,969,969
4558,969,969,969
4559,969,969,969
4560,969,969,969
4561,969,969,969
4562,969,969,969
4563,969,969,969
4564,969,969,969
4565,969,969,969
4566,969,969,969
4567,969,969,969
4568,969,969,969
4569,969,969,969
4570,969,969,969
4571,969,969,969
4572,969,969,969
4573,969,969,969
4574,969,969,969
4575,969,969,969
4576,969,969,969
4577,969,969,969
4578,969,969,969
4579,969,969,969
4580,969,969,969
4581,969,969,969
4582,969,969,969
4583,969,969,969
4584,969,969,969
4585,969,969,969
4586,969,969,969
4587,969,969,969
4588,969,969,969
4589,969,969,969
4590,969,969,969
4591,969,969,969
4592,969,969,969
4593,969,969,969
4594,969,969,969
4595,969,969,969
4596,969,969,969
4597,969,969,969
4598,969,969,969
4599,969,969,969
4600,969,969,969
4601,969,969,969
4602,969,969,969
4603,969,969,969
4604,969,969,969
4605,969,969,969
4606,969,969,969
4607,969,969,969
4608,969,969,969
4609,969,969,969
4610,969,969,969
4611,969,969,969
4612,969,969,969
4613,969,969,969
4614,969,969,969
4615,969,969,969
4616,969,969,969
4617,969,969,969
4618,969,969,969
4619,969,969,969
4620,969,969,969
4621,969,969,969
4622,969,969,969
4623,969,969,969
4624,969,969,969
4625,969,969,969
4626,969,969,969
4627,969,969,969
4628,969,969,969
4629,969,969,969
4630,969,969,969
4631,969,969,969
4632,969,969,969
4633,969,969,969
4634,969,969,969
4635,969,969,969
4636,969,969,969
4637,969,969,969
4638,969,969,969
4639,969,969,969
4640,969,969,969
4641,969,969,969
4642,969,969,969
4643,969,969,969
4644,969,969,969
4645,969,969,969
4646,969,969,969
4647,969,969,969
4648,969,969,969
4649,969,969,969
4650,969,969,969
4651,969,969,969
4652,969,969,969
4653,969,969,969
4654,969,969,969
4655,969,969,969
4656,969,969,969
4657,969,969,969
4658,969,969,969
4659,969,969,969
4660,969,969,969
4661,969,969,969
4662,969,969,969
4663,969,969,969
4664,969,969,969
4665,969,969,969
4666,969,969,969
4667,969,969,969
4668,969,969,969
4669,969,969,969
4670,969,969,969
4671,969,969,969
4672,969,969,969
4673,969,969,969
4674,969,969,969
4675,969,969,969
4676,969,969,969
4677,969,969,969
4678,969,969,969
4679,969,969,969
4680,969,969,969
4681,969,969,969
4682,969,969,969
4683,969,969,969
4684,969,969,969
4685,969,969,969
4686,969,969,969
4687,969,969,969
4688,969,969,969
4689,969,969,969
4690,969,969,969
4691,969,969,969
4692,969,969,969
4693,969,969,969
4694,969,969,969
4695,969,969,969
4696,969,969,969
4697,969,969,969
4698,969,969,969
4699,969,969,969
4700,969,969,969
4701,969,969,969
4702,969,969,969
4703,969,969,969
4704,969,969,969
4705,969,969,969
4706,969,969,969
4707,969,969,969
4708,969,969,969
4709,969,969,969
4710,969,969,969
4711,969,969,969
4712,969,969,969
4713,969,969,969
4714,969,969,969
4715,969,969,969
4716,969,969,969
4717,969,969,969
4718,969,969,969
4719,969,969,969
4720,969,969,969
4721,969,969,969
4722,969,969,969
4723,969,969,969
4724,969,969,969
4725,969,969,969
4726,969,969,969
4727,969,969,969
4728,969,969,969
4729,969,969,969
4730,969,969,969
4731,969,969,969
4732,969,969,969
4733,969,969,969
4734,969,969,969
4735,969,969,969
4736,969,969,969
4737,969,969,969
4738,969,969,969
4739,969,969,969
4740,969,969,969
4741,969,969,969
4742,969,969,969
4743,969,969,969
4744,969,969,969
4745,969,969,969
4746,969,969,969
4747,969,969,969
4748,969,969,969
4749,969,969,969
4750,969,969,969
4751,969,969,969
4752,969,969,969
4753,969,969,969
4754,969,969,969
4755,969,969,969
4756,969,969,969
4757,969,969,969
4758,969,969,969
4759,969,969,969
4760,969,969,969
4761,969,969,969
4762,969,969,969
4763,969,969,969
4764,969,969,969
4765,969,969,969
4766,969,969,969
4767,969,969,969
4768,969,969,969
4769,969,969,969
4770,969,969,969
4771,969,969,969
4772,969,969,969
4773,969,969,969
4774,969,969,969
4775,969,969,969
4776,969,969,969
4777,969,969,969
4778,969,969,969
4779,969,969,969
4780,969,969,969
4781,969,969,969
4782,969,969,969
4783,969,969,969
4784,969,969,969
4785,969,969,969
4786,969,969,969
4787,969,969,969
4788,969,969,969
4789,969,969,969
4790,969,969,969
4791,969,969,969
4792,969,969,969
4793,969,969,969
4794,969,969,969
4795,969,969,969
4796,969,969,969
4797,969,969,969
4798,969,969,969
4799,969,969,969
4800,969,969,969
4801,969,969,969
4802,969,969,969
4803,969,969,969
4804,969,969,969
4805,969,969,969
4806,969,969,969
4807,969,969,969
4808,969,969,969
4809,969,969,969
4810,969,969,969
4811,969,969,969
4812,969,969,969
4813,969,969,969
4814,969,969,969
4815,969,969,969
4816,969,969,969
4817,969,969,969
4818,969,969,969
4819,969,969,969
4820,969,969,969
4821,969,969,969
4822,969,969,969
4823,969,969,969
4824,969,969,969
4825,969,969,969
4826,969,969,969
4827,969,969,969
4828,969,969,969
4829,969,969,969
4830,969,969,969
4831,969,969,969
4832,969,969,969
4833,969,969,969
4834,969,969,969
4835,969,969,969
4836,969,969,969
4837,969,969,969
4838,969,969,969
4839,969,969,969
4840,969,969,969
4841,969,969,969
4842,969,969,969
4843,969,969,969
4844,969,969,969
4845,969,969,969
4846,969,969,969
4847,969,969,969
4848,969,969,969
4849,969,969,969
4850,969,969,969
4851,969,969,969
4852,969,969,969
4853,969,969,969
4854,969,969,969
4855,969,969,969
4856,969,969,969
4857,969,969,969
4858,969,969,969
4859,969,969,969
4860,969,969,969
4861,969,969,969
4862,969,969,969
4863,969,969,969
4864,969,969,969
4865,969,969,969
4866,969,969,969
4867,969,969,969
4868,969,969,969
4869,969,969,969
4870,969,969,969
4871,969,969,969
4872,969,969,969
4873,969,969,969
4874,969,969,969
4875,969,969,969
4876,969,969,969
4877,969,969,969
4878,969,969,969
4879,969,969,969
4880,969,969,969
4881,969,969,969
4882,969,969,969
4883,969,969,969
4884,969,969,969
4885,969,969,969
4886,969,969,969
4887,969,969,969
4888,969,969,969
4889,969,969,969
4890,969,969,969
4891,969,969,969
4892,969,969,969
4893,969,969,969
4894,969,969,969
4895,969,969,969
4896,969,969,969
4897,969,969,969
4898,969,969,969
4899,969,969,969
4900,969,969,969
4901,969,969,969
4902,969,969,969
4903,969,969,969
4904,969,969,969
4905,969,969,969
4906,969,969,969
4907,969,969,969
4908,969,969,969
4909,969,969,969
4910,969,969,969
4911,969,969,969
4912,969,969,969
4913,969,969,969
4914,969,969,969
4915,969,969,969
4916,969,969,969
4917,969,969,969
4918,969,969,969
4919,969,969,969
4920,969,969,969
4921,969,969,969
4922,969,969,969
4923,969,969,969
4924,969,969,969
4925,969,969,969
4926,969,969,969
4927,969,969,969
4928,969,969,969
4929,969,969,969
4930,969,969,969
4931,969,969,969
4932,969,969,969
4933,969,969,969
4934,969,969,969
4935,969,969,969
4936,969,969,969
4937,969,969,969
4938,969,969,969
4939,969,969,969
4940,969,969,969
4941,969,969,969
4942,969,969,969
4943,969,969,969
4944,969,969,969
4945,969,969,969
4946,969,969,969
4947,969,969,969
4948,969,969,969
4949,969,969,969
4950,969,969,969
4951,969,969,969
4952,969,969,969
4953,969,969,969
4954,969,969,969
4955,969,969,969
4956,969,969,969
4957,969,969,969
4958,969,969,969
4959,969,969,969
4960,969,969,969
4961,969,969,969
4962,969,969,969
4963,969,969,969
4964,969,969,969
4965,969,969,969
4966,969,969,969
4967,969,969,969
4968,969,969,969
4969,969,969,969
4970,969,969,969
4971,969,969,969
4972,969,969,969
4973,969,969,969
4974,969,969,969
4975,969,969,969
4976,969,969,969
4977,969,969,969
4978,969,969,969
4979,969,969,969
4980,969,969,969
4981,969,969,969
4982,969,969,969
4983,969,969,969
4984,969,969,969
4985,969,969,969
4986,969,969,969
4987,969,969,969
4988,969,969,969
4989,969,969,969
4990,969,969,969
4991,969,969,969
4992,969,969,969
4993,969,969,969
4994,969,969,969
4995,969,969,969
4996,969,969,969
4997,969,969,969
4998,969,969,969
4999,969,969,969
5000,969,969,969
5001,969,969,969
5002,969,969,969
5003,969,969,969
5004,969,969,969
5005,969,969,969
5006,969,969,969
5007,969,969,969
5008,969,969,969
5009,969,969,969
5010,969,969,969
5011,969,969,969
5012,969,969,969
5013,969,969,969
5014,969,969,969
5015,969,969,969
5016,969,969,969
5017,969,969,969
5018,969,969,969
5019,969,969,969
5020,969,969,969
5021,969,969,969
5022,969,969,969
5023,969,969,969
5024,969,969,969
5025,969,969,969
5026,969,969,969
5027,969,969,969
5028,969,969,969
5029,969,969,969
5030,969,969,969
5031,969,969,969
5032,969,969,969
5033,969,969,969
5034,969,969,969
5035,969,969,969
5036,969,969,969
5037,969,969,969
5038,969,969,969
5039,969,969,969
5040,969,969,969
5041,969,969,969
5042,969,969,969
5043,969,969,969
5044,969,969,969
5045,969,969,969
5046,969,969,969
5047,969,969,969
5048,969,969,969
5049,969,969,969
5050,969,969,969
5051,969,969,969
5052,969,969,969
5053,969,969,969
5054,969,969,969
5055,969,969,969
5056,969,969,969
5057,969,969,969
5058,969,969,969
5059,969,969,969
5060,969,969,969
5061,969,969,969
5062,969,969,969
5063,969,969,969
5064,969,969,969
5065,969,969,969
5066,969,969,969
5067,969,969,969
5068,969,969,969
5069,969,969,969
5070,969,969,969
5071,969,969,969
5072,969,969,969
5073,969,969,969
5074,969,969,969
5075,969,969,969
5076,969,969,969
5077,969,969,969
5078,969,969,969
5079,969,969,969
5080,969,969,969
5081,969,969,969
5082,969,969,969
5083,969,969,969
5084,969,969,969
5085,969,969,969
5086,969,969,969
5087,969,969,969
5088,969,969,969
5089,969,969,969
5090,969,969,969
5091,969,969,969
5092,969,969,969
5093,969,969,969
5094,969,969,969
5095,969,969,969
5096,969,969,969
5097,969,969,969
5098,969,969,969
5099,969,969,969
5100,969,969,969
5101,969,969,969
5102,969,969,969
5103,969,969,969
5104,969,969,969
5105,969,969,969
5106,969,969,969
5107,969,969,969
5108,969,969,969
5109,969,969,969
5110,969,969,969
5111,969,969,969
5112,969,969,969
5113,969,969,969
5114,969,969,969
5115,969,969,969
5116,969,969,969
5117,969,969,969
5118,969,969,969
5119,969,969,969
5120,969,969,969
5121,969,969,969
5122,969,969,969
5123,969,969,969
5124,969,969,969
5125,969,969,969
5126,969,969,969
5127,969,969,969
5128,969,969,969
5129,969,969,969
5130,969,969,969
5131,969,969,969
5132,969,969,969
5133,969,969,969
5134,969,969,969
5135,969,969,969
5136,969,969,969
5137,969,969,969
5138,969,969,969
5139,969,969,969
5140,969,969,969
5141,969,969,969
5142,969,969,969
5143,969,969,969
5144,969,969,969
5145,969,969,969
5146,969,969,969
5147,969,969,969
5148,969,969,969
5149,969,969,969
5150,969,969,969
5151,969,969,969
5152,969,969,969
5153,969,969,969
5154,969,969,969
5155,969,969,969
5156,969,969,969
5157,969,969,969
5158,969,969,969
5159,969,969,969
5160,969,969,969
5161,969,969,969
5162,969,969,969
5163,969,969,969
5164,969,969,969
5165,969,969,969
5166,969,969,969
5167,969,969,969
5168,969,969,969
5169,969,969,969
5170,969,969,969
5171,969,969,969
5172,969,969,969
5173,969,969,969
5174,969,969,969
5175,969,969,969
5176,969,969,969
5177,969,969,969
5178,969,969,969
5179,969,969,969
5180,969,969,969
5181,969,969,969
5182,969,969,969
5183,969,969,969
5184,969,969,969
5185,969,969,969
5186,969,969,969
5187,969,969,969
5188,969,969,969
5189,969,969,969
5190,969,969,969
5191,969,969,969
5192,969,969,969
5193,969,969,969
5194,969,969,969
5195,969,969,969
5196,969,969,969
5197,969,969,969
5198,969,969,969
5199,969,969,969
5200,969,969,969
5201,969,969,969
5202,969,969,969
5203,969,969,969
5204,969,969,969
5205,969,969,969
5206,969,969,969
5207,969,969,969
5208,969,969,969
5209,969,969,969
5210,969,969,969
5211,969,969,969
5212,969,969,969
5213,969,969,969
5214,969,969,969
5215,969,969,969
5216,969,969,969
5217,969,969,969
5218,969,969,969
5219,969,969,969
5220,969,969,969
5221,969,969,969
5222,969,969,969
5223,969,969,969
5224,969,969,969
5225,969,969,969
5226,969,969,969
5227,969,969,969
5228,969,969,969
5229,969,969,969
5230,969,969,969
5231,969,969,969
5232,969,969,969
5233,969,969,969
5234,969,969,969
5235,969,969,969
5236,969,969,969
5237,969,969,969
5238,969,969,969
5239,969,969,969
5240,969,969,969
5241,969,969,969
5242,969,969,969
5243,969,969,969
5244,969,969,969
5245,969,969,969
5246,969,969,969
5247,969,969,969
5248,969,969,969
5249,969,969,969
5250,969,969,969
5251,969,969,969
5252,969,969,969
5253,969,969,969
5254,969,969,969
5255,969,969,969
5256,969,969,969
5257,969,969,969
5258,969,969,969
5259,969,969,969
5260,969,969,969
5261,969,969,969
5262,969,969,969
5263,969,969,969
5264,969,969,969
5265,969,969,969
5266,969,969,969
5267,969,969,969
5268,969,969,969
5269,969,969,969
5270,969,969,969
5271,969,969,969
5272,969,969,969
5273,969,969,969
5274,969,969,969
5275,969,969,969
5276,969,969,969
5277,969,969,969
5278,969,969,969
5279,969,969,969
5280,969,969,969
5281,969,969,969
5282,969,969,969
5283,969,969,969
5284,969,969,969
5285,969,969,969
5286,969,969,969
5287,969,969,969
5288,969,969,969
5289,969,969,969
5290,969,969,969
5291,969,969,969
5292,969,969,969
5293,969,969,969
5294,969,969,969
5295,969,969,969
5296,969,969,969
5297,969,969,969
5298,969,969,969
5299,969,969,969
5300,969,969,969
5301,969,969,969
5302,969,969,969
5303,969,969,969
5304,969,969,969
5305,969,969,969
5306,969,969,969
5307,969,969,969
5308,969,969,969
5309,969,969,969
5310,969,969,969
5311,969,969,969
5312,969,969,969
5313,969,969,969
5314,969,969,969
5315,969,969,969
5316,969,969,969
5317,969,969,969
5318,969,969,969
5319,969,969,969
5320,969,969,969
5321,969,969,969
5322,969,969,969
5323,969,969,969
5324,969,969,969
5325,969,969,969
5326,969,969,969
5327,969,969,969
5328,969,969,969
5329,969,969,969
5330,969,969,969
5331,969,969,969
5332,969,969,969
5333,969,969,969
5334,969,969,969
5335,969,969,969
5336,969,969,969
5337,969,969,969
5338,969,969,969
5339,969,969,969
5340,969,969,969
5341,969,969,969
5342,969,969,969
5343,969,969,969
5344,969,969,969
5345,969,969,969
5346,969,969,969
5347,969,969,969
5348,969,969,969
5349,969,969,969
5350,969,969,969
5351,969,969,969
5352,969,969,969
5353,969,969,969
5354,969,969,969
5355,969,969,969
5356,969,969,969
5357,969,969,969
5358,969,969,969
5359,969,969,969
5360,969,969,969
5361,969,969,969
5362,969,969,969
5363,969,969,969
5364,969,969,969
5365,969,969,969
5366,969,969,969
5367,969,969,969
5368,969,969,969
5369,969,969,969
5370,969,969,969
5371,969,969,969
5372,969,969,969
5373,969,969,969
5374,969,969,969
5375,969,969,969
5376,969,969,969
5377,969,969,969
5378,969,969,969
5379,969,969,969
5380,969,969,969
5381,969,969,969
5382,969,969,969
5383,969,969,969
5384,969,969,969
5385,969,969,969
5386,969,969,969
5387,969,969,969
5388,969,969,969
5389,969,969,969
5390,969,969,969
5391,969,969,969
5392,969,969,969
5393,969,969,969
5394,969,969,969
5395,969,969,969
5396,969,969,969
5397,969,969,969
5398,969,969,969
5399,969,969,969
5400,969,969,969
5401,969,969,969
5402,969,969,969
5403,969,969,969
5404,969,969,969
5405,969,969,969
5406,969,969,969
5407,969,969,969
5408,969,969,969
5409,969,969,969
5410,969,969,969
5411,969,969,969
5412,969,969,969
5413,969,969,969
5414,969,969,969
5415,969,969,969
5416,969,969,969
5417,969,969,969
5418,969,969,969
5419,969,969,969
5420,969,969,969
5421,969,969,969
5422,969,969,969
5423,969,969,969
5424,969,969,969
5425,969,969,969
5426,969,969,969
5427,969,969,969
5428,969,969,969
5429,969,969,969
5430,969,969,969
5431,969,969,969
5432,969,969,969
5433,969,969,969
5434,969,969,969
5435,969,969,969
5436,969,969,969
5437,969,969,969
5438,969,969,969
5439,969,969,969
5440,969,969,969
5441,969,969,969
5442,969,969,969
5443,969,969,969
5444,969,969,969
5445,969,969,969
5446,969,969,969
5447,969,969,969
5448,969,969,969
5449,969,969,969
5450,969,969,969
5451,969,969,969
5452,969,969,969
5453,969,969,969
5454,969,969,969
5455,969,969,969
5456,969,969,969
5457,969,969,969
5458,969,969,969
5459,969,969,969
5460,969,969,969
5461,969,969,969
5462,969,969,969
5463,969,969,969
5464,969,969,969
5465,969,969,969
5466,969,969,969
5467,969,969,969
5468,969,969,969
5469,969,969,969
5470,969,969,969
5471,969,969,969
5472,969,969,969
5473,969,969,969
5474,969,969,969
5475,969,969,969
5476,969,969,969
5477,969,969,969
5478,969,969,969
5479,969,969,969
5480,969,969,969
5481,969,969,969
5482,969,969,969
5483,969,969,969
5484,969,969,969
5485,969,969,969
5486,969,969,969
5487,969,969,969
5488,969,969,969
5489,969,969,969
5490,969,969,969
5491,969,969,969
5492,969,969,969
5493,969,969,969
5494,969,969,969
5495,969,969,969
5496,969,969,969
5497,969,969,969
5498,969,969,969
5499,969,969,969
5500,969,969,969
5501,969,969,969
5502,969,969,969
5503,969,969,969
5504,969,969,969
5505,969,969,969
5506,969,969,969
5507,969,969,969
5508,969,969,969
5509,969,969,969
5510,969,969,969
5511,969,969,969
5512,969,969,969
5513,969,969,969
5514,969,969,969
5515,969,969,969
5516,969,969,969
5517,969,969,969
5518,969,969,969
5519,969,969,969
5520,969,969,969
5521,969,969,969
5522,969,969,969
5523,969,969,969
5524,969,969,969
5525,969,969,969
5526,969,969,969
5527,969,969,969
5528,969,969,969
5529,969,969,969
5530,969,969,969
5531,969,969,969
5532,969,969,969
5533,969,969,969
5534,969,969,969
5535,969,969,969
5536,969,969,969
5537,969,969,969
5538,969,969,969
5539,969,969,969
5540,969,969,969
5541,969,969,969
5542,969,969,969
5543,969,969,969
5544,969,969,969
5545,969,969,969
5546,969,969,969
5547,969,969,969
5548,969,969,969
5549,969,969,969
5550,969,969,969
5551,969,969,969
5552,969,969,969
5553,969,969,969
5554,969,969,969
5555,969,969,969
5556,969,969,969
5557,969,969,969
5558,969,969,969
5559,969,969,969
5560,969,969,969
5561,969,969,969
5562,969,969,969
5563,969,969,969
5564,969,969,969
5565,969,969,969
5566,969,969,969
5567,969,969,969
5568,969,969,969
5569,969,969,969
5570,969,969,969
5571,969,969,969
5572,969,969,969
5573,969,969,969
5574,969,969,969
5575,969,969,969
5576,969,969,969
5577,969,969,969
5578,969,969,969
5579,969,969,969
5580,969,969,969
5581,969,969,969
5582,969,969,969
5583,969,969,969
5584,969,969,969
5585,969,969,969
5586,969,969,969
5587,969,969,969
5588,969,969,969
5589,969,969,969
5590,969,969,969
5591,969,969,969
5592,969,969,969
5593,969,969,969
5594,969,969,969
5595,969,969,969
5596,969,969,969
5597,969,969,969
5598,969,969,969
5599,969,969,969
5600,969,969,969
5601,969,969,969
5602,969,969,969
5603,969,969,969
5604,969,969,969
5605,969,969,969
5606,969,969,969
5607,969,969,969
5608,969,969,969
5609,969,969,969
5610,969,969,969
5611,969,969,969
5612,969,969,969
5613,969,969,969
5614,969,969,969
5615,969,969,969
5616,969,969,969
5617,969,969,969
5618,969,969,969
5619,969,969,969
5620,969,969,969
5621,969,969,969
5622,969,969,969
5623,969,969,969
5624,969,969,969
5625,969,969,969
5626,969,969,969
5627,969,969,969
5628,969,969,969
5629,969,969,969
5630,969,969,969
5631,969,969,969
5632,969,969,969
5633,969,969,969
5634,969,969,969
5635,969,969,969
5636,969,969,969
5637,969,969,969
5638,969,969,969
5639,969,969,969
5640,969,969,969
5641,969,969,969
5642,969,969,969
5643,969,969,969
5644,969,969,969
5645,969,969,969
5646,969,969,969
5647,969,969,969
5648,969,969,969
5649,969,969,969
5650,969,969,969
5651,969,969,969
5652,969,969,969
5653,969,969,969
5654,969,969,969
5655,969,969,969
5656,969,969,969
5657,969,969,969
5658,969,969,969
5659,969,969,969
5660,969,969,969
5661,969,969,969
5662,969,969,969
5663,969,969,969
5664,969,969,969
5665,969,969,969
5666,969,969,969
5667,969,969,969
5668,969,969,969
5669,969,969,969
5670,969,969,969
5671,969,969,969
5672,969,969,969
5673,969,969,969
5674,969,969,969
5675,969,969,969
5676,969,969,969
5677,969,969,969
5678,969,969,969
5679,969,969,969
5680,969,969,969
5681,969,969,969
5682,969,969,969
5683,969,969,969
5684,969,969,969
5685,969,969,969
5686,969,969,969
5687,969,969,969
5688,969,969,969
5689,969,969,969
5690,969,969,969
5691,969,969,969
5692,969,969,969
5693,969,969,969
5694,969,969,969
5695,969,969,969
5696,969,969,969
5697,969,969,969
5698,969,969,969
5699,969,969,969
5700,969,969,969
5701,969,969,969
5702,969,969,969
5703,969,969,969
5704,969,969,969
5705,969,969,969
5706,969,969,969
5707,969,969,969
5708,969,969,969
5709,969,969,969
5710,969,969,969
5711,969,969,969
5712,969,969,969
5713,969,969,969
5714,969,969,969
5715,969,969,969
5716,969,969,969
5717,969,969,969
5718,969,969,969
5719,969,969,969
5720,969,969,969
5721,969,969,969
5722,969,969,969
5723,969,969,969
5724,969,969,969
5725,969,969,969
5726,969,969,969
5727,969,969,969
5728,969,969,969
5729,969,969,969
5730,969,969,969
5731,969,969,969
5732,969,969,969
5733,969,969,969
5734,969,969,969
5735,969,969,969
5736,969,969,969
5737,969,969,969
5738,969,969,969
5739,969,969,969
5740,969,969,969
5741,969,969,969
5742,969,969,969
5743,969,969,969
5744,969,969,969
5745,969,969,969
5746,969,969,969
5747,969,969,969
5748,969,969,969
5749,969,969,969
5750,969,969,969
5751,969,969,969
5752,969,969,969
5753,969,969,969
5754,969,969,969
5755,969,969,969
5756,969,969,969
5757,969,969,969
5758,969,969,969
5759,969,969,969
5760,969,969,969
5761,969,969,969
5762,969,969,969
5763,969,969,969
5764,969,969,969
5765,969,969,969
5766,969,969,969
5767,969,969,969
5768,969,969,969
5769,969,969,969
5770,969,969,969
5771,969,969,969
5772,969,969,969
5773,969,969,969
5774,969,969,969
5775,969,969,969
5776,969,969,969
5777,969,969,969
5778,969,969,969
5779,969,969,969
5780,969,969,969
5781,969,969,969
5782,969,969,969
5783,969,969,969
5784,969,969,969
5785,969,969,969
5786,969,969,969
5787,969,969,969
5788,969,969,969
5789,969,969,969
5790,969,969,969
5791,969,969,969
5792,969,969,969
5793,969,969,969
5794,969,969,969
5795,969,969,969
5796,969,969,969
5797,969,969,969
5798,969,969,969
5799,969,969,969
5800,969,969,969
5801,969,969,969
5802,969,969,969
5803,969,969,969
5804,969,969,969
5805,969,969,969
5806,969,969,969
5807,969,969,969
5808,969,969,969
5809,969,969,969
5810,969,969,969
5811,969,969,969
5812,969,969,969
5813,969,969,969
5814,969,969,969
5815,969,969,969
5816,969,969,969
5817,969,969,969
5818,969,969,969
5819,969,969,969
5820,969,969,969
5821,969,969,969
5822,969,969,969
5823,969,969,969
5824,969,969,969
5825,969,969,969
5826,969,969,969
5827,969,969,969
5828,969,969,969
5829,969,969,969
5830,969,969,969
5831,969,969,969
5832,969,969,969
5833,969,969,969
5834,969,969,969
5835,969,969,969
5836,969,969,969
5837,969,969,969
5838,969,969,969
5839,969,969,969
5840,969,969,969
5841,969,969,969
5842,969,969,969
5843,969,969,969
5844,969,969,969
5845,969,969,969
5846,969,969,969
5847,969,969,969
5848,969,969,969
5849,969,969,969
5850,969,969,969
5851,969,969,969
5852,969,969,969
5853,969,969,969
5854,969,969,969
5855,969,969,969
5856,969,969,969
5857,969,969,969
5858,969,969,969
5859,969,969,969
5860,969,969,969
5861,969,969,969
5862,969,969,969
5863,969,969,969
5864,969,969,969
5865,969,969,969
5866,969,969,969
5867,969,969,969
5868,969,969,969
5869,969,969,969
5870,969,969,969
5871,969,969,969
5872,969,969,969
5873,969,969,969
5874,969,969,969
5875,969,969,969
5876,969,969,969
5877,969,969,969
5878,969,969,969
5879,969,969,969
5880,969,969,969
5881,969,969,969
5882,969,969,969
5883,969,969,969
5884,969,969,969
5885,969,969,969
5886,969,969,969
5887,969,969,969
5888,969,969,969
5889,969,969,969
5890,969,969,969
5891,969,969,969
5892,969,969,969
5893,969,969,969
5894,969,969,969
5895,969,969,969
5896,969,969,969
5897,969,969,969
5898,969,969,969
5899,969,969,969
5900,969,969,969
5901,969,969,969
5902,969,969,969
5903,969,969,969
5904,969,969,969
5905,969,969,969
5906,969,969,969
5907,969,969,969
5908,969,969,969
5909,969,969,969
5910,969,969,969
5911,969,969,969
5912,969,969,969
5913,969,969,969
5914,969,969,969
5915,969,969,969
5916,969,969,969
5917,969,969,969
5918,969,969,969
5919,969,969,969
5920,969,969,969
5921,969,969,969
5922,969,969,969
5923,969,969,969
5924,969,969,969
5925,969,969,969
5926,969,969,969
5927,969,969,969
5928,969,969,969
5929,969,969,969
5930,969,969,969
5931,969,969,969
5932,969,969,969
5933,969,969,969
5934,969,969,969
5935,969,969,969
5936,969,969,969
5937,969,969,969
5938,969,969,969
5939,969,969,969
5940,969,969,969
5941,969,969,969
5942,969,969,969
5943,969,969,969
5944,969,969,969
5945,969,969,969
5946,969,969,969
5947,969,969,969
5948,969,969,969
5949,969,969,969
5950,969,969,969
5951,969,969,969
5952,969,969,969
5953,969,969,969
5954,969,969,969
5955,969,969,969
5956,969,969,969
5957,969,969,969
5958,969,969,969
5959,969,969,969
5960,969,969,969
5961,969,969,969
5962,969,969,969
5963,969,969,969
5964,969,969,969
5965,969,969,969
5966,969,969,969
5967,969,969,969
5968,969,969,969
5969,969,969,969
5970,969,969,969
5971,969,969,969
5972,969,969,969
5973,969,969,969
5974,969,969,969
5975,969,969,969
5976,969,969,969
5977,969,969,969
5978,969,969,969
5979,969,969,969
5980,969,969,969
5981,969,969,969
5982,969,969,969
5983,969,969,969
5984,969,969,969
5985,969,969,969
5986,969,969,969
5987,969,969,969
5988,969,969,969
5989,969,969,969
5990,969,969,969
5991,969,969,969
5992,969,969,969
5993,969,969,969
5994,969,969,969
5995,969,969,969
5996,969,969,969
5997,969,969,969
5998,969,969,969
5999,969,969,969
6000,969,969,969
6001,969,969,969
6002,969,969,969
6003,969,969,969
6004,969,969,969
6005,969,969,969
6006,969,969,969
6007,969,969,969
6008,969,969,969
6009,969,969,969
6010,969,969,969
6011,969,969,969
6012,969,969,969
6013,969,969,969
6014,969,969,969
6015,969,969,969
6016,969,969,969
6017,969,969,969
6018,969,969,969
6019,969,969,969
6020,969,969,969
6021,969,969,969
6022,969,969,969
6023,969,969,969
6024,969,969,969
6025,969,969,969
6026,969,969,969
6027,969,969,969
6028,969,969,969
6029,969,969,969
6030,969,969,969
6031,969,969,969
6032,969,969,969
6033,969,969,969
6034,969,969,969
6035,969,969,969
6036,969,969,969
6037,969,969,969
6038,969,969,969
6039,969,969,969
6040,969,969,969
6041,969,969,969
6042,969,969,969
6043,969,969,969
6044,969,969,969
6045,969,969,969
6046,969,969,969
6047,969,969,969
6048,969,969,969
6049,969,969,969
6050,969,969,969
6051,969,969,969
6052,969,969,969
6053,969,969,969
6054,969,969,969
6055,969,969,969
6056,969,969,969
6057,969,969,969
6058,969,969,969
6059,969,969,969
6060,969,969,969
6061,969,969,969
6062,969,969,969
6063,969,969,969
6064,969,969,969
6065,969,969,969
6066,969,969,969
6067,969,969,969
6068,969,969,969
6069,969,969,969
6070,969,969,969
6071,969,969,969
6072,969,969,969
6073,969,969,969
6074,969,969,969
6075,969,969,969
6076,969,969,969
6077,969,969,969
6078,969,969,969
6079,969,969,969
6080,969,969,969
6081,969,969,969
6082,969,969,969
6083,969,969,969
6084,969,969,969
6085,969,969,969
6086,969,969,969
6087,969,969,969
6088,969,969,969
6089,969,969,969
6090,969,969,969
6091,969,969,969
6092,969,969,969
6093,969,969,969
6094,969,969,969
6095,969,969,969
6096,969,969,969
6097,969,969,969
6098,969,969,969
6099,969,969,969
6100,969,969,969
6101,969,969,969
6102,969,969,969
6103,969,969,969
6104,969,969,969
6105,969,969,969
6106,969,969,969
6107,969,969,969
6108,969,969,969
6109,969,969,969
6110,969,969,969
6111,969,969,969
6112,969,969,969
6113,969,969,969
6114,969,969,969
6115,969,969,969
6116,969,969,969
6117,969,969,969
6118,969,969,969
6119,969,969,969
6120,969,969,969
6121,969,969,969
6122,969,969,969
6123,969,969,969
6124,969,969,969
6125,969,969,969
6126,969,969,969
6127,969,969,969
6128,969,969,969
6129,969,969,969
6130,969,969,969
6131,969,969,969
6132,969,969,969
6133,969,969,969
6134,969,969,969
6135,969,969,969
6136,969,969,969
6137,969,969,969
6138,969,969,969
6139,969,969,969
6140,969,969,969
6141,969,969,969
6142,969,969,969
6143,969,969,969
6144,969,969,969
6145,969,969,969
6146,969,969,969
6147,969,969,969
6148,969,969,969
6149,969,969,969
6150,969,969,969
6151,969,969,969
6152,969,969,969
6153,969,969,969
6154,969,969,969
6155,969,969,969
6156,969,969,969
6157,969,969,969
6158,969,969,969
6159,969,969,969
6160,969,969,969
6161,969,969,969
6162,969,969,969
6163,969,969,969
6164,969,969,969
6165,969,969,969
6166,969,969,969
6167,969,969,969
6168,969,969,969
6169,969,969,969
6170,969,969,969
6171,969,969,969
6172,969,969,969
6173,969,969,969
6174,969,969,969
6175,969,969,969
6176,969,969,969
6177,969,969,969
6178,969,969,969
6179,969,969,969
6180,969,969,969
6181,969,969,969
6182,969,969,969
6183,969,969,969
6184,969,969,969
6185,969,969,969
6186,969,969,969
6187,969,969,969
6188,969,969,969
6189,969,969,969
6190,969,969,969
6191,969,969,969
6192,969,969,969
6193,969,969,969
6194,969,969,969
6195,969,969,969
6196,969,969,969
6197,969,969,969
6198,969,969,969
6199,969,969,969
6200,969,969,969
6201,969,969,969
6202,969,969,969
6203,969,969,969
6204,969,969,969
6205,969,969,969
6206,969,969,969
6207,969,969,969
6208,969,969,969
6209,969,969,969
6210,969,969,969
6211,969,969,969
6212,969,969,969
6213,969,969,969
6214,969,969,969
6215,969,969,969
6216,969,969,969
6217,969,969,969
6218,969,969,969
6219,969,969,969
6220,969,969,969
6221,969,969,969
6222,969,969,969
6223,969,969,969
6224,969,969,969
6225,969,969,969
6226,969,969,969
6227,969,969,969
6228,969,969,969
6229,969,969,969
6230,969,969,969
6231,969,969,969
6232,969,969,969
6233,969,969,969
6234,969,969,969
6235,969,969,969
6236,969,969,969
6237,969,969,969
6238,969,969,969
6239,969,969,969
6240,969,969,969
6241,969,969,969
6242,969,969,969
6243,969,969,969
6244,969,969,969
6245,969,969,969
6246,969,969,969
6247,969,969,969
6248,969,969,969
6249,969,969,969
6250,969,969,969
6251,969,969,969
6252,969,969,969
6253,969,969,969
6254,969,969,969
6255,969,969,969
6256,969,969,969
6257,969,969,969
6258,969,969,969
6259,969,969,969
6260,969,969,969
6261,969,969,969
6262,969,969,969
6263,969,969,969
6264,969,969,969
6265,969,969,969
6266,969,969,969
6267,969,969,969
6268,969,969,969
6269,969,969,969
6270,969,969,969
6271,969,969,969
6272,969,969,969
6273,969,969,969
6274,969,969,969
6275,969,969,969
6276,969,969,969
6277,969,969,969
6278,969,969,969
6279,969,969,969
6280,969,969,969
6281,969,969,969
6282,969,969,969
6283,969,969,969
6284,969,969,969
6285,969,969,969
6286,969,969,969
6287,969,969,969
6288,969,969,969
6289,969,969,969
6290,969,969,969
6291,969,969,969
6292,969,969,969
6293,969,969,969
6294,969,969,969
6295,969,969,969
6296,969,969,969
6297,969,969,969
6298,969,969,969
6299,969,969,969
6300,969,969,969
6301,969,969,969
6302,969,969,969
6303,969,969,969
6304,969,969,969
6305,969,969,969
6306,969,969,969
6307,969,969,969
6308,969,969,969
6309,969,969,969
6310,969,969,969
6311,969,969,969
6312,969,969,969
6313,969,969,969
6314,969,969,969
6315,969,969,969
6316,969,969,969
6317,969,969,969
6318,969,969,969
6319,969,969,969
6320,969,969,969
6321,969,969,969
6322,969,969,969
6323,969,969,969
6324,969,969,969
6325,969,969,969
6326,969,969,969
6327,969,969,969
6328,969,969,969
6329,969,969,969
6330,969,969,969
6331,969,969,969
6332,969,969,969
6333,969,969,969
6334,969,969,969
6335,969,969,969
6336,969,969,969
6337,969,969,969
6338,969,969,969
6339,969,969,969
6340,969,969,969
6341,969,969,969
6342,969,969,969
6343,969,969,969
6344,969,969,969
6345,969,969,969
6346,969,969,969
6347,969,969,969
6348,969,969,969
6349,969,969,969
6350,969,969,969
6351,969,969,969
6352,969,969,969
6353,969,969,969
6354,969,969,969
6355,969,969,969
6356,969,969,969
6357,969,969,969
6358,969,969,969
6359,969,969,969
6360,969,969,969
6361,969,969,969
6362,969,969,969
6363,969,969,969
6364,969,969,969
6365,969,969,969
6366,969,969,969
6367,969,969,969
6368,969,969,969
6369,969,969,969
6370,969,969,969
6371,969,969,969
6372,969,969,969
6373,969,969,969
6374,969,969,969
6375,969,969,969
6376,969,969,969
6377,969,969,969
6378,969,969,969
6379,969,969,969
6380,969,969,969
6381,969,969,969
6382,969,969,969
6383,969,969,969
6384,969,969,969
6385,969,969,969
6386,969,969,969
6387,969,969,969
6388,969,969,969
6389,969,969,969
6390,969,969,969
6391,969,969,969
6392,969,969,969
6393,969,969,969
6394,969,969,969
6395,969,969,969
6396,969,969,969
6397,969,969,969
6398,969,969,969
6399,969,969,969
6400,969,969,969
6401,969,969,969
6402,969,969,969
6403,969,969,969
6404,969,969,969
6405,969,969,969
6406,969,969,969
6407,969,969,969
6408,969,969,969
6409,969,969,969
6410,969,969,969
6411,969,969,969
6412,969,969,969
6413,969,969,969
6414,969,969,969
6415,969,969,969
6416,969,969,969
6417,969,969,969
6418,969,969,969
6419,969,969,969
6420,969,969,969
6421,969,969,969
6422,969,969,969
6423,969,969,969
6424,969,969,969
6425,969,969,969
6426,969,969,969
6427,969,969,969
6428,969,969,969
6429,969,969,969
6430,969,969,969
6431,969,969,969
6432,969,969,969
6433,969,969,969
6434,969,969,969
6435,969,969,969
6436,969,969,969
6437,969,969,969
6438,969,969,969
6439,969,969,969
6440,969,969,969
6441,969,969,969
6442,969,969,969
6443,969,969,969
6444,969,969,969
6445,969,969,969
6446,969,969,969
6447,969,969,969
6448,969,969,969
6449,969,969,969
6450,969,969,969
6451,969,969,969
6452,969,969,969
6453,969,969,969
6454,969,969,969
6455,969,969,969
6456,969,969,969
6457,969,969,969
6458,969,969,969
6459,969,969,969
6460,969,969,969
6461,969,969,969
6462,969,969,969
6463,969,969,969
6464,969,969,969
6465,969,969,969
6466,969,969,969
6467,969,969,969
6468,969,969,969
6469,969,969,969
6470,969,969,969
6471,969,969,969
6472,969,969,969
6473,969,969,969
6474,969,969,969
6475,969,969,969
6476,969,969,969
6477,969,969,969
6478,969,969,969
6479,969,969,969
6480,969,969,969
6481,969,969,969
6482,969,969,969
6483,969,969,969
6484,969,969,969
6485,969,969,969
6486,969,969,969
6487,969,969,969
6488,969,969,969
6489,969,969,969
6490,969,969,969
6491,969,969,969
6492,969,969,969
6493,969,969,969
6494,969,969,969
6495,969,969,969
6496,969,969,969
6497,969,969,969
6498,969,969,969
6499,969,969,969
6500,969,969,969
6501,969,969,969
6502,969,969,969
6503,969,969,969
6504,969,969,969
6505,969,969,969
6506,969,969,969
6507,969,969,969
6508,969,969,969
6509,969,969,969
6510,969,969,969
6511,969,969,969
6512,969,969,969
6513,969,969,969
6514,969,969,969
6515,969,969,969
6516,969,969,969
6517,969,969,969
6518,969,969,969
6519,969,969,969
6520,969,969,969
6521,969,969,969
6522,969,969,969
6523,969,969,969
6524,969,969,969
6525,969,969,969
6526,969,969,969
6527,969,969,969
6528,969,969,969
6529,969,969,969
6530,969,969,969
6531,969,969,969
6532,969,969,969
6533,969,969,969
6534,969,969,969
6535,969,969,969
6536,969,969,969
6537,969,969,969
6538,969,969,969
6539,969,969,969
6540,969,969,969
6541,969,969,969
6542,969,969,969
6543,969,969,969
6544,969,969,969
6545,969,969,969
6546,969,969,969
6547,969,969,969
6548,969,969,969
6549,969,969,969
6550,969,969,969
6551,969,969,969
6552,969,969,969
6553,969,969,969
6554,969,969,969
6555,969,969,969
6556,969,969,969
6557,969,969,969
6558,969,969,969
6559,969,969,969
6560,969,969,969
6561,969,969,969
6562,969,969,969
6563,969,969,969
6564,969,969,969
6565,969,969,969
6566,969,969,969
6567,969,969,969
6568,969,969,969
6569,969,969,969
6570,969,969,969
6571,969,969,969
6572,969,969,969
6573,969,969,969
6574,969,969,969
6575,969,969,969
6576,969,969,969
6577,969,969,969
6578,969,969,969
6579,969,969,969
6580,969,969,969
6581,969,969,969
6582,969,969,969
6583,969,969,969
6584,969,969,969
6585,969,969,969
6586,969,969,969
6587,969,969,969
6588,969,969,969
6589,969,969,969
6590,969,969,969
6591,969,969,969
6592,969,969,969
6593,969,969,969
6594,969,969,969
6595,969,969,969
6596,969,969,969
6597,969,969,969
6598,969,969,969
6599,969,969,969
6600,969,969,969
6601,969,969,969
6602,969,969,969
6603,969,969,969
6604,969,969,969
6605,969,969,969
6606,969,969,969
6607,969,969,969
6608,969,969,969
6609,969,969,969
6610,969,969,969
6611,969,969,969
6612,969,969,969
6613,969,969,969
6614,969,969,969
6615,969,969,969
6616,969,969,969
6617,969,969,969
6618,969,969,969
6619,969,969,969
6620,969,969,969
6621,969,969,969
6622,969,969,969
6623,969,969,969
6624,969,969,969
6625,969,969,969
6626,969,969,969
6627,969,969,969
6628,969,969,969
6629,969,969,969
6630,969,969,969
6631,969,969,969
6632,969,969,969
6633,969,969,969
6634,969,969,969
6635,969,969,969
6636,969,969,969
6637,969,969,969
6638,969,969,969
6639,969,969,969
6640,969,969,969
6641,969,969,969
6642,969,969,969
6643,969,969,969
6644,969,969,969
6645,969,969,969
6646,969,969,969
6647,969,969,969
6648,969,969,969
6649,969,969,969
6650,969,969,969
6651,969,969,969
6652,969,969,969
6653,969,969,969
6654,969,969,969
6655,969,969,969
6656,969,969,969
6657,969,969,969
6658,969,969,969
6659,969,969,969
6660,969,969,969
6661,969,969,969
6662,969,969,969
6663,969,969,969
6664,969,969,969
6665,969,969,969
6666,969,969,969
6667,969,969,969
6668,969,969,969
6669,969,969,969
6670,969,969,969
6671,969,969,969
6672,969,969,969
6673,969,969,969
6674,969,969,969
6675,969,969,969
6676,969,969,969
6677,969,969,969
6678,969,969,969
6679,969,969,969
6680,969,969,969
6681,969,969,969
6682,969,969,969
6683,969,969,969
6684,969,969,969
6685,969,969,969
6686,969,969,969
6687,969,969,969
6688,969,969,969
6689,969,969,969
6690,969,969,969
6691,969,969,969
6692,969,969,969
6693,969,969,969
6694,969,969,969
6695,969,969,969
6696,969,969,969
6697,969,969,969
6698,969,969,969
6699,969,969,969
6700,969,969,969
6701,969,969,969
6702,969,969,969
6703,969,969,969
6704,969,969,969
6705,969,969,969
6706,969,969,969
6707,969,969,969
6708,969,969,969
6709,969,969,969
6710,969,969,969
6711,969,969,969
6712,969,969,969
6713,969,969,969
6714,969,969,969
6715,969,969,969
6716,969,969,969
6717,969,969,969
6718,969,969,969
6719,969,969,969
6720,969,969,969
6721,969,969,969
6722,969,969,969
6723,969,969,969
6724,969,969,969
6725,969,969,969
6726,969,969,969
6727,969,969,969
6728,969,969,969
6729,969,969,969
6730,969,969,969
6731,969,969,969
6732,969,969,969
6733,969,969,969
6734,969,969,969
6735,969,969,969
6736,969,969,969
6737,969,969,969
6738,969,969,969
6739,969,969,969
6740,969,969,969
6741,969,969,969
6742,969,969,969
6743,969,969,969
6744,969,969,969
6745,969,969,969
6746,969,969,969
6747,969,969,969
6748,969,969,969
6749,969,969,969
6750,969,969,969
6751,969,969,969
6752,969,969,969
6753,969,969,969
6754,969,969,969
6755,969,969,969
6756,969,969,969
6757,969,969,969
6758,969,969,969
6759,969,969,969
6760,969,969,969
6761,969,969,969
6762,969,969,969
6763,969,969,969
6764,969,969,969
6765,969,969,969
6766,969,969,969
6767,969,969,969
6768,969,969,969
6769,969,969,969
6770,969,969,969
6771,969,969,969
6772,969,969,969
6773,969,969,969
6774,969,969,969
6775,969,969,969
6776,969,969,969
6777,969,969,969
6778,969,969,969
6779,969,969,969
6780,969,969,969
6781,969,969,969
6782,969,969,969
6783,969,969,969
6784,969,969,969
6785,969,969,969
6786,969,969,969
6787,969,969,969
6788,969,969,969
6789,969,969,969
6790,969,969,969
6791,969,969,969
6792,969,969,969
6793,969,969,969
6794,969,969,969
6795,969,969,969
6796,969,969,969
6797,969,969,969
6798,969,969,969
6799,969,969,969
6800,969,969,969
6801,969,969,969
6802,969,969,969
6803,969,969,969
6804,969,969,969
6805,969,969,969
6806,969,969,969
6807,969,969,969
6808,969,969,969
6809,969,969,969
6810,969,969,969
6811,969,969,969
6812,969,969,969
6813,969,969,969
6814,969,969,969
6815,969,969,969
6816,969,969,969
6817,969,969,969
6818,969,969,969
6819,969,969,969
6820,969,969,969
6821,969,969,969
6822,969,969,969
6823,969,969,969
6824,969,969,969
6825,969,969,969
6826,969,969,969
6827,969,969,969
6828,969,969,969
6829,969,969,969
6830,969,969,969
6831,969,969,969
6832,969,969,969
6833,969,969,969
6834,969,969,969
6835,969,969,969
6836,969,969,969
6837,969,969,969
6838,969,969,969
6839,969,969,969
6840,969,969,969
6841,969,969,969
6842,969,969,969
6843,969,969,969
6844,969,969,969
6845,969,969,969
6846,969,969,969
6847,969,969,969
6848,969,969,969
6849,969,969,969
6850,969,969,969
6851,969,969,969
6852,969,969,969
6853,969,969,969
6854,969,969,969
6855,969,969,969
6856,969,969,969
6857,969,969,969
6858,969,969,969
6859,969,969,969
6860,969,969,969
6861,969,969,969
6862,969,969,969
6863,969,969,969
6864,969,969,969
6865,969,969,969
6866,969,969,969
6867,969,969,969
6868,969,969,969
6869,969,969,969
6870,969,969,969
6871,969,969,969
6872,969,969,969
6873,969,969,969
6874,969,969,969
6875,969,969,969
6876,969,969,969
6877,969,969,969
6878,969,969,969
6879,969,969,969
6880,969,969,969
6881,969,969,969
6882,969,969,969
6883,969,969,969
6884,969,969,969
6885,969,969,969
6886,969,969,969
6887,969,969,969
6888,969,969,969
6889,969,969,969
6890,969,969,969
6891,969,969,969
6892,969,969,969
6893,969,969,969
6894,969,969,969
6895,969,969,969
6896,969,969,969
6897,969,969,969
6898,969,969,969
6899,969,969,969
6900,969,969,969
6901,969,969,969
6902,969,969,969
6903,969,969,969
6904,969,969,969
6905,969,969,969
6906,969,969,969
6907,969,969,969
6908,969,969,969
6909,969,969,969
6910,969,969,969
6911,969,969,969
6912,969,969,969
6913,969,969,969
6914,969,969,969
6915,969,969,969
6916,969,969,969
6917,969,969,969
6918,969,969,969
6919,969,969,969
6920,969,969,969
6921,969,969,969
6922,969,969,969
6923,969,969,969
6924,969,969,969
6925,969,969,969
6926,969,969,969
6927,969,969,969
6928,969,969,969
6929,969,969,969
6930,969,969,969
6931,969,969,969
6932,969,969,969
6933,969,969,969
6934,969,969,969
6935,969,969,969
6936,969,969,969
6937,969,969,969
6938,969,969,969
6939,969,969,969
6940,969,969,969
6941,969,969,969
6942,969,969,969
6943,969,969,969
6944,969,969,969
6945,969,969,969
6946,969,969,969
6947,969,969,969
6948,969,969,969
6949,969,969,969
6950,969,969,969
6951,969,969,969
6952,969,969,969
6953,969,969,969
6954,969,969,969
6955,969,969,969
6956,969,969,969
6957,969,969,969
6958,969,969,969
6959,969,969,969
6960,969,969,969
6961,969,969,969
6962,969,969,969
6963,969,969,969
6964,969,969,969
6965,969,969,969
6966,969,969,969
6967,969,969,969
6968,969,969,969
6969,969,969,969
6970,969,969,969
6971,969,969,969
6972,969,969,969
6973,969,969,969
6974,969,969,969
6975,969,969,969
6976,969,969,969
6977,969,969,969
6978,969,969,969
6979,969,969,969
6980,969,969,969
6981,969,969,969
6982,969,969,969
6983,969,969,969
6984,969,969,969
6985,969,969,969
6986,969,969,969
6987,969,969,969
6988,969,969,969
6989,969,969,969
6990,969,969,969
6991,969,969,969
6992,969,969,969
6993,969,969,969
6994,969,969,969
6995,969,969,969
6996,969,969,969
6997,969,969,969
6998,969,969,969
6999,969,969,969
7000,969,969,969
7001,969,969,969
7002,969,969,969
7003,969,969,969
7004,969,969,969
7005,969,969,969
7006,969,969,969
7007,969,969,969
7008,969,969,969
7009,969,969,969
7010,969,969,969
7011,969,969,969
7012,969,969,969
7013,969,969,969
7014,969,969,969
7015,969,969,969
7016,969,969,969
7017,969,969,969
7018,969,969,969
7019,969,969,969
7020,969,969,969
7021,969,969,969
7022,969,969,969
7023,969,969,969
7024,969,969,969
7025,969,969,969
7026,969,969,969
7027,969,969,969
7028,969,969,969
7029,969,969,969
7030,969,969,969
7031,969,969,969
7032,969,969,969
7033,969,969,969
7034,969,969,969
7035,969,969,969
7036,969,969,969
7037,969,969,969
7038,969,969,969
7039,969,969,969
7040,969,969,969
7041,969,969,969
7042,969,969,969
7043,969,969,969
7044,969,969,969
7045,969,969,969
7046,969,969,969
7047,969,969,969
7048,969,969,969
7049,969,969,969
7050,969,969,969
7051,969,969,969
7052,969,969,969
7053,969,969,969
7054,969,969,969
7055,969,969,969
7056,969,969,969
7057,969,969,969
7058,969,969,969
7059,969,969,969
7060,969,969,969
7061,969,969,969
7062,969,969,969
7063,969,969,969
7064,969,969,969
7065,969,969,969
7066,969,969,969
7067,969,969,969
7068,969,969,969
7069,969,969,969
7070,969,969,969
7071,969,969,969
7072,969,969,969
7073,969,969,969
7074,969,969,969
7075,969,969,969
7076,969,969,969
7077,969,969,969
7078,969,969,969
7079,969,969,969
7080,969,969,969
7081,969,969,969
7082,969,969,969
7083,969,969,969
7084,969,969,969
7085,969,969,969
7086,969,969,969
7087,969,969,969
7088,969,969,969
7089,969,969,969
7090,969,969,969
7091,969,969,969
7092,969,969,969
7093,969,969,969
7094,969,969,969
7095,969,969,969
7096,969,969,969
7097,969,969,969
7098,969,969,969
7099,969,969,969
7100,969,969,969
7101,969,969,969
7102,969,969,969
7103,969,969,969
7104,969,969,969
7105,969,969,969
7106,969,969,969
7107,969,969,969
7108,969,969,969
7109,969,969,969
7110,969,969,969
7111,969,969,969
7112,969,969,969
7113,969,969,969
7114,969,969,969
7115,969,969,969
7116,969,969,969
7117,969,969,969
7118,969,969,969
7119,969,969,969
7120,969,969,969
7121,969,969,969
7122,969,969,969
7123,969,969,969
7124,969,969,969
7125,969,969,969
7126,969,969,969
7127,969,969,969
7128,969,969,969
7129,969,969,969
7130,969,969,969
7131,969,969,969
7132,969,969,969
7133,969,969,969
7134,969,969,969
7135,969,969,969
7136,969,969,969
7137,969,969,969
7138,969,969,969
7139,969,969,969
7140,969,969,969
7141,969,969,969
7142,969,969,969
7143,969,969,969
7144,969,969,969
7145,969,969,969
7146,969,969,969
7147,969,969,969
7148,969,969,969
7149,969,969,969
7150,969,969,969
7151,969,969,969
7152,969,969,969
7153,969,969,969
7154,969,969,969
7155,969,969,969
7156,969,969,969
7157,969,969,969
7158,969,969,969
7159,969,969,969
7160,969,969,969
7161,969,969,969
7162,969,969,969
7163,969,969,969
7164,969,969,969
7165,969,969,969
7166,969,969,969
7167,969,969,969
7168,969,969,969
7169,969,969,969
7170,969,969,969
7171,969,969,969
7172,969,969,969
7173,969,969,969
7174,969,969,969
7175,969,969,969
7176,969,969,969
7177,969,969,969
7178,969,969,969
7179,969,969,969
7180,969,969,969
7181,969,969,969
7182,969,969,969
7183,969,969,969
7184,969,969,969
7185,969,969,969
7186,969,969,969
7187,969,969,969
7188,969,969,969
7189,969,969,969
7190,969,969,969
7191,969,969,969
7192,969,969,969
7193,969,969,969
7194,969,969,969
7195,969,969,969
7196,969,969,969
7197,969,969,969
7198,969,969,969
7199,969,969,969
7200,969,969,969
7201,969,969,969
7202,969,969,969
7203,969,969,969
7204,969,969,969
7205,969,969,969
7206,969,969,969
7207,969,969,969
7208,969,969,969
7209,969,969,969
7210,969,969,969
7211,969,969,969
7212,969,969,969
7213,969,969,969
7214,969,969,969
7215,969,969,969
7216,969,969,969
7217,969,969,969
7218,969,969,969
7219,969,969,969
7220,969,969,969
7221,969,969,969
7222,969,969,969
7223,969,969,969
7224,969,969,969
7225,969,969,969
7226,969,969,969
7227,969,969,969
7228,969,969,969
7229,969,969,969
7230,969,969,969
7231,969,969,969
7232,969,969,969
7233,969,969,969
7234,969,969,969
7235,969,969,969
7236,969,969,969
7237,969,969,969
7238,969,969,969
7239,969,969,969
7240,969,969,969
7241,969,969,969
7242,969,969,969
7243,969,969,969
7244,969,969,969
7245,969,969,969
7246,969,969,969
7247,969,969,969
7248,969,969,969
7249,969,969,969
7250,969,969,969
7251,969,969,969
7252,969,969,969
7253,969,969,969
7254,969,969,969
7255,969,969,969
7256,969,969,969
7257,969,969,969
7258,969,969,969
7259,969,969,969
7260,969,969,969
7261,969,969,969
7262,969,969,969
7263,969,969,969
7264,969,969,969
7265,969,969,969
7266,969,969,969
7267,969,969,969
7268,969,969,969
7269,969,969,969
7270,969,969,969
7271,969,969,969
7272,969,969,969
7273,969,969,969
7274,969,969,969
7275,969,969,969
7276,969,969,969
7277,969,969,969
7278,969,969,969
7279,969,969,969
7280,969,969,969
7281,969,969,969
7282,969,969,969
7283,969,969,969
7284,969,969,969
7285,969,969,969
7286,969,969,969
7287,969,969,969
7288,969,969,969
7289,969,969,969
7290,969,969,969
7291,969,969,969
7292,969,969,969
7293,969,969,969
7294,969,969,969
7295,969,969,969
7296,969,969,969
7297,969,969,969
7298,969,969,969
7299,969,969,969
7300,969,969,969
7301,969,969,969
7302,969,969,969
7303,969,969,969
7304,969,969,969
7305,969,969,969
7306,969,969,969
7307,969,969,969
7308,969,969,969
7309,969,969,969
7310,969,969,969
7311,969,969,969
7312,969,969,969
7313,969,969,969
7314,969,969,969
7315,969,969,969
7316,969,969,969
7317,969,969,969
7318,969,969,969
7319,969,969,969
7320,969,969,969
7321,969,969,969
7322,969,969,969
7323,969,969,969
7324,969,969,969
7325,969,969,969
7326,969,969,969
7327,969,969,969
7328,969,969,969
7329,969,969,969
7330,969,969,969
7331,969,969,969
7332,969,969,969
7333,969,969,969
7334,969,969,969
7335,969,969,969
7336,969,969,969
7337,969,969,969
7338,969,969,969
7339,969,969,969
7340,969,969,969
7341,969,969,969
7342,969,969,969
7343,969,969,969
7344,969,969,969
7345,969,969,969
7346,969,969,969
7347,969,969,969
7348,969,969,969
7349,969,969,969
7350,969,969,969
7351,969,969,969
7352,969,969,969
7353,969,969,969
7354,969,969,969
7355,969,969,969
7356,969,969,969
7357,969,969,969
7358,969,969,969
7359,969,969,969
7360,969,969,969
7361,969,969,969
7362,969,969,969
7363,969,969,969
7364,969,969,969
7365,969,969,969
7366,969,969,969
7367,969,969,969
7368,969,969,969
7369,969,969,969
7370,969,969,969
7371,969,969,969
7372,969,969,969
7373,969,969,969
7374,969,969,969
7375,969,969,969
7376,969,969,969
7377,969,969,969
7378,969,969,969
7379,969,969,969
7380,969,969,969
7381,969,969,969
7382,969,969,969
7383,969,969,969
7384,969,969,969
7385,969,969,969
7386,969,969,969
7387,969,969,969
7388,969,969,969
7389,969,969,969
7390,969,969,969
7391,969,969,969
7392,969,969,969
7393,969,969,969
7394,969,969,969
7395,969,969,969
7396,969,969,969
7397,969,969,969
7398,969,969,969
7399,969,969,969
7400,969,969,969
7401,969,969,969
7402,969,969,969
7403,969,969,969
7404,969,969,969
7405,969,969,969
7406,969,969,969
7407,969,969,969
7408,969,969,969
7409,969,969,969
7410,969,969,969
7411,969,969,969
7412,969,969,969
7413,969,969,969
7414,969,969,969
7415,969,969,969
7416,969,969,969
7417,969,969,969
7418,969,969,969
7419,969,969,969
7420,969,969,969
7421,969,969,969
7422,969,969,969
7423,969,969,969
7424,969,969,969
7425,969,969,969
7426,969,969,969
7427,969,969,969
7428,969,969,969
7429,969,969,969
7430,969,969,969
7431,969,969,969
7432,969,969,969
7433,969,969,969
7434,969,969,969
7435,969,969,969
7436,969,969,969
7437,969,969,969
7438,969,969,969
7439,969,969,969
7440,969,969,969
7441,969,969,969
7442,969,969,969
7443,969,969,969
7444,969,969,969
7445,969,969,969
7446,969,969,969
7447,969,969,969
7448,969,969,969
7449,969,969,969
7450,969,969,969
7451,969,969,969
7452,969,969,969
7453,969,969,969
7454,969,969,969
7455,969,969,969
7456,969,969,969
7457,969,969,969
7458,969,969,969
7459,969,969,969
7460,969,969,969
7461,969,969,969
7462,969,969,969
7463,969,969,969
7464,969,969,969
7465,969,969,969
7466,969,969,969
7467,969,969,969
7468,969,969,969
7469,969,969,969
7470,969,969,969
7471,969,969,969
7472,969,969,969
7473,969,969,969
7474,969,969,969
7475,969,969,969
7476,969,969,969
7477,969,969,969
7478,969,969,969
7479,969,969,969
7480,969,969,969
7481,969,969,969
7482,969,969,969
7483,969,969,969
7484,969,969,969
7485,969,969,969
7486,969,969,969
7487,969,969,969
7488,969,969,969
7489,969,969,969
7490,969,969,969
7491,969,969,969
7492,969,969,969
7493,969,969,969
7494,969,969,969
7495,969,969,969
7496,969,969,969
7497,969,969,969
7498,969,969,969
7499,969,969,969
7500,969,969,969
7501,969,969,969
7502,969,969,969
7503,969,969,969
7504,969,969,969
7505,969,969,969
7506,969,969,969
7507,969,969,969
7508,969,969,969
7509,969,969,969
7510,969,969,969
7511,969,969,969
7512,969,969,969
7513,969,969,969
7514,969,969,969
7515,969,969,969
7516,969,969,969
7517,969,969,969
7518,969,969,969
7519,969,969,969
7520,969,969,969
7521,969,969,969
7522,969,969,969
7523,969,969,969
7524,969,969,969
7525,969,969,969
7526,969,969,969
7527,969,969,969
7528,969,969,969
7529,969,969,969
7530,969,969,969
7531,969,969,969
7532,969,969,969
7533,969,969,969
7534,969,969,969
7535,969,969,969
7536,969,969,969
7537,969,969,969
7538,969,969,969
7539,969,969,969
7540,969,969,969
7541,969,969,969
7542,969,969,969
7543,969,969,969
7544,969,969,969
7545,969,969,969
7546,969,969,969
7547,969,969,969
7548,969,969,969
7549,969,969,969
7550,969,969,969
7551,969,969,969
7552,969,969,969
7553,969,969,969
7554,969,969,969
7555,969,969,969
7556,969,969,969
7557,969,969,969
7558,969,969,969
7559,969,969,969
7560,969,969,969
7561,969,969,969
7562,969,969,969
7563,969,969,969
7564,969,969,969
7565,969,969,969
7566,969,969,969
7567,969,969,969
7568,969,969,969
7569,969,969,969
7570,969,969,969
7571,969,969,969
7572,969,969,969
7573,969,969,969
7574,969,969,969
7575,969,969,969
7576,969,969,969
7577,969,969,969
7578,969,969,969
7579,969,969,969
7580,969,969,969
7581,969,969,969
7582,969,969,969
7583,969,969,969
7584,969,969,969
7585,969,969,969
7586,969,969,969
7587,969,969,969
7588,969,969,969
7589,969,969,969
7590,969,969,969
7591,969,969,969
7592,969,969,969
7593,969,969,969
7594,969,969,969
7595,969,969,969
7596,969,969,969
7597,969,969,969
7598,969,969,969
7599,969,969,969
7600,969,969,969
7601,969,969,969
7602,969,969,969
7603,969,969,969
7604,969,969,969
7605,969,969,969
7606,969,969,969
7607,969,969,969
7608,969,969,969
7609,969,969,969
7610,969,969,969
7611,969,969,969
7612,969,969,969
7613,969,969,969
7614,969,969,969
7615,969,969,969
7616,969,969,969
7617,969,969,969
7618,969,969,969
7619,969,969,969
7620,969,969,969
7621,969,969,969
7622,969,969,969
7623,969,969,969
7624,969,969,969
7625,969,969,969
7626,969,969,969
7627,969,969,969
7628,969,969,969
7629,969,969,969
7630,969,969,969
7631,969,969,969
7632,969,969,969
7633,969,969,969
7634,969,969,969
7635,969,969,969
7636,969,969,969
7637,969,969,969
7638,969,969,969
7639,969,969,969
7640,969,969,969
7641,969,969,969
7642,969,969,969
7643,969,969,969
7644,969,969,969
7645,969,969,969
7646,969,969,969
7647,969,969,969
7648,969,969,969
7649,969,969,969
7650,969,969,969
7651,969,969,969
7652,969,969,969
7653,969,969,969
7654,969,969,969
7655,969,969,969
7656,969,969,969
7657,969,969,969
7658,969,969,969
7659,969,969,969
7660,969,969,969
7661,969,969,969
7662,969,969,969
7663,969,969,969
7664,969,969,969
7665,969,969,969
7666,969,969,969
7667,969,969,969
7668,969,969,969
7669,969,969,969
7670,969,969,969
7671,969,969,969
7672,969,969,969
7673,969,969,969
7674,969,969,969
7675,969,969,969
7676,969,969,969
7677,969,969,969
7678,969,969,969
7679,969,969,969
7680,969,969,969
7681,969,969,969
7682,969,969,969
7683,969,969,969
7684,969,969,969
7685,969,969,969
7686,969,969,969
7687,969,969,969
7688,969,969,969
7689,969,969,969
7690,969,969,969
7691,969,969,969
7692,969,969,969
7693,969,969,969
7694,969,969,969
7695,969,969,969
7696,969,969,969
7697,969,969,969
7698,969,969,969
7699,969,969,969
7700,969,969,969
7701,969,969,969
7702,969,969,969
7703,969,969,969
7704,969,969,969
7705,969,969,969
7706,969,969,969
7707,969,969,969
7708,969,969,969
7709,969,969,969
7710,969,969,969
7711,969,969,969
7712,969,969,969
7713,969,969,969
7714,969,969,969
7715,969,969,969
7716,969,969,969
7717,969,969,969
7718,969,969,969
7719,969,969,969
7720,969,969,969
7721,969,969,969
7722,969,969,969
7723,969,969,969
7724,969,969,969
7725,969,969,969
7726,969,969,969
7727,969,969,969
7728,969,969,969
7729,969,969,969
7730,969,969,969
7731,969,969,969
7732,969,969,969
7733,969,969,969
7734,969,969,969
7735,969,969,969
7736,969,969,969
7737,969,969,969
7738,969,969,969
7739,969,969,969
7740,969,969,969
7741,969,969,969
7742,969,969,969
7743,969,969,969
7744,969,969,969
7745,969,969,969
7746,969,969,969
7747,969,969,969
7748,969,969,969
7749,969,969,969
7750,969,969,969
7751,969,969,969
7752,969,969,969
7753,969,969,969
7754,969,969,969
7755,969,969,969
7756,969,969,969
7757,969,969,969
7758,969,969,969
7759,969,969,969
7760,969,969,969
7761,969,969,969
7762,969,969,969
7763,969,969,969
7764,969,969,969
7765,969,969,969
7766,969,969,969
7767,969,969,969
7768,969,969,969
7769,969,969,969
7770,969,969,969
7771,969,969,969
7772,969,969,969
7773,969,969,969
7774,969,969,969
7775,969,969,969
7776,969,969,969
7777,969,969,969
7778,969,969,969
7779,969,969,969
7780,969,969,969
7781,969,969,969
7782,969,969,969
7783,969,969,969
7784,969,969,969
7785,969,969,969
7786,969,969,969
7787,969,969,969
7788,969,969,969
7789,969,969,969
7790,969,969,969
7791,969,969,969
7792,969,969,969
7793,969,969,969
7794,969,969,969
7795,969,969,969
7796,969,969,969
7797,969,969,969
7798,969,969,969
7799,969,969,969
7800,969,969,969
7801,969,969,969
7802,969,969,969
7803,969,969,969
7804,969,969,969
7805,969,969,969
7806,969,969,969
7807,969,969,969
7808,969,969,969
7809,969,969,969
7810,969,969,969
7811,969,969,969
7812,969,969,969
7813,969,969,969
7814,969,969,969
7815,969,969,969
7816,969,969,969
7817,969,969,969
7818,969,969,969
7819,969,969,969
7820,969,969,969
7821,969,969,969
7822,969,969,969
7823,969,969,969
7824,969,969,969
7825,969,969,969
7826,969,969,969
7827,969,969,969
7828,969,969,969
7829,969,969,969
7830,969,969,969
7831,969,969,969
7832,969,969,969
7833,969,969,969
7834,969,969,969
7835,969,969,969
7836,969,969,969
7837,969,969,969
7838,969,969,969
7839,969,969,969
7840,969,969,969
7841,969,969,969
7842,969,969,969
7843,969,969,969
7844,969,969,969
7845,969,969,969
7846,969,969,969
7847,969,969,969
7848,969,969,969
7849,969,969,969
7850,969,969,969
7851,969,969,969
7852,969,969,969
7853,969,969,969
7854,969,969,969
7855,969,969,969
7856,969,969,969
7857,969,969,969
7858,969,969,969
7859,969,969,969
7860,969,969,969
7861,969,969,969
7862,969,969,969
7863,969,969,969
7864,969,969,969
7865,969,969,969
7866,969,969,969
7867,969,969,969
7868,969,969,969
7869,969,969,969
7870,969,969,969
7871,969,969,969
7872,969,969,969
7873,969,969,969
7874,969,969,969
7875,969,969,969
7876,969,969,969
7877,969,969,969
7878,969,969,969
7879,969,969,969
7880,969,969,969
7881,969,969,969
7882,969,969,969
7883,969,969,969
7884,969,969,969
7885,969,969,969
7886,969,969,969
7887,969,969,969
7888,969,969,969
7889,969,969,969
7890,969,969,969
7891,969,969,969
7892,969,969,969
7893,969,969,969
7894,969,969,969
7895,969,969,969
7896,969,969,969
7897,969,969,969
7898,969,969,969
7899,969,969,969
7900,969,969,969
7901,969,969,969
7902,969,969,969
7903,969,969,969
7904,969,969,969
7905,969,969,969
7906,969,969,969
7907,969,969,969
7908,969,969,969
7909,969,969,969
7910,969,969,969
7911,969,969,969
7912,969,969,969
7913,969,969,969
7914,969,969,969
7915,969,969,969
7916,969,969,969
7917,969,969,969
7918,969,969,969
7919,969,969,969
7920,969,969,969
7921,969,969,969
7922,969,969,969
7923,969,969,969
7924,969,969,969
7925,969,969,969
7926,969,969,969
7927,969,969,969
7928,969,969,969
7929,969,969,969
7930,969,969,969
7931,969,969,969
7932,969,969,969
7933,969,969,969
7934,969,969,969
7935,969,969,969
7936,969,969,969
7937,969,969,969
7938,969,969,969
7939,969,969,969
7940,969,969,969
7941,969,969,969
7942,969,969,969
7943,969,969,969
7944,969,969,969
7945,969,969,969
7946,969,969,969
7947,969,969,969
7948,969,969,969
7949,969,969,969
7950,969,969,969
7951,969,969,969
7952,969,969,969
7953,969,969,969
7954,969,969,969
7955,969,969,969
7956,969,969,969
7957,969,969,969
7958,969,969,969
7959,969,969,969
7960,969,969,969
7961,969,969,969
7962,969,969,969
7963,969,969,969
7964,969,969,969
7965,969,969,969
7966,969,969,969
7967,969,969,969
7968,969,969,969
7969,969,969,969
7970,969,969,969
7971,969,969,969
7972,969,969,969
7973,969,969,969
7974,969,969,969
7975,969,969,969
7976,969,969,969
7977,969,969,969
7978,969,969,969
7979,969,969,969
7980,969,969,969
7981,969,969,969
7982,969,969,969
7983,969,969,969
7984,969,969,969
7985,969,969,969
7986,969,969,969
7987,969,969,969
7988,969,969,969
7989,969,969,969
7990,969,969,969
7991,969,969,969
7992,969,969,969
7993,969,969,969
7994,969,969,969
7995,969,969,969
7996,969,969,969
7997,969,969,969
7998,969,969,969
7999,969,969,969
8000,969,969,969
8001,969,969,969
8002,969,969,969
8003,969,969,969
8004,969,969,969
8005,969,969,969
8006,969,969,969
8007,969,969,969
8008,969,969,969
8009,969,969,969
8010,969,969,969
8011,969,969,969
8012,969,969,969
8013,969,969,969
8014,969,969,969
8015,969,969,969
8016,969,969,969
8017,969,969,969
8018,969,969,969
8019,969,969,969
8020,969,969,969
8021,969,969,969
8022,969,969,969
8023,969,969,969
8024,969,969,969
8025,969,969,969
8026,969,969,969
8027,969,969,969
8028,969,969,969
8029,969,969,969
8030,969,969,969
8031,969,969,969
8032,969,969,969
8033,969,969,969
8034,969,969,969
8035,969,969,969
8036,969,969,969
8037,969,969,969
8038,969,969,969
8039,969,969,969
8040,969,969,969
8041,969,969,969
8042,969,969,969
8043,969,969,969
8044,969,969,969
8045,969,969,969
8046,969,969,969
8047,969,969,969
8048,969,969,969
8049,969,969,969
8050,969,969,969
8051,969,969,969
8052,969,969,969
8053,969,969,969
8054,969,969,969
8055,969,969,969
8056,969,969,969
8057,969,969,969
8058,969,969,969
8059,969,969,969
8060,969,969,969
8061,969,969,969
8062,969,969,969
8063,969,969,969
8064,969,969,969
8065,969,969,969
8066,969,969,969
8067,969,969,969
8068,969,969,969
8069,969,969,969
8070,969,969,969
8071,969,969,969
8072,969,969,969
8073,969,969,969
8074,969,969,969
8075,969,969,969
8076,969,969,969
8077,969,969,969
8078,969,969,969
8079,969,969,969
8080,969,969,969
8081,969,969,969
8082,969,969,969
8083,969,969,969
8084,969,969,969
8085,969,969,969
8086,969,969,969
8087,969,969,969
8088,969,969,969
8089,969,969,969
8090,969,969,969
8091,969,969,969
8092,969,969,969
8093,969,969,969
8094,969,969,969
8095,969,969,969
8096,969,969,969
8097,969,969,969
8098,969,969,969
8099,969,969,969
8100,969,969,969
8101,969,969,969
8102,969,969,969
8103,969,969,969
8104,969,969,969
8105,969,969,969
8106,969,969,969
8107,969,969,969
8108,969,969,969
8109,969,969,969
8110,969,969,969
8111,969,969,969
8112,969,969,969
8113,969,969,969
8114,969,969,969
8115,969,969,969
8116,969,969,969
8117,969,969,969
8118,969,969,969
8119,969,969,969
8120,969,969,969
8121,969,969,969
8122,969,969,969
8123,969,969,969
8124,969,969,969
8125,969,969,969
8126,969,969,969
8127,969,969,969
8128,969,969,969
8129,969,969,969
8130,969,969,969
8131,969,969,969
8132,969,969,969
8133,969,969,969
8134,969,969,969
8135,969,969,969
8136,969,969,969
8137,969,969,969
8138,969,969,969
8139,969,969,969
8140,969,969,969
8141,969,969,969
8142,969,969,969
8143,969,969,969
8144,969,969,969
8145,969,969,969
8146,969,969,969
8147,969,969,969
8148,969,969,969
8149,969,969,969
8150,969,969,969
8151,969,969,969
8152,969,969,969
8153,969,969,969
8154,969,969,969
8155,969,969,969
8156,969,969,969
8157,969,969,969
8158,969,969,969
8159,969,969,969
8160,969,969,969
8161,969,969,969
8162,969,969,969
8163,969,969,969
8164,969,969,969
8165,969,969,969
8166,969,969,969
8167,969,969,969
8168,969,969,969
8169,969,969,969
8170,969,969,969
8171,969,969,969
8172,969,969,969
8173,969,969,969
8174,969,969,969
8175,969,969,969
8176,969,969,969
8177,969,969,969
8178,969,969,969
8179,969,969,969
8180,969,969,969
8181,969,969,969
8182,969,969,969
8183,969,969,969
8184,969,969,969
8185,969,969,969
8186,969,969,969
8187,969,969,969
8188,969,969,969
8189,969,969,969
8190,969,969,969
8191,969,969,969
8192,969,969,969
8193,969,969,969
8194,969,969,969
8195,969,969,969
8196,969,969,969
8197,969,969,969
8198,969,969,969
8199,969,969,969
8200,969,969,969
8201,969,969,969
8202,969,969,969
8203,969,969,969
8204,969,969,969
8205,969,969,969
8206,969,969,969
8207,969,969,969
8208,969,969,969
8209,969,969,969
8210,969,969,969
8211,969,969,969
8212,969,969,969
8213,969,969,969
8214,969,969,969
8215,969,969,969
8216,969,969,969
8217,969,969,969
8218,969,969,969
8219,969,969,969
8220,969,969,969
8221,969,969,969
8222,969,969,969
8223,969,969,969
8224,969,969,969
8225,969,969,969
8226,969,969,969
8227,969,969,969
8228,969,969,969
8229,969,969,969
8230,969,969,969
8231,969,969,969
8232,969,969,969
8233,969,969,969
8234,969,969,969
8235,969,969,969
8236,969,969,969
8237,969,969,969
8238,969,969,969
8239,969,969,969
8240,969,969,969
8241,969,969,969
8242,969,969,969
8243,969,969,969
8244,969,969,969
8245,969,969,969
8246,969,969,969
8247,969,969,969
8248,969,969,969
8249,969,969,969
8250,969,969,969
8251,969,969,969
8252,969,969,969
8253,969,969,969
8254,969,969,969
8255,969,969,969
8256,969,969,969
8257,969,969,969
8258,969,969,969
8259,969,969,969
8260,969,969,969
8261,969,969,969
8262,969,969,969
8263,969,969,969
8264,969,969,969
8265,969,969,969
8266,969,969,969
8267,969,969,969
8268,969,969,969
8269,969,969,969
8270,969,969,969
8271,969,969,969
8272,969,969,969
8273,969,969,969
8274,969,969,969
8275,969,969,969
8276,969,969,969
8277,969,969,969
8278,969,969,969
8279,969,969,969
8280,969,969,969
8281,969,969,969
8282,969,969,969
8283,969,969,969
8284,969,969,969
8285,969,969,969
8286,969,969,969
8287,969,969,969
8288,969,969,969
8289,969,969,969
8290,969,969,969
8291,969,969,969
8292,969,969,969
8293,969,969,969
8294,969,969,969
8295,969,969,969
8296,969,969,969
8297,969,969,969
8298,969,969,969
8299,969,969,969
8300,969,969,969
8301,969,969,969
8302,969,969,969
8303,969,969,969
8304,969,969,969
8305,969,969,969
8306,969,969,969
8307,969,969,969
8308,969,969,969
8309,969,969,969
8310,969,969,969
8311,969,969,969
8312,969,969,969
8313,969,969,969
8314,969,969,969
8315,969,969,969
8316,969,969,969
8317,969,969,969
8318,969,969,969
8319,969,969,969
8320,969,969,969
8321,969,969,969
8322,969,969,969
8323,969,969,969
8324,969,969,969
8325,969,969,969
8326,969,969,969
8327,969,969,969
8328,969,969,969
8329,969,969,969
8330,969,969,969
8331,969,969,969
8332,969,969,969
8333,969,969,969
8334,969,969,969
8335,969,969,969
8336,969,969,969
8337,969,969,969
8338,969,969,969
8339,969,969,969
8340,969,969,969
8341,969,969,969
8342,969,969,969
8343,969,969,969
8344,969,969,969
8345,969,969,969
8346,969,969,969
8347,969,969,969
8348,969,969,969
8349,969,969,969
8350,969,969,969
8351,969,969,969
8352,969,969,969
8353,969,969,969
8354,969,969,969
8355,969,969,969
8356,969,969,969
8357,969,969,969
8358,969,969,969
8359,969,969,969
8360,969,969,969
8361,969,969,969
8362,969,969,969
8363,969,969,969
8364,969,969,969
8365,969,969,969
8366,969,969,969
8367,969,969,969
8368,969,969,969
8369,969,969,969
8370,969,969,969
8371,969,969,969
8372,969,969,969
8373,969,969,969
8374,969,969,969
8375,969,969,969
8376,969,969,969
8377,969,969,969
8378,969,969,969
8379,969,969,969
8380,969,969,969
8381,969,969,969
8382,969,969,969
8383,969,969,969
8384,969,969,969
8385,969,969,969
8386,969,969,969
8387,969,969,969
8388,969,969,969
8389,969,969,969
8390,969,969,969
8391,969,969,969
8392,969,969,969
8393,969,969,969
8394,969,969,969
8395,969,969,969
8396,969,969,969
8397,969,969,969
8398,969,969,969
8399,969,969,969
8400,969,969,969
8401,969,969,969
8402,969,969,969
8403,969,969,969
8404,969,969,969
8405,969,969,969
8406,969,969,969
8407,969,969,969
8408,969,969,969
8409,969,969,969
8410,969,969,969
8411,969,969,969
8412,969,969,969
8413,969,969,969
8414,969,969,969
8415,969,969,969
8416,969,969,969
8417,969,969,969
8418,969,969,969
8419,969,969,969
8420,969,969,969
8421,969,969,969
8422,969,969,969
8423,969,969,969
8424,969,969,969
8425,969,969,969
8426,969,969,969
8427,969,969,969
8428,969,969,969
8429,969,969,969
8430,969,969,969
8431,969,969,969
8432,969,969,969
8433,969,969,969
8434,969,969,969
8435,969,969,969
8436,969,969,969
8437,969,969,969
8438,969,969,969
8439,969,969,969
8440,969,969,969
8441,969,969,969
8442,969,969,969
8443,969,969,969
8444,969,969,969
8445,969,969,969
8446,969,969,969
8447,969,969,969
8448,969,969,969
8449,969,969,969
8450,969,969,969
8451,969,969,969
8452,969,969,969
8453,969,969,969
8454,969,969,969
8455,969,969,969
8456,969,969,969
8457,969,969,969
8458,969,969,969
8459,969,969,969
8460,969,969,969
8461,969,969,969
8462,969,969,969
8463,969,969,969
8464,969,969,969
8465,969,969,969
8466,969,969,969
8467,969,969,969
8468,969,969,969
8469,969,969,969
8470,969,969,969
8471,969,969,969
8472,969,969,969
8473,969,969,969
8474,969,969,969
8475,969,969,969
8476,969,969,969
8477,969,969,969
8478,969,969,969
8479,969,969,969
8480,969,969,969
8481,969,969,969
8482,969,969,969
8483,969,969,969
8484,969,969,969
8485,969,969,969
8486,969,969,969
8487,969,969,969
8488,969,969,969
8489,969,969,969
8490,969,969,969
8491,969,969,969
8492,969,969,969
8493,969,969,969
8494,969,969,969
8495,969,969,969
8496,969,969,969
8497,969,969,969
8498,969,969,969
8499,969,969,969
8500,969,969,969
8501,969,969,969
8502,969,969,969
8503,969,969,969
8504,969,969,969
8505,969,969,969
8506,969,969,969
8507,969,969,969
8508,969,969,969
8509,969,969,969
8510,969,969,969
8511,969,969,969
8512,969,969,969
8513,969,969,969
8514,969,969,969
8515,969,969,969
8516,969,969,969
8517,969,969,969
8518,969,969,969
8519,969,969,969
8520,969,969,969
8521,969,969,969
8522,969,969,969
8523,969,969,969
8524,969,969,969
8525,969,969,969
8526,969,969,969
8527,969,969,969
8528,969,969,969
8529,969,969,969
8530,969,969,969
8531,969,969,969
8532,969,969,969
8533,969,969,969
8534,969,969,969
8535,969,969,969
8536,969,969,969
8537,969,969,969
8538,969,969,969
8539,969,969,969
8540,969,969,969
8541,969,969,969
8542,969,969,969
8543,969,969,969
8544,969,969,969
8545,969,969,969
8546,969,969,969
8547,969,969,969
8548,969,969,969
8549,969,969,969
8550,969,969,969
8551,969,969,969
8552,969,969,969
8553,969,969,969
8554,969,969,969
8555,969,969,969
8556,969,969,969
8557,969,969,969
8558,969,969,969
8559,969,969,969
8560,969,969,969
8561,969,969,969
8562,969,969,969
8563,969,969,969
8564,969,969,969
8565,969,969,969
8566,969,969,969
8567,969,969,969
8568,969,969,969
8569,969,969,969
8570,969,969,969
8571,969,969,969
8572,969,969,969
8573,969,969,969
8574,969,969,969
8575,969,969,969
8576,969,969,969
8577,969,969,969
8578,969,969,969
8579,969,969,969
8580,969,969,969
8581,969,969,969
8582,969,969,969
8583,969,969,969
8584,969,969,969
8585,969,969,969
8586,969,969,969
8587,969,969,969
8588,969,969,969
8589,969,969,969
8590,969,969,969
8591,969,969,969
8592,969,969,969
8593,969,969,969
8594,969,969,969
8595,969,969,969
8596,969,969,969
8597,969,969,969
8598,969,969,969
8599,969,969,969
8600,969,969,969
8601,969,969,969
8602,969,969,969
8603,969,969,969
8604,969,969,969
8605,969,969,969
8606,969,969,969
8607,969,969,969
8608,969,969,969
8609,969,969,969
8610,969,969,969
8611,969,969,969
8612,969,969,969
8613,969,969,969
8614,969,969,969
8615,969,969,969
8616,969,969,969
8617,969,969,969
8618,969,969,969
8619,969,969,969
8620,969,969,969
8621,969,969,969
8622,969,969,969
8623,969,969,969
8624,969,969,969
8625,969,969,969
8626,969,969,969
8627,969,969,969
8628,969,969,969
8629,969,969,969
8630,969,969,969
8631,969,969,969
8632,969,969,969
8633,969,969,969
8634,969,969,969
8635,969,969,969
8636,969,969,969
8637,969,969,969
8638,969,969,969
8639,969,969,969
8640,969,969,969
8641,969,969,969
8642,969,969,969
8643,969,969,969
8644,969,969,969
8645,969,969,969
8646,969,969,969
8647,969,969,969
8648,969,969,969
8649,969,969,969
8650,969,969,969
8651,969,969,969
8652,969,969,969
8653,969,969,969
8654,969,969,969
8655,969,969,969
8656,969,969,969
8657,969,969,969
8658,969,969,969
8659,969,969,969
8660,969,969,969
8661,969,969,969
8662,969,969,969
8663,969,969,969
8664,969,969,969
8665,969,969,969
8666,969,969,969
8667,969,969,969
8668,969,969,969
8669,969,969,969
8670,969,969,969
8671,969,969,969
8672,969,969,969
8673,969,969,969
8674,969,969,969
8675,969,969,969
8676,969,969,969
8677,969,969,969
8678,969,969,969
8679,969,969,969
8680,969,969,969
8681,969,969,969
8682,969,969,969
8683,969,969,969
8684,969,969,969
8685,969,969,969
8686,969,969,969
8687,969,969,969
8688,969,969,969
8689,969,969,969
8690,969,969,969
8691,969,969,969
8692,969,969,969
8693,969,969,969
8694,969,969,969
8695,969,969,969
8696,969,969,969
8697,969,969,969
8698,969,969,969
8699,969,969,969
8700,969,969,969
8701,969,969,969
8702,969,969,969
8703,969,969,969
8704,969,969,969
8705,969,969,969
8706,969,969,969
8707,969,969,969
8708,969,969,969
8709,969,969,969
8710,969,969,969
8711,969,969,969
8712,969,969,969
8713,969,969,969
8714,969,969,969
8715,969,969,969
8716,969,969,969
8717,969,969,969
8718,969,969,969
8719,969,969,969
8720,969,969,969
8721,969,969,969
8722,969,969,969
8723,969,969,969
8724,969,969,969
8725,969,969,969
8726,969,969,969
8727,969,969,969
8728,969,969,969
8729,969,969,969
8730,969,969,969
8731,969,969,969
8732,969,969,969
8733,969,969,969
8734,969,969,969
8735,969,969,969
8736,969,969,969
8737,969,969,969
8738,969,969,969
8739,969,969,969
8740,969,969,969
8741,969,969,969
8742,969,969,969
8743,969,969,969
8744,969,969,969
8745,969,969,969
8746,969,969,969
8747,969,969,969
8748,969,969,969
8749,969,969,969
8750,969,969,969
8751,969,969,969
8752,969,969,969
8753,969,969,969
8754,969,969,969
8755,969,969,969
8756,969,969,969
8757,969,969,969
8758,969,969,969
8759,969,969,969
8760,969,969,969
