Resource,MIDAT_conventional_hydroelectric_1,MIDAT_hydroelectric_pumped_storage_1,MIDAT_natural_gas_fired_combined_cycle_1,MIDAT_natural_gas_fired_combined_cycle_2,MIDAT_natural_gas_fired_combined_cycle_3,MIDAT_natural_gas_fired_combined_cycle_4,MIDAT_natural_gas_fired_combustion_turbine_1,MIDAT_natural_gas_fired_combustion_turbine_2,MIDAT_nuclear_1,MIDAT_nuclear_2,MIDAT_onshore_wind_turbine_1,MIDAT_small_hydroelectric_1,MIDAT_solar_photovoltaic_1,NE_conventional_hydroelectric_1,NE_hydroelectric_pumped_storage_1,NE_natural_gas_fired_combined_cycle_1,NE_natural_gas_fired_combined_cycle_2,NE_natural_gas_fired_combined_cycle_3,NE_natural_gas_fired_combustion_turbine_1,NE_natural_gas_fired_combustion_turbine_2,NE_nuclear_1,NE_nuclear_2,NE_onshore_wind_turbine_1,NE_small_hydroelectric_1,NE_solar_photovoltaic_1,SE_conventional_hydroelectric_1,SE_hydroelectric_pumped_storage_1,SE_natural_gas_fired_combined_cycle_1,SE_natural_gas_fired_combined_cycle_2,SE_natural_gas_fired_combined_cycle_3,SE_natural_gas_fired_combined_cycle_4,SE_natural_gas_fired_combustion_turbine_1,SE_natural_gas_fired_combustion_turbine_2,SE_nuclear_1,SE_nuclear_2,SE_small_hydroelectric_1,SE_solar_photovoltaic_1,SE_naturalgas_ccccsavgcf_conservative_0,SE_naturalgas_ccavgcf_moderate_0,SE_naturalgas_ctavgcf_moderate_0,SE_battery_moderate_0,SE_nuclear_mid_0,MIDAT_naturalgas_ccccsavgcf_conservative_0,MIDAT_naturalgas_ccavgcf_moderate_0,MIDAT_naturalgas_ctavgcf_moderate_0,MIDAT_battery_moderate_0,MIDAT_nuclear_mid_0,NE_naturalgas_ccccsavgcf_conservative_0,NE_naturalgas_ccavgcf_moderate_0,NE_naturalgas_ctavgcf_moderate_0,NE_battery_moderate_0,NE_nuclear_mid_0,NE_offshorewind_class10_moderate_floating_1_1,SE_utilitypv_class1_moderate_70_0_2_1,SE_utilitypv_class1_moderate_70_0_2_2,SE_utilitypv_class1_moderate_70_0_2_3,SE_utilitypv_class1_moderate_70_0_2_4,SE_utilitypv_class1_moderate_70_0_2_5,SE_utilitypv_class1_moderate_70_0_2_6,SE_utilitypv_class1_moderate_70_0_2_7,SE_utilitypv_class1_moderate_70_0_2_8,MIDAT_utilitypv_class1_moderate_70_0_2_1,MIDAT_utilitypv_class1_moderate_70_0_2_2,MIDAT_utilitypv_class1_moderate_70_0_2_3,MIDAT_utilitypv_class1_moderate_70_0_2_4,MIDAT_utilitypv_class1_moderate_70_0_2_5,MIDAT_utilitypv_class1_moderate_70_0_2_6,MIDAT_utilitypv_class1_moderate_70_0_2_7,NE_utilitypv_class1_moderate_70_0_2_1,NE_utilitypv_class1_moderate_70_0_2_2,NE_utilitypv_class1_moderate_70_0_2_3,NE_utilitypv_class1_moderate_70_0_2_4,NE_utilitypv_class1_moderate_70_0_2_5,NE_utilitypv_class1_moderate_70_0_2_6,NE_utilitypv_class1_moderate_70_0_2_7,SE_landbasedwind_class4_moderate_70_1,SE_landbasedwind_class4_moderate_70_2,SE_landbasedwind_class4_moderate_70_3,SE_landbasedwind_class4_moderate_70_4,SE_landbasedwind_class4_moderate_70_5,SE_landbasedwind_class4_moderate_70_6,SE_landbasedwind_class4_moderate_70_7,SE_landbasedwind_class4_moderate_70_8,MIDAT_landbasedwind_class4_moderate_70_1,MIDAT_landbasedwind_class4_moderate_70_2,MIDAT_landbasedwind_class4_moderate_70_3,MIDAT_landbasedwind_class4_moderate_70_4,MIDAT_landbasedwind_class4_moderate_70_5,MIDAT_landbasedwind_class4_moderate_70_6,MIDAT_landbasedwind_class4_moderate_70_7,NE_landbasedwind_class4_moderate_70_1,NE_landbasedwind_class4_moderate_70_2,NE_landbasedwind_class4_moderate_70_3,NE_landbasedwind_class4_moderate_70_4,NE_landbasedwind_class4_moderate_70_5,NE_landbasedwind_class4_moderate_70_6,NE_landbasedwind_class4_moderate_70_7
Zone,2,2,2,2,2,2,2,2,2,2,2,2,2,3,3,3,3,3,3,3,3,3,3,3,3,1,1,1,1,1,1,1,1,1,1,1,1,1,1,1,1,1,2,2,2,2,2,3,3,3,3,3,3,1,1,1,1,1,1,1,1,2,2,2,2,2,2,2,3,3,3,3,3,3,3,1,1,1,1,1,1,1,1,2,2,2,2,2,2,2,3,3,3,3,3,3,3
t1,0.0,0.0,0.02181379318181898,53.99650218674701,0.004083714485869821,15.95883509380418,0.0044021870429931985,0.04351319348195777,1.9998478940113154,15.999824871091969,0.0,0.0,0.0,0.0,0.0,0.011889462783031822,18.993400009186868,0.006833980929709732,0.022740080202178384,0.010434358219225464,2.999829976431943,1.999819174596059,0.0,0.0,0.0,0.0,0.0,51.99888735761972,24.997357656866654,59.99915462884666,0.0027044158054859795,0.006622186400853381,0.046459424664632286,31.999862679164504,1.9998821231584516,0.0,0.0,0.0027701401137106355,0.009618017175527516,0.004379500843752217,0.0,0.002079253134794162,0.001666108997071722,79.63710748298344,0.0037913696906803104,0.0,0.003075265985014827,0.0013060303169530225,0.0091000276473372,0.0032473941979060997,0.0,0.003477111926908184,0.0,0.0,0.0,0.0,0.0,0.0,0.0,0.0,0.0,0.0,0.0,0.0,0.0,0.0,0.0,0.0,0.0,0.0,0.0,0.0,0.0,0.0,0.0,0.0,0.0,0.0,0.0,0.0,0.0,0.0,0.0,0.0,0.0,0.0,0.0,0.0,0.0,0.0,0.0,0.0,0.0,0.0,0.0,0.0,0.0
t2,0.0,0.0,0.021294475547012442,53.996376995124656,0.003966847866789369,15.958709768294073,0.004250613985934828,0.04208030712420534,1.9998441865222563,15.999820400411902,0.0,0.0,0.0,0.0,0.0,0.011423908634132156,18.993201651777078,0.006633113249242464,0.021816216609742565,0.010032268093295991,2.999825928278105,1.999814886445489,0.0,0.0,0.0,0.0,0.0,51.998852070171274,24.99726213353838,59.99913208723843,0.002666460456479925,0.0065101642090948045,0.04585676939069039,31.99986094902529,1.999880844947245,0.0,0.0,0.002762260721328078,0.009609373002631242,0.0043326659077977435,0.0,0.002077520914450636,0.0016357472881804603,79.63703445400338,0.003668953530757246,0.0,0.003069546988473199,0.0012797434941228024,0.009023294153934564,0.0031284105269063682,0.0,0.0034720053772734354,0.0,0.0,0.0,0.0,0.0,0.0,0.0,0.0,0.0,0.0,0.0,0.0,0.0,0.0,0.0,0.0,0.0,0.0,0.0,0.0,0.0,0.0,0.0,0.0,0.0,0.0,0.0,0.0,0.0,0.0,0.0,0.0,0.0,0.0,0.0,0.0,0.0,0.0,0.0,0.0,0.0,0.0,0.0,0.0,0.0
t3,0.0,0.0,0.020521230344777007,53.9961718662793,0.0038183992607459774,15.958504666131981,0.004043983859591217,0.04015093531863431,1.9998398652213307,15.999815163290123,0.0,0.0,0.0,0.0,0.0,0.010682816477645428,18.992826944578646,0.006360723383750424,0.020483531205454493,0.009444989680427587,2.999820909213414,1.9998095779443403,0.0,0.0,0.0,0.0,0.0,51.99878877698433,24.997084376426574,59.999087549538,0.002599782176239942,0.006341083090417183,0.044963214919561685,31.999859014989067,1.999879376716982,0.0,0.0,0.0027465834238109468,0.009592304921637325,0.004280773563461648,0.0,0.0020755028762065703,0.0015861626209010009,79.63690730017112,0.0035328855432045516,0.0,0.0030630187950257794,0.001235945637815268,0.008887640729798776,0.002984274496150724,0.0,0.0034660214949065343,0.0,0.0,0.0,0.0,0.0,0.0,0.0,0.0,0.0,0.0,0.0,0.0,0.0,0.0,0.0,0.0,0.0,0.0,0.0,0.0,0.0,0.0,0.0,0.0,0.0,0.0,0.0,0.0,0.0,0.0,0.0,0.0,0.0,0.0,0.0,0.0,0.0,0.0,0.0,0.0,0.0,0.0,0.0,0.0,0.0
t4,0.0,0.0,0.019308533383933648,53.995786197911976,0.0036296564790521766,15.958126687909976,0.003758163105593612,0.03750488747310321,1.9998347217917403,15.999808926478469,0.0,0.0,0.0,0.0,0.0,0.009338868757745852,18.99173380747139,0.005995473748826834,0.01847075596015353,0.008524341914667603,2.999814477140011,1.9998027843192843,0.0,0.0,0.0,0.0,0.0,51.99868107708726,24.996776832063656,59.999007478831864,0.002496363937562417,0.006100621601341498,0.043716638566203385,31.99985678550679,1.999877670340552,0.0,0.0,0.0027178826087820183,0.009558761837459758,0.004189323602792553,0.0,0.0020731850231463936,0.0015068195836475146,79.63667774189452,0.0033328181909639183,0.0,0.003055517969572806,0.0011617124781948289,0.008602885465113033,0.0027514510438469866,0.0,0.0034590105527214704,0.0,0.0,0.0,0.0,0.0,0.0,0.0,0.0,0.0,0.0,0.0,0.0,0.0,0.0,0.0,0.0,0.0,0.0,0.0,0.0,0.0,0.0,0.0,0.0,0.0,0.0,0.0,0.0,0.0,0.0,0.0,0.0,0.0,0.0,0.0,0.0,0.0,0.0,0.0,0.0,0.0,0.0,0.0,0.0,0.0
t5,0.0,0.0,0.017048789233429902,53.99446358936773,0.003383820771377587,15.957009896039567,0.003339327732381928,0.033608977601265744,1.9998284360707999,15.999801215834697,0.0,0.0,0.0,0.0,0.0,0.0040285526021544595,0.0016695683902975397,0.005487747068849836,0.014694596032305468,0.006596289367335322,2.9998061627502994,1.9997940254321396,0.0,0.0,0.0,0.0,0.0,51.99847842764697,24.996194736695088,59.998850210109474,0.002336964855511179,0.005761455103395393,0.04199822899268276,31.999854228110635,1.999875686856005,0.0,0.0,0.002667416267937178,0.009491406227978257,0.004055185997650395,0.0,0.002070507311289058,0.0013751253259282016,79.636145902054,0.0030510135342852692,0.0,0.0030467922586553077,0.0010123989845037462,0.0019832487218227938,0.00234308807932371,0.0,0.003451088881214991,0.0,0.0,0.0,0.0,0.0,0.0,0.0,0.0,0.0,0.0,0.0,0.0,0.0,0.0,0.0,0.0,0.0,0.0,0.0,0.0,0.0,0.0,0.0,0.0,0.0,0.0,0.0,0.0,0.0,0.0,0.0,0.0,0.0,0.0,0.0,0.0,0.0,0.0,0.0,0.0,0.0,0.0,0.0,0.0,0.0
t6,0.0,0.0,0.006037783810510017,0.0017542023985876402,0.003039748479221006,0.0014732313236950289,0.002603588773076943,0.026330372078228803,1.9998208121524665,15.999791668410058,0.0,0.0,0.0,0.0,0.0,0.0033601899193472697,0.0013680220292103691,0.0051723255662039684,0.01303320961426354,0.005815643924190912,2.9997990962965306,1.999786566417351,0.0,0.0,0.0,0.0,0.0,51.9978504039236,24.9944264670229,59.99837702305436,0.002068535819846517,0.005262650738751097,0.03957526363373285,31.999851236779996,1.99987336057201,0.0,0.0,0.002574771809219042,0.009322634436147684,0.003888933489302129,0.0,0.0020673759405437646,0.0011025042089567363,0.002358051055248792,0.0026494269701445344,0.0,0.003037196028986609,0.0009308663919215547,0.001604368642439549,0.00213442662968245,0.0,0.0034438796409391207,0.0,0.0,0.0,0.0,0.0,0.0,0.0,0.0,0.0,0.0,0.0,0.0,0.0,0.0,0.0,0.0,0.0,0.0,0.0,0.0,0.0,0.0,0.0,0.0,0.0,0.0,0.0,0.0,0.0,0.0,0.0,0.0,0.0,0.0,0.0,0.0,0.0,0.0,0.0,0.0,0.0,0.0,0.0,0.0,0.0
t7,0.0,0.0,0.00503269633348357,0.001377293210255389,0.0028219287391300016,0.0011934555836968814,0.0022850469616753364,0.023201435514670316,1.9998142792198021,15.999783955564977,0.0,0.0,0.0,0.0,0.0,0.0030253489939698346,0.00122167474877571,0.004963294510495108,0.012047157568592147,0.005348715063746424,2.9997930854476396,1.9997801648516846,0.0,0.0,0.0,0.0,0.0,9.68342932938815,0.011694762912640981,34.683781084278486,0.0013941773227207218,0.004395085524971286,0.035827973337073965,31.99984947473538,1.9998706591955953,0.0,0.0,0.0023554006568451595,0.006347831884842663,0.003605174688380952,0.0,0.002063683594381862,0.0009815910584902157,0.001865025129039461,0.0023966199820124362,0.0,0.003028204660235733,0.0008791102928419005,0.0014191366967031922,0.0019797166088038032,0.0,0.0034373537949494264,0.0,0.0,0.0,0.0,0.0,0.0,0.0,0.0,0.0,0.0,0.0,0.0,0.0,0.0,0.0,0.0,0.0,0.0,0.0,0.0,0.0,0.0,0.0,0.0,0.0,0.0,0.0,0.0,0.0,0.0,0.0,0.0,0.0,0.0,0.0,0.0,0.0,0.0,0.0,0.0,0.0,0.0,0.0,0.0,0.0
t8,0.0,0.0,0.0045353249014279656,0.0012135125656751744,0.002668393701107683,0.0010616049497399298,0.0021059396312631934,0.021333489079761042,1.9998086529504802,15.999777017684247,0.0,0.0,0.0,0.0,0.0,0.0028208405005523372,0.0011314784745180884,0.004821964934647075,0.01140860699232709,0.0050374511706873844,2.999787849435557,1.9997746232566702,0.0,0.0,0.0,0.0,0.0,0.004407459273546883,0.007126546481658962,0.002462957548006502,0.0011946469242506605,0.003933502077026926,0.03327634607514533,31.999845753774345,1.999867930901084,0.0,0.0,0.002220717417816688,0.005595584344970771,0.00340033055138302,0.0,0.002059999339482066,0.0009112725104044637,0.00163927265139138,0.002217837374394133,0.0,0.0030198585184772722,0.0008456658198113122,0.0013093153286014227,0.0018649202232442468,0.0,0.0034314912272443514,0.0,0.0,0.0,0.0,0.0,0.0,0.0,0.0,0.0,0.0,0.0,0.0,0.0,0.0,0.0,0.0,0.0,0.0,0.0,0.0,0.0,0.0,0.0,0.0,0.0,0.0,0.0,0.0,0.0,0.0,0.0,0.0,0.0,0.0,0.0,0.0,0.0,0.0,0.0,0.0,0.0,0.0,0.0,0.0,0.0
t9,0.0,0.0,0.004226298500864479,0.0011145077768747878,0.0025550529667013786,0.0009802969143535949,0.0019971889054043505,0.020100285024528278,1.999803768097665,15.99977101889209,0.0,0.0,0.0,0.0,0.0,0.0026872904925294445,0.0010708071590005868,0.004726529317587373,0.010980788018741031,0.0048204990826436886,2.9997832754684683,1.9997697774504755,0.0,0.0,0.0,0.0,0.0,0.0037939645500823507,0.006141650539171508,0.0020771753484453135,0.001086679405717643,0.00363526831624371,0.031390513604176815,31.99984206566465,1.9998652204865794,0.0,0.0,0.002127739935858837,0.005163302785606622,0.0032649320461223675,0.0,0.002056321236844488,0.000867545305785912,0.0015058966399158435,0.0021061211433351726,0.0,0.003012130927933096,0.0008244889219770463,0.0012421305222931056,0.0017979158891290325,0.0,0.0034262415666057,0.0,0.0,0.0,0.0,0.0,0.0,0.0,0.0,0.0,0.0,0.0,0.0,0.0,0.0,0.0,0.0,0.0,0.0,0.0,0.0,0.0,0.0,0.0,0.0,0.0,0.0,0.0,0.0,0.0,0.0,0.0,0.0,0.0,0.0,0.0,0.0,0.0,0.0,0.0,0.0,0.0,0.0,0.0,0.0,0.0
t10,0.0,0.0,0.004019176383932709,0.0010473597709208045,0.0024693248252810806,0.0009248544989567559,0.0019294466936860023,0.01925215420464164,1.9997994851690055,15.999765771074427,0.0,0.0,0.0,0.0,0.0,0.002597986700577241,0.0010283448099994074,0.004663060134620298,0.010690336017870665,0.0046662651619610515,2.9997792517677624,1.9997655108803956,0.0,0.0,0.0,0.0,0.0,0.0034584152063807786,0.005602789244627436,0.0018854183244931904,0.0010177746428025063,0.0034267691893696177,0.029934299817838975,31.999838416693226,1.9998625383026065,0.0,0.0,0.0020624675184115985,0.004868958111778092,0.003146804858799831,0.0,0.00205266253230796,0.000840037327598719,0.0014214829484123644,0.0020096683520161285,0.0,0.0030049852112441267,0.0008107093838476022,0.0011974027509103723,0.001735688068677294,0.0,0.0034215438269632878,0.0,0.0,0.0,0.0,0.0,0.0,0.0,0.0,0.0,0.0,0.0,0.0,0.0,0.0,0.0,0.0,0.0,0.0,0.0,0.0,0.0,0.0,0.0,0.0,0.0,0.0,0.0,0.0,0.0,0.0,0.0,0.0,0.0,0.0,0.0,0.0,0.0,0.0,0.0,0.0,0.0,0.0,0.0,0.0,0.0
t11,0.0,0.0,0.00387658915639874,0.000999471533618564,0.0024036275117196096,0.0008852678409305057,0.0018869329397550102,0.018658384118224652,1.9997957039280376,15.999761144229181,0.0,0.0,0.0,0.0,0.0,0.0025381845759210467,0.0009981635834079708,0.004621795036211839,0.010492425689684651,0.00455577862769231,2.9997756966827422,1.9997617385629192,0.0,0.0,0.0,0.0,0.0,0.0032336207429842505,0.0052502250046424495,0.0017630852700642112,0.0009709379110489485,0.0032759894422966992,0.028782611668766556,31.99983481596596,1.99985983365125,0.0,0.0,0.0020179430182728727,0.004658384366778756,0.003048225178705725,0.0,0.002048986823156252,0.0008223606136874926,0.0013639794296237129,0.0019327778642001911,0.0,0.0029983963275051753,0.0008022544099739891,0.001167290521965939,0.0016865602067361938,0.0,0.003417351016334764,0.0,0.0,0.0,0.0,0.0,0.0,0.0,0.0,0.0,0.0,0.0,0.0,0.0,0.0,0.0,0.0,0.0,0.0,0.0,0.0,0.0,0.0,0.0,0.0,0.0,0.0,0.0,0.0,0.0,0.0,0.0,0.0,0.0,0.0,0.0,0.0,0.0,0.0,0.0,0.0,0.0,0.0,0.0,0.0,0.0
t12,0.0,0.0,0.0037775309485998873,0.000964420713613011,0.0023528975948285693,0.0008563013851636818,0.0018601976969569967,0.018239652836242966,1.9997923501371837,15.999757042229659,0.0,0.0,0.0,0.0,0.0,0.002498279419615346,0.0009765748579775324,0.004594971247209367,0.010358128791072108,0.004476761766747483,2.999772547846026,1.9997583952227707,0.0,0.0,0.0,0.0,0.0,0.003069956150414337,0.005005624262662655,0.0016781945279891546,0.0009388822937145027,0.0031659290347381894,0.02785979336692472,31.999831192627067,1.9998571064446837,0.0,0.0,0.0019873687312719334,0.00449602535677385,0.0029868585302583123,0.0,0.0020452957729389792,0.0008109079253780056,0.001323942574749481,0.0018907796061435347,0.0,0.002992329976847184,0.0007972818442306142,0.001147009498672809,0.001666481785204139,0.0,0.0034136154936214406,0.0,0.0,0.0,0.0,0.0,0.0,0.0,0.0,0.0,0.0,0.0,0.0,0.0,0.0,0.0,0.0,0.0,0.0,0.0,0.0,0.0,0.0,0.0,0.0,0.0,0.0,0.0,0.0,0.0,0.0,0.0,0.0,0.0,0.0,0.0,0.0,0.0,0.0,0.0,0.0,0.0,0.0,0.0,0.0,0.0
t13,0.0,0.0,0.0037078831422924685,0.000938132773862151,0.0023134302669308633,0.0008347665028091493,0.0018434012954555603,0.017943863307545056,1.9997893676059553,15.999753394327753,0.0,0.0,0.0,0.0,0.0,0.002472123227053439,0.0009611752537244951,0.004577545005210564,0.010268046106215204,0.004420749853264467,2.9997697564666135,1.9997554295528563,0.0,0.0,0.0,0.0,0.0,0.002945533060933392,0.004833748332820097,0.0016172235799699311,0.0009174413752698008,0.0030865121681526294,0.02711852438294913,31.999827578388384,1.999854361422068,0.0,0.0,0.001967323022111011,0.004368678952895635,0.0029259518382741267,0.0,0.002041593987912499,0.000803464412050425,0.0012957628971899085,0.0018457654639428597,0.0,0.0029867518459705416,0.0007942064599419094,0.001133490835563269,0.00163896311157875,0.0,0.003410287949603198,0.0,0.0,0.0,0.0,0.0,0.0,0.0,0.0,0.0,0.0,0.0,0.0,0.0,0.0,0.0,0.0,0.0,0.0,0.0,0.0,0.0,0.0,0.0,0.0,0.0,0.0,0.0,0.0,0.0,0.0,0.0,0.0,0.0,0.0,0.0,0.0,0.0,0.0,0.0,0.0,0.0,0.0,0.0,0.0,0.0
t14,0.0,0.0,0.0036588273351148837,0.0009182803112846943,0.002282592121747267,0.0008186770548187716,0.0018329284879212765,0.017734901069670572,1.9997867124914155,15.99975014841429,0.0,0.0,0.0,0.0,0.0,0.0024552953595571784,0.0009502452651578838,0.004566241640981737,0.010207237815606347,0.004380993709541184,2.9997672838530516,1.9997528011052053,0.0,0.0,0.0,0.0,0.0,0.0028473403341289813,0.004710938749190036,0.0015720261987088827,0.00090357248381005,0.0030310000492707254,0.02652551638126171,31.999823953173838,1.999851597710265,0.0,0.0,0.001956407502233916,0.004268272075762374,0.002873727192216793,0.0,0.002037880105138498,0.0007986181120709163,0.0012758749918988603,0.0018082730637060881,0.0,0.0029816416711686304,0.0007926637108437125,0.0011245636110126416,0.0016162636875468816,0.0,0.0034073351953127916,0.0,0.0,0.0,0.0,0.0,0.0,0.0,0.0,0.0,0.0,0.0,0.0,0.0,0.0,0.0,0.0,0.0,0.0,0.0,0.0,0.0,0.0,0.0,0.0,0.0,0.0,0.0,0.0,0.0,0.0,0.0,0.0,0.0,0.0,0.0,0.0,0.0,0.0,0.0,0.0,0.0,0.0,0.0,0.0,0.0
t15,0.0,0.0,0.0036244064869783306,0.0009032480201263407,0.00225843254550708,0.0008066444814117911,0.001826501358376825,0.017587538364191038,1.999784349571809,15.999747260330517,0.0,0.0,0.0,0.0,0.0,0.002444985228962967,0.0009425962617915044,0.004558919563468292,0.010166885600592002,0.004353305030422307,2.9997651001974575,1.999750478734257,0.0,0.0,0.0,0.0,0.0,0.0027693164522125616,0.004626940709219222,0.0015391802192327182,0.0008959710719607153,0.0029953964469239865,0.02605775138296164,31.99982034916834,1.9998488143770121,0.0,0.0,0.0019530102975091018,0.004190070356339488,0.0028498785981564043,0.0,0.002034150915042712,0.0007954582988195232,0.0012618700592112316,0.0017958878455141638,0.0,0.002976974724820241,0.0007919333482293326,0.0011187693509836034,0.0016156557741262725,0.0,0.0034047258426763856,0.0,0.0,0.0,0.0,0.0,0.0,0.0,0.0,0.0,0.0,0.0,0.0,0.0,0.0,0.0,0.0,0.0,0.0,0.0,0.0,0.0,0.0,0.0,0.0,0.0,0.0,0.0,0.0,0.0,0.0,0.0,0.0,0.0,0.0,0.0,0.0,0.0,0.0,0.0,0.0,0.0,0.0,0.0,0.0,0.0
t16,0.0,0.0,0.0036004512885147487,0.0008918504523219403,0.002239475578578323,0.0007976441125738154,0.00182267709873453,0.01748413144869872,1.9997822510237881,15.999744700610494,0.0,0.0,0.0,0.0,0.0,0.0024397218766201026,0.0009375217968360976,0.0045541543848040406,0.010143069956835544,0.00433557579737328,2.999763180578883,1.999748435659811,0.0,0.0,0.0,0.0,0.0,0.0027073326549257736,0.004575480513185005,0.0015164425305377299,0.0008937910499991859,0.0029773408470030543,0.025696888628043715,31.99981671211106,1.9998460231110404,0.0,0.0,0.001956479387317557,0.0041308634651308004,0.0028205256085446478,0.0,0.0020304161668024396,0.0007934129226043281,0.0012520873149083132,0.0017732879981697074,0.0,0.0029727307479389562,0.0007914595046032953,0.0011155426680759845,0.0016026253803273311,0.0,0.0034024346632019423,0.0,0.0,0.0,0.0,0.0,0.0,0.0,0.0,0.0,0.0,0.0,0.0,0.0,0.0,0.0,0.0,0.0,0.0,0.0,0.0,0.0,0.0,0.0,0.0,0.0,0.0,0.0,0.0,0.0,0.0,0.0,0.0,0.0,0.0,0.0,0.0,0.0,0.0,0.0,0.0,0.0,0.0,0.0,0.0,0.0
t17,0.0,0.0,0.0035841293752701883,0.0008832473197448196,0.002224622635080519,0.0007909570912663623,0.0018205781582238012,0.017412261204167657,1.9997803938052765,15.999742440607159,0.0,0.0,0.0,0.0,0.0,0.002438505465714408,0.0009344699798839414,0.004551086436804528,0.010133181357307388,0.0043258443682142956,2.9997615060299787,1.999746652220902,0.0,0.0,0.0,0.0,0.0,0.0026601507796839867,0.004553384145168229,0.001503932205138562,0.0008978149084286203,0.0029766661614145365,0.025433278872203504,31.999813168078276,1.999843274756949,0.0,0.0,0.0019713873139728163,0.004091205354788483,0.002797299869347691,0.0,0.0020267580827846863,0.0007920635241693522,0.001245377239945717,0.001753474585078764,0.0,0.0029689022946980622,0.0007917888536579315,0.001114202123329056,0.0015911607414457521,0.0,0.0034004556491829497,0.0,0.0,0.0,0.0,0.0,0.0,0.0,0.0,0.0,0.0,0.0,0.0,0.0,0.0,0.0,0.0,0.0,0.0,0.0,0.0,0.0,0.0,0.0,0.0,0.0,0.0,0.0,0.0,0.0,0.0,0.0,0.0,0.0,0.0,0.0,0.0,0.0,0.0,0.0,0.0,0.0,0.0,0.0,0.0,0.0
t18,0.0,0.0,0.0035734647433753935,0.0008767463342139448,0.002213049145772517,0.0007859909002822873,0.0018192722549731201,0.01736329761061338,1.9997787610110815,15.999740457227253,0.0,0.0,0.0,0.0,0.0,0.0024396855427322025,0.0009327776454024034,0.00454908442609308,0.010131767419608041,0.004321207005187554,2.999760057735991,1.999745108222248,0.0,0.0,0.0,0.0,0.0,0.0026212469551249,0.004553482168026346,0.0014968224063362698,0.0009046843022357444,0.0029902502075015063,0.02525776220128037,31.999809380141922,1.9998403194290424,0.0,0.0,0.0019861939117731403,0.004061824616401962,0.0027983706680003847,0.0,0.0020228372678720388,0.0007910328722200324,0.0012406952599714378,0.0017544194789822203,0.0,0.0029654772811762457,0.0007944003699531946,0.0011140032484207988,0.0015986841344336712,0.0,0.003398757959977508,0.0,0.0,0.0,0.0,0.0,0.0,0.0,0.0,0.0,0.0,0.0,0.0,0.0,0.0,0.0,0.0,0.0,0.0,0.0,0.0,0.0,0.0,0.0,0.0,0.0,0.0,0.0,0.0,0.0,0.0,0.0,0.0,0.0,0.0,0.0,0.0,0.0,0.0,0.0,0.0,0.0,0.0,0.0,0.0,0.0
t19,0.0,0.0,0.0035660430408540186,0.0008718716131205289,0.0022040385280550964,0.0007823210225156281,0.0018186773138235749,0.017328988375253106,1.9997773419338236,15.999738733863424,0.0,0.0,0.0,0.0,0.0,0.0024407939892347806,0.0009315855328033936,0.004547746531584648,0.010128967742639175,0.004316897560599644,2.9997588229108003,1.9997437912116982,0.0,0.0,0.0,0.0,0.0,0.002578140955393578,0.004541041568822497,0.0014849932472588943,0.0009077414160438476,0.0029950273078032516,0.025062218552569633,31.99980530546062,1.9998370945666002,0.0,0.0,0.001992908999351276,0.004021632099734365,0.0027812844152401294,0.0,0.0020186221449630263,0.0007902689901381844,0.0012375034354266368,0.001741743058964141,0.0,0.002962435309185467,0.0007979875791443526,0.0011138971179503459,0.0015905607612138432,0.0,0.0033973280331892324,0.0,0.0,0.0,0.0,0.0,0.0,0.0,0.0,0.0,0.0,0.0,0.0,0.0,0.0,0.0,0.0,0.0,0.0,0.0,0.0,0.0,0.0,0.0,0.0,0.0,0.0,0.0,0.0,0.0,0.0,0.0,0.0,0.0,0.0,0.0,0.0,0.0,0.0,0.0,0.0,0.0,0.0,0.0,0.0,0.0
t20,0.0,0.0,0.0035607748193671684,0.0008682270837971026,0.002197070187140888,0.0007796117916302658,0.0018184125268298013,0.017305277133642414,1.999776127760793,15.999737257773415,0.0,0.0,0.0,0.0,0.0,0.0024417309342967125,0.0009307763098272344,0.004546888883992348,0.010125653460709734,0.004313053962587137,2.999757794517269,1.9997426950159507,0.0,0.0,0.0,0.0,0.0,0.002534251500818992,0.004519506999547233,0.001471382567379132,0.000909786142304131,0.0029943322799460175,0.024845129040342546,31.999801132673515,1.999833810827273,0.0,0.0,0.0019995303804582077,0.003976977917576844,0.002759465769019234,0.0,0.002014363807648063,0.0007897680144753965,0.0012353484186823475,0.0017297130624496088,0.0,0.002959777360626334,0.0008011478429539966,0.0011139478319476515,0.001582503617414457,0.0,0.0033961594364283294,0.0,0.0,0.0,0.0,0.0,0.0,0.0,0.0,0.0,0.0,0.0,0.0,0.0,0.0,0.0,0.0,0.0,0.0,0.0,0.0,0.0,0.0,0.0,0.0,0.0,0.0,0.0,0.0,0.0,0.0,0.0,0.0,0.0,0.0,0.0,0.0,0.0,0.0,0.0,0.0,0.0,0.0,0.0,0.0,0.0
t21,0.0,0.0,0.0035567130380625444,0.000865474137308511,0.0021917432207607503,0.0007775734067423424,0.0018179672489592323,0.017287841933150697,1.9997751066933767,15.9997360154739,0.0,0.0,0.0,0.0,0.0,0.0024424154996753127,0.0009302202285060298,0.004546357066415816,0.010122603480167039,0.004309863110626138,2.999756963468675,1.999741809702559,0.0,0.0,0.0,0.0,0.0,0.0024870124235915137,0.0044872426134371785,0.0014544649499557403,0.0009097559645858817,0.002987916448640793,0.02459951944364386,31.999796790738042,1.9998303840588283,0.0,0.0,0.002000408886679559,0.003922911000033519,0.002752252559455224,0.0,0.002009942753156668,0.0007892929970186787,0.0012337004096224867,0.0017367181340153658,0.0,0.0029574974364498527,0.0008036233399218702,0.0011140407269417535,0.0015926574118847214,0.0,0.003395241997210539,0.0,0.0,0.0,0.0,0.0,0.0,0.0,0.0,0.0,0.0,0.0,0.0,0.0,0.0,0.0,0.0,0.0,0.0,0.0,0.0,0.0,0.0,0.0,0.0,0.0,0.0,0.0,0.0,0.0,0.0,0.0,0.0,0.0,0.0,0.0,0.0,0.0,0.0,0.0,0.0,0.0,0.0,0.0,0.0,0.0
t22,0.0,0.0,0.0035536588400528033,0.00086347865170325,0.0021878107487567967,0.0007760993714760673,0.0018175598703388941,0.017275932952211984,1.9997742729053278,15.999734998789437,0.0,0.0,0.0,0.0,0.0,0.0024427451141380984,0.0009298019618120096,0.004546027661861855,0.010120376510491576,0.00430750275726091,2.9997563224510393,1.9997411270229797,0.0,0.0,0.0,0.0,0.0,0.0024355819659053284,0.004442705127744987,0.001433680138769081,0.0009073944189119616,0.0029753098220854134,0.024319567231158044,31.999792215280866,1.9998267714915616,0.0,0.0,0.001996618002568227,0.0038591894986451077,0.002726044070266008,0.0,0.0020053252072441885,0.0007890531530614744,0.0012325091813932122,0.001728441584125568,0.0,0.002955590012107297,0.000805105459687752,0.0011140961908645164,0.0015864196308293028,0.0,0.0033945660369462654,0.0,0.0,0.0,0.0,0.0,0.0,0.0,0.0,0.0,0.0,0.0,0.0,0.0,0.0,0.0,0.0,0.0,0.0,0.0,0.0,0.0,0.0,0.0,0.0,0.0,0.0,0.0,0.0,0.0,0.0,0.0,0.0,0.0,0.0,0.0,0.0,0.0,0.0,0.0,0.0,0.0,0.0,0.0,0.0,0.0
t23,0.0,0.0,0.003551595225072995,0.0008621720961946535,0.002185106292189035,0.0007751411645215596,0.0018173096452078529,0.017268387443647004,1.9997736188725306,15.99973421009387,0.0,0.0,0.0,0.0,0.0,0.0024426754547426243,0.000929483559331171,0.004545863888958079,0.010118774746708784,0.004305818617228164,2.9997558657411423,1.9997406406010918,0.0,0.0,0.0,0.0,0.0,0.0023786950852465252,0.004383818150369735,0.0014082129456673437,0.000902310558798562,0.0029556353409464944,0.02399651687491066,31.999787260199096,1.9998229353206605,0.0,0.0,0.0019879736151397365,0.003784269681595812,0.0026925265009965205,0.0,0.0020004859141522615,0.0007889432485726022,0.0012318061023187021,0.0017200069939151141,0.0,0.002954048619809269,0.0008060841849286778,0.0011141085844503713,0.0015796996673914901,0.0,0.003394129983348067,0.0,0.0,0.0,0.0,0.0,0.0,0.0,0.0,0.0,0.0,0.0,0.0,0.0,0.0,0.0,0.0,0.0,0.0,0.0,0.0,0.0,0.0,0.0,0.0,0.0,0.0,0.0,0.0,0.0,0.0,0.0,0.0,0.0,0.0,0.0,0.0,0.0,0.0,0.0,0.0,0.0,0.0,0.0,0.0,0.0
t24,0.0,0.0,0.0035503361599293778,0.0008614618876573268,0.002183497797457768,0.000774622214308726,0.0018171742459861062,0.017264237303820592,1.9997731394029066,15.999733624930698,0.0,0.0,0.0,0.0,0.0,0.0024421238005022583,0.0009292089127280842,0.004545819095560854,0.010117812221371925,0.0043047751494202395,2.999755590101006,1.9997403469262383,0.0,0.0,0.0,0.0,0.0,0.0023154081848963757,0.00430798493721368,0.0013775818164865777,0.0008941866338365595,0.002927622039582695,0.023620099468274005,31.99978209727089,1.99981882299449,0.0,0.0,0.001973272922427014,0.0036958617193912496,0.0026713427276570736,0.0,0.0019953855722927853,0.0007889323822879495,0.0012314860308079826,0.0017300853689453525,0.0,0.0029528621557380905,0.0008065478955755238,0.0011140088276069826,0.001590760162858057,0.0,0.0033939299323187955,0.0,0.0,0.0,0.0,0.0,0.0,0.0,0.0,0.0,0.0,0.0,0.0,0.0,0.0,0.0,0.0,0.0,0.0,0.0,0.0,0.0,0.0,0.0,0.0,0.0,0.0,0.0,0.0,0.0,0.0,0.0,0.0,0.0,0.0,0.0,0.0,0.0,0.0,0.0,0.0,0.0,0.0,0.0,0.0,0.0
t25,0.0,0.0,0.0035497639098441146,0.0008612896089753334,0.0021828929693101877,0.0007744925542279582,0.0018171345513141065,0.017263133696065743,1.9997728321151955,15.999733249967933,0.0,0.0,0.0,0.0,0.0,0.002441054685803444,0.0009289412835104125,0.004545876978424496,0.010117493388881123,0.004304301469028023,2.9997554932260804,1.9997402433643858,0.0,0.0,0.0,0.0,0.0,0.0022441295358898955,0.004211496678423066,0.0013407101409765097,0.0008822874960527441,0.002889484030366413,0.02317776588410228,31.99977654293329,1.9998143690276926,0.0,0.0,0.001951472524883772,0.0035911340002884786,0.0026282001621189877,0.0,0.001989973845221296,0.0007890453092970455,0.0012314870743941268,0.0017244187900073433,0.0,0.002952023999220737,0.0008063526036224894,0.0011137683551499813,0.001585129749403729,0.0,0.003393963502309092,0.0,0.0,0.0,0.0,0.0,0.0,0.0,0.0,0.0,0.0,0.0,0.0,0.0,0.0,0.0,0.0,0.0,0.0,0.0,0.0,0.0,0.0,0.0,0.0,0.0,0.0,0.0,0.0,0.0,0.0,0.0,0.0,0.0,0.0,0.0,0.0,0.0,0.0,0.0,0.0,0.0,0.0,0.0,0.0,0.0
t26,0.0,0.0,0.003549893471110382,0.0008616653141126416,0.0021832539531692176,0.000774763943639806,0.00181713646656115,0.017264675728197974,1.9997726967670977,15.999733085685838,0.0,0.0,0.0,0.0,0.0,0.002439424613330211,0.0009286982346324771,0.004546067959920616,0.010117008018879705,0.004303904369640665,2.999755575049043,1.9997403300048826,0.0,0.0,0.0,0.0,0.0,0.002161789688862392,0.00408759005845472,0.0012950006625198679,0.0008651203758426218,0.002838524282695729,0.022653106474955956,31.999770605077313,1.9998095900879693,0.0,0.0,0.0019202899713595392,0.003465918078860498,0.00257358187662517,0.0,0.001984290660690669,0.0007891993518660695,0.0012318423015295447,0.0017183161196840382,0.0,0.0029515400076912945,0.0008058402006550778,0.0011133893825162988,0.0015788425802229571,0.0,0.0033942376896345635,0.0,0.0,0.0,0.0,0.0,0.0,0.0,0.0,0.0,0.0,0.0,0.0,0.0,0.0,0.0,0.0,0.0,0.0,0.0,0.0,0.0,0.0,0.0,0.0,0.0,0.0,0.0,0.0,0.0,0.0,0.0,0.0,0.0,0.0,0.0,0.0,0.0,0.0,0.0,0.0,0.0,0.0,0.0,0.0,0.0
t27,0.0,0.0,0.0035507398857274946,0.0008626009126975654,0.002184580957756739,0.0007754441318230306,0.0018171528461833717,0.017269007703805545,1.9997727345072804,15.99973313361628,0.0,0.0,0.0,0.0,0.0,0.0024371827010615885,0.0009284894912290077,0.004546423131452905,0.010115529915319303,0.004303141921696342,2.9997558375655338,1.9997406090103247,0.0,0.0,0.0,0.0,0.0,0.0020653897701063424,0.003930288335383554,0.0012383146882636847,0.0008417250196725161,0.002771061148701766,0.02202455202395099,31.99976416044067,1.9998043978930897,0.0,0.0,0.0018767827970955805,0.0033139657759893837,0.0025266682811511854,0.0,0.0019782763505384374,0.0007893927029582527,0.0012325374397646242,0.001730528913023201,0.0,0.002951410026262779,0.0008048408998227353,0.0011128426061908347,0.0015902685134975563,0.0,0.0033947554547527677,0.0,0.0,0.0,0.0,0.0,0.0,0.0,0.0,0.0,0.0,0.0,0.0,0.0,0.0,0.0,0.0,0.0,0.0,0.0,0.0,0.0,0.0,0.0,0.0,0.0,0.0,0.0,0.0,0.0,0.0,0.0,0.0,0.0,0.0,0.0,0.0,0.0,0.0,0.0,0.0,0.0,0.0,0.0,0.0,0.0
t28,0.0,0.0,0.003552443022846696,0.000864152944441289,0.002186922452052824,0.0007765772923387963,0.001817249354949947,0.017276851295522224,1.9997729502136132,15.999733398836003,0.0,0.0,0.0,0.0,0.0,0.002434300950077312,0.0009283431933679271,0.004547005109075375,0.010111885179957746,0.004301532327536597,2.999756285247084,1.9997410852106867,0.0,0.0,0.0,0.0,0.0,0.00195017431266171,0.0037311073985438078,0.0011671589415958431,0.0008108119471561114,0.002681715510310876,0.021262424558685673,31.999757138591995,1.9997986962644185,0.0,0.0,0.0018158672018298721,0.0031236767736941046,0.0024508039572676667,0.0,0.0019718882032698755,0.000789737639413106,0.0012336753662438027,0.0017270112570011912,0.0,0.0029516399451939867,0.0008029208612491698,0.0011121647367258816,0.0015851345168451047,0.0,0.003395522283381462,0.0,0.0,0.0,0.0,0.0,0.0,0.0,0.0,0.0,0.0,0.0,0.0,0.0,0.0,0.0,0.0,0.0,0.0,0.0,0.0,0.0,0.0,0.0,0.0,0.0,0.0,0.0,0.0,0.0,0.0,0.0,0.0,0.0,0.0,0.0,0.0,0.0,0.0,0.0,0.0,0.0,0.0,0.0,0.0,0.0
t29,0.0,0.0,0.0035552501490525848,0.0008664436869181478,0.0021903670228589772,0.0007782664072318138,0.001817461619751925,0.017288704919215445,1.9997733492580883,15.999733888751,0.0,0.0,0.0,0.0,0.0,0.0024307281184788986,0.0009283411765445147,0.004547932536158247,0.010103664310723135,0.004298208745945594,2.9997569245632225,1.9997417652462093,0.0,0.0,0.0,0.0,0.0,0.00180779949418368,0.0034747236209890196,0.0010749048433872168,0.0007704579884657206,0.0025620384672755056,0.020322624080203296,31.99974933425538,1.9997923687491594,0.0,0.0,0.0017296988130275743,0.0028752806387006033,0.0023538679570945177,0.0,0.0019650945858841564,0.0007902378841595612,0.001235430753552814,0.001723244069320092,0.0,0.0029522458479080216,0.0008000945494973611,0.0011113716368817091,0.0015794669123817603,0.0,0.0033965516326451457,0.0,0.0,0.0,0.0,0.0,0.0,0.0,0.0,0.0,0.0,0.0,0.0,0.0,0.0,0.0,0.0,0.0,0.0,0.0,0.0,0.0,0.0,0.0,0.0,0.0,0.0,0.0,0.0,0.0,0.0,0.0,0.0,0.0,0.0,0.0,0.0,0.0,0.0,0.0,0.0,0.0,0.0,0.0,0.0,0.0
t30,0.0,0.0,0.003559551193122744,0.0008696478629248202,0.0021950802329537716,0.0007806567040599077,0.0018179557862868837,0.017305609472435906,1.999773937604321,15.999734611780985,0.0,0.0,0.0,0.0,0.0,0.002428992556618111,0.0009292708104664311,0.004549397056465892,0.010101453756205978,0.004297996539991701,2.9997577639228115,1.9997426573444912,0.0,0.0,0.0,0.0,0.0,0.0016196292531229142,0.003126574216443266,0.0009446095518267772,0.0007168240005665749,0.002397379281157705,0.01913322623761239,31.99974061561654,1.9997852508046698,0.0,0.0,0.0016024810550458114,0.002519418148863457,0.0022523238984286384,0.0,0.001957869941442902,0.0007909300136499076,0.0012380276459318953,0.0017381898020802052,0.0,0.0029532425078803125,0.0007967773538185086,0.001111507462729192,0.0015919477057379108,0.0,0.0033978510363723634,0.0,0.0,0.0,0.0,0.0,0.0,0.0,0.0,0.0,0.0,0.0,0.0,0.0,0.0,0.0,0.0,0.0,0.0,0.0,0.0,0.0,0.0,0.0,0.0,0.0,0.0,0.0,0.0,0.0,0.0,0.0,0.0,0.0,0.0,0.0,0.0,0.0,0.0,0.0,0.0,0.0,0.0,0.0,0.0,0.0
t31,0.0,0.0,0.0035670222597026413,0.0008739567979715734,0.002201380847520447,0.0007839227494761058,0.0018185034219679362,0.01733224846716292,1.9997747202663096,15.99973561486242,0.0,0.0,0.0,0.0,0.0,0.0024295879937372036,0.0009313465749761997,0.004551663937685834,0.010106046835421042,0.0043017056670632495,2.999758810129089,1.999743768411376,0.0,0.0,0.0,0.0,0.0,0.001321864555732472,0.002577139691900523,0.0007024246398219569,0.0006410532953637421,0.002157448424933309,0.017550325094008012,31.999730711102924,1.9997774025211226,0.0,0.0,0.0013857008906269263,0.0018046968838252005,0.002096755754856414,0.0,0.00195042337098529,0.000791674482059595,0.0012416776033310594,0.0017377472720576234,0.0,0.002954647146762308,0.0007929879672747484,0.0011127320318962018,0.001588752391390555,0.0,0.003399419534689753,0.0,0.0,0.0,0.0,0.0,0.0,0.0,0.0,0.0,0.0,0.0,0.0,0.0,0.0,0.0,0.0,0.0,0.0,0.0,0.0,0.0,0.0,0.0,0.0,0.0,0.0,0.0,0.0,0.0,0.0,0.0,0.0,0.0,0.0,0.0,0.0,0.0,0.0,0.0,0.0,0.0,0.0,0.0,0.0,0.0
t32,0.0,0.0,0.00357865862958644,0.0008797463391948797,0.0022096085922707416,0.0007883868656358337,0.001819698804988631,0.01737188973405387,1.9997757017161106,15.999736824704597,0.0,0.0,0.0,0.0,0.0,0.0024336343926070424,0.0009351338182406919,0.004555135227474017,0.010119674891769901,0.004310830137516542,2.9997600730305827,1.9997451083403979,0.0,0.0,0.0,0.0,0.0,0.0011887061416514248,0.0023258946679215395,0.0006207436957798065,0.0005970661277667219,0.0020134519382889043,0.016476612574421158,31.99972224974253,1.9997704747865397,0.0,0.0,0.0012701595098268442,0.0015778957989595335,0.0019822899015629327,0.0,0.001943345818806242,0.0007926909760244007,0.0012470347016369653,0.0017378919109366973,0.0,0.0029564647032536496,0.0007901320255314754,0.0011159392788003691,0.0015868478969794423,0.0,0.003401284109001068,0.0,0.0,0.0,0.0,0.0,0.0,0.0,0.0,0.0,0.0,0.0,0.0,0.0,0.0,0.0,0.0,0.0,0.0,0.0,0.0,0.0,0.0,0.0,0.0,0.0,0.0,0.0,0.0,0.0,0.0,0.0,0.0,0.0,0.0,0.0,0.0,0.0,0.0,0.0,0.0,0.0,0.0,0.0,0.0,0.0
t33,0.0,0.0,0.0035958304476668627,0.0008874188749100913,0.00222022052803371,0.0007943939597980519,0.0018217957070772004,0.017429325796686948,1.9997768913546017,15.999738292586098,0.0,0.0,0.0,0.0,0.0,0.0024419299898091663,0.0009410507997379297,0.004560482882208196,0.010143209376451823,0.004325999764807211,2.9997615671659332,1.999746692129304,0.0,0.0,0.0,0.0,0.0,0.001106942877486054,0.002175353383074041,0.0005747930733759362,0.0005687692955669444,0.0019215041564189872,0.015713625429213077,31.999714765232525,1.9997643530911613,0.0,0.0,0.0011972282172303325,0.0014495921695470736,0.0019154124355914468,0.0,0.0019367108792560056,0.0007941370482602831,0.001254695023112988,0.0017576760148615472,0.0,0.002958710774152671,0.0007882412361008883,0.001121653105061728,0.0016047248023373078,0.0,0.0034034598137581175,0.0,0.0,0.0,0.0,0.0,0.0,0.0,0.0,0.0,0.0,0.0,0.0,0.0,0.0,0.0,0.0,0.0,0.0,0.0,0.0,0.0,0.0,0.0,0.0,0.0,0.0,0.0,0.0,0.0,0.0,0.0,0.0,0.0,0.0,0.0,0.0,0.0,0.0,0.0,0.0,0.0,0.0,0.0,0.0,0.0
t34,0.0,0.0,0.0036203530289385987,0.0008974760492766765,0.0022337921509471823,0.0008023756038850958,0.001825202902241263,0.017511580132924337,1.9997783003844918,15.999740030510928,0.0,0.0,0.0,0.0,0.0,0.0024557624359492977,0.0009496657258108702,0.0045687106469332415,0.010179843891538783,0.0043488613690387465,2.9997633093795812,1.9997485377100226,0.0,0.0,0.0,0.0,0.0,0.001051683847277001,0.002077551276328809,0.0005454162302491904,0.0005498397766938744,0.0018620882471857018,0.01516495697535073,31.999708145253035,1.9997589466319905,0.0,0.0,0.0011491972714860056,0.001367815872727193,0.0018536146133479715,0.0,0.0019305647683384444,0.0007962576820655264,0.0012655294702648458,0.0017640683857477932,0.0,0.0029613986875749437,0.0007868688742211033,0.0011306913794256771,0.0016091785294247202,0.0,0.0034059586859404153,0.0,0.0,0.0,0.0,0.0,0.0,0.0,0.0,0.0,0.0,0.0,0.0,0.0,0.0,0.0,0.0,0.0,0.0,0.0,0.0,0.0,0.0,0.0,0.0,0.0,0.0,0.0,0.0,0.0,0.0,0.0,0.0,0.0,0.0,0.0,0.0,0.0,0.0,0.0,0.0,0.0,0.0,0.0,0.0,0.0
t35,0.0,0.0,0.0036549032765298083,0.0009106449850604278,0.0022510897393813564,0.0008129700796756985,0.0018306955632339302,0.0176284683637943,1.9997799432146366,15.999742055516961,0.0,0.0,0.0,0.0,0.0,0.0024772215247976584,0.0009618634074199362,0.004581421140478574,0.01023490253953458,0.004381878797074723,2.9997653204526755,1.9997506673463346,0.0,0.0,0.0,0.0,0.0,0.001013682035050102,0.0020136161495934815,0.0005264137115588,0.000537667619676492,0.0018241705267507237,0.014772620702981838,31.999702110055022,1.9997540783956411,0.0,0.0,0.0011178016895423114,0.0013141093014689383,0.0018053443970394017,0.0,0.0019248411943952673,0.0007994910889537076,0.0012808421754894402,0.0017729339031575548,0.0,0.0029645502290401547,0.0007867676933274494,0.0011443453244308422,0.0016166932542144136,0.0,0.0034088023556555864,0.0,0.0,0.0,0.0,0.0,0.0,0.0,0.0,0.0,0.0,0.0,0.0,0.0,0.0,0.0,0.0,0.0,0.0,0.0,0.0,0.0,0.0,0.0,0.0,0.0,0.0,0.0,0.0,0.0,0.0,0.0,0.0,0.0,0.0,0.0,0.0,0.0,0.0,0.0,0.0,0.0,0.0,0.0,0.0,0.0
t36,0.0,0.0,0.003703152788702756,0.0009278545022059139,0.0022731067905676795,0.0008269912659036585,0.0018395275388503993,0.01779420030693482,1.9997818382346022,15.99974438804753,0.0,0.0,0.0,0.0,0.0,0.002509167310073691,0.0009787529080340614,0.004601024934642641,0.0103164299952619,0.004428630089947721,2.9997676259185266,1.999753108236253,0.0,0.0,0.0,0.0,0.0,0.000987511049791599,0.0019730225277053036,0.0005142898031890362,0.0005302006418307303,0.001801025839794573,0.014498976677232945,31.999696733229722,1.999749693125419,0.0,0.0,0.0010977658965673066,0.0012791307246092273,0.0017871869635900433,0.0,0.001919549687508501,0.0008044495389726596,0.001302448089838773,0.0018041290995602388,0.0,0.0029681790471698423,0.0007877564963173443,0.0011643609932458945,0.0016467513433052216,0.0,0.003412010800195002,0.0,0.0,0.0,0.0,0.0,0.0,0.0,0.0,0.0,0.0,0.0,0.0,0.0,0.0,0.0,0.0,0.0,0.0,0.0,0.0,0.0,0.0,0.0,0.0,0.0,0.0,0.0,0.0,0.0,0.0,0.0,0.0,0.0,0.0,0.0,0.0,0.0,0.0,0.0,0.0,0.0,0.0,0.0,0.0,0.0
t37,0.0,0.0,0.003770229289444164,0.0009503470787045241,0.0023011159036383333,0.0008455275751548903,0.0018536896337159716,0.018029080241764587,1.9997840079056002,15.999747052901027,0.0,0.0,0.0,0.0,0.0,0.002555712005885821,0.0010018514342529903,0.004631194395722151,0.010436438887909964,0.004494286365799505,2.9997702557010744,1.9997558916703795,0.0,0.0,0.0,0.0,0.0,0.0009703087335782664,0.0019499236565241932,0.0005072432600091846,0.0005262816017248015,0.001788554409148878,0.014319062115148409,31.999691879447763,1.999745745937513,0.0,0.0,0.0010867890356435132,0.001257895966621043,0.0017629592429869176,0.0,0.001914680179581867,0.0008120537876941183,0.0013329925624914248,0.0018254343189006603,0.0,0.0029722981566877704,0.0007893951762302757,0.0011933665141853525,0.0016670457505234867,0.0,0.0034156023695731197,0.0,0.0,0.0,0.0,0.0,0.0,0.0,0.0,0.0,0.0,0.0,0.0,0.0,0.0,0.0,0.0,0.0,0.0,0.0,0.0,0.0,0.0,0.0,0.0,0.0,0.0,0.0,0.0,0.0,0.0,0.0,0.0,0.0,0.0,0.0,0.0,0.0,0.0,0.0,0.0,0.0,0.0,0.0,0.0,0.0
t38,0.0,0.0,0.0038631770778785905,0.0009798845556687667,0.0023367473439181046,0.0008701187780651182,0.0018763541650974051,0.01836136780596008,1.9997864778492147,15.999750081992683,0.0,0.0,0.0,0.0,0.0,0.002622274653822398,0.0010332726770187547,0.00467614256312513,0.010612390164881644,0.004586179217609578,2.9997732468770257,1.999759056344519,0.0,0.0,0.0,0.0,0.0,0.0009606040894774657,0.0019411755102086616,0.0005044675933857402,0.0005254304211868489,0.0017845443390110544,0.014217007802341287,31.99968749230055,1.9997421881766089,0.0,0.0,0.0010826064142768284,0.0012476454928626254,0.0017453932979459527,0.0,0.0019102012390164664,0.0008237290974879587,0.0013763770184524746,0.0018541088784493132,0.0,0.00297693050223478,0.0007926315069702629,0.0012353166549978604,0.0016957366776450048,0.0,0.003419605659242427,0.0,0.0,0.0,0.0,0.0,0.0,0.0,0.0,0.0,0.0,0.0,0.0,0.0,0.0,0.0,0.0,0.0,0.0,0.0,0.0,0.0,0.0,0.0,0.0,0.0,0.0,0.0,0.0,0.0,0.0,0.0,0.0,0.0,0.0,0.0,0.0,0.0,0.0,0.0,0.0,0.0,0.0,0.0,0.0,0.0
t39,0.0,0.0,0.00399160217677801,0.0010189181140769531,0.0023820329655018673,0.0009028705770589715,0.0019126317566761316,0.01883198042288755,1.9997892810233724,15.999754384082921,0.0,0.0,0.0,0.0,0.0,0.0027167343911682364,0.0010760370876829008,0.004741250351676315,0.01087172011388635,0.00471551067190885,2.999776645923294,1.9997626505997914,0.0,0.0,0.0,0.0,0.0,0.0009569008079910174,0.0019445101559429933,0.0005050715846213963,0.0005269944653269474,0.001788399326396534,0.014182495974182696,31.99968172969002,1.9997390041423924,0.0,0.0,0.0010851843527734193,0.001247141765239765,0.0017525668498380176,0.0,0.0019061029686977676,0.0008416577696780609,0.0014386184373975746,0.001911543516411569,0.0,0.002982094696449137,0.0007979648182130025,0.001296416066408373,0.0017538687884804864,0.0,0.003424035130866324,0.0,0.0,0.0,0.0,0.0,0.0,0.0,0.0,0.0,0.0,0.0,0.0,0.0,0.0,0.0,0.0,0.0,0.0,0.0,0.0,0.0,0.0,0.0,0.0,0.0,0.0,0.0,0.0,0.0,0.0,0.0,0.0,0.0,0.0,0.0,0.0,0.0,0.0,0.0,0.0,0.0,0.0,0.0,0.0,0.0
t40,0.0,0.0,0.004169832920317076,0.0010712003112649728,0.002439619253835964,0.0009469430923564454,0.0019708038299478528,0.01950178321953249,1.9997924574285497,15.99975826897012,0.0,0.0,0.0,0.0,0.0,0.0028525447962111845,0.001135426545156867,0.004833997064043902,0.011262770094571018,0.004902166475540767,2.99978051139374,1.9997667355446893,0.0,0.0,0.0,0.0,0.0,0.0009600600610185949,0.0019599080853325073,0.0005100870817022238,0.0005318596382585155,0.0018017643120732505,0.014215116183631915,31.999678277159973,1.9997362183230816,0.0,0.0,0.0010991794601554006,0.0012584969353813024,0.0017530483240044783,0.0,0.0019024532653972082,0.0008689969411350184,0.0015297597244684554,0.00196720851902643,0.0,0.0029878035659538058,0.0008067323585683286,0.0013886859296109,0.0018133219603269487,0.0,0.003428919923559595,0.0,0.0,0.0,0.0,0.0,0.0,0.0,0.0,0.0,0.0,0.0,0.0,0.0,0.0,0.0,0.0,0.0,0.0,0.0,0.0,0.0,0.0,0.0,0.0,0.0,0.0,0.0,0.0,0.0,0.0,0.0,0.0,0.0,0.0,0.0,0.0,0.0,0.0,0.0,0.0,0.0,0.0,0.0,0.0,0.0
t41,0.0,0.0,0.004421963158432078,0.0011433634636348884,0.002513100226722597,0.0010077988689496421,0.002064963434132391,0.02046549910432215,1.9997960551634728,15.999762666370033,0.0,0.0,0.0,0.0,0.0,0.003050480661357874,0.0012194550568301321,0.004965481225404072,0.01185550891366472,0.005173117251504353,2.999784890085103,1.9997713613380932,0.0,0.0,0.0,0.0,0.0,0.0009665388077036554,0.0019841390515259833,0.0005166961406562577,0.000537729500241374,0.0018238618363041164,0.014314414801533027,31.999674998055426,1.9997335689123297,0.0,0.0,0.0011127161755648779,0.0012755078502716434,0.001756896666440804,0.0,0.0018989136948602769,0.0009107320132332188,0.00166943517627398,0.002042546613309582,0.0,0.0029940803707741567,0.0008211920367219943,0.0015318857054253269,0.0018934474569714992,0.0,0.003434229415775982,0.0,0.0,0.0,0.0,0.0,0.0,0.0,0.0,0.0,0.0,0.0,0.0,0.0,0.0,0.0,0.0,0.0,0.0,0.0,0.0,0.0,0.0,0.0,0.0,0.0,0.0,0.0,0.0,0.0,0.0,0.0,0.0,0.0,0.0,0.0,0.0,0.0,0.0,0.0,0.0,0.0,0.0,0.0,0.0,0.0
t42,0.0,0.0,0.004795600340873575,0.0012493402246003297,0.00260785619219174,0.0010964664942582168,0.002221484457813957,0.021895514666853567,1.9998000981305297,15.999767600113667,0.0,0.0,0.0,0.0,0.0,0.0033468045067248293,0.0013436381344212093,0.005153804965419391,0.012769364264765281,0.005575879934150241,2.9997898063786033,1.999776558618374,0.0,0.0,0.0,0.0,0.0,0.0009782041781148591,0.0020196395910169894,0.0005265816821538324,0.0005462092763685137,0.0018594168843533655,0.014492534036783534,31.99967199855516,1.9997311408415028,0.0,0.0,0.001134925552934636,0.001303438639107131,0.0017861702317334056,0.0,0.001895643436907193,0.0009756710345189307,0.0019107630485757229,0.0021652291655484784,0.0,0.0030009040272495867,0.0008410637860024664,0.0017886938300235048,0.002022774629077159,0.0,0.0034398922294284753,0.0,0.0,0.0,0.0,0.0,0.0,0.0,0.0,0.0,0.0,0.0,0.0,0.0,0.0,0.0,0.0,0.0,0.0,0.0,0.0,0.0,0.0,0.0,0.0,0.0,0.0,0.0,0.0,0.0,0.0,0.0,0.0,0.0,0.0,0.0,0.0,0.0,0.0,0.0,0.0,0.0,0.0,0.0,0.0,0.0
t43,0.0,0.0,0.005180704957659562,0.0013597206556169312,0.0027036207636679287,0.0011884074731014905,0.00237794089740473,0.02333827121547194,1.999804499557851,15.999772953350938,0.0,0.0,0.0,0.0,0.0,0.003567333802190496,0.0014380414220402417,0.005294188543211502,0.013397498737588887,0.005861002316133011,2.999794659883703,1.999781691023944,0.0,0.0,0.0,0.0,0.0,0.0009906624478608409,0.00205579478998746,0.0005367967622385146,0.0005548816828291379,0.0018968304712682071,0.014683948584538423,31.99966923702968,1.999728896838804,0.0,0.0,0.0011580987254346585,0.0013325677780756727,0.001801190217015422,0.0,0.0018925837692481476,0.0010410678718502232,0.002171141064162826,0.0022678942611968995,0.0,0.003008103180302344,0.0008559443510197849,0.001960575899619407,0.002103285028683672,0.0,0.003445572886420489,0.0,0.0,0.0,0.0,0.0,0.0,0.0,0.0,0.0,0.0,0.0,0.0,0.0,0.0,0.0,0.0,0.0,0.0,0.0,0.0,0.0,0.0,0.0,0.0,0.0,0.0,0.0,0.0,0.0,0.0,0.0,0.0,0.0,0.0,0.0,0.0,0.0,0.0,0.0,0.0,0.0,0.0,0.0,0.0,0.0
t44,0.0,0.0,0.005473595828329789,0.0014444512587312877,0.002782603835750331,0.001259268462690064,0.0024827485504100516,0.024394624055567814,1.9998087430991967,15.99977810513639,0.0,0.0,0.0,0.0,0.0,0.0037376588609825006,0.0015134418783885508,0.0053993633214666666,0.0138512710515538,0.00607430025696133,2.9997993143856148,1.9997866137515206,0.0,0.0,0.0,0.0,0.0,0.0010033392709352176,0.0020940444495561425,0.0005467708563299167,0.0005634227115391921,0.0019416812480234351,0.01491101053010442,31.999666577877147,1.999726758977387,0.0,0.0,0.0011796836593052494,0.0013635208106359536,0.0018173237082247482,0.0,0.0018896142115114724,0.001086702941078709,0.0023495301527585383,0.002346566240807004,0.0,0.003015281893148128,0.0008675598002787126,0.0020885822892613517,0.002164405237628192,0.0,0.003451069252596547,0.0,0.0,0.0,0.0,0.0,0.0,0.0,0.0,0.0,0.0,0.0,0.0,0.0,0.0,0.0,0.0,0.0,0.0,0.0,0.0,0.0,0.0,0.0,0.0,0.0,0.0,0.0,0.0,0.0,0.0,0.0,0.0,0.0,0.0,0.0,0.0,0.0,0.0,0.0,0.0,0.0,0.0,0.0,0.0,0.0
t45,0.0,0.0,0.005701566564858996,0.0015120683946499877,0.0028484083960723778,0.0013156895428551598,0.0025546619659851957,0.02518957773619657,1.999812860736094,15.99978310029069,0.0,0.0,0.0,0.0,0.0,0.0038702683485836494,0.0015749757550156947,0.005477023858681689,0.014186713113317841,0.006239002352146264,2.999803786543952,1.9997913448398432,0.0,0.0,0.0,0.0,0.0,0.0009933116575010456,0.0020689839463416643,0.0005397066646701238,0.0005577341367834956,0.0019076652229935802,0.014756071181813124,31.999663890605085,1.9997245928714982,0.0,0.0,0.0011613825508428092,0.001340477694982371,0.0018118019467434103,0.0,0.0018867173625416315,0.001118791790319141,0.0024810131321389038,0.002425834086193342,0.0,0.0030223580912468314,0.0008761227531930537,0.002187562735414247,0.0022289832468680025,0.0,0.0034563802488644683,0.0,0.0,0.0,0.0,0.0,0.0,0.0,0.0,0.0,0.0,0.0,0.0,0.0,0.0,0.0,0.0,0.0,0.0,0.0,0.0,0.0,0.0,0.0,0.0,0.0,0.0,0.0,0.0,0.0,0.0,0.0,0.0,0.0,0.0,0.0,0.0,0.0,0.0,0.0,0.0,0.0,0.0,0.0,0.0,0.0
t46,0.0,0.0,0.005878752754294997,0.0015667988243107918,0.0029034447702780655,0.001361047554814653,0.0026041016415094373,0.02579203660519027,1.99981686066477,15.999787950935211,0.0,0.0,0.0,0.0,0.0,0.0039722970309283,0.0016256105866428545,0.005532381281904755,0.014436891788507239,0.00636876150894336,2.999808091247619,1.9997958996515053,0.0,0.0,0.0,0.0,0.0,0.0009849276896794126,0.002048784061062567,0.0005338282966478287,0.0005531669814690597,0.001884880235466636,0.014640172290531958,31.999661476386237,1.9997226619977888,0.0,0.0,0.0011470396498379635,0.001322567848155719,0.0017942828959247503,0.0,0.0018840367196885396,0.0011409774269634946,0.0025795812609719815,0.00247479326686265,0.0,0.0030293287882019308,0.0008814709687645727,0.002265273100273391,0.0022657478689113017,0.0,0.0034615108707881366,0.0,0.0,0.0,0.0,0.0,0.0,0.0,0.0,0.0,0.0,0.0,0.0,0.0,0.0,0.0,0.0,0.0,0.0,0.0,0.0,0.0,0.0,0.0,0.0,0.0,0.0,0.0,0.0,0.0,0.0,0.0,0.0,0.0,0.0,0.0,0.0,0.0,0.0,0.0,0.0,0.0,0.0,0.0,0.0,0.0
t47,0.0,0.0,0.006013615650139273,0.0016111432280054275,0.0029495505177986226,0.001397375179618956,0.002637344314793345,0.026245317246120156,1.9998207520177198,15.99979224312458,0.0,0.0,0.0,0.0,0.0,0.004048634502573477,0.001667426652256456,0.0055693895872284405,0.0146227148126799,0.006472065133728149,2.999812241947356,1.9998002919339044,0.0,0.0,0.0,0.0,0.0,0.0009778506225025109,0.00203198876022258,0.0005290159645076829,0.0005494962519327838,0.0018692268421880817,0.014549251321986556,31.99965922624196,1.9997209369616562,0.0,0.0,0.0011355949555849824,0.0013083566640987715,0.0017780153269496373,0.0,0.0018815817442757064,0.0011558075219101794,0.002653035457091985,0.0025120222168787663,0.0,0.0030362008500418904,0.0008847507075079234,0.002327107041614606,0.002292767479495853,0.0,0.003466473377498976,0.0,0.0,0.0,0.0,0.0,0.0,0.0,0.0,0.0,0.0,0.0,0.0,0.0,0.0,0.0,0.0,0.0,0.0,0.0,0.0,0.0,0.0,0.0,0.0,0.0,0.0,0.0,0.0,0.0,0.0,0.0,0.0,0.0,0.0,0.0,0.0,0.0,0.0,0.0,0.0,0.0,0.0,0.0,0.0,0.0
t48,0.0,0.0,0.006111977148458394,0.0016467526492048453,0.002988249381617274,0.001426033398206346,0.0026583502033213696,0.026578530980312695,1.9998245442300517,15.999796842873337,0.0,0.0,0.0,0.0,0.0,0.004103449680228965,0.0017020595852511003,0.0055915332681807555,0.014758688185088926,0.006554869681902593,2.999816252045884,1.9998045354840266,0.0,0.0,0.0,0.0,0.0,0.0009716201108181641,0.0020174170547358227,0.000524867041456955,0.0005463405356952069,0.0018581447627574513,0.014475140570018084,31.999657294336032,1.9997193995143288,0.0,0.0,0.0011268260067442617,0.0012970323024676773,0.0017813319870338897,0.0,0.0018793461492483256,0.0011650937199371944,0.0027060708756010323,0.0025584441903130765,0.0,0.003042976210377731,0.0008863116171476686,0.0023763676202475507,0.0023305644077507796,0.0,0.003471277298042502,0.0,0.0,0.0,0.0,0.0,0.0,0.0,0.0,0.0,0.0,0.0,0.0,0.0,0.0,0.0,0.0,0.0,0.0,0.0,0.0,0.0,0.0,0.0,0.0,0.0,0.0,0.0,0.0,0.0,0.0,0.0,0.0,0.0,0.0,0.0,0.0,0.0,0.0,0.0,0.0,0.0,0.0,0.0,0.0,0.0
t49,0.0,0.0,0.006178610443274115,0.00167485965054094,0.003020859352225382,0.001448061404488509,0.0026694952634234337,0.026811711417238496,1.9998282466467074,15.999801333814695,0.0,0.0,0.0,0.0,0.0,0.0041413111334187794,0.00173103146124768,0.005602720641723231,0.014854985715045645,0.006621519128889674,2.9998201343607476,1.9998086435969284,0.0,0.0,0.0,0.0,0.0,0.0009658789829518621,0.002004265575968332,0.0005210530369282985,0.0005434324518890113,0.0018498038853225606,0.014411611474219781,31.999655604252006,1.9997180554899856,0.0,0.0,0.0011197709918214108,0.0012879051363108727,0.0017695333513002107,0.0,0.001877366143566739,0.0011699531280548855,0.0027414321721396856,0.0025820251358118066,0.0,0.0030496527458292763,0.0008860860365999777,0.0024153081663825316,0.0023469119498518314,0.0,0.0034759324182510342,0.0,0.0,0.0,0.0,0.0,0.0,0.0,0.0,0.0,0.0,0.0,0.0,0.0,0.0,0.0,0.0,0.0,0.0,0.0,0.0,0.0,0.0,0.0,0.0,0.0,0.0,0.0,0.0,0.0,0.0,0.0,0.0,0.0,0.0,0.0,0.0,0.0,0.0,0.0,0.0,0.0,0.0,0.0,0.0,0.0
t50,0.0,0.0,0.006217133019540939,0.001696419874123738,0.003048551911732038,0.0014642784807980217,0.0026719274288856507,0.02695765363800802,1.999831865285143,15.999805725684329,0.0,0.0,0.0,0.0,0.0,0.004165244873910164,0.001755526689277211,0.005605314161295255,0.014918002967769066,0.006674937964138106,2.9998239012236394,1.999812629329936,0.0,0.0,0.0,0.0,0.0,0.0009606668658773192,0.0019920830548451245,0.0005176234779378102,0.000540816873311155,0.0018428081279669908,0.014353277656796963,31.99965414568457,1.999716891734469,0.0,0.0,0.0011136642624033953,0.0012800801513195917,0.0017572070991525573,0.0,0.001875629142406788,0.0011707836676603492,0.00276069885232726,0.002597768820145981,0.0,0.0030562321365472495,0.0008847344681723335,0.0024454920616420453,0.0023571082269404687,0.0,0.0034804540217964514,0.0,0.0,0.0,0.0,0.0,0.0,0.0,0.0,0.0,0.0,0.0,0.0,0.0,0.0,0.0,0.0,0.0,0.0,0.0,0.0,0.0,0.0,0.0,0.0,0.0,0.0,0.0,0.0,0.0,0.0,0.0,0.0,0.0,0.0,0.0,0.0,0.0,0.0,0.0,0.0,0.0,0.0,0.0,0.0,0.0
t51,0.0,0.0,0.006229530727063939,0.0017120820013915947,0.0030723150778965043,0.001475228054389322,0.002665886246859628,0.027024359620813586,1.9998354090428434,15.99980997685753,0.0,0.0,0.0,0.0,0.0,0.004177324907471961,0.0017764588082989344,0.005600560807639708,0.014951956335366296,0.006717401441788222,2.999827564422798,1.999816505092787,0.0,0.0,0.0,0.0,0.0,0.0009557227441884316,0.0019805330910580344,0.000514326429923875,0.0005383156702708246,0.0018360190260270878,0.014295284196687947,31.999652868689775,1.999715902943595,0.0,0.0,0.0011077870061027852,0.0012726776168686038,0.0017627993906769441,0.0,0.0018741386497076254,0.0011677082442652347,0.002764610720536001,0.0026260125921437165,0.0,0.003062718614060365,0.0008820856729407241,0.0024680090937702504,0.002381154610506042,0.0,0.0034848540469662676,0.0,0.0,0.0,0.0,0.0,0.0,0.0,0.0,0.0,0.0,0.0,0.0,0.0,0.0,0.0,0.0,0.0,0.0,0.0,0.0,0.0,0.0,0.0,0.0,0.0,0.0,0.0,0.0,0.0,0.0,0.0,0.0,0.0,0.0,0.0,0.0,0.0,0.0,0.0,0.0,0.0,0.0,0.0,0.0,0.0
t52,0.0,0.0,0.006216554486443252,0.0017222861975268954,0.003092966104160541,0.001481259606893751,0.00265074414074696,0.027015591421770686,1.9998388878036855,15.99981420131216,0.0,0.0,0.0,0.0,0.0,0.0041789254687359416,0.0017945691405422603,0.005588860501625723,0.014958924014166269,0.006750601816766618,2.9998311362841625,1.9998202841970103,0.0,0.0,0.0,0.0,0.0,0.0009507554381403512,0.0019685676340078927,0.0005108779653110711,0.0005356601829382609,0.0018283595770495725,0.014232953615762352,31.999651856861675,1.9997150835061661,0.0,0.0,0.0011015115576128627,0.0012649256947141042,0.0017518099030052491,0.0,0.0018728976333237516,0.001160552469195745,0.0027534010247084522,0.002634391958584765,0.0,0.0030691167106091507,0.0008773102289663078,0.0024837331073007778,0.002386493286912696,0.0,0.0034891434178809183,0.0,0.0,0.0,0.0,0.0,0.0,0.0,0.0,0.0,0.0,0.0,0.0,0.0,0.0,0.0,0.0,0.0,0.0,0.0,0.0,0.0,0.0,0.0,0.0,0.0,0.0,0.0,0.0,0.0,0.0,0.0,0.0,0.0,0.0,0.0,0.0,0.0,0.0,0.0,0.0,0.0,0.0,0.0,0.0,0.0
t53,0.0,0.0,0.006177876867848471,0.00172735005817039,0.003111211844295487,0.0014826075882268905,0.002624782604721187,0.02693044248202347,1.999842309792781,15.999818357451835,0.0,0.0,0.0,0.0,0.0,0.00417084449007396,0.0018105437061351798,0.005569934038149779,0.014937536732595713,0.006775099000428244,2.9998346274480547,1.9998239778099258,0.0,0.0,0.0,0.0,0.0,0.0009455287522943191,0.0019551793773094563,0.0005070714563934563,0.000532639200335334,0.0018185717328053927,0.014161133825134745,31.999651059027897,1.9997144266694202,0.0,0.0,0.0010941720725702224,0.001256232667684472,0.001738927899221884,0.0,0.0018719092877993223,0.0011486747751564552,0.0027267079405173295,0.002636453930215991,0.0,0.0030754352058643994,0.000870476334810659,0.002493231071191592,0.0023872153612533977,0.0,0.003493338293994387,0.0,0.0,0.0,0.0,0.0,0.0,0.0,0.0,0.0,0.0,0.0,0.0,0.0,0.0,0.0,0.0,0.0,0.0,0.0,0.0,0.0,0.0,0.0,0.0,0.0,0.0,0.0,0.0,0.0,0.0,0.0,0.0,0.0,0.0,0.0,0.0,0.0,0.0,0.0,0.0,0.0,0.0,0.0,0.0,0.0
t54,0.0,0.0,0.006111855902774412,0.0017273952299742472,0.003127622480196616,0.0014793148043087028,0.0025849550126923176,0.02676232045900952,1.9998456808831746,15.999822453733598,0.0,0.0,0.0,0.0,0.0,0.004156363253069346,0.0018259282942170098,0.005542737106587732,0.014892791698127513,0.006794679445068739,2.999838050202554,1.9998275966588577,0.0,0.0,0.0,0.0,0.0,0.0009396435483121048,0.0019392250848775019,0.0005025163994994224,0.0005288616528136642,0.0018049641811199847,0.014073968618247688,31.999650509462377,1.9997139673594784,0.0,0.0,0.001085004939619245,0.0012457678093487628,0.0017423833872039062,0.0,0.0018712033256591595,0.001130878398030799,0.0026832498933389427,0.002652140190530444,0.0,0.0030816784330590613,0.0008620055192364399,0.002498225230071218,0.0024039359873819425,0.0,0.003497461294293773,0.0,0.0,0.0,0.0,0.0,0.0,0.0,0.0,0.0,0.0,0.0,0.0,0.0,0.0,0.0,0.0,0.0,0.0,0.0,0.0,0.0,0.0,0.0,0.0,0.0,0.0,0.0,0.0,0.0,0.0,0.0,0.0,0.0,0.0,0.0,0.0,0.0,0.0,0.0,0.0,0.0,0.0,0.0,0.0,0.0
t55,0.0,0.0,0.006049476622353689,0.0017290375642335255,0.003149634363186629,0.0014775061530010025,0.002550392919752256,0.026644671608576462,1.999849080410928,15.999826592942458,0.0,0.0,0.0,0.0,0.0,0.004160172786156402,0.0018490497922771397,0.005525464143684231,0.014904142694380902,0.0068386297786094275,2.9998414881640536,1.9998312298461312,0.0,0.0,0.0,0.0,0.0,0.0009327079497979225,0.001919434344453305,0.0004968460298130305,0.0005239128833370316,0.0017853606310873076,0.01396358522539874,31.99964986115514,1.9997137037586785,0.0,0.0,0.001073159318531719,0.0012328043101538322,0.001727537174097323,0.0,0.0018707926641784926,0.0011138800561750915,0.0026404791320125947,0.002657490461613337,0.0,0.003087943732396468,0.000855822517809492,0.002514217478940305,0.002411932854955971,0.0,0.003501582689280163,0.0,0.0,0.0,0.0,0.0,0.0,0.0,0.0,0.0,0.0,0.0,0.0,0.0,0.0,0.0,0.0,0.0,0.0,0.0,0.0,0.0,0.0,0.0,0.0,0.0,0.0,0.0,0.0,0.0,0.0,0.0,0.0,0.0,0.0,0.0,0.0,0.0,0.0,0.0,0.0,0.0,0.0,0.0,0.0,0.0
t56,0.0,0.0,0.005990037075618213,0.0017325307858529005,0.0031782791887157756,0.0014773712430300502,0.00251685797616161,0.02656936519017936,1.999852513518679,15.99983076998978,0.0,0.0,0.0,0.0,0.0,0.004183551099323141,0.0018810869831359137,0.005517226254607247,0.014970904668872548,0.006908371074399251,2.9998449466279684,1.9998348824567138,0.0,0.0,0.0,0.0,0.0,0.0009297230189051377,0.0019075755593006994,0.0004936914436732915,0.0005208939685240106,0.0017734056391861667,0.01389877426480456,31.999649814511972,1.999713639113286,0.0,0.0,0.0010659929723025833,0.00122703271666565,0.0017168345946643555,0.0,0.0018707087470137206,0.0010959898683669303,0.002597088405555526,0.0026652464609775175,0.0,0.00309424640294654,0.000852169975911006,0.0025418885065544416,0.0024249987327005407,0.0,0.003505714156049547,0.0,0.0,0.0,0.0,0.0,0.0,0.0,0.0,0.0,0.0,0.0,0.0,0.0,0.0,0.0,0.0,0.0,0.0,0.0,0.0,0.0,0.0,0.0,0.0,0.0,0.0,0.0,0.0,0.0,0.0,0.0,0.0,0.0,0.0,0.0,0.0,0.0,0.0,0.0,0.0,0.0,0.0,0.0,0.0,0.0
t57,0.0,0.0,0.005933636765513395,0.0017382460322552713,0.003214982126582983,0.0014792098398685625,0.0024803820403771883,0.02653220071646528,1.9998559871465502,15.999835001914034,0.0,0.0,0.0,0.0,0.0,0.004229097782168721,0.001923672375315852,0.005518192594710475,0.015098011179033012,0.007007308264249845,2.9998484321857184,1.9998385609631377,0.0,0.0,0.0,0.0,0.0,0.0009301352426769536,0.0019026303519273742,0.0004925733797711026,0.0005193475646435989,0.0017670140258762119,0.01387315625544278,31.999650028084883,1.9997137797235431,0.0,0.0,0.001062696602764943,0.001228040097678043,0.0017286944926052325,0.0,0.0018709815290563758,0.0010758282733776899,0.002552110289236799,0.0026957962189696006,0.0,0.0031005986749806833,0.0008508830007304157,0.0025825221030901864,0.0024635071252785685,0.0,0.003509864121496762,0.0,0.0,0.0,0.0,0.0,0.0,0.0,0.0,0.0,0.0,0.0,0.0,0.0,0.0,0.0,0.0,0.0,0.0,0.0,0.0,0.0,0.0,0.0,0.0,0.0,0.0,0.0,0.0,0.0,0.0,0.0,0.0,0.0,0.0,0.0,0.0,0.0,0.0,0.0,0.0,0.0,0.0,0.0,0.0,0.0
t58,0.0,0.0,0.005880866972088185,0.001746659204520282,0.003261525873079924,0.0014834199473598606,0.002436699773738703,0.02653123657823642,1.9998595137153392,15.999839301746993,0.0,0.0,0.0,0.0,0.0,0.004301015186447143,0.001979120196744241,0.0055296007106493935,0.015295532644006606,0.007140886743001079,2.999851954190374,1.9998422754203287,0.0,0.0,0.0,0.0,0.0,0.0009342461283956701,0.0019050474979448889,0.0004935607247644561,0.0005192748307726946,0.0017655416430822346,0.01388593689131724,31.999650508140906,1.999714134413233,0.0,0.0,0.0010639287733328578,0.0012366674588212881,0.0017295250752193266,0.0,0.0018716337989222126,0.0010522395962036433,0.0025047872389809007,0.00271724154190203,0.0,0.0031070260642637425,0.0008517610002201675,0.0026381598712916675,0.002495615665233016,0.0,0.00351403994160051,0.0,0.0,0.0,0.0,0.0,0.0,0.0,0.0,0.0,0.0,0.0,0.0,0.0,0.0,0.0,0.0,0.0,0.0,0.0,0.0,0.0,0.0,0.0,0.0,0.0,0.0,0.0,0.0,0.0,0.0,0.0,0.0,0.0,0.0,0.0,0.0,0.0,0.0,0.0,0.0,0.0,0.0,0.0,0.0,0.0
t59,0.0,0.0,0.005832754568639416,0.0017582728610679404,0.0033199542545985523,0.0014904719355757483,0.0023801569047778104,0.026558510854568392,1.9998631411505878,15.999843757341282,0.0,0.0,0.0,0.0,0.0,0.004405816028464646,0.0020509192367648053,0.005554071724438063,0.015578712064926153,0.007316710525690931,2.999855521965959,1.9998460359115993,0.0,0.0,0.0,0.0,0.0,0.0009425120041832533,0.0019155132026330542,0.0004968834796792066,0.000520820273663806,0.001768729451973479,0.01393889327572186,31.999651211184144,1.9997147212495714,0.0,0.0,0.001069134097744507,0.0012540242138905585,0.0017349837526871126,0.0,0.0018726909245085385,0.001023940433594917,0.002454007244462617,0.0027431358631636584,0.0,0.0031136327219435326,0.0008553776252948186,0.002711798819557637,0.0025370938927253795,0.0,0.0035182550752448772,0.0,0.0,0.0,0.0,0.0,0.0,0.0,0.0,0.0,0.0,0.0,0.0,0.0,0.0,0.0,0.0,0.0,0.0,0.0,0.0,0.0,0.0,0.0,0.0,0.0,0.0,0.0,0.0,0.0,0.0,0.0,0.0,0.0,0.0,0.0,0.0,0.0,0.0,0.0,0.0,0.0,0.0,0.0,0.0,0.0
t60,0.0,0.0,0.006004163098460218,0.0018223122978015837,0.0034438455063268056,0.0015439426884939023,0.002427070885312727,0.027413675669479717,1.9998672537461128,15.999848770130063,0.0,0.0,0.0,0.0,0.0,0.004553513543064766,0.0021444010160364805,0.0055959940234182794,0.015970800739124033,0.007546172815971147,2.999859145365385,1.9998498528159823,0.0,0.0,0.0,0.0,0.0,0.0009557894708403927,0.0019357634969756992,0.0005030527775480269,0.0005243850083439923,0.0017772293633826737,0.014036135229754514,31.999652245886374,1.999715535274773,0.0,0.0,0.00107955014765161,0.001282441978307314,0.0017643729312871168,0.0,0.0018741371286669765,0.0010317131381930272,0.0024931424258750373,0.0028452092841713284,0.0,0.0031207520397541523,0.0008625814858448127,0.002808035445928238,0.002609754626311113,0.0,0.0035225180330582953,0.0,0.0,0.0,0.0,0.0,0.0,0.0,0.0,0.0,0.0,0.0,0.0,0.0,0.0,0.0,0.0,0.0,0.0,0.0,0.0,0.0,0.0,0.0,0.0,0.0,0.0,0.0,0.0,0.0,0.0,0.0,0.0,0.0,0.0,0.0,0.0,0.0,0.0,0.0,0.0,0.0,0.0,0.0,0.0,0.0
t61,0.0,0.0,0.0064638024509078434,0.001962649993799458,0.003666473605030496,0.0016649806811774076,0.002600341824700719,0.029449988340166645,1.9998719740156097,15.999854509401658,0.0,0.0,0.0,0.0,0.0,0.004762654589414388,0.002270118319356021,0.005662342183397685,0.016506793471042704,0.007846845281729445,2.999862835702626,1.999853737991185,0.0,0.0,0.0,0.0,0.0,0.0009762690134226964,0.0019687900280170177,0.000513822610348905,0.0005313295496894698,0.001792999154679613,0.014188649165108543,31.999653640274893,1.9997166465818141,0.0,0.0,0.0011006720965190384,0.0013279117920314302,0.0017874324179782619,0.0,0.001876067370922524,0.001079804070691393,0.0026516623923157952,0.0030098919336573014,0.0,0.0031284634980458933,0.000875117046385786,0.002934319895633438,0.0026829054615826542,0.0,0.0035268357501333112,0.0,0.0,0.0,0.0,0.0,0.0,0.0,0.0,0.0,0.0,0.0,0.0,0.0,0.0,0.0,0.0,0.0,0.0,0.0,0.0,0.0,0.0,0.0,0.0,0.0,0.0,0.0,0.0,0.0,0.0,0.0,0.0,0.0,0.0,0.0,0.0,0.0,0.0,0.0,0.0,0.0,0.0,0.0,0.0,0.0
t62,0.0,0.0,0.0076754868963083865,0.002349673959299637,0.0040929331622747795,0.001989691638666098,0.003024039086278865,0.034329710121936086,1.9998774299301225,15.999861133344154,0.0,0.0,0.0,0.0,0.0,0.005060675480558927,0.0024454313400613,0.005762231125084977,0.01723946108939631,0.008246817294129849,2.9998666004282954,1.9998576978085543,0.0,0.0,0.0,0.0,0.0,0.001002271802363373,0.0020149219025256296,0.0005273230926511926,0.0005400361124739222,0.0018154133228545676,0.014407487382171093,31.99965517554631,1.999717878723891,0.0,0.0,0.0011224660298893767,0.001389583798132184,0.0018163128567139299,0.0,0.0018782106139086248,0.0011983365859598132,0.0032162661456999766,0.0033241711994672287,0.0,0.003136806762149151,0.0008940814768936592,0.0031030991483647257,0.0027767037047527225,0.0,0.0035312168815073795,0.0,0.0,0.0,0.0,0.0,0.0,0.0,0.0,0.0,0.0,0.0,0.0,0.0,0.0,0.0,0.0,0.0,0.0,0.0,0.0,0.0,0.0,0.0,0.0,0.0,0.0,0.0,0.0,0.0,0.0,0.0,0.0,0.0,0.0,0.0,0.0,0.0,0.0,0.0,0.0,0.0,0.0,0.0,0.0,0.0
t63,0.0,0.0,0.009593237916322692,0.0029633494931699234,0.0047352574159543635,0.0025056480643576517,0.0036200524461492897,0.04190093177574528,1.9998832575363514,15.999868352230592,0.0,0.0,0.0,0.0,0.0,0.0055016551919267066,0.0027083845170926086,0.005908621991302554,0.018260430926522495,0.008799080362765055,2.999870457134577,1.9998617510866414,0.0,0.0,0.0,0.0,0.0,0.0010383649353019123,0.0020820684854292604,0.0005468258317295123,0.0005531484846368798,0.001849341402924307,0.014716237316899845,31.999656766942422,1.9997193142058713,0.0,0.0,0.0011551114948298341,0.0014820944020704611,0.0018751528940265866,0.0,0.0018806968859528248,0.0013471957102614276,0.003961775119128785,0.003772085708060483,0.0,0.00314551470422565,0.0009237405724084098,0.0033505675574023374,0.0029190969144287904,0.0,0.0035356739924365154,0.0,0.0,0.0,0.0,0.0,0.0,0.0,0.0,0.0,0.0,0.0,0.0,0.0,0.0,0.0,0.0,0.0,0.0,0.0,0.0,0.0,0.0,0.0,0.0,0.0,0.0,0.0,0.0,0.0,0.0,0.0,0.0,0.0,0.0,0.0,0.0,0.0,0.0,0.0,0.0,0.0,0.0,0.0,0.0,0.0
t64,0.0,0.0,20.560933973556907,35.33578405030083,0.006162432139182214,21.748381666867697,0.004940420788881818,0.07497091836733581,1.9998894210418046,15.999875870274337,0.0,0.0,0.0,0.0,0.0,0.006225790866217625,0.0031814578728828554,0.006121401144483538,0.019748087394094206,0.00962037118450561,2.999874424830262,1.9998659176630256,0.0,0.0,0.0,0.0,0.0,0.0010874692033159784,0.0021749984901585705,0.0005739409862200052,0.000571650443273755,0.0019013070380621653,0.01514448182739989,31.999658824630963,1.9997209788355224,0.0,0.0,0.0012033013131833054,0.0016274506117522683,0.001934579106702335,0.0,0.0018835284954804444,0.0015679123100621921,0.005353559903045678,0.004432625628833034,0.0,0.003154483843918693,0.0009700899277710789,0.003730954166666998,0.0030852661972994664,0.0,0.003540219070339376,0.0,0.0,0.0,0.0,0.0,0.0,0.0,0.0,0.0,0.0,0.0,0.0,0.0,0.0,0.0,0.0,0.0,0.0,0.0,0.0,0.0,0.0,0.0,0.0,0.0,0.0,0.0,0.0,0.0,0.0,0.0,0.0,0.0,0.0,0.0,0.0,0.0,0.0,0.0,0.0,0.0,0.0,0.0,0.0,0.0
t65,0.0,0.0,31.9976658146436,53.99948822260687,0.15558281781832325,32.999491620792696,40.91365947147304,46.97593422074857,1.9998960482939516,15.999884022283664,0.0,0.0,0.0,0.0,0.0,0.007898030235911358,0.005092074711734895,0.006434303771851125,0.022143615859512362,0.011070839832996648,2.999878524142745,1.999870218882483,0.0,0.0,0.0,0.0,0.0,0.001152574428450365,0.0022999694104065614,0.000610132866259504,0.0005961696766229051,0.0019817650014886594,0.01573881544865885,31.999661157410625,1.999722871464455,0.0,0.0,0.001275088880766453,0.0018999502693115898,0.0020157303570150207,0.0,0.00188669286061993,0.0020821093259398692,79.63759299501227,0.006359554564584171,0.0,0.0031637475346575922,0.0010417325331301534,0.004442273285160431,0.0033218894222074606,0.0,0.003544870592916153,0.0,0.0,0.0,0.0,0.0,0.0,0.0,0.0,0.0,0.0,0.0,0.0,0.0,0.0,0.0,0.0,0.0,0.0,0.0,0.0,0.0,0.0,0.0,0.0,0.0,0.0,0.0,0.0,0.0,0.0,0.0,0.0,0.0,0.0,0.0,0.0,0.0,0.0,0.0,0.0,0.0,0.0,0.0,0.0,0.0
t66,0.0,0.0,31.998322432584743,53.999585867568385,0.15671922474861943,32.99962953367066,40.916130735996646,46.98438277468294,1.9999006089058358,15.999889473002767,0.0,0.0,0.0,0.0,0.0,47.985720394733775,47.99755635119644,0.006915221288170329,0.027316489137998754,0.01644038256240706,2.9998827807579445,1.9998746821300193,0.0,0.0,0.0,0.0,0.0,0.0012434407620959776,0.0024737249144596318,0.000661148465453092,0.0006295607732976377,0.002109772262997022,0.016575416476001505,31.999663773546693,1.9997250005191989,0.0,0.0,0.0013821686962697506,0.002336029707054608,0.0021501162850794775,0.0,0.0018901748302028723,0.002187507254310067,79.63767379739754,0.006634037798298858,0.0,0.00317104981247532,0.0011646487867296032,0.009032495280968073,0.003736229129106014,0.0,0.003549636607022365,0.0,0.0,0.0,0.0,0.0,0.0,0.0,0.0,0.0,0.0,0.0,0.0,0.0,0.0,0.0,0.0,0.0,0.0,0.0,0.0,0.0,0.0,0.0,0.0,0.0,0.0,0.0,0.0,0.0,0.0,0.0,0.0,0.0,0.0,0.0,0.0,0.0,0.0,0.0,0.0,0.0,0.0,0.0,0.0,0.0
t67,0.0,0.0,31.998570544906073,53.9996376313354,0.15711954517710916,32.99967878043237,40.9168802962288,46.98714836182157,1.999904023323792,15.999893578908802,0.0,0.0,0.0,0.0,0.0,47.989138049835425,47.99836136416045,0.007263171019060451,0.02999209466027957,0.01819179416084246,2.999886330980261,1.9998784160887082,0.0,0.0,0.0,0.0,0.0,0.0013567543714064984,0.002684629440500301,0.0007237607810894435,0.0006692578925263852,0.0022827974369387374,0.0176030865356841,31.999666637660813,1.9997273373305493,0.0,0.0,0.00151809490683853,0.0028389923784175254,0.0022997649347394388,0.0,0.0018939090013246921,0.002237470287432693,79.63770753425156,0.006739487500521796,0.0,0.0031769151969704506,0.00123259601371789,0.009186640579085156,0.003950063820367826,0.0,0.0035537384020666485,0.0,0.0,0.0,0.0,0.0,0.0,0.0,0.0,0.0,0.0,0.0,0.0,0.0,0.0,0.0,0.0,0.0,0.0,0.0,0.0,0.0,0.0,0.0,0.0,0.0,0.0,0.0,0.0,0.0,0.0,0.0,0.0,0.0,0.0,0.0,0.0,0.0,0.0,0.0,0.0,0.0,0.0,0.0,0.0,0.0
t68,0.0,0.0,31.9987019693053,53.999675406097005,0.15733840630870882,32.99970507460742,40.91727175847516,46.98857366491159,1.9999066926071685,15.999896728954827,0.0,0.0,0.0,0.0,0.0,47.990204093102136,47.99861072525219,0.007519860809280251,0.031743599791693604,0.01921809424567443,2.999889349935297,1.9998815973817279,0.0,0.0,0.0,0.0,0.0,0.0014751570439194483,0.002939078175224898,0.0008024367326825219,0.0007171431293613534,0.0025228623992247633,0.018893683919911256,31.999669770101402,1.9997298872452025,0.0,0.0,0.0017244672353597037,0.004007458367508318,0.0025111888213878576,0.0,0.0018978334983484287,0.002264042666656154,79.63772328515522,0.006784277285072453,0.0,0.003181727740408818,0.0012766607333273218,0.009247799448133094,0.0040864945256174675,0.0,0.0035573420768330046,0.0,0.0,0.0,0.0,0.0,0.0,0.0,0.0,0.0,0.0,0.0,0.0,0.0,0.0,0.0,0.0,0.0,0.0,0.0,0.0,0.0,0.0,0.0,0.0,0.0,0.0,0.0,0.0,0.0,0.0,0.0,0.0,0.0,0.0,0.0,0.0,0.0,0.0,0.0,0.0,0.0,0.0,0.0,0.0,0.0
t69,0.0,0.0,31.998772853650152,53.999702725976455,0.15745744691564023,32.99972081067539,40.917481457272196,46.9893038689755,1.9999088170374382,15.99989925964696,0.0,0.0,0.0,0.0,0.0,47.99074653498289,47.99873608165078,0.0077042146885254225,0.03295767282346204,0.019904608943612973,2.9998919523029635,1.9998843442195708,0.0,0.0,0.0,0.0,0.0,0.0013856027695814126,0.0027359245761817306,0.0007407223089664138,0.0006784771266051887,0.002322697527667175,0.017924562882136324,31.999671588102526,1.999731327001107,0.0,0.0,0.0015535530071784554,0.003019778303576365,0.002345834283559123,0.0,0.001900343485615076,0.002277194219380881,79.6377298171476,0.006814064930597045,0.0,0.0031856786051105497,0.0013054001334425768,0.00928037820212281,0.00419263408902264,0.0,0.0035605274757351205,0.0,0.0,0.0,0.0,0.0,0.0,0.0,0.0,0.0,0.0,0.0,0.0,0.0,0.0,0.0,0.0,0.0,0.0,0.0,0.0,0.0,0.0,0.0,0.0,0.0,0.0,0.0,0.0,0.0,0.0,0.0,0.0,0.0,0.0,0.0,0.0,0.0,0.0,0.0,0.0,0.0,0.0,0.0,0.0,0.0
t70,0.0,0.0,31.998809412024126,53.99971815079686,0.15752216051325635,32.999728889608,40.91759424565874,46.9896810763667,1.9999105367468561,15.999901277239358,0.0,0.0,0.0,0.0,0.0,47.99103570017055,47.99880535020248,0.007825705761544401,0.03379770093056784,0.020384808895470938,2.999894216059738,1.9998867366601407,0.0,0.0,0.0,0.0,0.0,0.0012967132517037714,0.0025689066358424357,0.0006905750421042058,0.0006461976053921601,0.0021804279975201684,0.01715861749569884,31.99967347968332,1.9997328316555802,0.0,0.0,0.0014332070809326136,0.002516395034098213,0.002212238027855008,0.0,0.0019028886959727295,0.0022837487212874785,79.63773323790532,0.006823403877654952,0.0,0.003188926049971311,0.0013233992041958719,0.009297253727608267,0.004251889619250174,0.0,0.0035633476352243897,0.0,0.0,0.0,0.0,0.0,0.0,0.0,0.0,0.0,0.0,0.0,0.0,0.0,0.0,0.0,0.0,0.0,0.0,0.0,0.0,0.0,0.0,0.0,0.0,0.0,0.0,0.0,0.0,0.0,0.0,0.0,0.0,0.0,0.0,0.0,0.0,0.0,0.0,0.0,0.0,0.0,0.0,0.0,0.0,0.0
t71,0.0,0.0,31.998823186858864,53.99972391824009,0.15754413078256152,32.9997324807704,40.91763065427896,46.98981853426149,1.9999119350816412,15.999903001679431,0.0,0.0,0.0,0.0,0.0,47.99114965854176,47.99883823451879,0.007888992899122056,0.034343931353784544,0.020719123443271828,2.999896257659352,1.999888836855336,0.0,0.0,0.0,0.0,0.0,0.0012291494602922571,0.0024398721357848895,0.0006528050462032689,0.0006219005893661606,0.0020856310721330176,0.016582447795228206,31.99967602354169,1.99973456866889,0.0,0.0,0.0013514653230667774,0.0021295278912940537,0.0021098686610234838,0.0,0.00190572522587647,0.002286158555715946,79.63773478806739,0.006822718658090071,0.0,0.003191568561283829,0.0013332268393955646,0.00930549690882256,0.004281207647963895,0.0,0.003565853976560939,0.0,0.0,0.0,0.0,0.0,0.0,0.0,0.0,0.0,0.0,0.0,0.0,0.0,0.0,0.0,0.0,0.0,0.0,0.0,0.0,0.0,0.0,0.0,0.0,0.0,0.0,0.0,0.0,0.0,0.0,0.0,0.0,0.0,0.0,0.0,0.0,0.0,0.0,0.0,0.0,0.0,0.0,0.0,0.0,0.0
t72,0.0,0.0,31.998819519710093,53.99972189634769,0.1575293536075085,32.99973259925958,40.91759591987589,46.98975523834035,1.9999130577909818,15.999904304779122,0.0,0.0,0.0,0.0,0.0,47.99110650107852,47.998841562642994,0.007896107712452563,0.03463882485555935,0.020939874165898084,2.9998980048290815,1.9998906885085577,0.0,0.0,0.0,0.0,0.0,0.0011746496555119165,0.00233633347326177,0.000622411907800731,0.0006025825268360969,0.0020207421395545813,0.016138355887501118,31.9996784550832,1.9997364833137283,0.0,0.0,0.001290280420669799,0.0018440083227323346,0.0020491543876636105,0.0,0.0019087686529291191,0.002285491104384224,79.63773496853875,0.006829668374061593,0.0,0.0031936797948043673,0.0013359830557928046,0.00930761079697383,0.004304651586905159,0.0,0.0035680816840444316,0.0,0.0,0.0,0.0,0.0,0.0,0.0,0.0,0.0,0.0,0.0,0.0,0.0,0.0,0.0,0.0,0.0,0.0,0.0,0.0,0.0,0.0,0.0,0.0,0.0,0.0,0.0,0.0,0.0,0.0,0.0,0.0,0.0,0.0,0.0,0.0,0.0,0.0,0.0,0.0,0.0,0.0,0.0,0.0,0.0
t73,0.0,0.0,31.998797958468902,53.99971330582527,0.15747508218006756,32.99972914325135,40.917482963973114,46.989473165550216,1.9999139451693009,15.99990533076942,0.0,0.0,0.0,0.0,0.0,47.99091008847596,47.99881717876982,0.007850393891286354,0.03470491182066633,0.021065388519080422,2.9998995473673027,1.999892325528496,0.0,0.0,0.0,0.0,0.0,0.0011303721871403843,0.0022527847627529566,0.0005977077791531459,0.0005870663783870468,0.0019753146508809435,0.015791753137857873,31.999681149676217,1.9997385989162595,0.0,0.0,0.0012461233074715296,0.0016831102663005834,0.001988624641861791,0.0,0.001912055051189504,0.0022817548862748773,79.63773418932776,0.0068228977445940735,0.0,0.0031953050891945557,0.001331560179732469,0.009303514371154497,0.004295676772805986,0.0,0.003570063061528296,0.0,0.0,0.0,0.0,0.0,0.0,0.0,0.0,0.0,0.0,0.0,0.0,0.0,0.0,0.0,0.0,0.0,0.0,0.0,0.0,0.0,0.0,0.0,0.0,0.0,0.0,0.0,0.0,0.0,0.0,0.0,0.0,0.0,0.0,0.0,0.0,0.0,0.0,0.0,0.0,0.0,0.0,0.0,0.0,0.0
t74,0.0,0.0,31.998755270072195,53.99969717225718,0.15737140004918,32.99972147772325,40.91726839297698,46.98889029871165,1.9999146222957223,15.999906100117721,0.0,0.0,0.0,0.0,0.0,47.99050498561331,47.998759530284865,0.007749276515224834,0.03454887978654476,0.02110466201477295,2.9999009097008487,1.9998937734091466,0.0,0.0,0.0,0.0,0.0,0.0010948664488670554,0.0021863212078869435,0.0005779708337210475,0.0005748208685085203,0.0019424577498288178,0.015516130794114786,31.999684100832923,1.9997409086970346,0.0,0.0,0.0012134599938829478,0.0015749543253731645,0.0019381850227194145,0.0,0.0019155639138154308,0.002273881520354224,79.63773236062907,0.0068049664584098985,0.0,0.0031964785809220258,0.0013189682071932077,0.009290380205245544,0.004260356654634683,0.0,0.0035718247861576896,0.0,0.0,0.0,0.0,0.0,0.0,0.0,0.0,0.0,0.0,0.0,0.0,0.0,0.0,0.0,0.0,0.0,0.0,0.0,0.0,0.0,0.0,0.0,0.0,0.0,0.0,0.0,0.0,0.0,0.0,0.0,0.0,0.0,0.0,0.0,0.0,0.0,0.0,0.0,0.0,0.0,0.0,0.0,0.0,0.0
t75,0.0,0.0,31.99868415807082,53.99967648578749,0.1571938866771859,32.99970823753336,40.916893442451325,46.98782260213663,1.999915107323605,15.999906643341031,0.0,0.0,0.0,0.0,0.0,47.98972106912545,47.9986534761444,0.007591343923005207,0.034164716542102666,0.021061296057122363,2.99990211130857,1.9998950525935977,0.0,0.0,0.0,0.0,0.0,0.001066884645106917,0.0021353425187010723,0.0005627114439088969,0.0005655840432285553,0.0019173530232238565,0.015290918031836936,31.99968731552884,1.9997434105638807,0.0,0.0,0.0011878390523618128,0.0014969725946808205,0.0019148781660389483,0.0,0.00191929415583123,0.002259037088680277,79.63772681969634,0.00678660432217832,0.0,0.003197221677868114,0.0012954720745939265,0.009261155981181355,0.004217482883624191,0.0,0.0035733786000734413,0.0,0.0,0.0,0.0,0.0,0.0,0.0,0.0,0.0,0.0,0.0,0.0,0.0,0.0,0.0,0.0,0.0,0.0,0.0,0.0,0.0,0.0,0.0,0.0,0.0,0.0,0.0,0.0,0.0,0.0,0.0,0.0,0.0,0.0,0.0,0.0,0.0,0.0,0.0,0.0,0.0,0.0,0.0,0.0,0.0
t76,0.0,0.0,31.998569812973187,53.999655642823846,0.15687089798234125,32.999686713027785,40.91617303302474,46.985824690685895,1.9999154132630954,15.99990696278541,0.0,0.0,0.0,0.0,0.0,47.98780232806275,47.99846571605052,0.007371983348141186,0.03353108289354451,0.020934572326374797,2.999903168149401,1.9998961799380188,0.0,0.0,0.0,0.0,0.0,0.0010443028037848132,0.0020938146149566367,0.0005503360429319257,0.0005581406861966382,0.001896354677971393,0.015099543795563258,31.99969079071925,1.9997461009636057,0.0,0.0,0.0011665820396964334,0.0014376140704599985,0.001882471440789505,0.0,0.0019232433788627576,0.0022332998143072143,79.63771211189831,0.00673086693667684,0.0,0.003197560566488262,0.0012556264491885602,0.009195102793555742,0.0041333502664768025,0.0,0.003574731669925326,0.0,0.0,0.0,0.0,0.0,0.0,0.0,0.0,0.0,0.0,0.0,0.0,0.0,0.0,0.0,0.0,0.0,0.0,0.0,0.0,0.0,0.0,0.0,0.0,0.0,0.0,0.0,0.0,0.0,0.0,0.0,0.0,0.0,0.0,0.0,0.0,0.0,0.0,0.0,0.0,0.0,0.0,0.0,0.0,0.0
t77,0.0,0.0,31.998378323786927,53.99963638856997,0.15598799545718361,32.99965070285449,40.91380354203313,46.98109590865703,1.9999155477152564,15.999907068977015,0.0,0.0,0.0,0.0,0.0,29.082283114757846,47.9981122371463,0.007078007469762423,0.03256863221990294,0.02070218427407676,2.9999040900825165,1.9998971668404297,0.0,0.0,0.0,0.0,0.0,0.0010253308131805412,0.0020572986287976575,0.0005394461238893683,0.0005514335627868583,0.0018762705823935296,0.014927765698757318,31.999694548899434,1.9997489946302718,0.0,0.0,0.001147303573111999,0.0013897916212138742,0.001853425805288718,0.0,0.0019274309863032573,0.0021888938251042414,79.63767835525292,0.0066071199332254,0.0,0.0031974797468836817,0.0011880003729046796,0.009018471091157129,0.003991157215302564,0.0,0.0035758457182565808,0.0,0.0,0.0,0.0,0.0,0.0,0.0,0.0,0.0,0.0,0.0,0.0,0.0,0.0,0.0,0.0,0.0,0.0,0.0,0.0,0.0,0.0,0.0,0.0,0.0,0.0,0.0,0.0,0.0,0.0,0.0,0.0,0.0,0.0,0.0,0.0,0.0,0.0,0.0,0.0,0.0,0.0,0.0,0.0,0.0
t78,0.0,0.0,31.997991351152976,53.99960414761087,0.028549989677958618,32.999564570688925,0.4100814193698535,27.438002513899903,1.999915510530945,15.999906921006803,0.0,0.0,0.0,0.0,0.0,0.08188570053924751,47.99780582783502,0.006766643610383983,0.031586464188004496,0.020470745433671465,2.999904941809492,1.999898080055207,0.0,0.0,0.0,0.0,0.0,0.0010086673072811372,0.00202210625261298,0.000529017834303554,0.0005446390774382936,0.001854015821021933,0.014763213761414385,31.999698601834478,1.9997520989976671,0.0,0.0,0.0011282096754523028,0.001348596567036093,0.0018456052588480365,0.0,0.0019318610396168083,0.0020987597252619403,79.63757625866002,0.006311344469809924,0.0,0.00319666130890921,0.001111964801967565,0.008801017444521485,0.0038740922605386115,0.0,0.003576869667445397,0.0,0.0,0.0,0.0,0.0,0.0,0.0,0.0,0.0,0.0,0.0,0.0,0.0,0.0,0.0,0.0,0.0,0.0,0.0,0.0,0.0,0.0,0.0,0.0,0.0,0.0,0.0,0.0,0.0,0.0,0.0,0.0,0.0,0.0,0.0,0.0,0.0,0.0,0.0,0.0,0.0,0.0,0.0,0.0,0.0
t79,0.0,0.0,31.99770114902083,53.99957888413361,0.015314608631440041,32.99949685227571,0.017041227760977072,14.89536782335823,1.9999154244113837,15.999906672666386,0.0,0.0,0.0,0.0,0.0,0.044436412798971994,47.99749217268429,0.006408432867391465,0.030524666988240304,0.02022599068532257,2.9999057358717005,1.999898933816048,0.0,0.0,0.0,0.0,0.0,0.0009939629490080476,0.001986106351273451,0.0005187141204413426,0.0005375615578790246,0.0018262177712585555,0.014593624171205504,31.999703048052037,1.9997554232778016,0.0,0.0,0.0011074391282086193,0.001310211431651203,0.0018239120783350958,0.0,0.0019365449482584584,0.002038807042303331,79.63751058616263,0.006128417262985789,0.0,0.003195770700957085,0.0010155989120680933,0.008491967371077432,0.003733809399154854,0.0,0.0035778449695365927,0.0,0.0,0.0,0.0,0.0,0.0,0.0,0.0,0.0,0.0,0.0,0.0,0.0,0.0,0.0,0.0,0.0,0.0,0.0,0.0,0.0,0.0,0.0,0.0,0.0,0.0,0.0,0.0,0.0,0.0,0.0,0.0,0.0,0.0,0.0,0.0,0.0,0.0,0.0,0.0,0.0,0.0,0.0,0.0,0.0
t80,0.0,0.0,31.997472846375356,53.999561385796454,0.01368597807770325,32.99944764129165,0.014934169468365404,14.87078059980794,1.9999152894084111,15.99990641105027,0.0,0.0,0.0,0.0,0.0,0.04441466819877882,47.99747652235293,0.006364318872012785,0.030971753850360866,0.020506774941330845,2.999906741971598,1.9999000091746157,0.0,0.0,0.0,0.0,0.0,0.0009870336240048606,0.001964855464244196,0.0005127737647583726,0.0005338053831580714,0.0018116542154072318,0.014521423963174754,31.999707818823335,1.9997590625557446,0.0,0.0,0.001095139659211854,0.0012873491529808313,0.0018125311295858991,0.0,0.0019415679748574699,0.001997007591279227,79.63746541112485,0.005997029851507124,0.0,0.0031948093513708815,0.0010111931601520334,0.008468159295062644,0.0037271856258865115,0.0,0.003579120609120314,0.0,0.0,0.0,0.0,0.0,0.0,0.0,0.0,0.0,0.0,0.0,0.0,0.0,0.0,0.0,0.0,0.0,0.0,0.0,0.0,0.0,0.0,0.0,0.0,0.0,0.0,0.0,0.0,0.0,0.0,0.0,0.0,0.0,0.0,0.0,0.0,0.0,0.0,0.0,0.0,0.0,0.0,0.0,0.0,0.0
t81,0.0,0.0,31.9972942813649,53.999539088641214,0.012767449914809714,32.99941014677369,0.013816897302462229,14.858874380354827,1.9999151057371929,15.999906096026596,0.0,0.0,0.0,0.0,0.0,0.04558260664740099,47.99759180054642,0.006612323800140418,0.03341417788221344,0.02185105104985144,2.9999079301988814,1.9999012793739115,0.0,0.0,0.0,0.0,0.0,0.0009874245246279012,0.001956434600717747,0.0005106511411557414,0.0005330646065944889,0.0018077195408361902,0.014541416371294177,31.99971305364449,1.9997630649693499,0.0,0.0,0.0010907507665565332,0.001277286089532342,0.0018300647847333698,0.0,0.00194694403431755,0.001969044652976759,79.63743708608521,0.00592160218397664,0.0,0.003193775728828066,0.0010677497876018993,0.008582421750199652,0.00384007609116575,0.0,0.0035806313027211024,0.0,0.0,0.0,0.0,0.0,0.0,0.0,0.0,0.0,0.0,0.0,0.0,0.0,0.0,0.0,0.0,0.0,0.0,0.0,0.0,0.0,0.0,0.0,0.0,0.0,0.0,0.0,0.0,0.0,0.0,0.0,0.0,0.0,0.0,0.0,0.0,0.0,0.0,0.0,0.0,0.0,0.0,0.0,0.0,0.0
t82,0.0,0.0,31.99716266761443,53.99952275411652,0.012126407152126751,32.999382751564106,0.013075806342991048,14.851176213421313,1.9999148740401347,15.999905723268927,0.0,0.0,0.0,0.0,0.0,0.051413077771966846,47.997850353446026,0.006925795516689749,0.03731465695154939,0.024394090605033215,2.9999091434963128,1.9999025752663286,0.0,0.0,0.0,0.0,0.0,0.0009954086567637113,0.0019608067641464218,0.0005122861360456777,0.000535456034886784,0.001813942556802871,0.014657723772288852,31.999718829191675,1.9997674965382886,0.0,0.0,0.0010933139082795747,0.0012789762060896996,0.00184337957835337,0.0,0.001952713413998741,0.0019525135137707043,79.6374255738036,0.005859373461234811,0.0,0.0031926668205557274,0.001138088449888793,0.00890225147771287,0.003968921816762374,0.0,0.00358219326734293,0.0,0.0,0.0,0.0,0.0,0.0,0.0,0.0,0.0,0.0,0.0,0.0,0.0,0.0,0.0,0.0,0.0,0.0,0.0,0.0,0.0,0.0,0.0,0.0,0.0,0.0,0.0,0.0,0.0,0.0,0.0,0.0,0.0,0.0,0.0,0.0,0.0,0.0,0.0,0.0,0.0,0.0,0.0,0.0,0.0
t83,0.0,0.0,31.997079340630247,53.99951299922127,0.011638826225194665,32.999364997210854,0.012537804417933868,14.845619599890806,1.9999145946822445,15.999905298416337,0.0,0.0,0.0,0.0,0.0,0.06641756726387361,47.998067378130436,0.007215019423852875,0.04074106480588809,0.026588811350836808,2.9999102580540153,1.999903766139599,0.0,0.0,0.0,0.0,0.0,0.00101213413124292,0.0019796972877362752,0.0005182106602976784,0.00054167659857336,0.0018315700045571086,0.014881776214881636,31.99972541988934,1.9997724536989707,0.0,0.0,0.0011037017702905305,0.001292824879142786,0.001869287351888568,0.0,0.0019589417711767957,0.0019432306839588117,79.63742166305708,0.005812534811362109,0.0,0.0031914818864056155,0.0011820683344630394,0.009038662120569068,0.0040726177484909825,0.0,0.003583616363475437,0.0,0.0,0.0,0.0,0.0,0.0,0.0,0.0,0.0,0.0,0.0,0.0,0.0,0.0,0.0,0.0,0.0,0.0,0.0,0.0,0.0,0.0,0.0,0.0,0.0,0.0,0.0,0.0,0.0,0.0,0.0,0.0,0.0,0.0,0.0,0.0,0.0,0.0,0.0,0.0,0.0,0.0,0.0,0.0,0.0
t84,0.0,0.0,31.997044900950936,53.99950872452482,0.011250372982948696,32.9993564209336,0.012130331637466515,14.8413813228155,1.9999142658451057,15.999904815288904,0.0,0.0,0.0,0.0,0.0,0.08032595894234941,47.99829486915216,0.007511589561828763,0.0447655886656458,0.029173157369136987,2.9999113140685973,1.9999048955537835,0.0,0.0,0.0,0.0,0.0,0.0010406417530684643,0.002017065972781207,0.0005305080044442875,0.0005537682094298377,0.0018647715267908441,0.015239479664453211,31.999732666427025,1.9997780478014786,0.0,0.0,0.0011278097266843418,0.001323078094702048,0.0019302170131983612,0.0,0.001965693665877027,0.0019391517310190479,79.63742298209797,0.005800040510256749,0.0,0.003190213719890693,0.0012217107547056758,0.009109929377243458,0.004200675196229409,0.0,0.0035849686726456514,0.0,0.0,0.0,0.0,0.0,0.0,0.0,0.0,0.0,0.0,0.0,0.0,0.0,0.0,0.0,0.0,0.0,0.0,0.0,0.0,0.0,0.0,0.0,0.0,0.0,0.0,0.0,0.0,0.0,0.0,0.0,0.0,0.0,0.0,0.0,0.0,0.0,0.0,0.0,0.0,0.0,0.0,0.0,0.0,0.0
t85,0.0,0.0,31.997049625697866,53.9995087723577,0.01092993576273718,32.99935430877691,0.011816283316520782,14.838050935264008,1.9999138856561771,15.999904276958121,0.0,0.0,0.0,0.0,0.0,0.09644227260746424,47.998545390578904,0.00784157088557006,0.049957685638691296,0.03248574197749185,2.9999123123695903,1.999905963572958,0.0,0.0,0.0,0.0,0.0,0.0010806549195554547,0.0020754810539493056,0.0005475801494899159,0.0005710953549432335,0.0019165650007794723,0.015767348829416817,31.999740515453635,1.9997841355855717,0.0,0.0,0.001156785719587989,0.0013671229041320421,0.001993842980511321,0.0,0.0019727568036297513,0.0019394627746409786,79.63742898358535,0.0057890858845855405,0.0,0.003188860644331412,0.0012633215298941145,0.009175103934806889,0.004323050539068091,0.0,0.003586248423541898,0.0,0.0,0.0,0.0,0.0,0.0,0.0,0.0,0.0,0.0,0.0,0.0,0.0,0.0,0.0,0.0,0.0,0.0,0.0,0.0,0.0,0.0,0.0,0.0,0.0,0.0,0.0,0.0,0.0,0.0,0.0,0.0,0.0,0.0,0.0,0.0,0.0,0.0,0.0,0.0,0.0,0.0,0.0,0.0,0.0
t86,0.0,0.0,31.99708937211605,53.999511725378746,0.010660568314334332,32.999358308759085,0.011574989729713674,14.83539688721701,1.9999134525401105,15.999903679194324,0.0,0.0,0.0,0.0,0.0,0.11975770341591231,47.99876223476997,0.008237383852315101,0.05810416642122114,0.03757330102466343,2.9999132577720227,1.9999069752997336,0.0,0.0,0.0,0.0,0.0,0.001141929343970452,0.002169609792287828,0.0005753735358939598,0.0005978538478484893,0.001997811693793787,0.01653436583105016,31.999749305903332,1.9997909604631077,0.0,0.0,0.0012021087994364007,0.001435948615003798,0.002083053993407097,0.0,0.0019803028008244443,0.0019442738546145203,79.63744078958425,0.00578951055783079,0.0,0.0031874368279257203,0.0013129449618024152,0.009245633743863998,0.004467883292495183,0.0,0.0035874635938125316,0.0,0.0,0.0,0.0,0.0,0.0,0.0,0.0,0.0,0.0,0.0,0.0,0.0,0.0,0.0,0.0,0.0,0.0,0.0,0.0,0.0,0.0,0.0,0.0,0.0,0.0,0.0,0.0,0.0,0.0,0.0,0.0,0.0,0.0,0.0,0.0,0.0,0.0,0.0,0.0,0.0,0.0,0.0,0.0,0.0
t87,0.0,0.0,31.997162108377218,53.999517776217836,0.010431376357042456,32.99936841476653,0.011393708156474521,14.833276818405457,1.9999129652458096,15.9999030624722,0.0,0.0,0.0,0.0,0.0,29.088636611745326,47.99895274724644,0.008751307727629611,0.09756909595766664,20.43532599254399,2.999914154471181,1.9999079352655074,0.0,0.0,0.0,0.0,0.0,0.0012350793561271788,0.0023174202359557442,0.0006193790730377669,0.0006395631161904633,0.002126657619586335,0.017658648567136212,31.999759874115334,1.99979875758933,0.0,0.0,0.0012739700010369497,0.0015457267992296689,0.0022299844331493592,0.0,0.001988384881953745,0.001954381319604156,79.63746031067983,0.005822528492999127,0.0,0.0031859316623572493,0.0013776160052516866,0.009330311237508044,0.004679467996882679,0.0,0.0035886174529351556,0.0,0.0,0.0,0.0,0.0,0.0,0.0,0.0,0.0,0.0,0.0,0.0,0.0,0.0,0.0,0.0,0.0,0.0,0.0,0.0,0.0,0.0,0.0,0.0,0.0,0.0,0.0,0.0,0.0,0.0,0.0,0.0,0.0,0.0,0.0,0.0,0.0,0.0,0.0,0.0,0.0,0.0,0.0,0.0,0.0
t88,0.0,0.0,31.997267565537218,53.999527260119336,0.010234901372774717,32.99938455624558,0.011263638499847243,14.831599539859265,1.9999124221066338,15.999902343457391,0.0,0.0,0.0,0.0,0.0,47.99697807469868,47.99914032675927,0.009486746190179833,0.34828446252592854,28.99482169954088,2.9999150060616264,1.999908847087849,0.0,0.0,0.0,0.0,0.0,0.0013849841824644098,0.0025564347945772757,0.0006921202588058344,0.0007084625843473953,0.0023408882793857907,0.019396221377261564,31.99977156365848,1.9998078669929298,0.0,0.0,0.001391550949202942,0.001738630583820571,0.0024183517964928426,0.0,0.0019970585838012004,0.0019703981239204585,79.63748905451982,0.005858432007940692,0.0,0.003184331754997623,0.0014694407820202604,0.009447435173749175,0.004980341297311899,0.0,0.003589710715488575,0.0,0.0,0.0,0.0,0.0,0.0,0.0,0.0,0.0,0.0,0.0,0.0,0.0,0.0,0.0,0.0,0.0,0.0,0.0,0.0,0.0,0.0,0.0,0.0,0.0,0.0,0.0,0.0,0.0,0.0,0.0,0.0,0.0,0.0,0.0,0.0,0.0,0.0,0.0,0.0,0.0,0.0,0.0,0.0,0.0
t89,0.0,0.0,31.997407828151722,53.99954127046605,0.010065813842837444,32.999407248596675,0.011179098367218105,14.830305500016507,1.9999118213630012,15.999901560532999,0.0,0.0,0.0,0.0,0.0,47.99760642939992,47.999246524370264,0.010018688553431174,0.35556628910447774,28.996268351120783,2.9999156902477195,1.9999095802536035,0.0,0.0,0.0,0.0,0.0,0.0016825449584235107,0.003013965938191365,0.0008398468900959046,0.0008448355731250401,0.0027515088417885505,0.022505491787996882,31.999785498860792,1.9998187019705722,0.0,0.0,0.0016006548608777575,0.002128332089694243,0.0027229712167571173,0.0,0.002006351567338299,0.001993314091577657,79.63752892688973,0.005910480671676246,0.0,0.0031826312393413853,0.0015231269767074234,0.009487693784219438,0.005094066951323235,0.0,0.0035905772429568944,0.0,0.0,0.0,0.0,0.0,0.0,0.0,0.0,0.0,0.0,0.0,0.0,0.0,0.0,0.0,0.0,0.0,0.0,0.0,0.0,0.0,0.0,0.0,0.0,0.0,0.0,0.0,0.0,0.0,0.0,0.0,0.0,0.0,0.0,0.0,0.0,0.0,0.0,0.0,0.0,0.0,0.0,0.0,0.0,0.0
t90,0.0,0.0,31.997589531397082,53.999560704483486,0.009920757181485431,32.99943796988137,0.011139332269297413,14.829363507121657,1.9999111626705335,15.999900712897716,0.0,0.0,0.0,0.0,0.0,47.99789462313246,47.99930311215554,0.010414717111338442,0.35837766936736576,28.996846140283196,2.9999162175967165,1.9999101470051575,0.0,0.0,0.0,0.0,0.0,33.659423017534436,14.517340332361018,59.551000803141946,0.0016740977860920472,0.00432340529974713,0.03334487425505236,31.999802438765872,1.9998319234960975,0.0,0.0,0.0022400280141216633,0.00819924684478994,0.0034180970669047367,0.0,0.002016233909160343,0.002025434567021344,79.63758247585082,0.006007075984090554,0.0,0.0031808322548335724,0.001555333689222108,0.009504145915240177,0.0051551909777458865,0.0,0.0035912083116916094,0.0,0.0,0.0,0.0,0.0,0.0,0.0,0.0,0.0,0.0,0.0,0.0,0.0,0.0,0.0,0.0,0.0,0.0,0.0,0.0,0.0,0.0,0.0,0.0,0.0,0.0,0.0,0.0,0.0,0.0,0.0,0.0,0.0,0.0,0.0,0.0,0.0,0.0,0.0,0.0,0.0,0.0,0.0,0.0,0.0
t91,0.0,0.0,31.997714589926787,53.9995758154556,0.009759704127536892,32.999458721588475,0.01106643982516471,14.828094434833384,1.9999104020727116,15.99989974827319,0.0,0.0,0.0,0.0,0.0,47.998059917383856,47.999337966399175,0.010705574496490754,0.35999084981018675,28.997157600930596,2.999916599739693,1.999910559955168,0.0,0.0,0.0,0.0,0.0,51.99822190453224,24.996645515044044,59.99882433367959,0.0034091825797632597,0.005992933980666691,0.04498762855391024,31.99981610529276,1.9998427920822925,0.0,0.0,0.0026055941068133088,0.009536852417152457,0.004039927668408749,0.0,0.002025517478246867,0.0020468966698728667,79.63761486174624,0.006059970481075785,0.0,0.003178840270160726,0.001575003762901286,0.00951184013522755,0.005176254325099276,0.0,0.003591623353404711,0.0,0.0,0.0,0.0,0.0,0.0,0.0,0.0,0.0,0.0,0.0,0.0,0.0,0.0,0.0,0.0,0.0,0.0,0.0,0.0,0.0,0.0,0.0,0.0,0.0,0.0,0.0,0.0,0.0,0.0,0.0,0.0,0.0,0.0,0.0,0.0,0.0,0.0,0.0,0.0,0.0,0.0,0.0,0.0,0.0
t92,0.0,0.0,31.99779790439279,53.999585983609265,0.009581052872976531,32.999471470601335,0.010958917317342252,14.8264732949421,1.999909534540356,15.999898657585705,0.0,0.0,0.0,0.0,0.0,47.9981584542104,47.99935916187164,0.010907632064315269,0.3609786946740444,28.99733215168907,2.9999168431631684,1.9999108260278895,0.0,0.0,0.0,0.0,0.0,51.99848342464115,24.997470582019602,59.99902199594312,0.0038047931497979626,0.006630760478260434,0.048951991586469956,31.999824927055908,1.9998500362143996,0.0,0.0,0.0027164827409814083,0.009679283757916808,0.00431412580100907,0.0,0.002033139339542671,0.0020605020030701375,79.63763411087206,0.006084689800645721,0.0,0.0031766660702407814,0.0015868886006697603,0.009516070932610825,0.005180746788229149,0.0,0.0035918316670920077,0.0,0.0,0.0,0.0,0.0,0.0,0.0,0.0,0.0,0.0,0.0,0.0,0.0,0.0,0.0,0.0,0.0,0.0,0.0,0.0,0.0,0.0,0.0,0.0,0.0,0.0,0.0,0.0,0.0,0.0,0.0,0.0,0.0,0.0,0.0,0.0,0.0,0.0,0.0,0.0,0.0,0.0,0.0,0.0,0.0
t93,0.0,0.0,31.997847038448892,53.99959285615408,0.009382183777932524,32.99947686841315,0.01081422167322399,14.824453384646008,1.9999085507746477,15.99989743356347,0.0,0.0,0.0,0.0,0.0,47.99821433011179,47.99937113805279,0.011030206930819334,0.3615447984786539,28.997422239189447,2.9999169517899635,1.99991094948774,0.0,0.0,0.0,0.0,0.0,51.99860665144113,24.997815701787374,59.999107140682625,0.004007902376111659,0.006992626899673364,0.051144958608590724,31.999831406126006,1.9998553534018702,0.0,0.0,0.002771414386719774,0.009740368402184065,0.004490853351661494,0.0,0.002039443526812209,0.002067960818840609,79.63764630769019,0.006105361326966896,0.0,0.0031742953597620116,0.001593987426770187,0.009518811372053763,0.005192913394597345,0.0,0.0035918363328605453,0.0,0.0,0.0,0.0,0.0,0.0,0.0,0.0,0.0,0.0,0.0,0.0,0.0,0.0,0.0,0.0,0.0,0.0,0.0,0.0,0.0,0.0,0.0,0.0,0.0,0.0,0.0,0.0,0.0,0.0,0.0,0.0,0.0,0.0,0.0,0.0,0.0,0.0,0.0,0.0,0.0,0.0,0.0,0.0,0.0
t94,0.0,0.0,31.9978652369979,53.99959294515674,0.009159703947863642,32.99947495819352,0.01062884988972493,14.82196499958193,1.9999074390556648,15.999896057644474,0.0,0.0,0.0,0.0,0.0,47.99823897881724,47.99937492131349,0.011079281425852978,0.3617757081045506,28.997452078032456,2.999916926910912,1.9999109318430797,0.0,0.0,0.0,0.0,0.0,51.998676647879236,24.998002169179493,59.99915566164831,0.00412896193296595,0.007211959171307946,0.05247036578569686,31.999836303630605,1.9998594479012701,0.0,0.0,0.0028009534515942144,0.009772293730941474,0.004591284616040797,0.0,0.0020446869538776383,0.0020702977575881134,79.63765351268665,0.006094970141149613,0.0,0.0031717069094921876,0.0015978377463093186,0.00952094766612753,0.005191439601743787,0.0,0.0035916371559207194,0.0,0.0,0.0,0.0,0.0,0.0,0.0,0.0,0.0,0.0,0.0,0.0,0.0,0.0,0.0,0.0,0.0,0.0,0.0,0.0,0.0,0.0,0.0,0.0,0.0,0.0,0.0,0.0,0.0,0.0,0.0,0.0,0.0,0.0,0.0,0.0,0.0,0.0,0.0,0.0,0.0,0.0,0.0,0.0,0.0
t95,0.0,0.0,31.99785182635959,53.999587637529395,0.008908932307343903,32.999465324272656,0.010397343358994723,14.818898757937356,1.9999061860650864,15.999894587468994,0.0,0.0,0.0,0.0,0.0,47.99823730246137,47.99937179321376,0.011060441922950609,0.3617035301503392,28.997429844367318,2.9999167677278145,1.9999107724838026,0.0,0.0,0.0,0.0,0.0,51.998713466479046,24.998097967682426,59.99918111219555,0.004196525460064035,0.007334348996743801,0.05324089132401416,31.99984051391862,1.9998626062348546,0.0,0.0,0.002813029509259951,0.009788143178881178,0.004645758043281853,0.0,0.002048981970488489,0.0020679193485914345,79.63765741291067,0.006060237620042947,0.0,0.0031688851058084603,0.0015993461542882633,0.00952284943407168,0.005184572477106976,0.0,0.0035912344951590427,0.0,0.0,0.0,0.0,0.0,0.0,0.0,0.0,0.0,0.0,0.0,0.0,0.0,0.0,0.0,0.0,0.0,0.0,0.0,0.0,0.0,0.0,0.0,0.0,0.0,0.0,0.0,0.0,0.0,0.0,0.0,0.0,0.0,0.0,0.0,0.0,0.0,0.0,0.0,0.0,0.0,0.0,0.0,0.0,0.0
t96,0.0,0.0,31.997801553759835,53.999575594513864,0.008623140578189935,32.99944646150515,0.010111403659940581,14.815082896416028,1.9999047769540006,15.999892863933551,0.0,0.0,0.0,0.0,0.0,47.99820866307188,47.99936132069894,0.010972187889887595,0.36132668554770914,28.99735234038537,2.9999164737227306,1.9999104717382767,0.0,0.0,0.0,0.0,0.0,51.99872746738644,24.998128489527794,59.999190511063745,0.004224636849542969,0.007382923640576537,0.053595548113573886,31.999843577781014,1.9998652059985838,0.0,0.0,0.0028195142273662716,0.009794893530143692,0.004686355487894972,0.0,0.002052598407008017,0.002060289392711182,79.63765817727807,0.0060205330714185636,0.0,0.003165804660759725,0.0015977896227268844,0.009524064935654159,0.0051894417499752585,0.0,0.0035906306333950565,0.0,0.0,0.0,0.0,0.0,0.0,0.0,0.0,0.0,0.0,0.0,0.0,0.0,0.0,0.0,0.0,0.0,0.0,0.0,0.0,0.0,0.0,0.0,0.0,0.0,0.0,0.0,0.0,0.0,0.0,0.0,0.0,0.0,0.0,0.0,0.0,0.0,0.0,0.0,0.0,0.0,0.0,0.0,0.0,0.0
t97,0.0,0.0,31.99769829767663,53.999553807663574,0.008291489942501907,32.99941502420463,0.00975833786827107,14.810232219757504,1.99990319450829,15.999890941332223,0.0,0.0,0.0,0.0,0.0,47.998145704754215,47.999341674663455,0.010805071722028043,0.36060677169612765,28.99720385188962,2.999916040514974,1.9999100255399522,0.0,0.0,0.0,0.0,0.0,51.99872156107861,24.99810913985076,59.999186125731164,0.004217288012931803,0.007365157510797141,0.05358960446087762,31.999846098928654,1.9998673553344273,0.0,0.0,0.002818801423587652,0.009792562477493497,0.0046877477263168165,0.0,0.002055612006639991,0.0020456905767337525,79.63765456349533,0.005942386605299029,0.0,0.0031624407154163797,0.0015917877990968342,0.009523771988120917,0.005179751113913241,0.0,0.0035898194248892143,0.0,0.0,0.0,0.0,0.0,0.0,0.0,0.0,0.0,0.0,0.0,0.0,0.0,0.0,0.0,0.0,0.0,0.0,0.0,0.0,0.0,0.0,0.0,0.0,0.0,0.0,0.0,0.0,0.0,0.0,0.0,0.0,0.0,0.0,0.0,0.0,0.0,0.0,0.0,0.0,0.0,0.0,0.0,0.0,0.0
t98,0.0,0.0,31.997516097622963,53.99951594640471,0.007898872978658666,32.999365332371205,0.009317038665593068,14.803826993995337,1.9999014142789946,15.999888777589847,0.0,0.0,0.0,0.0,0.0,47.99803335841166,47.99930923576059,0.01055152666502554,0.3594482455428621,28.996951403456315,2.999915461179143,1.9999094273359659,0.0,0.0,0.0,0.0,0.0,51.99869478792267,24.998034312111383,59.9991669195111,0.0041738550478406244,0.007280415042488702,0.05323317735071506,31.999848155867443,1.9998691228046774,0.0,0.0,0.0028106746099714726,0.009780032519486894,0.004658433031242708,0.0,0.0020580712150756954,0.0020203977871308828,79.63764230021854,0.005821595706890787,0.0,0.0031587619072369452,0.0015793442778235672,0.009520049358156236,0.005157912617181934,0.0,0.0035887925360511518,0.0,0.0,0.0,0.0,0.0,0.0,0.0,0.0,0.0,0.0,0.0,0.0,0.0,0.0,0.0,0.0,0.0,0.0,0.0,0.0,0.0,0.0,0.0,0.0,0.0,0.0,0.0,0.0,0.0,0.0,0.0,0.0,0.0,0.0,0.0,0.0,0.0,0.0,0.0,0.0,0.0,0.0,0.0,0.0,0.0
t99,0.0,0.0,31.99720343167084,53.999437641539465,0.007420058967559357,32.99928624065076,0.00874966291852842,14.794774909031325,1.999899405902484,15.999886353429694,0.0,0.0,0.0,0.0,0.0,47.997841569811946,47.999256672006055,0.010200755624879711,0.3576293360604312,28.996526562196994,2.9999147251595444,1.9999086665515964,0.0,0.0,0.0,0.0,0.0,51.99864201905326,24.997885912345378,59.99912886494349,0.004085451053521309,0.007120338277754884,0.05249227605290542,31.999850082276296,1.9998705558059702,0.0,0.0,0.002793084368568355,0.009752668270297934,0.004616764277115021,0.0,0.002060018062005791,0.0019768302753318087,79.63761201565613,0.00566745418249976,0.0,0.003154729206047721,0.0015563349888270247,0.009507691453018984,0.0051320120198860225,0.0,0.0035875325414665366,0.0,0.0,0.0,0.0,0.0,0.0,0.0,0.0,0.0,0.0,0.0,0.0,0.0,0.0,0.0,0.0,0.0,0.0,0.0,0.0,0.0,0.0,0.0,0.0,0.0,0.0,0.0,0.0,0.0,0.0,0.0,0.0,0.0,0.0,0.0,0.0,0.0,0.0,0.0,0.0,0.0,0.0,0.0,0.0,0.0
t100,0.0,0.0,31.996610518078672,53.99927307672197,0.006805034235290754,32.99914516967569,0.007976708103561388,14.780065643079828,1.999897131209976,15.999883596185656,0.0,0.0,0.0,0.0,0.0,47.99749504554778,47.99916500874147,0.009733298439951852,0.3545192015637509,28.99574435625374,2.9999138201220656,1.9999077310510325,0.0,0.0,0.0,0.0,0.0,51.99854741524163,24.99761142365689,59.9990611251415,0.003926591272846372,0.006864358951687874,0.05127631823001492,31.999851395094876,1.9998716946116488,0.0,0.0,0.002760390614686648,0.009699738585094415,0.004527164941550558,0.0,0.002061493810460663,0.001901431122618334,79.63754403723438,0.0054129411835872054,0.0,0.003150292917266038,0.001516257009654701,0.009475203585821731,0.005056715389347967,0.0,0.0035860207663653033,0.0,0.0,0.0,0.0,0.0,0.0,0.0,0.0,0.0,0.0,0.0,0.0,0.0,0.0,0.0,0.0,0.0,0.0,0.0,0.0,0.0,0.0,0.0,0.0,0.0,0.0,0.0,0.0,0.0,0.0,0.0,0.0,0.0,0.0,0.0,0.0,0.0,0.0,0.0,0.0,0.0,0.0,0.0,0.0,0.0
t101,0.0,0.0,31.994767282838694,53.99872687456376,0.00592486317925779,32.9987196455096,0.006770601469712192,14.743397704008537,1.9998945390050356,15.999880463926802,0.0,0.0,0.0,0.0,0.0,47.99665860685976,47.99894721087876,0.00911012451194481,0.3465835097516716,28.993562934428454,2.999912729515675,1.999906604707649,0.0,0.0,0.0,0.0,0.0,51.99836496303644,24.997001021963094,59.998910911026854,0.0036128158218098312,0.0064649817635523445,0.04938988016793896,31.999852395054823,1.999872572597557,0.0,0.0,0.002701818601674965,0.009592220311835962,0.004379116246531393,0.0,0.002062538443550348,0.0017563576305051351,79.6373636221834,0.0049471869715491746,0.0,0.0031453973856584933,0.0014467217319686222,0.009389612273786268,0.00488940947621667,0.0,0.003584246135256431,0.0,0.0,0.0,0.0,0.0,0.0,0.0,0.0,0.0,0.0,0.0,0.0,0.0,0.0,0.0,0.0,0.0,0.0,0.0,0.0,0.0,0.0,0.0,0.0,0.0,0.0,0.0,0.0,0.0,0.0,0.0,0.0,0.0,0.0,0.0,0.0,0.0,0.0,0.0,0.0,0.0,0.0,0.0,0.0,0.0
t102,0.0,0.0,0.010113917461782515,0.0056563426727166705,0.004069072645106666,0.0033592467719143772,0.0032786573137708543,0.03256986082963257,1.9998915658657825,15.99987685263465,0.0,0.0,0.0,0.0,0.0,29.26550558339901,31.716157659050864,0.008236533572506954,0.05424876341578091,0.14158463828822415,2.9999114347223754,1.9999052702879818,0.0,0.0,0.0,0.0,0.0,51.996033077917374,24.984141045344884,59.996739977594814,0.002489311192715854,0.0057883833698598635,0.04636676785458849,31.999853113484598,1.999873212925597,0.0,0.0,0.0025865891553871925,0.009222161233545566,0.004166944167675064,0.0,0.0020631761216518035,0.0012544513590778347,0.002940671251991374,0.003503580573438823,0.0,0.0031400765556679083,0.0013082344726029712,0.0090261066757545,0.004458988179514337,0.0,0.00358218590843782,0.0,0.0,0.0,0.0,0.0,0.0,0.0,0.0,0.0,0.0,0.0,0.0,0.0,0.0,0.0,0.0,0.0,0.0,0.0,0.0,0.0,0.0,0.0,0.0,0.0,0.0,0.0,0.0,0.0,0.0,0.0,0.0,0.0,0.0,0.0,0.0,0.0,0.0,0.0,0.0,0.0,0.0,0.0,0.0,0.0
t103,0.0,0.0,0.006014599366376117,0.0017996385054569147,0.0034887866893278468,0.0015234413157574683,0.002593156421200179,0.026614200934168768,1.999888939578593,15.999873879458749,0.0,0.0,0.0,0.0,0.0,0.020348016010299348,25.038022015502737,0.007702871883195038,0.042351241707525016,0.025087751946643262,2.9999101677798743,1.9999039503387537,0.0,0.0,0.0,0.0,0.0,28.99071638773193,0.01275897703245251,12.574815003025483,0.0017085310860446058,0.005083921319787925,0.04318642016295071,31.999854614524097,1.999873723458355,0.0,0.0,0.0024417676985821306,0.008277201373426371,0.003945622758134346,0.0,0.0020636032290810907,0.0010514878497924008,0.002118177474861298,0.0029552855287476414,0.0,0.0031352144691560004,0.0012229559588534029,0.008833753104700713,0.004195805150107902,0.0,0.0035801609817236483,0.0,0.0,0.0,0.0,0.0,0.0,0.0,0.0,0.0,0.0,0.0,0.0,0.0,0.0,0.0,0.0,0.0,0.0,0.0,0.0,0.0,0.0,0.0,0.0,0.0,0.0,0.0,0.0,0.0,0.0,0.0,0.0,0.0,0.0,0.0,0.0,0.0,0.0,0.0,0.0,0.0,0.0,0.0,0.0,0.0
t104,0.0,0.0,0.005209779885140397,0.0015421172398919457,0.0032011318126821393,0.00130961040505417,0.002295770499247226,0.0239131108622614,1.9998866549592054,15.999871105154543,0.0,0.0,0.0,0.0,0.0,0.017898763662998113,25.03629943301107,0.00734916548300555,0.037822596175544815,0.022046017649334112,2.9999089046653875,1.9999026433597478,0.0,0.0,0.0,0.0,0.0,28.988845069114742,0.010676182093555683,0.0070897106609446245,0.001468133296429887,0.0046371512849541245,0.040873057614969885,31.999855198253467,1.999874210719695,0.0,0.0,0.0023365896521577397,0.007815938461154758,0.0037744624984961156,0.0,0.002064012668168694,0.0009528360853001438,0.0018481214873921846,0.0026685728563870486,0.0,0.003130845862271985,0.0011661438280475677,0.008703630279876216,0.004005391116139172,0.0,0.0035781727994172205,0.0,0.0,0.0,0.0,0.0,0.0,0.0,0.0,0.0,0.0,0.0,0.0,0.0,0.0,0.0,0.0,0.0,0.0,0.0,0.0,0.0,0.0,0.0,0.0,0.0,0.0,0.0,0.0,0.0,0.0,0.0,0.0,0.0,0.0,0.0,0.0,0.0,0.0,0.0,0.0,0.0,0.0,0.0,0.0,0.0
t105,0.0,0.0,0.004812392968355621,0.001424564108754195,0.0030275173594814086,0.0012086172072531102,0.002133448527093217,0.022376400771487916,1.9998846710770821,15.999868710928087,0.0,0.0,0.0,0.0,0.0,0.01656572449996277,25.03552751976588,0.007108609008047214,0.03500507783586332,0.02031888363032497,2.9999076543334424,1.999901347534127,0.0,0.0,0.0,0.0,0.0,28.988306295475063,0.009682123964325494,0.006492040468075707,0.0013292162659554383,0.004316143770503295,0.03908818451353899,31.999855759183777,1.9998746839588153,0.0,0.0,0.0022542469870028004,0.007497837284484995,0.0036589467932107078,0.0,0.002064416455399558,0.0008980940995862223,0.0017125545785016641,0.0025109977462258533,0.0,0.0031269448466389456,0.0011281360436055084,0.008616741658432254,0.0038813851332924402,0.0,0.0035762178126681507,0.0,0.0,0.0,0.0,0.0,0.0,0.0,0.0,0.0,0.0,0.0,0.0,0.0,0.0,0.0,0.0,0.0,0.0,0.0,0.0,0.0,0.0,0.0,0.0,0.0,0.0,0.0,0.0,0.0,0.0,0.0,0.0,0.0,0.0,0.0,0.0,0.0,0.0,0.0,0.0,0.0,0.0,0.0,0.0,0.0
t106,0.0,0.0,0.0046029742452686154,0.001363869963329793,0.0029191356190541354,0.0011556034255781613,0.002044261028260268,0.021501648831710803,1.9998829466255952,15.999866610501584,0.0,0.0,0.0,0.0,0.0,0.015690904520696956,25.035055571627424,0.006945726147322607,0.03300769493352229,0.019118849075323584,2.9999064146447663,1.9999000608677637,0.0,0.0,0.0,0.0,0.0,28.98801189407928,0.009052340221837242,0.006193001280789062,0.0012339095336934645,0.004069719387902215,0.037671214123515075,31.999856314400073,1.9998751573531077,0.0,0.0,0.002186670321129391,0.007262252433015568,0.003553578168627954,0.0,0.00206483544220878,0.000870212200106627,0.0016560050818751706,0.0024000731596181732,0.0,0.00312348121552178,0.0011032299157838663,0.008570701045421772,0.0037734810202489427,0.0,0.0035742898645327093,0.0,0.0,0.0,0.0,0.0,0.0,0.0,0.0,0.0,0.0,0.0,0.0,0.0,0.0,0.0,0.0,0.0,0.0,0.0,0.0,0.0,0.0,0.0,0.0,0.0,0.0,0.0,0.0,0.0,0.0,0.0,0.0,0.0,0.0,0.0,0.0,0.0,0.0,0.0,0.0,0.0,0.0,0.0,0.0,0.0
t107,0.0,0.0,0.0045230315438137825,0.0013397684354910949,0.0028563520855053987,0.001134121186498923,0.0020039716515415735,0.021101524212117286,1.9998814505024842,15.999864784645736,0.0,0.0,0.0,0.0,0.0,0.015079820816759215,25.03473356054592,0.006839229458805208,0.031509042090780134,0.018210125373180914,2.999905183479403,1.9998987814360871,0.0,0.0,0.0,0.0,0.0,28.987827091315243,0.008613875433600515,0.006006781811707992,0.0011631827456134954,0.0038715792544589994,0.03652952263292624,31.99985760205613,1.9998756164676408,0.0,0.0,0.002127858318639308,0.007080516032844244,0.0034628739905343377,0.0,0.002065257762451627,0.0008599395938940276,0.0016446492483881963,0.0023307462196551602,0.0,0.0031204322666084647,0.0010871397260620317,0.008548949027859064,0.003684046553911558,0.0,0.0035723885518153028,0.0,0.0,0.0,0.0,0.0,0.0,0.0,0.0,0.0,0.0,0.0,0.0,0.0,0.0,0.0,0.0,0.0,0.0,0.0,0.0,0.0,0.0,0.0,0.0,0.0,0.0,0.0,0.0,0.0,0.0,0.0,0.0,0.0,0.0,0.0,0.0,0.0,0.0,0.0,0.0,0.0,0.0,0.0,0.0,0.0
t108,0.0,0.0,0.004552799812768424,0.0013453443338744939,0.0028302776652948444,0.0011386856747794632,0.0020030710174580354,0.021106542786104326,1.9998801595788467,15.999863205913126,0.0,0.0,0.0,0.0,0.0,0.014645885130973545,25.034502836742785,0.006775371258845848,0.03035543248932887,0.017489808017523926,2.9999039582566445,1.9998975066269828,0.0,0.0,0.0,0.0,0.0,28.98771285471848,0.008286224573438934,0.005884856632546064,0.0011095716887940812,0.003715015285702932,0.03559540862238118,31.99985820773277,1.999876116722353,0.0,0.0,0.0020796316050605878,0.006940053779854282,0.003411327019973859,0.0,0.002065784622781067,0.000864491101549323,0.0016749308905568488,0.002316638112574265,0.0,0.003117770367050688,0.0010774232112003995,0.008547610229297791,0.0036311720925256224,0.0,0.0035705085781554376,0.0,0.0,0.0,0.0,0.0,0.0,0.0,0.0,0.0,0.0,0.0,0.0,0.0,0.0,0.0,0.0,0.0,0.0,0.0,0.0,0.0,0.0,0.0,0.0,0.0,0.0,0.0,0.0,0.0,0.0,0.0,0.0,0.0,0.0,0.0,0.0,0.0,0.0,0.0,0.0,0.0,0.0,0.0,0.0,0.0
t109,0.0,0.0,0.004683539147653367,0.0013781163716876802,0.0028373233900624915,0.0011668439795784614,0.0020416560890669615,0.02151708563447907,1.9998790544591094,15.999861841955017,0.0,0.0,0.0,0.0,0.0,0.014325611840975912,25.03432893031709,0.006744299333838919,0.02946184812697432,0.016903954447970927,2.999902734419441,1.9998962309205475,0.0,0.0,0.0,0.0,0.0,28.987727622547897,0.00833066389167204,0.005894319011226895,0.0011192921653164663,0.0037236770391330643,0.03545161942521623,31.99985885252981,1.999876701390475,0.0,0.0,0.002092809548769637,0.006950476161321358,0.00341432900370386,0.0,0.002066467388856278,0.0008844954539699111,0.0017540961298716181,0.00232264311586057,0.0,0.003115473154399144,0.0010733646497813327,0.00856556193304528,0.0035792474975994224,0.0,0.003568639711366379,0.0,0.0,0.0,0.0,0.0,0.0,0.0,0.0,0.0,0.0,0.0,0.0,0.0,0.0,0.0,0.0,0.0,0.0,0.0,0.0,0.0,0.0,0.0,0.0,0.0,0.0,0.0,0.0,0.0,0.0,0.0,0.0,0.0,0.0,0.0,0.0,0.0,0.0,0.0,0.0,0.0,0.0,0.0,0.0,0.0
t110,0.0,0.0,0.0049421112199078765,0.0014459349645736881,0.0028777242180344997,0.0012247260123152558,0.002129874246904411,0.022404334026994214,1.9998781208600982,15.999860696580422,0.0,0.0,0.0,0.0,0.0,0.014095327464818938,25.034197135100932,0.006740398086136876,0.028779861713270016,0.01642247597047013,2.999901510778282,1.9998949530072656,0.0,0.0,0.0,0.0,0.0,28.98777137074207,0.008406488997843372,0.005917889204510274,0.0011319877442628348,0.003740391122170961,0.03540969139394015,31.999859311499286,1.999877236970424,0.0,0.0,0.0021008881239511293,0.006971445936207879,0.0034208014593979505,0.0,0.002067137863339442,0.0009241486204033358,0.0019090057983190553,0.0023631442211582507,0.0,0.00311352676233893,0.0010745717692907542,0.00860413624522638,0.003536955644230064,0.0,0.0035667850675228556,0.0,0.0,0.0,0.0,0.0,0.0,0.0,0.0,0.0,0.0,0.0,0.0,0.0,0.0,0.0,0.0,0.0,0.0,0.0,0.0,0.0,0.0,0.0,0.0,0.0,0.0,0.0,0.0,0.0,0.0,0.0,0.0,0.0,0.0,0.0,0.0,0.0,0.0,0.0,0.0,0.0,0.0,0.0,0.0,0.0
t111,0.0,0.0,0.005410821290784577,0.0015742951797166145,0.0029556012747292628,0.001331457768035176,0.002293300038932803,0.023959913620863388,1.9998773470538196,15.999859713532821,0.0,0.0,0.0,0.0,0.0,0.013938696801435432,25.034097601226197,0.0067610237748164225,0.02827384561666993,0.01602373611983649,2.99990028440824,1.9998936701983008,0.0,0.0,0.0,0.0,0.0,28.987855888300565,0.008554594533170097,0.005965811474911944,0.001154857637709687,0.0037838041017387407,0.03554478517009879,31.999859371474763,1.9998777576126676,0.0,0.0,0.00211602256177334,0.007019514642810611,0.003460440024894025,0.0,0.0020678328151000217,0.0009930239728082012,0.0022446101842129402,0.002463810566171744,0.0,0.0031119139143271136,0.0010807056769564034,0.008664175514977755,0.0035237588197869936,0.0,0.003564937850319142,0.0,0.0,0.0,0.0,0.0,0.0,0.0,0.0,0.0,0.0,0.0,0.0,0.0,0.0,0.0,0.0,0.0,0.0,0.0,0.0,0.0,0.0,0.0,0.0,0.0,0.0,0.0,0.0,0.0,0.0,0.0,0.0,0.0,0.0,0.0,0.0,0.0,0.0,0.0,0.0,0.0,0.0,0.0,0.0,0.0
t112,0.0,0.0,0.006061093901887277,0.0017639955138179836,0.0030562941789432667,0.0014836110747722263,0.002501863985144453,0.025935279754486645,1.999876698298923,15.99985891319871,0.0,0.0,0.0,0.0,0.0,0.013845814960070653,25.034024171147877,0.006806082709921698,0.027921690072259378,0.015693858531662747,2.9998990523153886,1.9998923794067383,0.0,0.0,0.0,0.0,0.0,28.98825431111332,0.00946806084094875,0.0062964057366936745,0.0012657137956096304,0.004034042260419478,0.0365084755012679,31.999860376540582,1.9998784257610895,0.0,0.0,0.002210254228152306,0.007296196803615702,0.003565130082345201,0.0,0.0020687689901198857,0.0010798192721530213,0.0028213749499265196,0.0025728024660871453,0.0,0.0031105854313197615,0.0010921199542771156,0.00874821761274042,0.003506926360721155,0.0,0.003563092436871197,0.0,0.0,0.0,0.0,0.0,0.0,0.0,0.0,0.0,0.0,0.0,0.0,0.0,0.0,0.0,0.0,0.0,0.0,0.0,0.0,0.0,0.0,0.0,0.0,0.0,0.0,0.0,0.0,0.0,0.0,0.0,0.0,0.0,0.0,0.0,0.0,0.0,0.0,0.0,0.0,0.0,0.0,0.0,0.0,0.0
t113,0.0,0.0,0.007142375086542037,0.0021184250227482236,0.003186992626939981,0.0017435144226940627,0.0028142671220258843,0.028711866218257262,1.9998761666966776,15.999858269785348,0.0,0.0,0.0,0.0,0.0,0.013811523860813454,25.03397317356293,0.006878166728976286,0.02771274706153915,0.015424614718529439,2.999897812118095,1.9998910783236916,0.0,0.0,0.0,0.0,0.0,28.989113141141246,0.0110131202371017,0.0069704038658666015,0.0014149135502058735,0.004347220318630909,0.037722862480846275,31.999861273763138,1.9998790715126067,0.0,0.0,0.0023153548247895443,0.0076614725434950605,0.00369032236267634,0.0,0.002069712554782779,0.001205172740819733,0.013094169754934172,0.002718472672315468,0.0,0.0031095208061410573,0.0011100092788954219,0.00886140978935686,0.00349755395028374,0.0,0.0035612470052262687,0.0,0.0,0.0,0.0,0.0,0.0,0.0,0.0,0.0,0.0,0.0,0.0,0.0,0.0,0.0,0.0,0.0,0.0,0.0,0.0,0.0,0.0,0.0,0.0,0.0,0.0,0.0,0.0,0.0,0.0,0.0,0.0,0.0,0.0,0.0,0.0,0.0,0.0,0.0,0.0,0.0,0.0,0.0,0.0,0.0
t114,0.0,0.0,0.007929797379674235,0.0023365988802018173,0.003297948614037787,0.001912850006360975,0.003038255855860119,0.03083304170305127,1.9998756305462828,15.999857603275315,0.0,0.0,0.0,0.0,0.0,0.013741749242777213,25.03390586122878,0.006930006105482122,0.02746024148654077,0.015139640080500423,2.999896518804069,1.9998897198069563,0.0,0.0,0.0,0.0,0.0,34.52096873924037,14.64238114728773,34.55577554363601,0.0016474765440424868,0.0047741135697960315,0.039272787174204,31.999862092031808,1.9998797032970095,0.0,0.0,0.0024437868843274657,0.008200990265158433,0.0038691700890555046,0.0,0.002070654128643931,0.0012949295224276738,65.33442386371675,0.00284883626712318,0.0,0.0031084894518344486,0.0011234194504857087,0.008945026221755298,0.0034994907145898466,0.0,0.0035593425257591338,0.0,0.0,0.0,0.0,0.0,0.0,0.0,0.0,0.0,0.0,0.0,0.0,0.0,0.0,0.0,0.0,0.0,0.0,0.0,0.0,0.0,0.0,0.0,0.0,0.0,0.0,0.0,0.0,0.0,0.0,0.0,0.0,0.0,0.0,0.0,0.0,0.0,0.0,0.0,0.0,0.0,0.0,0.0,0.0,0.0
t115,0.0,0.0,0.008443254411845354,0.0024728162850507834,0.0033822111656738466,0.002024504429906124,0.00319247795517757,0.03232180215724206,1.999875070887234,15.999856926545474,0.0,0.0,0.0,0.0,0.0,0.013635832141650935,25.033820279126246,0.0069645151657117665,0.027162545319240332,0.014837638142630893,2.999895168834252,1.9998883007995263,0.0,0.0,0.0,0.0,0.0,51.998313054637485,24.99516534801805,59.998570427152224,0.0021962978678618113,0.0054453242527740175,0.04132063564079584,31.999863575838255,1.9998803273459258,0.0,0.0,0.0026225284001948623,0.009432701742859526,0.004084875803476407,0.0,0.002071588677589328,0.0013552447560517978,65.3354762858756,0.00293042840282937,0.0,0.0031074244111705023,0.0011329210472195278,0.009004177721826339,0.003480592972974895,0.0,0.0035573704805586634,0.0,0.0,0.0,0.0,0.0,0.0,0.0,0.0,0.0,0.0,0.0,0.0,0.0,0.0,0.0,0.0,0.0,0.0,0.0,0.0,0.0,0.0,0.0,0.0,0.0,0.0,0.0,0.0,0.0,0.0,0.0,0.0,0.0,0.0,0.0,0.0,0.0,0.0,0.0,0.0,0.0,0.0,0.0,0.0,0.0
t116,0.0,0.0,0.00879240647320524,0.002563772582698613,0.0034437691029599983,0.0021009996345985387,0.0032976152753381514,0.033367194762312334,1.9998744860299698,15.99985620114352,0.0,0.0,0.0,0.0,0.0,0.01349093067285185,25.03371330499427,0.006982986788058336,0.026811835283463918,0.014514845649492993,2.999893755508101,1.99988681422154,0.0,0.0,0.0,0.0,0.0,51.99867967452378,24.99651245107473,59.998894197373204,0.002425496805673272,0.005814276784559388,0.042590023826327934,31.999864141814285,1.9998807849154099,0.0,0.0,0.0027041160966331315,0.009582147876603074,0.004215603521860299,0.0,0.0020722328867498335,0.0013955022506203954,65.33594773063867,0.0029858190461407932,0.0,0.0031063290302518263,0.0011395338228580578,0.00904279532863011,0.003451592474214585,0.0,0.0035553219045085394,0.0,0.0,0.0,0.0,0.0,0.0,0.0,0.0,0.0,0.0,0.0,0.0,0.0,0.0,0.0,0.0,0.0,0.0,0.0,0.0,0.0,0.0,0.0,0.0,0.0,0.0,0.0,0.0,0.0,0.0,0.0,0.0,0.0,0.0,0.0,0.0,0.0,0.0,0.0,0.0,0.0,0.0,0.0,0.0,0.0
t117,0.0,0.0,0.009021951041377702,0.002623447212801949,0.003484869136388943,0.002151811205688038,0.003365356169683523,0.034061099597550167,1.9998738728808465,15.999855442321158,0.0,0.0,0.0,0.0,0.0,0.013303581588636716,25.033580968668367,0.006985393830985011,0.026399798793793262,0.014167130236675565,2.999892270957236,1.9998852514638845,0.0,0.0,0.0,0.0,0.0,51.99882537120217,24.996987528327587,59.9990114616927,0.0025588367841485396,0.006037371887765746,0.04335927727297742,31.9998644725294,1.9998810762270958,0.0,0.0,0.002749056933007335,0.009644266594700043,0.004311705026457824,0.0,0.0020725839093013536,0.0014208547082831383,65.33620502663842,0.003037365389570338,0.0,0.003105197206719719,0.0011438902034223747,0.009064436287517958,0.003432582144375604,0.0,0.003553186790112853,0.0,0.0,0.0,0.0,0.0,0.0,0.0,0.0,0.0,0.0,0.0,0.0,0.0,0.0,0.0,0.0,0.0,0.0,0.0,0.0,0.0,0.0,0.0,0.0,0.0,0.0,0.0,0.0,0.0,0.0,0.0,0.0,0.0,0.0,0.0,0.0,0.0,0.0,0.0,0.0,0.0,0.0,0.0,0.0,0.0
t118,0.0,0.0,0.009153962971480205,0.002658391303338995,0.0035068277907877522,0.002181584050975497,0.0034024297228169927,0.03445332544275493,1.9998732288457353,15.999854645239006,0.0,0.0,0.0,0.0,0.0,0.013068820410751076,25.033417672826204,0.006970345579885217,0.025916019648423057,0.01378931762448401,2.9998907071080785,1.9998836037871919,0.0,0.0,0.0,0.0,0.0,51.9989028207177,24.997233295424287,59.99907282933612,0.0026408057158229673,0.006164621547955874,0.04374555472207656,31.999864588095452,1.9998812001015813,0.0,0.0,0.002774019671135339,0.009675485635773688,0.004356788299761185,0.0,0.0020726466028598532,0.0014347573418996675,65.33635210566658,0.003053942440031483,0.0,0.003104022941321003,0.0011461231261634518,0.009071544401961076,0.0033905133996929614,0.0,0.0035509556426364577,0.0,0.0,0.0,0.0,0.0,0.0,0.0,0.0,0.0,0.0,0.0,0.0,0.0,0.0,0.0,0.0,0.0,0.0,0.0,0.0,0.0,0.0,0.0,0.0,0.0,0.0,0.0,0.0,0.0,0.0,0.0,0.0,0.0,0.0,0.0,0.0,0.0,0.0,0.0,0.0,0.0,0.0,0.0,0.0,0.0
t119,0.0,0.0,0.009199091540438353,0.0026716788237706336,0.0035102383455444955,0.002192531343577841,0.0034122280035995553,0.03456770462184931,1.9998725492625669,15.999853912409419,0.0,0.0,0.0,0.0,0.0,0.012779499056632716,25.03321534131786,0.0069348305033767686,0.02534622809557347,0.013374342357873504,2.999889054134847,1.999881860470272,0.0,0.0,0.0,0.0,0.0,51.99894118083121,24.997360232626868,59.99910327775666,0.0026845501518710435,0.006215457399002841,0.043799145619282845,31.99986473799612,1.9998811086549835,0.0,0.0,0.0027822986195049364,0.00968965430100187,0.004364104228533493,0.0,0.002072370448062665,0.0014387960945700575,65.33641479685016,0.003049791159378873,0.0,0.0031028027166266126,0.0011467148838314048,0.009064879344196194,0.003334669702519248,0.0,0.0035486224618080982,0.0,0.0,0.0,0.0,0.0,0.0,0.0,0.0,0.0,0.0,0.0,0.0,0.0,0.0,0.0,0.0,0.0,0.0,0.0,0.0,0.0,0.0,0.0,0.0,0.0,0.0,0.0,0.0,0.0,0.0,0.0,0.0,0.0,0.0,0.0,0.0,0.0,0.0,0.0,0.0,0.0,0.0,0.0,0.0,0.0
t120,0.0,0.0,0.009161665838785006,0.002664400990753683,0.003495147854539054,0.002185398518132018,0.003395823228841838,0.034410987435221044,1.9998718336495156,15.999853034025863,0.0,0.0,0.0,0.0,0.0,0.01242506549973551,25.03296160060951,0.006873622369481311,0.02467300172719253,0.012913448760720968,2.9998873041167493,1.9998800134711712,0.0,0.0,0.0,0.0,0.0,51.998953478288534,24.997405789546693,59.99911410850462,0.002699090776805629,0.006200898112979869,0.04353727096731347,31.999864453382525,1.9998809088488891,0.0,0.0,0.0027843127089854083,0.009695755869786866,0.004358843486893117,0.0,0.0020718774838007522,0.001433710813315669,65.3364069147431,0.003045321830884117,0.0,0.0031015304914041434,0.00114399924947608,0.00904340953762659,0.0032849102975400406,0.0,0.0035461831590308554,0.0,0.0,0.0,0.0,0.0,0.0,0.0,0.0,0.0,0.0,0.0,0.0,0.0,0.0,0.0,0.0,0.0,0.0,0.0,0.0,0.0,0.0,0.0,0.0,0.0,0.0,0.0,0.0,0.0,0.0,0.0,0.0,0.0,0.0,0.0,0.0,0.0,0.0,0.0,0.0,0.0,0.0,0.0,0.0,0.0
t121,0.0,0.0,0.009034850934623773,0.0026349530001495156,0.0034608307279479634,0.00215881646378247,0.00335215674032523,0.03397337231994711,1.9998710804724464,15.999852112240356,0.0,0.0,0.0,0.0,0.0,0.011979732823748614,25.032632601580715,0.006776961037952443,0.02387227892481566,0.012394178457795035,2.9998854463306026,1.9998780513244945,0.0,0.0,0.0,0.0,0.0,51.998938410011554,24.997366928441124,59.999103651519476,0.0026777369854561577,0.006120827629873116,0.042940283262857,31.999864016373262,1.9998805830804403,0.0,0.0,0.0027766643520546375,0.009693846197068232,0.004310689878002346,0.0,0.0020711371396178726,0.0014189998438540385,65.33633037714968,0.003007298259156938,0.0,0.003100200284407415,0.0011360682824005683,0.009003891048789904,0.0032057974267115405,0.0,0.00354363030583473,0.0,0.0,0.0,0.0,0.0,0.0,0.0,0.0,0.0,0.0,0.0,0.0,0.0,0.0,0.0,0.0,0.0,0.0,0.0,0.0,0.0,0.0,0.0,0.0,0.0,0.0,0.0,0.0,0.0,0.0,0.0,0.0,0.0,0.0,0.0,0.0,0.0,0.0,0.0,0.0,0.0,0.0,0.0,0.0,0.0
t122,0.0,0.0,0.008808579723438952,0.002580405417144998,0.0034060853989197606,0.002110418059347559,0.003277560102022714,0.03322558398229713,1.9998702859407296,15.999851142706566,0.0,0.0,0.0,0.0,0.0,0.011419124349869901,25.03219158356231,0.006637907873134149,0.022907659860419018,0.011796929927511827,2.9998834666927423,1.9998759587637394,0.0,0.0,0.0,0.0,0.0,51.9988925426386,24.997237656819912,59.99906959248189,0.0026209691418859803,0.005967218645162251,0.041951041493292006,31.99986342379903,1.9998801266552084,0.0,0.0,0.00275692681538028,0.009681994379497644,0.004220902859144898,0.0,0.002070159868150715,0.0013926413503318916,65.33618026672971,0.002945665228855127,0.0,0.0030988068856017455,0.0011216657643251793,0.008939705237433144,0.00310386593287634,0.0,0.0035409569659636754,0.0,0.0,0.0,0.0,0.0,0.0,0.0,0.0,0.0,0.0,0.0,0.0,0.0,0.0,0.0,0.0,0.0,0.0,0.0,0.0,0.0,0.0,0.0,0.0,0.0,0.0,0.0,0.0,0.0,0.0,0.0,0.0,0.0,0.0,0.0,0.0,0.0,0.0,0.0,0.0,0.0,0.0,0.0,0.0,0.0
t123,0.0,0.0,0.008461780101943246,0.002494234280556069,0.0033289073861257033,0.002035116005172452,0.003165062047608973,0.032111146621686716,1.9998694466790723,15.999850134443367,0.0,0.0,0.0,0.0,0.0,0.010701050294692404,25.031561604986667,0.0064490558749025,0.021721687463045636,0.011089323373287833,2.999881349557666,1.999873718971904,0.0,0.0,0.0,0.0,0.0,51.998802882367116,24.996982807347802,59.99900141091873,0.002522065483054686,0.005720444166167371,0.04044501178424702,31.999862598134705,1.9998795268708742,0.0,0.0,0.0027183217653854734,0.009651760519506508,0.004102876611626948,0.0,0.0020689272058917077,0.001350753334891163,65.33591661216079,0.002879549179889551,0.0,0.003097340769025867,0.0010977731128382388,0.00883518887960329,0.0029968844078659533,0.0,0.0035381504623790273,0.0,0.0,0.0,0.0,0.0,0.0,0.0,0.0,0.0,0.0,0.0,0.0,0.0,0.0,0.0,0.0,0.0,0.0,0.0,0.0,0.0,0.0,0.0,0.0,0.0,0.0,0.0,0.0,0.0,0.0,0.0,0.0,0.0,0.0,0.0,0.0,0.0,0.0,0.0,0.0,0.0,0.0,0.0,0.0,0.0
t124,0.0,0.0,0.007948772301529626,0.002361728906048746,0.003225876349161589,0.0019217388494728923,0.003002047569396473,0.03052372335925007,1.9998685603884478,15.999849058465335,0.0,0.0,0.0,0.0,0.0,0.009734167264390286,25.030533097210874,0.006199563140464123,0.020210914217019385,0.01020986918993167,2.9998790763136975,1.9998713120600484,0.0,0.0,0.0,0.0,0.0,51.99862545283237,24.996475299088157,59.99886154995496,0.0023593300338233354,0.005334833529984313,0.038147966027309965,31.99986164659347,1.9998787750458635,0.0,0.0,0.002645732859203946,0.009584500145346264,0.0039037429020277272,0.0,0.002067433539523708,0.0012876874197532999,65.33542616399835,0.0027699627382359398,0.0,0.0030957910574662072,0.0010602821303548685,0.008662959944890983,0.0028394992494106667,0.0,0.0035351954428387076,0.0,0.0,0.0,0.0,0.0,0.0,0.0,0.0,0.0,0.0,0.0,0.0,0.0,0.0,0.0,0.0,0.0,0.0,0.0,0.0,0.0,0.0,0.0,0.0,0.0,0.0,0.0,0.0,0.0,0.0,0.0,0.0,0.0,0.0,0.0,0.0,0.0,0.0,0.0,0.0,0.0,0.0,0.0,0.0,0.0
t125,0.0,0.0,0.007153833329907589,0.002142437874733935,0.0030910176395648904,0.0017410160464122488,0.002763444332219566,0.028239021491934926,1.9998676247865332,15.999847923871608,0.0,0.0,0.0,0.0,0.0,0.008246739514349314,25.027936656606233,0.005870442050797985,0.018146864986894374,0.009012322740934685,2.9998766242760175,1.999868713719561,0.0,0.0,0.0,0.0,0.0,51.998051833823794,24.994834554829733,59.99837378388118,0.0020598445144284303,0.004678521363195145,0.034287134146229824,31.999860480146623,1.9998778649589808,0.0,0.0,0.002492065735582115,0.009406269961574405,0.0035654968514700425,0.0,0.0020656788426695917,0.0011921922071380395,65.33430602170004,0.0026193041882908805,0.0,0.003094151314565251,0.0010034587480474207,0.008353461583368933,0.0026237462662224687,0.0,0.0035320792921521554,0.0,0.0,0.0,0.0,0.0,0.0,0.0,0.0,0.0,0.0,0.0,0.0,0.0,0.0,0.0,0.0,0.0,0.0,0.0,0.0,0.0,0.0,0.0,0.0,0.0,0.0,0.0,0.0,0.0,0.0,0.0,0.0,0.0,0.0,0.0,0.0,0.0,0.0,0.0,0.0,0.0,0.0,0.0,0.0,0.0
t126,0.0,0.0,0.00558842222793575,0.0015664196390300484,0.002912120049691648,0.001342141820880168,0.0023862099208304902,0.02462778931134493,1.999866655654004,15.999846749909777,0.0,0.0,0.0,0.0,0.0,0.003937550381613377,0.0015789208426721948,0.005421033330210229,0.014758316024276946,0.006900311681090394,2.9998740145970366,1.9998659445087927,0.0,0.0,0.0,0.0,0.0,0.0019079200791733875,0.003252820011049675,0.0009621735054246724,0.0008407938693488406,0.0028673045545280244,0.023580159785590925,31.99985916089996,1.9998768075991658,0.0,0.0,0.001622857013137885,0.002157790755593468,0.00285255467992607,0.0,0.0020637552434662585,0.0010317463144602658,0.0023080969869841523,0.002436064630003188,0.0,0.0030925096300207103,0.0009138097313112375,0.0019521395706856412,0.002329853614104563,0.0,0.0035288809706722555,0.0,0.0,0.0,0.0,0.0,0.0,0.0,0.0,0.0,0.0,0.0,0.0,0.0,0.0,0.0,0.0,0.0,0.0,0.0,0.0,0.0,0.0,0.0,0.0,0.0,0.0,0.0,0.0,0.0,0.0,0.0,0.0,0.0,0.0,0.0,0.0,0.0,0.0,0.0,0.0,0.0,0.0,0.0,0.0,0.0
t127,0.0,0.0,0.004956125982820729,0.001388486873571789,0.0027866180498735803,0.0011937305882226456,0.002173365016630004,0.022525969186746472,1.9998658507599767,15.999845800138525,0.0,0.0,0.0,0.0,0.0,0.003363333697862829,0.0013667444619590555,0.00513788723966515,0.01318504139343138,0.006087605575498666,2.9998717186894335,1.9998635070345299,0.0,0.0,0.0,0.0,0.0,0.0015228103341417619,0.002685305900854863,0.0007551008713711757,0.0007035504276436253,0.002423676060688661,0.020502181359294578,31.999857896385578,1.9998759461695594,0.0,0.0,0.0013948096031445158,0.00177169781541406,0.0025272643613133594,0.0,0.002062139123831572,0.0009424205275143596,0.0018965388006735287,0.002296506754314706,0.0,0.00309116053998723,0.0008582472910297971,0.0016241163727439823,0.0021418947804519015,0.0,0.003525996848540099,0.0,0.0,0.0,0.0,0.0,0.0,0.0,0.0,0.0,0.0,0.0,0.0,0.0,0.0,0.0,0.0,0.0,0.0,0.0,0.0,0.0,0.0,0.0,0.0,0.0,0.0,0.0,0.0,0.0,0.0,0.0,0.0,0.0,0.0,0.0,0.0,0.0,0.0,0.0,0.0,0.0,0.0,0.0,0.0,0.0
t128,0.0,0.0,0.004610721138243786,0.0012956097601985847,0.002701840977501049,0.001114128706301881,0.0020500909681396,0.021243428278000714,1.9998652151295269,15.999845025044117,0.0,0.0,0.0,0.0,0.0,0.003079458995651559,0.0012596701356712284,0.004951768104979244,0.012253937901531793,0.005618042893568393,2.9998697087040322,1.99986137252657,0.0,0.0,0.0,0.0,0.0,0.0013350817516246925,0.002395259840231437,0.0006542420996045264,0.0006352920892058381,0.002186789443386471,0.018730535322556266,31.999857002011453,1.9998752720212312,0.0,0.0,0.001270087676223564,0.0015692216608422492,0.0023218733737351096,0.0,0.0020608479113346937,0.0008895899178876931,0.0017117510707288638,0.002197998207456054,0.0,0.0030901462443051336,0.0008218034472065722,0.0014636638482366745,0.0020123132540749047,0.0,0.003523427629396397,0.0,0.0,0.0,0.0,0.0,0.0,0.0,0.0,0.0,0.0,0.0,0.0,0.0,0.0,0.0,0.0,0.0,0.0,0.0,0.0,0.0,0.0,0.0,0.0,0.0,0.0,0.0,0.0,0.0,0.0,0.0,0.0,0.0,0.0,0.0,0.0,0.0,0.0,0.0,0.0,0.0,0.0,0.0,0.0,0.0
t129,0.0,0.0,0.0044092393688205745,0.0012432314328356903,0.002648188226649155,0.0010688378004779975,0.0019798510311537505,0.020466683711907213,1.9998647465862622,15.999844451493464,0.0,0.0,0.0,0.0,0.0,0.0029134291681586284,0.0011965690767344467,0.004830471293102349,0.011670832566889503,0.005319428455602543,2.999867956441049,1.999859511794079,0.0,0.0,0.0,0.0,0.0,0.0012322195516961975,0.002228955546234873,0.000601064153127792,0.0005959080532149486,0.002045000777688532,0.01759656343911694,31.99985635389278,1.9998747790312614,0.0,0.0,0.0011963287650582132,0.0014535068352931112,0.0022045934274118042,0.0,0.0020598773939559598,0.0008586938387991355,0.0016105109575862316,0.0021518935570796465,0.0,0.003089476610316921,0.0007974556214523636,0.0013718100273983364,0.001941507900809983,0.0,0.0035211647887957117,0.0,0.0,0.0,0.0,0.0,0.0,0.0,0.0,0.0,0.0,0.0,0.0,0.0,0.0,0.0,0.0,0.0,0.0,0.0,0.0,0.0,0.0,0.0,0.0,0.0,0.0,0.0,0.0,0.0,0.0,0.0,0.0,0.0,0.0,0.0,0.0,0.0,0.0,0.0,0.0,0.0,0.0,0.0,0.0,0.0
t130,0.0,0.0,0.004303707579418443,0.0012173342960914131,0.002620577285371069,0.0010464115673943048,0.0019451333464902297,0.020059156374227213,1.9998644417917613,15.999844074639672,0.0,0.0,0.0,0.0,0.0,0.002816482745043671,0.0011601404171469982,0.004756421007832512,0.011313445441246307,0.00512939526581432,2.9998664351008157,1.9998578964560594,0.0,0.0,0.0,0.0,0.0,0.0011724799958239293,0.0021325863251636054,0.0005712483934739718,0.0005728246088517764,0.001959350221722461,0.01686275076111713,31.999855961614763,1.999874468359671,0.0,0.0,0.001155436318808108,0.001393086276380996,0.0021160173137278744,0.0,0.0020592292831886367,0.0008429519883647668,0.0015575373473365912,0.0021189182839523144,0.0,0.003089153774334068,0.0007812926453871134,0.0013224965353737148,0.0018854113426730618,0.0,0.003519199972519164,0.0,0.0,0.0,0.0,0.0,0.0,0.0,0.0,0.0,0.0,0.0,0.0,0.0,0.0,0.0,0.0,0.0,0.0,0.0,0.0,0.0,0.0,0.0,0.0,0.0,0.0,0.0,0.0,0.0,0.0,0.0,0.0,0.0,0.0,0.0,0.0,0.0,0.0,0.0,0.0,0.0,0.0,0.0,0.0,0.0
t131,0.0,0.0,0.004275349446516515,0.0012127116950157296,0.002616620127149728,0.0010425026851105797,0.0019379750713261637,0.019960096074416303,1.999864299660996,15.999843921703619,0.0,0.0,0.0,0.0,0.0,0.002769494396761113,0.0011437333778389395,0.004719820423093642,0.011120889960774916,0.0050193746701179985,2.999865123427543,1.9998565036701994,0.0,0.0,0.0,0.0,0.0,0.00114186873034481,0.002084807284888904,0.000556846464459443,0.0005609175827175286,0.001911898230776737,0.016420422774966994,31.999855755247516,1.9998743362226044,0.0,0.0,0.0011346977466478872,0.0013619716766334756,0.002058575892646593,0.0,0.0020589130387526924,0.000838801910826739,0.001539958473552773,0.002109140380510876,0.0,0.0030891833113809945,0.0007717942667947554,0.0012995668269424677,0.001851562633896366,0.0,0.003517533117553549,0.0,0.0,0.0,0.0,0.0,0.0,0.0,0.0,0.0,0.0,0.0,0.0,0.0,0.0,0.0,0.0,0.0,0.0,0.0,0.0,0.0,0.0,0.0,0.0,0.0,0.0,0.0,0.0,0.0,0.0,0.0,0.0,0.0,0.0,0.0,0.0,0.0,0.0,0.0,0.0,0.0,0.0,0.0,0.0,0.0
t132,0.0,0.0,0.004319297805236654,0.0012282426640724661,0.002635826745025345,0.001056131902335912,0.0019566783728789594,0.020154250005409356,1.999864320718755,15.999843935804913,0.0,0.0,0.0,0.0,0.0,0.002765712527326223,0.0011449564953308483,0.004715948492108805,0.011066529561944498,0.0049771975556837265,2.9998640057298274,1.9998553167381028,0.0,0.0,0.0,0.0,0.0,0.0011354395761716675,0.002075968533944948,0.0005553579940898442,0.0005587399804797929,0.0018946123273264354,0.01622102987084655,31.999855842874165,1.9998744077280397,0.0,0.0,0.0011340845945882146,0.001356151603406665,0.0020485094035779666,0.0,0.002058959414759258,0.0008452059323175803,0.0015539960708429495,0.0021421714662884545,0.0,0.0030895669939401717,0.0007681356596091235,0.0012986743815105823,0.0018559275814767373,0.0,0.00351614577010749,0.0,0.0,0.0,0.0,0.0,0.0,0.0,0.0,0.0,0.0,0.0,0.0,0.0,0.0,0.0,0.0,0.0,0.0,0.0,0.0,0.0,0.0,0.0,0.0,0.0,0.0,0.0,0.0,0.0,0.0,0.0,0.0,0.0,0.0,0.0,0.0,0.0,0.0,0.0,0.0,0.0,0.0,0.0,0.0,0.0
t133,0.0,0.0,0.004428770017314504,0.001263549057993391,0.002676346285677684,0.001086347552542737,0.0019941503569618317,0.020594762428551253,1.9998645007099107,15.99984414063835,0.0,0.0,0.0,0.0,0.0,0.0028079819496414195,0.001165110219915309,0.004744094858627981,0.011155476887627684,0.005005060555413023,2.999863070064819,1.9998543216376095,0.0,0.0,0.0,0.0,0.0,0.001145778025114834,0.0020962473090650946,0.0005617544811939567,0.0005629654716586196,0.0019013054394229213,0.01624214557102086,31.999856037197205,1.999874575032319,0.0,0.0,0.001140975253765381,0.001367297688906523,0.0020483072919075286,0.0,0.002059211295055918,0.000859789090870396,0.001594586120440881,0.002182287157117606,0.0,0.0030903025693307567,0.0007724380150656014,0.0013217637841829255,0.0018671146834206359,0.0,0.0035150291971992606,0.0,0.0,0.0,0.0,0.0,0.0,0.0,0.0,0.0,0.0,0.0,0.0,0.0,0.0,0.0,0.0,0.0,0.0,0.0,0.0,0.0,0.0,0.0,0.0,0.0,0.0,0.0,0.0,0.0,0.0,0.0,0.0,0.0,0.0,0.0,0.0,0.0,0.0,0.0,0.0,0.0,0.0,0.0,0.0,0.0
t134,0.0,0.0,0.004619909638317131,0.001324039469294083,0.0027412067874684758,0.0011375506547928297,0.0020584471229053275,0.021339072097611975,1.9998648420079737,15.999844541885325,0.0,0.0,0.0,0.0,0.0,0.0029029394610900093,0.001207144581079587,0.004807651990326559,0.011402119758972094,0.005108099603766625,2.999862308195148,1.9998535091584755,0.0,0.0,0.0,0.0,0.0,0.0011767765411235791,0.0021493616211359884,0.0005787200363020358,0.0005754670181172378,0.0019340719725062195,0.01649263901178524,31.999856395801476,1.9998748802294182,0.0,0.0,0.001163106852465091,0.0014008459273350245,0.002072035601167949,0.0,0.0020597472623405102,0.0008852634006240565,0.001668537206880373,0.0022479325215388106,0.0,0.0030913987427122623,0.0007861427115072175,0.0013730400324104232,0.0019009469283331759,0.0,0.0035141833827429256,0.0,0.0,0.0,0.0,0.0,0.0,0.0,0.0,0.0,0.0,0.0,0.0,0.0,0.0,0.0,0.0,0.0,0.0,0.0,0.0,0.0,0.0,0.0,0.0,0.0,0.0,0.0,0.0,0.0,0.0,0.0,0.0,0.0,0.0,0.0,0.0,0.0,0.0,0.0,0.0,0.0,0.0,0.0,0.0,0.0
t135,0.0,0.0,0.004927451313631593,0.0014221000153903456,0.0028359273786379468,0.001219555455058752,0.0021638897261512346,0.022496995673057393,1.9998653633301198,15.999845257909302,0.0,0.0,0.0,0.0,0.0,0.0030663954157754752,0.0012778735033008711,0.004914642780824093,0.011845746700157572,0.005301375885945329,2.9998617550016213,1.9998528931236033,0.0,0.0,0.0,0.0,0.0,0.0012333396232771388,0.0022437088658284615,0.0006093333048263528,0.0005983659775751463,0.001999793153110676,0.017007433164706907,31.999856615758492,1.9998753470082404,0.0,0.0,0.0012037190710303583,0.0014622221633779496,0.0021433987282394934,0.0,0.00206056756428213,0.000927051798323115,0.0017962246222627052,0.002365728769501663,0.0,0.003092866346370376,0.0008122199157142467,0.0014653702559339085,0.0019799320841997667,0.0,0.0035136013913430407,0.0,0.0,0.0,0.0,0.0,0.0,0.0,0.0,0.0,0.0,0.0,0.0,0.0,0.0,0.0,0.0,0.0,0.0,0.0,0.0,0.0,0.0,0.0,0.0,0.0,0.0,0.0,0.0,0.0,0.0,0.0,0.0,0.0,0.0,0.0,0.0,0.0,0.0,0.0,0.0,0.0,0.0,0.0,0.0,0.0
t136,0.0,0.0,0.0054388770846872225,0.0015924864503224384,0.0029703949365619204,0.0013583405902715556,0.0023392046613417337,0.024293812697859046,1.999866046750064,15.99984607958379,0.0,0.0,0.0,0.0,0.0,0.003334427588549189,0.0013933253327248695,0.0050798908724543936,0.012571927996695228,0.005621149372707593,2.9998613228476,1.99985242719641,0.0,0.0,0.0,0.0,0.0,0.0013283766218815003,0.002398447895136562,0.0006613974179501962,0.0006366372877641605,0.0021133533740831296,0.017869182219322693,31.999857340150935,1.9998759646451896,0.0,0.0,0.001273854266958397,0.0015733624535489096,0.002235892449338963,0.0,0.00206167972053355,0.0009945531309170695,0.0020176187947780985,0.0025118947638974203,0.0,0.003094716821764384,0.0008561646747996259,0.001625245225655853,0.002078069847502973,0.0,0.003513281302498897,0.0,0.0,0.0,0.0,0.0,0.0,0.0,0.0,0.0,0.0,0.0,0.0,0.0,0.0,0.0,0.0,0.0,0.0,0.0,0.0,0.0,0.0,0.0,0.0,0.0,0.0,0.0,0.0,0.0,0.0,0.0,0.0,0.0,0.0,0.0,0.0,0.0,0.0,0.0,0.0,0.0,0.0,0.0,0.0,0.0
t137,0.0,0.0,0.006482777100620261,0.0019943888646404787,0.0031635397272375063,0.0016585332579192264,0.0026533159852931655,0.027291708148876832,1.9998669136233296,15.99984713052941,0.0,0.0,0.0,0.0,0.0,0.0038196940772116305,0.0016059500271260985,0.0053305447557832715,0.013787938256571881,0.006161535756564106,2.999861049138315,1.9998521289410327,0.0,0.0,0.0,0.0,0.0,0.0014948731395541886,0.0026566851418395104,0.0007548124197570311,0.0006997502725274823,0.0023074185046312898,0.01925983720923357,31.999858287360148,1.9998767527410248,0.0,0.0,0.0013905169039925913,0.0017675965080442598,0.0023792420217372146,0.0,0.002063085712911753,0.0011093421271873628,0.0024915089593738884,0.002733655941381307,0.0,0.0030969620966570842,0.0009278280248394713,0.001947558831482889,0.0022264327533284643,0.0,0.0035131932606235396,0.0,0.0,0.0,0.0,0.0,0.0,0.0,0.0,0.0,0.0,0.0,0.0,0.0,0.0,0.0,0.0,0.0,0.0,0.0,0.0,0.0,0.0,0.0,0.0,0.0,0.0,0.0,0.0,0.0,0.0,0.0,0.0,0.0,0.0,0.0,0.0,0.0,0.0,0.0,0.0,0.0,0.0,0.0,0.0,0.0
t138,0.0,0.0,0.016487026562577587,53.994436014062366,0.003460759182125202,15.956609583452222,0.003392171609295953,0.033918046274138705,1.9998679704145539,15.999848421977688,0.0,0.0,0.0,0.0,0.0,0.005289403444845269,0.0024128297727993684,0.005723107292593733,0.01619375891308969,0.0072891742431568565,2.999860928900065,1.9998519932556906,0.0,0.0,0.0,0.0,0.0,0.0018982230152306103,0.0031822001521543304,0.0010022997752430467,0.0008195479072169783,0.0026752353155058105,0.021673928476707138,31.999859434525206,1.9998777208932514,0.0,0.0,0.001603320728697449,0.002178086913051375,0.002630860312615457,0.0,0.0020647914262714047,0.0013598102611678386,79.63623379748864,0.003141945854597367,0.0,0.0030995777279238276,0.001058330615397788,0.007628116509914864,0.0024900696764374427,0.0,0.0035133389741582328,0.0,0.0,0.0,0.0,0.0,0.0,0.0,0.0,0.0,0.0,0.0,0.0,0.0,0.0,0.0,0.0,0.0,0.0,0.0,0.0,0.0,0.0,0.0,0.0,0.0,0.0,0.0,0.0,0.0,0.0,0.0,0.0,0.0,0.0,0.0,0.0,0.0,0.0,0.0,0.0,0.0,0.0,0.0,0.0,0.0
t139,0.0,0.0,0.018709836944906896,53.99569715029476,0.003680334875833065,15.957741988509548,0.003803427698822509,0.03760674459411113,1.9998689233700655,15.999849522536275,0.0,0.0,0.0,0.0,0.0,0.005995919013569009,0.0027114667759956758,0.00600696910934369,0.01760175312191485,0.007910183994189631,2.999860749656517,1.9998517963202136,0.0,0.0,0.0,0.0,0.0,51.99589667486978,7.316104610438646,59.99700656044173,0.0012403234628706019,0.0038204575858491294,0.02777067470420154,31.999860700895752,1.9998788870889055,0.0,0.0,0.0023062773666333953,0.009051211381857611,0.0030597007147611568,0.0,0.0020667875761168084,0.0014873487304984476,79.63670146878475,0.003382977385793265,0.0,0.0031020473635654778,0.0011349000731607217,0.008046467503730427,0.002644707039814884,0.0,0.0035134307065431986,0.0,0.0,0.0,0.0,0.0,0.0,0.0,0.0,0.0,0.0,0.0,0.0,0.0,0.0,0.0,0.0,0.0,0.0,0.0,0.0,0.0,0.0,0.0,0.0,0.0,0.0,0.0,0.0,0.0,0.0,0.0,0.0,0.0,0.0,0.0,0.0,0.0,0.0,0.0,0.0,0.0,0.0,0.0,0.0,0.0
t140,0.0,0.0,0.01990468847864613,53.99607678524733,0.0038509419537126827,15.958132657967786,0.004078879428921379,0.04012760606512701,1.999869755406415,15.999850531277838,0.0,0.0,0.0,0.0,0.0,0.006448953142690444,0.002888401256131614,0.006216585330294094,0.01853827340908133,0.008311957298823608,2.9998604895181438,1.999851515803516,0.0,0.0,0.0,0.0,0.0,51.99696148156675,7.318523196910275,59.9978618674902,0.0014350943940654893,0.004334304291757719,0.030793211288559847,31.999861900967826,1.9998799501219378,0.0,0.0,0.002479194475450987,0.009299799514890085,0.0033065170157217764,0.0,0.002068676441333246,0.0015668239173148055,79.63690361295048,0.0035571582317676736,0.0,0.0031042520086469218,0.0011841835712656794,0.008243550964374933,0.002752555823466037,0.0,0.003513401241162673,0.0,0.0,0.0,0.0,0.0,0.0,0.0,0.0,0.0,0.0,0.0,0.0,0.0,0.0,0.0,0.0,0.0,0.0,0.0,0.0,0.0,0.0,0.0,0.0,0.0,0.0,0.0,0.0,0.0,0.0,0.0,0.0,0.0,0.0,0.0,0.0,0.0,0.0,0.0,0.0,0.0,0.0,0.0,0.0,0.0
t141,0.0,0.0,0.020665989480822926,53.996279647734085,0.003985470269884377,15.958346902957015,0.004273465612680785,0.04196028899349025,1.9998704650368706,15.999851389461014,0.0,0.0,0.0,0.0,0.0,0.00675501381516145,0.003002787482819057,0.006367698354973159,0.01917066314731172,0.008579117950144557,2.9998601407611716,1.9998511428887151,0.0,0.0,0.0,0.0,0.0,51.99729037485103,7.319393369651934,59.99811086658224,0.0015605791727648015,0.004654977059687425,0.03276496781935786,31.99986295726233,1.9998808843727494,0.0,0.0,0.002566327640688569,0.0093997957931178,0.0034916743022185646,0.0,0.0020703605287745825,0.001618522330440822,79.63701442350221,0.003706093409773769,0.0,0.0031061899175780687,0.001216399033945658,0.008355946603416979,0.0028439857688124168,0.0,0.0035132368009563614,0.0,0.0,0.0,0.0,0.0,0.0,0.0,0.0,0.0,0.0,0.0,0.0,0.0,0.0,0.0,0.0,0.0,0.0,0.0,0.0,0.0,0.0,0.0,0.0,0.0,0.0,0.0,0.0,0.0,0.0,0.0,0.0,0.0,0.0,0.0,0.0,0.0,0.0,0.0,0.0,0.0,0.0,0.0,0.0,0.0
t142,0.0,0.0,0.021176034598685684,53.99640380687052,0.004091125024875236,15.958479870763517,0.004411138793654321,0.043311256956701905,1.9998710530805635,15.999852099954353,0.0,0.0,0.0,0.0,0.0,0.00695229145146163,0.0030746948438868443,0.0064683196013139415,0.019573281727282735,0.008747983081945276,2.999859696492202,1.9998506699132446,0.0,0.0,0.0,0.0,0.0,51.997458942565935,7.319857641229139,59.99823390931294,0.0016457335970921773,0.004868870522646561,0.03414731183137318,31.99986380074099,1.9998816490567282,0.0,0.0,0.0026117265031279178,0.00944827552587187,0.003606974427362732,0.0,0.0020717861108471643,0.0016517035267042464,79.63707574445222,0.0038040741010843667,0.0,0.003107862400021229,0.0012364661413155273,0.008418303719663517,0.002891388359061449,0.0,0.0035129254642731174,0.0,0.0,0.0,0.0,0.0,0.0,0.0,0.0,0.0,0.0,0.0,0.0,0.0,0.0,0.0,0.0,0.0,0.0,0.0,0.0,0.0,0.0,0.0,0.0,0.0,0.0,0.0,0.0,0.0,0.0,0.0,0.0,0.0,0.0,0.0,0.0,0.0,0.0,0.0,0.0,0.0,0.0,0.0,0.0,0.0
t143,0.0,0.0,0.021510729903611317,53.99647984670158,0.00417230902901422,15.958562666947095,0.004504288973907108,0.04428853587715196,1.9998715205327735,15.999852663532566,0.0,0.0,0.0,0.0,0.0,0.007056162496349763,0.003112507257630245,0.00652251976412628,0.019783154263101715,0.008836198791077884,2.9998591512228265,1.9998500914432373,0.0,0.0,0.0,0.0,0.0,51.99755557270135,7.320121005933112,59.99830370727867,0.0017049202209844167,0.005012465093066793,0.03513202075896309,31.999864623891952,1.999882357497452,0.0,0.0,0.002639493692376512,0.00947253277782958,0.003686863568654631,0.0,0.002073106433994799,0.0016723832025662855,79.63710739113212,0.003875240288902757,0.0,0.0031092717288994792,0.0012475186681213256,0.008447535680675619,0.002913964135882689,0.0,0.003512463680825636,0.0,0.0,0.0,0.0,0.0,0.0,0.0,0.0,0.0,0.0,0.0,0.0,0.0,0.0,0.0,0.0,0.0,0.0,0.0,0.0,0.0,0.0,0.0,0.0,0.0,0.0,0.0,0.0,0.0,0.0,0.0,0.0,0.0,0.0,0.0,0.0,0.0,0.0,0.0,0.0,0.0,0.0,0.0,0.0,0.0
t144,0.0,0.0,0.021707591264316393,53.99652012154847,0.00423199868899104,15.958608066159982,0.004559845642545034,0.044954642206292764,1.9998718681569814,15.999853087494746,0.0,0.0,0.0,0.0,0.0,0.0070716785537053685,0.003119377692639239,0.006532364183152821,0.019817798870290483,0.008852217548937424,2.999858496879247,1.9998493987160295,0.0,0.0,0.0,0.0,0.0,51.997603266771435,7.320240631838353,59.99833746191122,0.0017410022307015208,0.0051010397591880925,0.03581211557889074,31.999865295856427,1.9998829724128826,0.0,0.0,0.0026536286529307554,0.009481964572893423,0.003757153343422626,0.0,0.0020742590740435683,0.0016837539319449991,79.63711634853009,0.003942608383421764,0.0,0.003110419201331257,0.0012509664017195923,0.008448813110276452,0.002932768419768061,0.0,0.003511840919721518,0.0,0.0,0.0,0.0,0.0,0.0,0.0,0.0,0.0,0.0,0.0,0.0,0.0,0.0,0.0,0.0,0.0,0.0,0.0,0.0,0.0,0.0,0.0,0.0,0.0,0.0,0.0,0.0,0.0,0.0,0.0,0.0,0.0,0.0,0.0,0.0,0.0,0.0,0.0,0.0,0.0,0.0,0.0,0.0,0.0
t145,0.0,0.0,0.021798094317443367,53.99653238707405,0.004272526798437269,15.958624796584333,0.004581517766085228,0.0453466143478958,1.9998720957538865,15.999853369719284,0.0,0.0,0.0,0.0,0.0,0.00700338066448572,0.003096905477365274,0.006500033553635171,0.019682636920061274,0.008799052516710456,2.9998577252148277,1.9998485828786703,0.0,0.0,0.0,0.0,0.0,51.997609404272374,7.320225005226668,59.99834035610971,0.0017554909089451051,0.005142263549941358,0.03624238848579596,31.999865870088126,1.9998835008442748,0.0,0.0,0.002657686888759352,0.009480102105597913,0.003789611079863425,0.0,0.002075252536750986,0.001687492514851013,79.63710470610593,0.0039754474513815094,0.0,0.0031112983082371235,0.0012471662013551197,0.008422447918394419,0.002915999248287283,0.0,0.00351104651033116,0.0,0.0,0.0,0.0,0.0,0.0,0.0,0.0,0.0,0.0,0.0,0.0,0.0,0.0,0.0,0.0,0.0,0.0,0.0,0.0,0.0,0.0,0.0,0.0,0.0,0.0,0.0,0.0,0.0,0.0,0.0,0.0,0.0,0.0,0.0,0.0,0.0,0.0,0.0,0.0,0.0,0.0,0.0,0.0,0.0
t146,0.0,0.0,0.021790792904358217,53.99651789165727,0.004295286746161484,15.958614650901009,0.004570787508401156,0.04548382270662329,1.9998722016651316,15.999853509086703,0.0,0.0,0.0,0.0,0.0,0.0068457673684938665,0.0030426686531931533,0.00642402473397242,0.01937093922510272,0.008674350755351378,2.999856826184534,1.9998476331161221,0.0,0.0,0.0,0.0,0.0,51.997578545166085,7.320090414241234,59.99831618738468,0.0017517428153179964,0.005139635116847903,0.036452268099681925,31.999866340585108,1.9998839375307915,0.0,0.0,0.002653078663603758,0.009466874796653769,0.0037989595364649725,0.0,0.002076083505038287,0.0016840184731392416,79.63707084492829,0.003988399770854856,0.0,0.0031119073470976906,0.001235329063348111,0.0083640448352355,0.0028751506047146767,0.0,0.0035100713382655723,0.0,0.0,0.0,0.0,0.0,0.0,0.0,0.0,0.0,0.0,0.0,0.0,0.0,0.0,0.0,0.0,0.0,0.0,0.0,0.0,0.0,0.0,0.0,0.0,0.0,0.0,0.0,0.0,0.0,0.0,0.0,0.0,0.0,0.0,0.0,0.0,0.0,0.0,0.0,0.0,0.0,0.0,0.0,0.0,0.0
t147,0.0,0.0,0.021684383233488945,53.996474142723294,0.004301052514723885,15.958575957986273,0.004527358530105637,0.04537271880905566,1.9998721845852863,15.999853522307935,0.0,0.0,0.0,0.0,0.0,0.00658653129066896,0.0029502084284629966,0.006301895566309812,0.018861676675419662,0.00846936540488383,2.999855788748696,1.9998465376030294,0.0,0.0,0.0,0.0,0.0,51.9975027364542,7.319800266334698,59.998258069688546,0.0017296580521979476,0.005093758029911887,0.03645636070143147,31.999866720412594,1.999884281049223,0.0,0.0,0.0026385097275176948,0.009438325583868337,0.0038059759191437954,0.0,0.0020767521153865916,0.0016728664973098216,79.63700856356601,0.004002188984940154,0.0,0.0031122417165681923,0.001212944946242653,0.008259662388318153,0.002829124487870971,0.0,0.003508901556986095,0.0,0.0,0.0,0.0,0.0,0.0,0.0,0.0,0.0,0.0,0.0,0.0,0.0,0.0,0.0,0.0,0.0,0.0,0.0,0.0,0.0,0.0,0.0,0.0,0.0,0.0,0.0,0.0,0.0,0.0,0.0,0.0,0.0,0.0,0.0,0.0,0.0,0.0,0.0,0.0,0.0,0.0,0.0,0.0,0.0
t148,0.0,0.0,0.0214677638245856,53.99639362049346,0.004290023150390502,15.958502886984885,0.004449087878052849,0.04500811595266237,1.9998720432982864,15.999853368959089,0.0,0.0,0.0,0.0,0.0,0.006195264779118241,0.002804027945110148,0.006128532034281615,0.01810885694185148,0.00816449614775379,2.9998546009321165,1.999845283847617,0.0,0.0,0.0,0.0,0.0,51.99735774344816,7.319238592790433,59.998145304532144,0.0016875056464685186,0.0050024471156868335,0.036257870863573606,31.99986698063249,1.9998845292863054,0.0,0.0,0.002611326895674172,0.009385019810340994,0.0037794417394780367,0.0,0.0020772575894838167,0.0016528333319633457,79.6369046039112,0.003984985132712909,0.0,0.003112294012108512,0.0011757826229401914,0.008078148335815846,0.002740958498909366,0.0,0.0035075223289539868,0.0,0.0,0.0,0.0,0.0,0.0,0.0,0.0,0.0,0.0,0.0,0.0,0.0,0.0,0.0,0.0,0.0,0.0,0.0,0.0,0.0,0.0,0.0,0.0,0.0,0.0,0.0,0.0,0.0,0.0,0.0,0.0,0.0,0.0,0.0,0.0,0.0,0.0,0.0,0.0,0.0,0.0,0.0,0.0,0.0
t149,0.0,0.0,0.021117782251135794,53.99625868940561,0.004261888760261452,15.958382464971342,0.00433132052488339,0.044371112605244005,1.9998717745549914,15.999853063568043,0.0,0.0,0.0,0.0,0.0,0.005590976778778719,0.0025617224349898824,0.0058938612244597635,0.017012821945613262,0.007718791340586298,2.9998532497267227,1.9998438577883466,0.0,0.0,0.0,0.0,0.0,51.99705586700877,7.31788045646784,59.99789772741784,0.0016206967851253925,0.004859896336092016,0.03584914750399739,31.999867129963533,1.9998846807352106,0.0,0.0,0.0025658898387560863,0.009283451366298122,0.003728088440034433,0.0,0.002077602405961852,0.0016214759454666026,79.63672695657074,0.00394733308473853,0.0,0.0031120547917694464,0.0011166860240370256,0.007719918851319631,0.0026145550764535763,0.0,0.003505920143721287,0.0,0.0,0.0,0.0,0.0,0.0,0.0,0.0,0.0,0.0,0.0,0.0,0.0,0.0,0.0,0.0,0.0,0.0,0.0,0.0,0.0,0.0,0.0,0.0,0.0,0.0,0.0,0.0,0.0,0.0,0.0,0.0,0.0,0.0,0.0,0.0,0.0,0.0,0.0,0.0,0.0,0.0,0.0,0.0,0.0
t150,0.0,0.0,0.02059615193179376,53.996021796652606,0.004215724852803615,15.958185716842376,0.0041654068815669895,0.04342070559027327,1.9998713737001186,15.999852599563244,0.0,0.0,0.0,0.0,0.0,0.0045317205357575914,0.002072495167988832,0.005577876625341873,0.015340891214344272,0.007037045638572747,2.9998517135072533,1.9998422362228856,0.0,0.0,0.0,0.0,0.0,51.995462872159095,4.24514872584561,59.99522226025325,0.001519966088042049,0.004654101860588135,0.035207500184191526,31.999867180354922,1.9998847551891437,0.0,0.0,0.002490156666015643,0.009041009851223447,0.0036699064133433545,0.0,0.0020778192766158126,0.0015745810356985498,79.63636187653317,0.003908629240670838,0.0,0.0031115135797333137,0.0010194250421684487,0.0031098115202593483,0.002457558678639688,0.0,0.003504072073397815,0.0,0.0,0.0,0.0,0.0,0.0,0.0,0.0,0.0,0.0,0.0,0.0,0.0,0.0,0.0,0.0,0.0,0.0,0.0,0.0,0.0,0.0,0.0,0.0,0.0,0.0,0.0,0.0,0.0,0.0,0.0,0.0,0.0,0.0,0.0,0.0,0.0,0.0,0.0,0.0,0.0,0.0,0.0,0.0,0.0
t151,0.0,0.0,0.020075841007294468,53.995820104000586,0.004166349335716988,15.958009006752677,0.004000972207929727,0.04244692042939871,1.99987088516727,15.999852022030277,0.0,0.0,0.0,0.0,0.0,0.003816114550519276,0.001766997419205862,0.0052923740540984626,0.013904313106098614,0.006452366483819793,2.999850257935911,1.999840698083194,0.0,0.0,0.0,0.0,0.0,51.99447848644662,0.017186736455654845,37.57899189379304,0.0014133398374134112,0.004428271161713629,0.03451584774753132,31.999867197099615,1.9998847870593706,0.0,0.0,0.0024025689493042345,0.008711989620075742,0.0035902587411414553,0.0,0.0020779646607389434,0.0015280226673352031,79.63604482983772,0.003853301387018978,0.0,0.003110793368590235,0.0009313069762909615,0.002163979007209827,0.002304508717465909,0.0,0.0035023470933128716,0.0,0.0,0.0,0.0,0.0,0.0,0.0,0.0,0.0,0.0,0.0,0.0,0.0,0.0,0.0,0.0,0.0,0.0,0.0,0.0,0.0,0.0,0.0,0.0,0.0,0.0,0.0,0.0,0.0,0.0,0.0,0.0,0.0,0.0,0.0,0.0,0.0,0.0,0.0,0.0,0.0,0.0,0.0,0.0,0.0
t152,0.0,0.0,0.019559181314205393,53.995643758409315,0.004112976727929498,15.957849154047686,0.0038281493010005035,0.04141690584774192,1.9998703045961896,15.999851347037627,0.0,0.0,0.0,0.0,0.0,0.0035320357871381947,0.001657403029143619,0.005127020017583587,0.013145628444745936,0.006139607855265691,2.9998490080449245,1.9998393763896944,0.0,0.0,0.0,0.0,0.0,51.99394219795235,0.015089420209830676,37.57689698293277,0.0013172665873724646,0.004214039906768823,0.03386060194390158,31.99986719101756,1.9998847787438676,0.0,0.0,0.0023155687415101133,0.008421157463986683,0.0035108147503735507,0.0,0.0020780664184060155,0.0014779044501885173,79.63574393155886,0.003789324601561859,0.0,0.00310989451928367,0.0008831004792024892,0.0019569372098361365,0.0022116632442187364,0.0,0.0035008952022531955,0.0,0.0,0.0,0.0,0.0,0.0,0.0,0.0,0.0,0.0,0.0,0.0,0.0,0.0,0.0,0.0,0.0,0.0,0.0,0.0,0.0,0.0,0.0,0.0,0.0,0.0,0.0,0.0,0.0,0.0,0.0,0.0,0.0,0.0,0.0,0.0,0.0,0.0,0.0,0.0,0.0,0.0,0.0,0.0,0.0
t153,0.0,0.0,0.019041225901636524,53.99548604098091,0.004054717443262424,15.957702637702749,0.0036350954710580342,0.040290093737911044,1.9998696282630184,15.999850559359462,0.0,0.0,0.0,0.0,0.0,0.0034226511852285474,0.0016188175861945515,0.005050507304966511,0.012810317532562917,0.005999830065870098,2.999847965557184,1.9998382729620694,0.0,0.0,0.0,0.0,0.0,51.993572224794235,0.013701765782321487,37.57584252845042,0.001224713429164693,0.004001157662320139,0.03321844257976061,31.999867200182436,1.99988473717269,0.0,0.0,0.0022237476631177065,0.008141436206959639,0.0034509623112646457,0.0,0.002078138358733746,0.0014205879106521605,79.63544423070086,0.003737636795299195,0.0,0.003108811227207607,0.0008608502450090851,0.0018827304390698866,0.0021844972779690368,0.0,0.003499727086952905,0.0,0.0,0.0,0.0,0.0,0.0,0.0,0.0,0.0,0.0,0.0,0.0,0.0,0.0,0.0,0.0,0.0,0.0,0.0,0.0,0.0,0.0,0.0,0.0,0.0,0.0,0.0,0.0,0.0,0.0,0.0,0.0,0.0,0.0,0.0,0.0,0.0,0.0,0.0,0.0,0.0,0.0,0.0,0.0,0.0
t154,0.0,0.0,0.018528405010880572,53.99536136115797,0.003990869676722138,15.957583064442176,0.003423168750906701,0.039041279237241405,1.9998688616576599,15.999849659133126,0.0,0.0,0.0,0.0,0.0,0.003435300143512824,0.001628953464410702,0.005051274484950954,0.012818329978704666,0.0060027865598147,2.99984712482604,1.9998373820061517,0.0,0.0,0.0,0.0,0.0,51.993319633663,0.012637638170554674,37.5752616874575,0.0011356329868329076,0.0037929360767082463,0.03257682188700531,31.999867275864013,1.999884683776251,0.0,0.0,0.002125394465818767,0.007881066439363822,0.00337657306504242,0.0,0.002078237676039572,0.0013546273003148905,79.63515792218085,0.003666280165183488,0.0,0.003107581031017189,0.0008591426853267544,0.001888638056457812,0.002184425445101441,0.0,0.0034988424153023817,0.0,0.0,0.0,0.0,0.0,0.0,0.0,0.0,0.0,0.0,0.0,0.0,0.0,0.0,0.0,0.0,0.0,0.0,0.0,0.0,0.0,0.0,0.0,0.0,0.0,0.0,0.0,0.0,0.0,0.0,0.0,0.0,0.0,0.0,0.0,0.0,0.0,0.0,0.0,0.0,0.0,0.0,0.0,0.0,0.0
t155,0.0,0.0,0.018512337795782412,53.99535253524746,0.0039891355879828295,15.957579693098177,0.0034084604085558557,0.038983160146189584,1.9998682506553604,15.999848884110408,0.0,0.0,0.0,0.0,0.0,0.003571225756272833,0.0016903300657750517,0.00513087808481507,0.01317657014889342,0.006153722617102222,2.999846476140048,1.9998366935444731,0.0,0.0,0.0,0.0,0.0,51.99330952724276,0.012634303805952868,37.57526144378038,0.0011412182673308045,0.0038021213281196104,0.03276620127076759,31.999867450859426,1.999884807342675,0.0,0.0,0.002122362419287333,0.00786807634093211,0.0033797320185400973,0.0,0.0020786459892055105,0.0013507426427062895,79.63514068519703,0.0036545841413231964,0.0,0.0031066290231587792,0.0008777212672098206,0.0019716846844638255,0.0022252282478955384,0.0,0.0034982398721608377,0.0,0.0,0.0,0.0,0.0,0.0,0.0,0.0,0.0,0.0,0.0,0.0,0.0,0.0,0.0,0.0,0.0,0.0,0.0,0.0,0.0,0.0,0.0,0.0,0.0,0.0,0.0,0.0,0.0,0.0,0.0,0.0,0.0,0.0,0.0,0.0,0.0,0.0,0.0,0.0,0.0,0.0,0.0,0.0,0.0
t156,0.0,0.0,0.018982794473644732,53.99544106205321,0.004049431906373451,15.957685760362288,0.0035971130023072463,0.04012161262984464,1.999867795283054,15.999848355677281,0.0,0.0,0.0,0.0,0.0,0.003933166542985,0.001856496492879787,0.005308332366007353,0.014082810374161401,0.006541137063234884,2.999846011781773,1.9998361998079752,0.0,0.0,0.0,0.0,0.0,51.99346803048158,0.01340315911530171,37.575570884702046,0.0012417838393734872,0.004053029527737138,0.033987937756193985,31.999867737457585,1.9998851090067968,0.0,0.0,0.002209176483735066,0.008056014244149262,0.0034847089429858084,0.0,0.002079372376816059,0.001409644703593224,79.63535458949724,0.003727442653630332,0.0,0.0031059871553948074,0.0009249461716653523,0.002244761541740076,0.002342992595684504,0.0,0.003497910953454026,0.0,0.0,0.0,0.0,0.0,0.0,0.0,0.0,0.0,0.0,0.0,0.0,0.0,0.0,0.0,0.0,0.0,0.0,0.0,0.0,0.0,0.0,0.0,0.0,0.0,0.0,0.0,0.0,0.0,0.0,0.0,0.0,0.0,0.0,0.0,0.0,0.0,0.0,0.0,0.0,0.0,0.0,0.0,0.0,0.0
t157,0.0,0.0,0.019446707648783732,53.995552388595755,0.004103353859398944,15.957812539214322,0.0037684839667964155,0.041128237032103776,1.9998672524501546,15.99984772771875,0.0,0.0,0.0,0.0,0.0,0.004348180499776072,0.0020631362647583846,0.005487932662128265,0.015005729102278018,0.0069566092698541285,2.9998456149833377,1.9998357774155127,0.0,0.0,0.0,0.0,0.0,51.99367713265664,0.014324725161884865,37.57602186025167,0.0013452017243641432,0.004293701703608912,0.03522880972280176,31.999868072423936,1.999885451811906,0.0,0.0,0.002288293011614007,0.008246128321307099,0.0035684219179782555,0.0,0.0020801892433107414,0.0014602219490643196,79.63557965104883,0.003781786463334042,0.0,0.0031052175790766464,0.0009677592583074762,0.0025520053494068645,0.0024496798400132354,0.0,0.0034977027213499165,0.0,0.0,0.0,0.0,0.0,0.0,0.0,0.0,0.0,0.0,0.0,0.0,0.0,0.0,0.0,0.0,0.0,0.0,0.0,0.0,0.0,0.0,0.0,0.0,0.0,0.0,0.0,0.0,0.0,0.0,0.0,0.0,0.0,0.0,0.0,0.0,0.0,0.0,0.0,0.0,0.0,0.0,0.0,0.0,0.0
t158,0.0,0.0,0.019910880726958007,53.995676586743656,0.004152538514357534,15.957952095175212,0.003916019207733237,0.042038485125379006,1.9998666073110163,15.999846984567046,0.0,0.0,0.0,0.0,0.0,0.004883571401828655,0.0023519107844242443,0.005686696280912829,0.016060703626970114,0.007443334054739178,2.9998452538680174,1.9998353910510436,0.0,0.0,0.0,0.0,0.0,51.99393418690257,0.01546872772097599,37.57656646973877,0.0014523311230240173,0.0045386001231819875,0.03653303907860878,31.99986833567981,1.9998856885595744,0.0,0.0,0.0023533542130268212,0.008428219948284979,0.0036498202701341787,0.0,0.002080877530967165,0.0015024101856074704,79.63580125950757,0.0038279192438426795,0.0,0.0031042670334148334,0.0010151658217576489,0.0029533776009360605,0.0025710649411502568,0.0,0.0034975271476677555,0.0,0.0,0.0,0.0,0.0,0.0,0.0,0.0,0.0,0.0,0.0,0.0,0.0,0.0,0.0,0.0,0.0,0.0,0.0,0.0,0.0,0.0,0.0,0.0,0.0,0.0,0.0,0.0,0.0,0.0,0.0,0.0,0.0,0.0,0.0,0.0,0.0,0.0,0.0,0.0,0.0,0.0,0.0,0.0,0.0
t159,0.0,0.0,0.020377302017341056,53.995815201398734,0.004197630877049769,15.958105617983284,0.004049432866208486,0.0428812991503244,1.9998658534559297,15.99984598193071,0.0,0.0,0.0,0.0,0.0,0.005706251195999979,0.0028665846219169742,0.005924788832125715,0.017402862703078434,0.00806955014136997,2.9998449291187885,1.999835041613653,0.0,0.0,0.0,0.0,0.0,51.99426614351641,0.01701620952917424,37.577291755157546,0.0015741094830876278,0.0048031189548391785,0.03794434655782468,31.99986847736216,1.9998858696736215,0.0,0.0,0.002415683635610457,0.008614760591067333,0.0037557975303529356,0.0,0.002081517974099745,0.0015389205709299275,79.6360230260408,0.003886515042361778,0.0,0.003103125175681628,0.0010742857487025406,0.003605894531979437,0.002737470699810835,0.0,0.0034973820628375414,0.0,0.0,0.0,0.0,0.0,0.0,0.0,0.0,0.0,0.0,0.0,0.0,0.0,0.0,0.0,0.0,0.0,0.0,0.0,0.0,0.0,0.0,0.0,0.0,0.0,0.0,0.0,0.0,0.0,0.0,0.0,0.0,0.0,0.0,0.0,0.0,0.0,0.0,0.0,0.0,0.0,0.0,0.0,0.0,0.0
t160,0.0,0.0,0.020847898588314207,53.995971976913665,0.004239215469324296,15.958275716058727,0.004177589698390593,0.043681655355245645,1.9998649857486108,15.99984498924175,0.0,0.0,0.0,0.0,0.0,0.0077500010048573405,0.010662836535992842,0.006232217614228921,0.019330792724171333,0.008984451198025515,2.9998446395605867,1.999834727938552,0.0,0.0,0.0,0.0,0.0,51.99472943216485,0.019486088365013646,37.57840367309539,0.0017243718591932323,0.00510441993233862,0.03950651818438215,31.999868637481022,1.9998860111112329,0.0,0.0,0.0024810673920737615,0.008818392979189037,0.003856457910763706,0.0,0.002082120520714637,0.0015729095582325292,79.63625545073259,0.003926029915363756,0.0,0.0031017926711989227,0.0011555171399437567,0.006526701491515439,0.002924414302534539,0.0,0.0034972557370296876,0.0,0.0,0.0,0.0,0.0,0.0,0.0,0.0,0.0,0.0,0.0,0.0,0.0,0.0,0.0,0.0,0.0,0.0,0.0,0.0,0.0,0.0,0.0,0.0,0.0,0.0,0.0,0.0,0.0,0.0,0.0,0.0,0.0,0.0,0.0,0.0,0.0,0.0,0.0,0.0,0.0,0.0,0.0,0.0,0.0
t161,0.0,0.0,0.021324757328268752,53.99615198146969,0.0042777838541151565,15.958465474800411,0.004308019302728205,0.04446077233456896,1.9998639996121843,15.999843863131288,0.0,0.0,0.0,0.0,0.0,0.010074103635446599,18.991813044637563,0.00653504959173948,0.02114500486710877,0.009815985011729493,2.999844241668648,1.9998343012749034,0.0,0.0,0.0,0.0,0.0,51.99549819755903,14.590158389530034,37.580745007926446,0.0019245744216079305,0.005466552785606871,0.04127952396599622,31.99986869289804,1.999886112439669,0.0,0.0,0.002555858086289573,0.009062094273610466,0.003971328035062687,0.0,0.0020826824706001294,0.0016077069872042168,79.63651373117006,0.0039604426185732835,0.0,0.0031002824236186655,0.0012291781233227154,0.008717686638075987,0.003098775682057615,0.0,0.0034969130697945143,0.0,0.0,0.0,0.0,0.0,0.0,0.0,0.0,0.0,0.0,0.0,0.0,0.0,0.0,0.0,0.0,0.0,0.0,0.0,0.0,0.0,0.0,0.0,0.0,0.0,0.0,0.0,0.0,0.0,0.0,0.0,0.0,0.0,0.0,0.0,0.0,0.0,0.0,0.0,0.0,0.0,0.0,0.0,0.0,0.0
t162,0.0,0.0,0.021809199982577167,53.996364392132826,0.004314192028068345,15.95867793891181,0.00444855381583326,0.045245895611667745,1.9998628911760803,15.999842596068374,0.0,0.0,0.0,0.0,0.0,0.011078364218756314,18.99286520704012,0.006756187450615427,0.022324013894878227,0.010325007250366164,2.9998436091262577,1.9998336264404915,0.0,0.0,0.0,0.0,0.0,51.998421462854196,24.995182356943754,59.99868288267344,0.0022416086373184298,0.005929639702198925,0.04335985530388645,31.99986858534728,1.9998861736565483,0.0,0.0,0.0026503976224634455,0.009417979778553387,0.0041339110863259304,0.0,0.0020832032347930123,0.0016467958649135932,79.63682374338282,0.004011942870678274,0.0,0.003098595360097377,0.0012750257038921966,0.008952765662756022,0.003233952494685228,0.0,0.0034961737263796955,0.0,0.0,0.0,0.0,0.0,0.0,0.0,0.0,0.0,0.0,0.0,0.0,0.0,0.0,0.0,0.0,0.0,0.0,0.0,0.0,0.0,0.0,0.0,0.0,0.0,0.0,0.0,0.0,0.0,0.0,0.0,0.0,0.0,0.0,0.0,0.0,0.0,0.0,0.0,0.0,0.0,0.0,0.0,0.0,0.0
t163,0.0,0.0,0.022140073538193864,53.99649355849903,0.004334069306508346,15.958810615607474,0.004545669496609305,0.045750608612758634,1.9998615877558266,15.999841234081376,0.0,0.0,0.0,0.0,0.0,0.011671784167685762,18.993224196632397,0.006914561164407846,0.02311662278920183,0.01065444544584725,2.999842726425816,1.9998326872558816,0.0,0.0,0.0,0.0,0.0,51.99865198193497,24.99639587726179,59.99893325186708,0.0024224840843391055,0.006233574658163928,0.04480024547589538,31.999868201737957,1.999886096065758,0.0,0.0,0.0027037155062535605,0.009523817630666153,0.004234688113518969,0.0,0.0020834630933791423,0.0016735126377313446,79.63698821797122,0.004029223423513701,0.0,0.0030965769379657374,0.0013035537549501684,0.009063665021628727,0.0033137204778463823,0.0,0.0034950420179141375,0.0,0.0,0.0,0.0,0.0,0.0,0.0,0.0,0.0,0.0,0.0,0.0,0.0,0.0,0.0,0.0,0.0,0.0,0.0,0.0,0.0,0.0,0.0,0.0,0.0,0.0,0.0,0.0,0.0,0.0,0.0,0.0,0.0,0.0,0.0,0.0,0.0,0.0,0.0,0.0,0.0,0.0,0.0,0.0,0.0
t164,0.0,0.0,0.0223443869333183,53.9965738865923,0.0043370447316407965,15.958893462858219,0.004605931068724496,0.04600288036398211,1.9998600692580402,15.99983947142814,0.0,0.0,0.0,0.0,0.0,0.012041774241907045,18.993412902209084,0.007020350508188238,0.023619932134450773,0.010856781483342825,2.9998415686941153,1.999831457873688,0.0,0.0,0.0,0.0,0.0,51.998765522265764,24.99689978736068,59.99905033896327,0.0025420855666859962,0.006438947121184247,0.04579944068583265,31.99986787366516,1.999885874848614,0.0,0.0,0.0027361423477097455,0.009578038571021658,0.00429800975898695,0.0,0.002083481146448025,0.0016908929446331072,79.63708512949789,0.00402689413800883,0.0,0.0030942213798481047,0.001320269591379289,0.009124405371581802,0.0033609278938510124,0.0,0.0034934838999892636,0.0,0.0,0.0,0.0,0.0,0.0,0.0,0.0,0.0,0.0,0.0,0.0,0.0,0.0,0.0,0.0,0.0,0.0,0.0,0.0,0.0,0.0,0.0,0.0,0.0,0.0,0.0,0.0,0.0,0.0,0.0,0.0,0.0,0.0,0.0,0.0,0.0,0.0,0.0,0.0,0.0,0.0,0.0,0.0,0.0
t165,0.0,0.0,0.02244657302921292,53.99661652220046,0.004323055947574335,15.958940456012133,0.004630303145950998,0.04601469296131889,1.999858306584849,15.999837411320993,0.0,0.0,0.0,0.0,0.0,0.012256857051739331,18.993517024309604,0.007078745957025144,0.023880708272570977,0.010955761167110167,2.999840102452518,1.9998299032202067,0.0,0.0,0.0,0.0,0.0,51.99883772541199,24.99714915601246,59.99910392290577,0.0026265352304775,0.006583004656185435,0.046448816514053574,31.999867344377893,1.9998854946652986,0.0,0.0,0.0027573946250825797,0.00960487897588908,0.004362782103107449,0.0,0.0020832304868572986,0.0017002674152457372,79.63713975865564,0.004025699827333892,0.0,0.003091471604432547,0.001328390855181718,0.009156555339099308,0.003398210783054023,0.0,0.0034914522137464666,0.0,0.0,0.0,0.0,0.0,0.0,0.0,0.0,0.0,0.0,0.0,0.0,0.0,0.0,0.0,0.0,0.0,0.0,0.0,0.0,0.0,0.0,0.0,0.0,0.0,0.0,0.0,0.0,0.0,0.0,0.0,0.0,0.0,0.0,0.0,0.0,0.0,0.0,0.0,0.0,0.0,0.0,0.0,0.0,0.0
t166,0.0,0.0,0.02245065649660194,53.99663087464648,0.004291988296241532,15.958958486262638,0.004623411076635481,0.045789060043255544,1.9998562675001952,15.999835012350516,0.0,0.0,0.0,0.0,0.0,0.01234880354861712,18.99356409317352,0.007091783903559159,0.023926106750981765,0.010964432560782831,2.9998382862626647,1.9998279786118396,0.0,0.0,0.0,0.0,0.0,51.99887871438191,24.99729504099184,59.99913664653243,0.0026795973260286864,0.006667027957581554,0.04681201823056888,31.999866525776035,1.9998848930418494,0.0,0.0,0.002766796554922442,0.009616373722553364,0.004391903533569585,0.0,0.002082625601584684,0.0017028778324407116,79.63716512817709,0.003993462232299552,0.0,0.0030882765959309457,0.0013303056937892539,0.009169348682601747,0.0033965940522822655,0.0,0.003488891778462512,0.0,0.0,0.0,0.0,0.0,0.0,0.0,0.0,0.0,0.0,0.0,0.0,0.0,0.0,0.0,0.0,0.0,0.0,0.0,0.0,0.0,0.0,0.0,0.0,0.0,0.0,0.0,0.0,0.0,0.0,0.0,0.0,0.0,0.0,0.0,0.0,0.0,0.0,0.0,0.0,0.0,0.0,0.0,0.0,0.0
t167,0.0,0.0,0.022358183023231067,53.99661932289186,0.004242995819914908,15.958949609496498,0.004585578287313901,0.045315821053179065,1.9998539068049022,15.999832056896697,0.0,0.0,0.0,0.0,0.0,0.012330428467278706,18.993564963858933,0.007059158769582886,0.023762231910084777,0.010885753597696037,2.9998360634202927,1.999825623926261,0.0,0.0,0.0,0.0,0.0,51.998899895281376,24.997372415716978,59.999155825608426,0.0027100681556968716,0.006700940003449084,0.046928538613354887,31.99986548700903,1.999884170798914,0.0,0.0,0.002773740106162815,0.009622287469644554,0.004398953003907375,0.0,0.002081823081621342,0.0016991054836727358,79.6371684728828,0.0039396763638634095,0.0,0.0030845734119967945,0.0013267474018328397,0.009165694568120743,0.003367355549712168,0.0,0.00348573557798814,0.0,0.0,0.0,0.0,0.0,0.0,0.0,0.0,0.0,0.0,0.0,0.0,0.0,0.0,0.0,0.0,0.0,0.0,0.0,0.0,0.0,0.0,0.0,0.0,0.0,0.0,0.0,0.0,0.0,0.0,0.0,0.0,0.0,0.0,0.0,0.0,0.0,0.0,0.0,0.0,0.0,0.0,0.0,0.0,0.0
t168,0.0,0.0,0.022158751699296,53.99657977071964,0.004174576085289904,15.958912007806163,0.004514301271959012,0.04457454828999803,1.9998511553587253,15.999828779801867,0.0,0.0,0.0,0.0,0.0,0.012182020526650354,18.993512981065486,0.006974893503499743,0.023379657778666116,0.010714635498408101,2.9998333451368193,1.999822742269429,0.0,0.0,0.0,0.0,0.0,51.99890310098523,24.99739342803717,59.999162222665916,0.0027186827052249046,0.006687040786288231,0.04681345780496264,31.99986423643035,1.9998832564768638,0.0,0.0,0.0027754416875230697,0.00962311259136818,0.004404960557449895,0.0,0.00208070690047318,0.0016884024769376368,79.63715107669458,0.003884526688111432,0.0,0.00308026758112021,0.001318783226830407,0.009144767867836084,0.00332951530715167,0.0,0.0034818696716221124,0.0,0.0,0.0,0.0,0.0,0.0,0.0,0.0,0.0,0.0,0.0,0.0,0.0,0.0,0.0,0.0,0.0,0.0,0.0,0.0,0.0,0.0,0.0,0.0,0.0,0.0,0.0,0.0,0.0,0.0,0.0,0.0,0.0,0.0,0.0,0.0,0.0,0.0,0.0,0.0,0.0,0.0,0.0,0.0,0.0
