Resource,MIDAT_conventional_hydroelectric_1,MIDAT_hydroelectric_pumped_storage_1,MIDAT_natural_gas_fired_combined_cycle_1,MIDAT_natural_gas_fired_combined_cycle_2,MIDAT_natural_gas_fired_combined_cycle_3,MIDAT_natural_gas_fired_combined_cycle_4,MIDAT_natural_gas_fired_combustion_turbine_1,MIDAT_natural_gas_fired_combustion_turbine_2,MIDAT_nuclear_1,MIDAT_nuclear_2,MIDAT_onshore_wind_turbine_1,MIDAT_small_hydroelectric_1,MIDAT_solar_photovoltaic_1,NE_conventional_hydroelectric_1,NE_hydroelectric_pumped_storage_1,NE_natural_gas_fired_combined_cycle_1,NE_natural_gas_fired_combined_cycle_2,NE_natural_gas_fired_combined_cycle_3,NE_natural_gas_fired_combustion_turbine_1,NE_natural_gas_fired_combustion_turbine_2,NE_nuclear_1,NE_nuclear_2,NE_onshore_wind_turbine_1,NE_small_hydroelectric_1,NE_solar_photovoltaic_1,SE_conventional_hydroelectric_1,SE_hydroelectric_pumped_storage_1,SE_natural_gas_fired_combined_cycle_1,SE_natural_gas_fired_combined_cycle_2,SE_natural_gas_fired_combined_cycle_3,SE_natural_gas_fired_combined_cycle_4,SE_natural_gas_fired_combustion_turbine_1,SE_natural_gas_fired_combustion_turbine_2,SE_nuclear_1,SE_nuclear_2,SE_small_hydroelectric_1,SE_solar_photovoltaic_1,SE_naturalgas_ccccsavgcf_conservative_0,SE_naturalgas_ccavgcf_moderate_0,SE_naturalgas_ctavgcf_moderate_0,SE_battery_moderate_0,SE_nuclear_mid_0,MIDAT_naturalgas_ccccsavgcf_conservative_0,MIDAT_naturalgas_ccavgcf_moderate_0,MIDAT_naturalgas_ctavgcf_moderate_0,MIDAT_battery_moderate_0,MIDAT_nuclear_mid_0,NE_naturalgas_ccccsavgcf_conservative_0,NE_naturalgas_ccavgcf_moderate_0,NE_naturalgas_ctavgcf_moderate_0,NE_battery_moderate_0,NE_nuclear_mid_0,NE_offshorewind_class10_moderate_floating_1_1,SE_utilitypv_class1_moderate_70_0_2_1,SE_utilitypv_class1_moderate_70_0_2_2,SE_utilitypv_class1_moderate_70_0_2_3,SE_utilitypv_class1_moderate_70_0_2_4,SE_utilitypv_class1_moderate_70_0_2_5,SE_utilitypv_class1_moderate_70_0_2_6,SE_utilitypv_class1_moderate_70_0_2_7,SE_utilitypv_class1_moderate_70_0_2_8,MIDAT_utilitypv_class1_moderate_70_0_2_1,MIDAT_utilitypv_class1_moderate_70_0_2_2,MIDAT_utilitypv_class1_moderate_70_0_2_3,MIDAT_utilitypv_class1_moderate_70_0_2_4,MIDAT_utilitypv_class1_moderate_70_0_2_5,MIDAT_utilitypv_class1_moderate_70_0_2_6,MIDAT_utilitypv_class1_moderate_70_0_2_7,NE_utilitypv_class1_moderate_70_0_2_1,NE_utilitypv_class1_moderate_70_0_2_2,NE_utilitypv_class1_moderate_70_0_2_3,NE_utilitypv_class1_moderate_70_0_2_4,NE_utilitypv_class1_moderate_70_0_2_5,NE_utilitypv_class1_moderate_70_0_2_6,NE_utilitypv_class1_moderate_70_0_2_7,SE_landbasedwind_class4_moderate_70_1,SE_landbasedwind_class4_moderate_70_2,SE_landbasedwind_class4_moderate_70_3,SE_landbasedwind_class4_moderate_70_4,SE_landbasedwind_class4_moderate_70_5,SE_landbasedwind_class4_moderate_70_6,SE_landbasedwind_class4_moderate_70_7,SE_landbasedwind_class4_moderate_70_8,MIDAT_landbasedwind_class4_moderate_70_1,MIDAT_landbasedwind_class4_moderate_70_2,MIDAT_landbasedwind_class4_moderate_70_3,MIDAT_landbasedwind_class4_moderate_70_4,MIDAT_landbasedwind_class4_moderate_70_5,MIDAT_landbasedwind_class4_moderate_70_6,MIDAT_landbasedwind_class4_moderate_70_7,NE_landbasedwind_class4_moderate_70_1,NE_landbasedwind_class4_moderate_70_2,NE_landbasedwind_class4_moderate_70_3,NE_landbasedwind_class4_moderate_70_4,NE_landbasedwind_class4_moderate_70_5,NE_landbasedwind_class4_moderate_70_6,NE_landbasedwind_class4_moderate_70_7,Total
Zone,2,2,2,2,2,2,2,2,2,2,2,2,2,3,3,3,3,3,3,3,3,3,3,3,3,1,1,1,1,1,1,1,1,1,1,1,1,1,1,1,1,1,2,2,2,2,2,3,3,3,3,3,3,1,1,1,1,1,1,1,1,2,2,2,2,2,2,2,3,3,3,3,3,3,3,1,1,1,1,1,1,1,1,2,2,2,2,2,2,2,3,3,3,3,3,3,3,0
AnnualSum,0.0,0.0,0.0,0.0,0.0,0.0,0.0,0.0,0.0,0.0,1.4918242425343532e6,0.0,2.2023828479131404e6,0.0,0.0,0.0,0.0,0.0,0.0,0.0,0.0,0.0,1.5889268895173671e6,0.0,1.1224410380585846e6,0.0,0.0,0.0,0.0,0.0,0.0,0.0,0.0,0.0,0.0,0.0,5.604366906918711e6,0.0,0.0,0.0,0.0,0.0,0.0,0.0,0.0,0.0,0.0,0.0,0.0,0.0,0.0,0.0,1.9467007666359235e7,7163.299103268262,38123.171637243584,3283.2504294252,5.246417084055539e7,6.396687406271413e7,4297.6198940292925,7465.426315171899,6.396676256029009e7,1.667707140056801e7,9.390729100945102e7,5.328520122950515e7,1.3831807286326945e8,8.242376817764166e7,58940.53870476928,1.1655115276755194e8,7449.821963257663,2586.582946065663,1331.430219600734,1914.1424618733706,1.2562240002616268e8,2697.9704478487774,8.165861189530965e6,1.1926100164060133e7,4.421212174005607e6,1.5859665754588438e7,2.195806270509529e7,1.569103661201584e7,2.4135425637696862e7,1.472114848900601e7,2.207656421962555e7,650625.2621569758,8.534039222227503e6,4.105325108066243e6,2.946995071981567e7,4709.414280448623,2.3068007012442254e7,1.3000074883325366e7,2.8393381225878596e6,5.725894098740818e6,2.1901137022839032e7,8.956490969607094e6,2373.543312489048,675602.9277355291,6.837744135346107e6,1.1035213571712418e9
t1,0.0,0.0,0.0,0.0,0.0,0.0,0.0,0.0,0.0,0.0,0.036926321888586244,0.0,0.0,0.0,0.0,0.0,0.0,0.0,0.0,0.0,0.0,0.0,0.031212404250027248,0.0,0.0,0.0,0.0,0.0,0.0,0.0,0.0,0.0,0.0,0.0,0.0,0.0,0.0,0.0,0.0,0.0,0.0,0.0,0.0,0.0,0.0,0.0,0.0,0.0,0.0,0.0,0.0,0.0,0.041592397497879574,0.0,0.0,0.0,0.0,0.0,0.0,0.0,0.0,0.0,0.0,0.0,0.0,0.0,0.0,0.0,0.0,0.0,0.0,0.0,0.0,0.0,0.0,0.04096982535702409,0.03507086995887221,0.043910571599553805,0.04075272885529557,0.040684001840418205,0.04387785096332664,0.04148222995354445,0.04318866620451445,0.03396214979477463,0.04602748784964206,0.042248052759532584,0.04981814211350866,0.04772846880362014,0.05489818493515486,0.04649392775718297,0.033636741099144274,0.037449961041602364,0.046745533360081026,0.04027072937788034,0.051000599283640646,0.0293732853349411,0.038713717742211884,1.03803484962196
t2,0.0,0.0,0.0,0.0,0.0,0.0,0.0,0.0,0.0,0.0,0.036708941786855576,0.0,0.0,0.0,0.0,0.0,0.0,0.0,0.0,0.0,0.0,0.0,0.031191518652804007,0.0,0.0,0.0,0.0,0.0,0.0,0.0,0.0,0.0,0.0,0.0,0.0,0.0,0.0,0.0,0.0,0.0,0.0,0.0,0.0,0.0,0.0,0.0,0.0,0.0,0.0,0.0,0.0,0.0,0.0447769215425069,0.0,0.0,0.0,0.0,0.0,0.0,0.0,0.0,0.0,0.0,0.0,0.0,0.0,0.0,0.0,0.0,0.0,0.0,0.0,0.0,0.0,0.0,0.040372137460508384,0.034917077867248736,0.04422833872376941,0.04431854790163925,0.03990310946392128,0.04427126679365756,0.041204239620128646,0.04289566109946463,0.03381666093491731,0.04556091730046319,0.041928703364646935,0.05358908076595981,0.04726149963343884,0.053905479253444355,0.04642583709392056,0.033864410359910835,0.038168848345776496,0.04870708507587551,0.041170777285515214,0.05269549399474016,0.029248303841313827,0.03933821704140428,1.0504690752038317
t3,0.0,0.0,0.0,0.0,0.0,0.0,0.0,0.0,0.0,0.0,0.03658109098978457,0.0,0.0,0.0,0.0,0.0,0.0,0.0,0.0,0.0,0.0,0.0,0.03318781025700446,0.0,0.0,0.0,0.0,0.0,0.0,0.0,0.0,0.0,0.0,0.0,0.0,0.0,0.0,0.0,0.0,0.0,0.0,0.0,0.0,0.0,0.0,0.0,0.0,0.0,0.0,0.0,0.0,0.0,0.04362182164913975,0.0,0.0,0.0,0.0,0.0,0.0,0.0,0.0,0.0,0.0,0.0,0.0,0.0,0.0,0.0,0.0,0.0,5.0494803561417704e-6,0.0,0.0,0.0,0.0,0.0401349636958912,0.03487588410735043,0.04471699200075818,0.04395591096545104,0.04328335624450119,0.04477927329571685,0.041287029187515145,0.042681827741034795,0.033721615430522434,0.04537555674869509,0.041894830832461594,0.05244053083151812,0.04668169608910544,0.053194474952761084,0.046318538870764314,0.035821882052005094,0.03815688849135768,0.04967929008125793,0.04123063307997654,0.0481458226283773,0.029218200394211635,0.039262460169993574,1.0502534302675115
t4,0.0,0.0,0.0,0.0,0.0,0.0,0.0,0.0,0.0,0.0,0.03647852848416733,0.0,0.024488229570472697,0.0,0.0,0.0,0.0,0.0,0.0,0.0,0.0,0.0,0.030853817572733533,0.0,0.024555253809666056,0.0,0.0,0.0,0.0,0.0,0.0,0.0,0.0,0.0,0.0,0.0,0.0,0.0,0.0,0.0,0.0,0.0,0.0,0.0,0.0,0.0,0.0,0.0,0.0,0.0,0.0,0.0,0.045607085743540665,0.0,0.0,0.0,0.0,0.0,0.0,0.0,0.0,0.03510238056708204,0.04227238167948144,0.04273235805476361,0.0,0.052730138353126677,0.0124220791009526,0.0317705282100178,0.033913650038722154,0.029110947040669063,0.026575548714263847,0.028583856987507303,0.055799437599489465,0.01759262504670077,0.0501230611815231,0.04029510779946577,0.03488045989706734,0.042020082197268493,0.04366062694316497,0.043038367955887225,0.04521755068708444,0.04177069031720748,0.04227349254506407,0.033631950138783395,0.04546125112756272,0.039022838648634206,0.05178966147650499,0.047498764026272955,0.053251454985002056,0.04560173461686645,0.03358096271131217,0.038853791592373454,0.053013441392977256,0.04247576704437961,0.05085993602161931,0.028887770124583767,0.040312249680937384,1.5581098596848997
t5,0.0,0.0,0.0,0.0,0.0,0.0,0.0,0.0,0.0,0.0,0.03678958217506079,0.0,0.034208642204930584,0.0,0.0,0.0,0.0,0.0,0.0,0.0,0.0,0.0,287.76369605722016,0.0,154.69603163487704,0.0,0.0,0.0,0.0,0.0,0.0,0.0,0.0,0.0,0.0,0.0,0.020533756766262456,0.0,0.0,0.0,0.0,0.0,0.0,0.0,0.0,0.0,0.0,0.0,0.0,0.0,0.0,0.0,490.84953245683937,0.00930260149069166,0.03852950266713928,0.01944963978453554,0.04117560006966414,0.0253211451407509,0.04675934688335193,0.04452797675956738,0.04610508652149292,0.044969026845137705,0.06792048319039168,0.05759428635792574,0.07189355366426753,0.07039255918789422,0.07176300175693928,0.07169006942422129,0.8443335013480846,0.4278049388428998,0.23932737822441089,0.3738864436566343,764.3336623875657,0.410797507603696,583.0653110523472,0.04061942263797391,0.032817232674460683,0.04368684116161603,0.043203269538935274,0.04269939871301176,0.04571225568361115,0.04005077454712591,0.04156093907658942,0.03373783468430247,0.04778840929066064,0.04018522167461924,0.05962893767718924,0.052595922548421825,0.055361840131809004,0.04683580317214364,340.06601964525953,396.9794535164101,535.8407574637531,431.23814286313245,0.9254535774232895,201.3557590888057,409.9732017130955,4600.868581190508
t6,0.0,0.0,0.0,0.0,0.0,0.0,0.0,0.0,0.0,0.0,900.1544554906144,0.0,812.8769182672913,0.0,0.0,0.0,0.0,0.0,0.0,0.0,0.0,0.0,569.0820179674023,0.0,473.84708304181567,0.0,0.0,0.0,0.0,0.0,0.0,0.0,0.0,0.0,0.0,0.0,0.030095838695274324,0.0,0.0,0.0,0.0,0.0,0.0,0.0,0.0,0.0,0.0,0.0,0.0,0.0,0.0,0.0,7024.806737894025,0.04654655781967476,0.05358222348521302,0.045357570140185044,0.050159524122136645,0.054339086171239614,0.05486375308025049,0.052715277016089246,0.05342802024097182,6162.855681775231,24996.131864347524,17073.857934801752,29876.87067252735,26352.825716307067,18.083023441992268,26373.20559317968,2.1753233593956565,0.9601918443361963,0.44020356061965754,0.759325713026967,30329.19532445463,1.0563499788656106,3942.3079521786026,0.03946821266799816,0.03080355618703834,0.03838744415406836,0.03940383826557081,0.038652774623187725,0.039623839384148596,0.035798306472315744,0.041509757582389284,392.299605072254,4286.196041840346,1658.9553811503372,13390.104237164538,1.5414799009677136,10625.512304361178,4577.971583691029,1049.4233274243088,2332.822261002738,5652.680011761303,3810.4918446171123,0.8101312593467354,281.90076775127085,3419.160060986521,226392.1061436946
t7,0.0,0.0,0.0,0.0,0.0,0.0,0.0,0.0,0.0,0.0,582.3432738400721,0.0,1094.4918740553019,0.0,0.0,0.0,0.0,0.0,0.0,0.0,0.0,0.0,313.8529644495695,0.0,611.8621953995681,0.0,0.0,0.0,0.0,0.0,0.0,0.0,0.0,0.0,0.0,0.0,0.07197891331406936,0.0,0.0,0.0,0.0,0.0,0.0,0.0,0.0,0.0,0.0,0.0,0.0,0.0,0.0,0.0,9658.357141676439,0.12767243800394157,0.13553167085395046,0.1319191907397399,0.12149562827835325,0.13367508462397382,0.1229083016347885,0.13377812555139634,0.13352215877966955,8984.043610020732,50775.39085374653,30203.12366513341,71768.07201912324,49394.38218167232,24.85388190315434,62423.66125602019,3.48661469834379,1.310832405578316,0.4790180793242668,0.9692326077849664,90504.3009948919,1.4102875286422882,5009.812817808619,0.10326291502497043,0.07767669271470368,0.08556178193202868,0.10840227695007343,0.09739703099694452,0.11180359992795275,0.0851973753801758,0.10289423912763596,250.73847595143923,2627.595382492908,891.886188621466,8735.322385082418,0.8872743261619042,6334.843416035944,2222.44117710977,585.8186620590205,2211.844418099586,5290.71250820449,4053.9269450957972,0.5422634112341594,189.99874603141268,3529.048630473992,418283.69586548023
t8,0.0,0.0,0.0,0.0,0.0,0.0,0.0,0.0,0.0,0.0,559.6230460606007,0.0,1258.226281687077,0.0,0.0,0.0,0.0,0.0,0.0,0.0,0.0,0.0,237.13793665405225,0.0,657.2692292602846,0.0,0.0,0.0,0.0,0.0,0.0,0.0,0.0,0.0,0.0,0.0,0.07072485559729103,0.0,0.0,0.0,0.0,0.0,0.0,0.0,0.0,0.0,0.0,0.0,0.0,0.0,0.0,0.0,12771.541216995976,0.12445251651660216,0.13286923651209293,0.130707486553435,0.13333594569121487,0.13915339310187846,0.13270627948179792,0.13318666917210198,0.13935802900232375,10796.806407112299,77564.89194741021,40130.55112826647,130056.72811733326,68405.56010026827,25.90187892209292,103546.76430617896,4.537008905033561,1.4679073169159569,0.5419753092698198,1.077486456006576,174475.28910602076,1.5439111349409929,5401.678402030918,0.09655922027650377,0.07230080804083627,0.0756119952300196,0.10495995186465734,0.0975468580290908,0.11172660735246609,0.07756298394087935,0.10679746945243096,240.4374055637852,2045.3419685055228,787.7087730133401,8491.288421525644,0.7471518296532936,5537.278649590264,1460.5494648261656,443.4920389020702,2248.7587636006056,6835.475763322652,4980.310190221579,0.6009195446084825,206.55817290906035,3071.691017148282,662249.2556541325
t9,0.0,0.0,0.0,0.0,0.0,0.0,0.0,0.0,0.0,0.0,468.9714276111584,0.0,1288.1121714126118,0.0,0.0,0.0,0.0,0.0,0.0,0.0,0.0,0.0,303.1704157144184,0.0,681.9420389674495,0.0,0.0,0.0,0.0,0.0,0.0,0.0,0.0,0.0,0.0,0.0,0.0762320187941441,0.0,0.0,0.0,0.0,0.0,0.0,0.0,0.0,0.0,0.0,0.0,0.0,0.0,0.0,0.0,14513.853553886138,0.13448316204188604,0.13221309978364815,0.12985570694532322,0.13113194989273325,0.1396836448693648,0.1323500208161823,0.13370477614862075,0.13923658011481166,11078.045080010812,81345.18683254364,42094.01565106352,137694.34111376142,70731.41901301692,26.3375350705293,110873.8839908943,4.9034243406261355,1.5338361784605075,0.6413824777120246,1.1226437886228842,209031.37967004336,1.5841087188228418,5873.787404444851,0.09464464120492266,0.07177171310945596,0.07189647436325686,0.10639105370682955,0.09795217376995424,0.11322768939498928,0.08174294003265459,0.10807691308400535,201.42251025269505,1844.2924517094416,781.1913098511997,10776.937619419663,0.8830562314486636,5789.38829278876,1324.5342949798899,567.1195255711632,2294.7739010375167,8446.286359165715,4773.0851465740925,0.7573171527138771,182.86667233408676,3056.0358187786746,726055.7001643504
t10,0.0,0.0,0.0,0.0,0.0,0.0,0.0,0.0,0.0,0.0,344.9267786604776,0.0,1266.1597708234785,0.0,0.0,0.0,0.0,0.0,0.0,0.0,0.0,0.0,399.5584926663825,0.0,699.8624262078747,0.0,0.0,0.0,0.0,0.0,0.0,0.0,0.0,0.0,0.0,0.0,0.07612155285278277,0.0,0.0,0.0,0.0,0.0,0.0,0.0,0.0,0.0,0.0,0.0,0.0,0.0,0.0,0.0,12934.11112958207,0.13340598602691944,0.13091171180989392,0.12834395317255964,0.12745049144723453,0.13946000766009092,0.13044569481295243,0.1333275659265789,0.13791939592920244,10701.029221813576,72286.12337134717,39181.24837152807,108682.38943325914,62935.10937890706,26.963136037773875,91629.20495913137,4.871581854064272,1.5736800648693194,0.7088615455802443,1.147205710622912,207841.59883144498,1.5845576285706906,5993.262904651011,0.09365748005029673,0.07289012353726321,0.07466232129831951,0.10645260534329282,0.09384900071654556,0.11291549786983524,0.08813493165462205,0.11015348785440437,148.07809225579956,1635.300030818473,736.5716139017478,12507.689093073033,1.0820085445938128,5610.571217605701,1160.1510864528282,747.2087612696993,2362.023720409319,9765.352153634669,4129.733006269052,0.8432213097966382,169.56234720947316,3464.645273706055,657372.1358211325
t11,0.0,0.0,0.0,0.0,0.0,0.0,0.0,0.0,0.0,0.0,346.89901757274583,0.0,1269.8590939248625,0.0,0.0,0.0,0.0,0.0,0.0,0.0,0.0,0.0,502.76790823954093,0.0,689.2754140580116,0.0,0.0,0.0,0.0,0.0,0.0,0.0,0.0,0.0,0.0,0.0,0.0766030979284551,0.0,0.0,0.0,0.0,0.0,0.0,0.0,0.0,0.0,0.0,0.0,0.0,0.0,0.0,0.0,12102.544121026738,0.13385502442550923,0.131685509997034,0.1292786289508201,0.1283681051718304,0.1398812186671421,0.13078977608026943,0.1338191500565431,0.13752627582289279,10577.909665494613,65895.20425300376,36838.675606634344,93851.13173760904,57002.96831352534,28.89707927535871,80480.57618402992,4.737289731817531,1.5420787211256335,0.7345110945986274,1.132351810464537,180942.34016596968,1.568738569718864,5441.65913375694,0.09498902070799886,0.0759659130737873,0.0810854778326302,0.10745594313812035,0.09565468871187477,0.11235041399777401,0.09853483817096276,0.11011552236777788,148.9713703231247,1619.5693878172003,954.8018052089697,13399.260260122523,1.135616103005021,5317.222846066459,1338.6879359543561,939.5001449837289,2641.57595717355,11077.635263021208,4531.525550063223,0.9138478048781962,186.3922624665494,3735.5668463340617,591875.0997160967
t12,0.0,0.0,0.0,0.0,0.0,0.0,0.0,0.0,0.0,0.0,389.7352537730648,0.0,1271.66619066755,0.0,0.0,0.0,0.0,0.0,0.0,0.0,0.0,0.0,677.6554788622743,0.0,681.2492973864527,0.0,0.0,0.0,0.0,0.0,0.0,0.0,0.0,0.0,0.0,0.0,0.07600359999923967,0.0,0.0,0.0,0.0,0.0,0.0,0.0,0.0,0.0,0.0,0.0,0.0,0.0,0.0,0.0,11472.055179589175,0.13347949677971727,0.1309217155416036,0.12907473742865339,0.12792512017767876,0.13918848987668753,0.131040474173997,0.13337461668238948,0.13569149002432823,10556.591434728805,64529.481540530076,35426.73509099617,90455.92897695629,54074.96535089928,29.579667923585706,77770.82926299726,4.483885781738313,1.4947961985219473,0.7611340646945517,1.0878468489270603,149629.8405738519,1.453376331507151,4419.2604474295495,0.10049140219871333,0.07857204869060297,0.09057990516021164,0.10627584951180324,0.0990103766143875,0.10748491862614173,0.0996740600821795,0.10790126626488927,167.4276547852188,1842.8216349129011,1087.3237780736495,13647.588141295848,1.332407875238631,5420.343950290028,1643.1380156527423,1263.8244100122358,2663.487204461559,13180.089253768321,4559.696111008243,1.0226326422228482,255.66006346367237,4014.121027817566,551144.6577614442
t13,0.0,0.0,0.0,0.0,0.0,0.0,0.0,0.0,0.0,0.0,442.215591418388,0.0,1254.294381919943,0.0,0.0,0.0,0.0,0.0,0.0,0.0,0.0,0.0,792.8422302214568,0.0,662.7897236541397,0.0,0.0,0.0,0.0,0.0,0.0,0.0,0.0,0.0,0.0,0.0,0.07565163682284037,0.0,0.0,0.0,0.0,0.0,0.0,0.0,0.0,0.0,0.0,0.0,0.0,0.0,0.0,0.0,10910.135935143144,0.1332023369758959,0.13089388066025975,0.1292620226642467,0.128470854338957,0.1388102569617331,0.13174121010053463,0.13276619921982302,0.13480661110952497,10406.116498972218,62697.16133296862,31950.38783635376,87525.6612613682,51762.68529600465,28.341904389522842,75442.39127420622,4.213012178049798,1.3795152550819965,0.7483984080831069,0.9956214441823812,81924.75951165828,1.390357567847765,2634.208044818123,0.10352642923317035,0.07842194932982238,0.10135319129221898,0.10358452492437209,0.09944730031747895,0.11514779995923163,0.09474927203336847,0.10763028428846155,190.10125262101064,2385.4201578366783,1298.2182739250247,14675.571085982272,1.6283366169971312,5787.573866223866,2182.6700006998735,1468.7122729280622,2645.3406605120667,13116.445198869242,4637.183689686236,1.0649210147476027,297.7350383000408,3560.3906303462236,470692.7125792724
t14,0.0,0.0,0.0,0.0,0.0,0.0,0.0,0.0,0.0,0.0,515.0434030257135,0.0,1212.9167621058377,0.0,0.0,0.0,0.0,0.0,0.0,0.0,0.0,0.0,763.9536516497998,0.0,615.8946254052512,0.0,0.0,0.0,0.0,0.0,0.0,0.0,0.0,0.0,0.0,0.0,0.0755653615524352,0.0,0.0,0.0,0.0,0.0,0.0,0.0,0.0,0.0,0.0,0.0,0.0,0.0,0.0,0.0,11455.63823592005,0.1337642723939112,0.13253138897680827,0.13088574871664393,0.12905823833716568,0.13953413581475616,0.13249424250405495,0.13316266501508434,0.1364916042657569,9883.442372647743,50272.39083552823,25770.252190872234,72868.41618227691,48211.571162099135,27.24606282444263,64693.816829923715,3.8335430609866394,1.220170951006482,0.7146943351073541,0.8524270240252412,42190.437082668126,1.4421580948362165,1432.2475222673977,0.10243855575572525,0.07671412270519795,0.1064005620264652,0.10169577626220416,0.10001945927251654,0.11440117986057885,0.09339264950722281,0.10778089441737393,221.62835005067598,2665.5603545382564,2262.807423439555,16076.096180231256,1.9443337858681997,6723.07194133259,2925.460244451551,1406.8726371834946,2578.3656755925545,11851.870819553216,4711.2166984096175,1.0810216786361309,273.9027418045837,2517.0388189820696,384140.19348457194
t15,0.0,0.0,0.0,0.0,0.0,0.0,0.0,0.0,0.0,0.0,623.6798601393116,0.0,1037.1859631055124,0.0,0.0,0.0,0.0,0.0,0.0,0.0,0.0,0.0,1017.8644079755968,0.0,540.4517804649839,0.0,0.0,0.0,0.0,0.0,0.0,0.0,0.0,0.0,0.0,0.0,0.07562467289972119,0.0,0.0,0.0,0.0,0.0,0.0,0.0,0.0,0.0,0.0,0.0,0.0,0.0,0.0,0.0,11577.610900288491,0.13466181950475686,0.13435254433093746,0.1311015065064025,0.12947795662330464,0.1403457362903282,0.12440575869901549,0.1250191768710609,0.13808905973564833,8245.274009133185,32386.47225151403,22456.892695663337,53650.8414919643,39900.69942723632,26.545326712170176,49166.06766181142,3.1185834927053486,1.080045242971165,0.7057869330976031,0.6493025528159053,38445.88744173857,1.2997173832069664,1617.8856109804813,0.09950834636765649,0.08308704582759674,0.10733329357208277,0.10291556433367077,0.10210080446631764,0.11273567123134853,0.10178263532361598,0.10879742349607113,269.1172765916179,3441.4214685361558,2271.4538765692373,15415.93845253707,1.9628100800497066,9939.267070482003,3248.3059234251155,1864.6632289332188,2866.1771467183326,12603.523534858497,4218.887984245336,1.0499887649190143,325.41331153645257,1679.4085595581143,318848.75423618464
t16,0.0,0.0,0.0,0.0,0.0,0.0,0.0,0.0,0.0,0.0,674.220260120145,0.0,632.4003738752804,0.0,0.0,0.0,0.0,0.0,0.0,0.0,0.0,0.0,1099.8427820117479,0.0,375.88875297962807,0.0,0.0,0.0,0.0,0.0,0.0,0.0,0.0,0.0,0.0,0.0,0.07580585339928803,0.0,0.0,0.0,0.0,0.0,0.0,0.0,0.0,0.0,0.0,0.0,0.0,0.0,0.0,0.0,11036.665967115678,0.1353304706456795,0.13596120793084765,0.12356959089692321,0.1395960168010788,0.13366738421609625,0.12622631501481818,0.12694377010011904,0.13945548969786614,5171.259325728493,27356.88373222314,20879.17904354311,44052.833221472916,34009.44970640945,22.506456193699865,40348.409091975656,2.046047806526683,0.7484665856914333,0.5368454285175297,0.3655616555617815,32739.431684582727,1.014763503753049,1716.686053413536,0.10661898836042383,0.07744547700895055,0.10607469900787692,0.10337711797910742,0.10255957954723272,0.11122978148341645,0.10008616083359811,0.10885411847630166,291.66853461565364,4334.841443283492,1934.4903102374765,14609.170805290316,1.853670577432069,11288.933792845764,3259.8244838241962,2004.882196898052,3336.2760809783076,10829.803820673147,2931.4644039966897,1.0030437147550333,378.17306596198165,2169.2202087347064,277493.9268002786
t17,0.0,0.0,0.0,0.0,0.0,0.0,0.0,0.0,0.0,0.0,743.7692386489049,0.0,192.30568888192718,0.0,0.0,0.0,0.0,0.0,0.0,0.0,0.0,0.0,937.7900497164503,0.0,168.99792931583872,0.0,0.0,0.0,0.0,0.0,0.0,0.0,0.0,0.0,0.0,0.0,0.0688770783262953,0.0,0.0,0.0,0.0,0.0,0.0,0.0,0.0,0.0,0.0,0.0,0.0,0.0,0.0,0.0,9710.003298987318,0.12665043610896554,0.13434679776999658,0.11880527073523905,0.13811191741842777,0.13399392616702244,0.12539136409696727,0.12514633101395534,0.13887512823566794,1673.5950405629267,23143.599254602654,13114.028298549765,35332.77403881331,27348.508294953397,18.302062534159298,31659.366311686405,1.1689751020428925,0.34674397530080303,0.30167404326533637,0.14549587763463315,27771.578443066974,0.6002713636454323,1755.7848391873927,0.10465790403759456,0.07744898846794968,0.10147176735699759,0.10403760099688952,0.09769768645855947,0.10935291773057543,0.09835810135336942,0.10749822624711669,322.9927236055287,4991.701847232698,1193.1885800536127,11525.651692895273,1.4790366147751024,10422.770758846746,3363.8228406854614,1698.6626225482573,2789.386468512537,9189.536485091128,3306.925188718218,0.8314083947248145,369.64164168282343,3166.8988642912964,225918.36683048494
t18,0.0,0.0,0.0,0.0,0.0,0.0,0.0,0.0,0.0,0.0,802.7167146887446,0.0,58.87854345611743,0.0,0.0,0.0,0.0,0.0,0.0,0.0,0.0,0.0,638.9981246272663,0.0,32.69021668240898,0.0,0.0,0.0,0.0,0.0,0.0,0.0,0.0,0.0,0.0,0.0,0.06121072147971063,0.0,0.0,0.0,0.0,0.0,0.0,0.0,0.0,0.0,0.0,0.0,0.0,0.0,0.0,0.0,7665.651131567007,0.10722734696929681,0.09567759235147477,0.08251311356411162,0.11195222989772446,0.11458411143394187,0.09373481065015721,0.09585027852245442,0.11231736710760742,519.2465282630544,12544.145785872279,5415.240641938779,21079.989370681753,14475.710151385494,8.350001631955585,18834.270303794066,0.38688713987808887,0.06867305126926877,0.07597272827663419,0.03872535725999449,18131.622113376885,0.21849894151840796,756.0170503308173,0.08499064269926748,0.06662729545632828,0.09287452180797118,0.089171154622818,0.08895956163541996,0.09400989006098825,0.08567766742271488,0.09176345224113902,352.71222041686934,4089.9379354163502,1253.838684855175,8797.162519164885,1.0753118970833087,8297.450264480733,2837.526895054703,1153.7558333358368,2571.3546244800064,8744.594725554813,4262.219753770302,0.6603511477571414,288.56326023465704,3330.3963790853622,146947.13333616732
t19,0.0,0.0,0.0,0.0,0.0,0.0,0.0,0.0,0.0,0.0,844.5298936766043,0.0,4.055951523008073,0.0,0.0,0.0,0.0,0.0,0.0,0.0,0.0,0.0,670.1400467069324,0.0,1.08283651133641,0.0,0.0,0.0,0.0,0.0,0.0,0.0,0.0,0.0,0.0,0.0,0.05462638568587863,0.0,0.0,0.0,0.0,0.0,0.0,0.0,0.0,0.0,0.0,0.0,0.0,0.0,0.0,0.0,6921.776458381766,0.07912955786184661,0.053435941303708046,0.02106008766824711,0.10708551872630778,0.11314816361118574,0.019091464808794548,0.03501640251741757,0.11335635435534641,36.40651994637513,1906.5989896845317,361.4051627946631,12611.687570802816,2524.5513736136313,0.6504615473748055,6761.002870717259,0.014234302454670637,0.0022946256613670616,0.0022031271517226887,0.001753620153952183,6219.421856250423,0.006986593464439594,49.769850469124016,0.0876817535408918,0.06767534006075948,0.09360120394921978,0.0895910818617267,0.08903576933516888,0.09436158220341895,0.08077033207155182,0.0953805626850226,374.45805996996745,3765.2312002098706,1824.1885284264777,7666.3156212032845,1.0032471848663207,8230.533528661086,3411.183668476804,1201.1468084512935,1687.0452747480817,9147.7821107106,3959.135124953198,0.6497921712287245,278.37884981765086,2679.5914620826607,83141.04463946405
t20,0.0,0.0,0.0,0.0,0.0,0.0,0.0,0.0,0.0,0.0,1077.3305573667317,0.0,0.0,0.0,0.0,0.0,0.0,0.0,0.0,0.0,0.0,0.0,665.2781865439147,0.0,0.0,0.0,0.0,0.0,0.0,0.0,0.0,0.0,0.0,0.0,0.0,0.0,0.0,0.0,0.0,0.0,0.0,0.0,0.0,0.0,0.0,0.0,0.0,0.0,0.0,0.0,0.0,0.0,6961.589982981903,0.0,0.0,0.0,0.04660838817790136,0.0541645455083426,0.0,0.0,0.05693262042677816,0.0,0.0,0.0,5.416000047177629,0.0,0.0,0.0,0.0,0.0,0.0,0.0,0.0,0.0,0.0,0.08652752532543673,0.06759352580775158,0.09352167765246122,0.08455005255382275,0.08578104808839271,0.09186616749502718,0.0863973964987963,0.09074816676002229,486.5857362817328,3853.4948684597284,2338.489867283341,7690.714371859533,1.1507065062172102,7892.432924759167,4603.160393014232,1191.5772383531616,1211.7536876941522,9373.09893702656,3834.3604948740194,0.7430511500845265,187.86325755932504,2324.324021035704,53700.208973910965
t21,0.0,0.0,0.0,0.0,0.0,0.0,0.0,0.0,0.0,0.0,495.1884924501769,0.0,0.0,0.0,0.0,0.0,0.0,0.0,0.0,0.0,0.0,0.0,575.5808342725696,0.0,0.0,0.0,0.0,0.0,0.0,0.0,0.0,0.0,0.0,0.0,0.0,0.0,0.0,0.0,0.0,0.0,0.0,0.0,0.0,0.0,0.0,0.0,0.0,0.0,0.0,0.0,0.0,0.0,5938.952687790959,0.0,0.0,0.0,0.0,0.0,0.0,0.0,0.0,0.0,0.0,0.0,0.0,0.0,0.0,0.0,0.0,0.0,0.0,0.0,0.0,0.0,0.0,0.08469878751566284,0.06766089834263767,0.09005866325242096,0.08924959626165219,0.08472231931227725,0.09231909390655346,0.08663434154368588,0.09762939876964083,216.6564324979177,4646.796851218367,1970.5892706894838,8325.12711689897,1.3628821948896146,8248.324737992072,5173.452530513654,1035.509835329676,1370.1748300729214,9332.05388528674,3708.7199468508525,0.8016529256838003,157.3907344099123,2699.978977172376,53897.35467166614
t22,0.0,0.0,0.0,0.0,0.0,0.0,0.0,0.0,0.0,0.0,422.6501076895318,0.0,0.0,0.0,0.0,0.0,0.0,0.0,0.0,0.0,0.0,0.0,425.29512328348795,0.0,0.0,0.0,0.0,0.0,0.0,0.0,0.0,0.0,0.0,0.0,0.0,0.0,0.0,0.0,0.0,0.0,0.0,0.0,0.0,0.0,0.0,0.0,0.0,0.0,0.0,0.0,0.0,0.0,7033.33696975766,0.0,0.0,0.0,0.0,0.0,0.0,0.0,0.0,0.0,0.0,0.0,0.0,0.0,0.0,0.0,0.0,0.0,0.0,0.0,0.0,0.0,0.0,0.08259091641593841,0.067659557533716,0.09119889294197492,0.08546538063092157,0.0923579436421278,0.09173330128396628,0.08652618500491371,0.09770505172491539,183.99219227805986,5066.0302683199225,2091.9117747991068,9984.148607285184,1.531724962664137,9413.954233672754,5643.668690384442,771.480731200126,1931.1605053765306,9350.950081398529,3305.0727234926635,0.8740898858704933,143.014993308116,2934.824667118013,58704.59272144185
t23,0.0,0.0,0.0,0.0,0.0,0.0,0.0,0.0,0.0,0.0,431.5182926508727,0.0,0.0,0.0,0.0,0.0,0.0,0.0,0.0,0.0,0.0,0.0,441.0190248020363,0.0,0.0,0.0,0.0,0.0,0.0,0.0,0.0,0.0,0.0,0.0,0.0,0.0,0.0,0.0,0.0,0.0,0.0,0.0,0.0,0.0,0.0,0.0,0.0,0.0,0.0,0.0,0.0,0.0,4991.840059077209,0.0,0.0,0.0,0.0,0.0,0.0,0.0,0.0,0.0,0.0,0.0,0.0,0.0,0.0,0.0,0.0,0.0,0.0,0.0,0.0,0.0,0.0,0.09072868894145358,0.06767259872367504,0.09105759704107186,0.08697789089637809,0.09226874880550895,0.10014090118056629,0.08639653821228421,0.08918894299858948,187.76246796169056,4894.529851866386,2531.827796664383,10741.730905694916,1.6485395784117038,9966.119988792874,6011.4025920796375,801.022307326624,2277.2222578061073,9450.07070334279,3230.8632059978663,0.9179953041719981,164.842631722538,3180.0354565709404,59305.07850914626
t24,0.0,0.0,0.0,0.0,0.0,0.0,0.0,0.0,0.0,0.0,543.8914962768479,0.0,0.0,0.0,0.0,0.0,0.0,0.0,0.0,0.0,0.0,0.0,622.2496247824656,0.0,0.0,0.0,0.0,0.0,0.0,0.0,0.0,0.0,0.0,0.0,0.0,0.0,0.0,0.0,0.0,0.0,0.0,0.0,0.0,0.0,0.0,0.0,0.0,0.0,0.0,0.0,0.0,0.0,4826.166196838531,0.0,0.0,0.0,0.0,0.0,0.0,0.0,0.0,0.0,0.0,0.0,0.0,0.0,0.0,0.0,0.0,0.0,0.0,0.0,0.0,0.0,0.0,0.09066731805796735,0.06744397582497186,0.09106985711878224,0.08574232284445316,0.09217966262076516,0.10000101662444649,0.08610922964362544,0.08919065204099752,237.6016078254942,4358.398260278191,2801.534169567087,11113.030837739498,1.8293475113143163,10241.583474049556,6198.834378403051,1119.4298402164789,2357.5764430395225,9676.524958480113,3589.790870035902,0.9687087168080644,293.13774719993893,3283.6378434973085,61266.88820849288
t25,0.0,0.0,0.0,0.0,0.0,0.0,0.0,0.0,0.0,0.0,648.5129965828338,0.0,0.0,0.0,0.0,0.0,0.0,0.0,0.0,0.0,0.0,0.0,638.5922067611044,0.0,0.0,0.0,0.0,0.0,0.0,0.0,0.0,0.0,0.0,0.0,0.0,0.0,0.0,0.0,0.0,0.0,0.0,0.0,0.0,0.0,0.0,0.0,0.0,0.0,0.0,0.0,0.0,0.0,6782.395787670572,0.0,0.0,0.0,0.0,0.0,0.0,0.0,0.0,0.0,0.0,0.0,0.0,0.0,0.0,0.0,0.0,0.0,0.0,0.0,0.0,0.0,0.0,0.09065354548147297,0.06684272679422065,0.09120756306947442,0.09405040862475289,0.09210744042502483,0.09986707531788852,0.08594812163210008,0.08916603290708736,284.5194151812137,4321.460160058286,2828.291889367736,11242.554371166661,1.9911494159426173,10435.144867159557,6310.022352319551,1149.024253078496,2469.394402513429,9832.159892573094,3956.777843307814,1.0150698487004892,305.15530689812795,3360.792440469444,64568.51424728681
t26,0.0,0.0,0.0,0.0,0.0,0.0,0.0,0.0,0.0,0.0,928.5898250386231,0.0,0.0,0.0,0.0,0.0,0.0,0.0,0.0,0.0,0.0,0.0,697.3495106033764,0.0,0.0,0.0,0.0,0.0,0.0,0.0,0.0,0.0,0.0,0.0,0.0,0.0,0.0,0.0,0.0,0.0,0.0,0.0,0.0,0.0,0.0,0.0,0.0,0.0,0.0,0.0,0.0,0.0,6334.598288654535,0.0,0.0,0.0,0.0,0.0,0.0,0.0,0.0,0.0,0.0,0.0,0.0,0.0,0.0,0.0,0.0,0.0,0.0,0.0,0.0,0.0,0.0,0.09077530399372336,0.06650658029775514,0.09133368194125069,0.09415629248542245,0.09211921264795819,0.0998148224389297,0.08616434216673952,0.08975047940475633,411.3167899221448,4727.540600179955,2666.9199917375845,11255.560625125938,2.1159560281289886,10497.5745036,6310.07466383161,1252.0816569066983,2649.35933341765,9906.91796264327,3913.448585387355,1.0469368724338974,318.76304573316077,3480.2684385514503,65354.2373349493
t27,0.0,0.0,0.0,0.0,0.0,0.0,0.0,0.0,0.0,0.0,955.3949919055194,0.0,0.0,0.0,0.0,0.0,0.0,0.0,0.0,0.0,0.0,0.0,836.6945031516927,0.0,0.0,0.0,0.0,0.0,0.0,0.0,0.0,0.0,0.0,0.0,0.0,0.0,0.0,0.0,0.0,0.0,0.0,0.0,0.0,0.0,0.0,0.0,0.0,0.0,0.0,0.0,0.0,0.0,5556.456179342405,0.0,0.0,0.0,0.0,0.0,0.0,0.0,0.0,0.0,0.0,0.0,0.0,0.0,0.0,0.0,0.0,0.0,7.307031199333598e-5,0.0,0.0,0.0,0.0,0.09079233813827159,0.06727050884092023,0.0914772598844138,0.09411672848364105,0.0921510943226167,0.09973718631954398,0.08661903020401951,0.08979655802249908,423.5676889269664,4681.6716044682,2586.3381894714685,11040.742763822731,2.324291580124338,10534.512496518764,6418.40732815714,1494.995670969878,2691.0546889656785,9961.65214244226,3916.9218145941686,1.0435686031887725,332.39498358656743,3506.834388857007,64941.71932913829
t28,0.0,0.0,0.0,0.0,0.0,0.0,0.0,0.0,0.0,0.0,983.521589041484,0.0,9.8401177971615,0.0,0.0,0.0,0.0,0.0,0.0,0.0,0.0,0.0,841.7050595063246,0.0,12.848242022807026,0.0,0.0,0.0,0.0,0.0,0.0,0.0,0.0,0.0,0.0,0.0,0.0,0.0,0.0,0.0,0.0,0.0,0.0,0.0,0.0,0.0,0.0,0.0,0.0,0.0,0.0,0.0,6277.757968000185,0.0,0.0,0.0,0.0,0.0,0.0,0.0,0.0,88.15265159386082,492.8031154620671,568.3979557906182,0.0,509.64864350914456,0.007242871205222777,22.009092131725126,0.11174031398363977,0.027109416647488286,0.07132129889601305,0.03547705660067825,3634.278878748082,0.006247512519753433,167.5462050725202,0.09083507774630561,0.06766164904001926,0.09030175993393641,0.09408012850326486,0.0921133326846757,0.0996192641905509,0.07922820180283452,0.08928948749235133,436.42974675257835,4643.958648802354,2546.0635691724688,10836.125475765293,2.351542410882079,10643.20874072134,6752.426152083606,1505.3371264379543,2823.299174946881,9885.026711798047,3945.9873625856644,1.023138030037531,358.23694879071627,3445.8568173943922,71434.80294173944
t29,0.0,0.0,0.0,0.0,0.0,0.0,0.0,0.0,0.0,0.0,988.7754558573852,0.0,286.2356563347672,0.0,0.0,0.0,0.0,0.0,0.0,0.0,0.0,0.0,743.2691853948107,0.0,148.99313506905023,0.0,0.0,0.0,0.0,0.0,0.0,0.0,0.0,0.0,0.0,0.0,0.038283736499167276,0.0,0.0,0.0,0.0,0.0,0.0,0.0,0.0,0.0,0.0,0.0,0.0,0.0,0.0,0.0,7461.630796795458,0.017324846595921154,0.060653610949576664,0.019455605416619077,0.08485602342716447,0.04355061507597213,0.0683911276909302,0.0660683966126577,0.09569451664719963,2323.440360044913,11915.998583703498,8041.525246174475,9501.286611550313,10214.952141130892,3.42263884975389,8274.430534863583,1.1729462996594098,0.3034056781386288,0.3601909663341725,0.3313248153976686,22428.636310954942,0.23894898305337647,1490.956468503375,0.0908959006992518,0.0671166973020263,0.08903609698518267,0.0939473662074306,0.09214069525478408,0.09950716551975347,0.07984922852847376,0.08901163963309955,438.12622566651874,4587.824016035758,2478.9099697609236,11279.77981887493,2.3640469757935314,11025.656430820345,6852.141810339826,1353.477844541962,2883.6636931618373,10714.570351363305,3964.01469194744,1.0549131679721415,340.36125913533584,3559.442072409739,143308.54286944048
t30,0.0,0.0,0.0,0.0,0.0,0.0,0.0,0.0,0.0,0.0,676.7064340226763,0.0,855.4950604906601,0.0,0.0,0.0,0.0,0.0,0.0,0.0,0.0,0.0,435.02793552905223,0.0,378.62301293728393,0.0,0.0,0.0,0.0,0.0,0.0,0.0,0.0,0.0,0.0,0.0,0.05863701285625211,0.0,0.0,0.0,0.0,0.0,0.0,0.0,0.0,0.0,0.0,0.0,0.0,0.0,0.0,0.0,11218.46998301458,0.10038687759174292,0.11150995726142554,0.09364404599166753,0.10810488780407468,0.11634273591334932,0.11022971715484431,0.10966671546638507,0.1138354342256207,6411.873868118924,24788.961292962427,17300.5612839182,29079.038491787156,25279.33348033714,17.07693880643156,25089.417243856195,2.5150853506356907,0.7433955729152226,0.6096484669560569,0.7070692457824244,43051.79162107798,0.9906474474245768,3521.531749675811,0.08631367222915287,0.0635035120219527,0.08933364004587929,0.09856032292736927,0.09638933178212028,0.09617361656273715,0.08524791291347356,0.09369308360328432,293.74023517350753,3624.404897358897,1615.6047590284245,13225.83050218255,2.0622875806895022,11947.559785283898,6960.863354675781,806.2012905181267,2159.7825988241193,9062.519473674229,3652.188357620679,0.9079208720671657,257.8043110423221,3168.7581781089975,244889.3337670389
t31,0.0,0.0,0.0,0.0,0.0,0.0,0.0,0.0,0.0,0.0,377.80956477713823,0.0,1125.4586170628709,0.0,0.0,0.0,0.0,0.0,0.0,0.0,0.0,0.0,150.21891943545364,0.0,559.065997423478,0.0,0.0,0.0,0.0,0.0,0.0,0.0,0.0,0.0,0.0,0.0,2160.0319112016277,0.0,0.0,0.0,0.0,0.0,0.0,0.0,0.0,0.0,0.0,0.0,0.0,0.0,0.0,0.0,13270.740363051718,2.5534640757631837,17.443736037477343,1.0381700246496348,21377.28712237961,24748.294552769396,1.5790564743525788,3.0025538303313146,22067.531857823837,8845.52754056727,41618.14256607031,26771.830905657836,55342.981135458336,40442.80809611536,26.33781383699037,48293.87718760388,3.7631708272168547,1.1768697248904232,0.7388724342765802,0.9262866952926005,87683.15590384678,1.3683955044120835,4766.405424455822,4070.8266735144152,259.070512837229,894.1307652827468,9720.808745236289,9027.969147159878,10096.129942786261,2162.249807463141,9354.72349162232,162.57769297147763,2196.6222378051098,780.0728672097393,11629.224995838871,1.435694639238975,8790.73813801928,4498.264873796467,280.7205571670575,1361.9644665512246,7815.380600438879,2794.8263716271354,0.6996760446582471,114.4331976208251,2659.431777905275,488333.3982887039
t32,0.0,0.0,0.0,0.0,0.0,0.0,0.0,0.0,0.0,0.0,321.5839456105634,0.0,1248.8867873846639,0.0,0.0,0.0,0.0,0.0,0.0,0.0,0.0,0.0,118.54292106146926,0.0,649.9351955904317,0.0,0.0,0.0,0.0,0.0,0.0,0.0,0.0,0.0,0.0,0.0,2797.3796673685197,0.0,0.0,0.0,0.0,0.0,0.0,0.0,0.0,0.0,0.0,0.0,0.0,0.0,0.0,0.0,11348.92074531566,3.1462099495680773,20.014827330242117,1.285388986822416,25688.542097232974,30102.24570168648,1.9896565406205662,3.563782373621225,31002.602964546357,10675.558804850283,77338.15441764038,40514.77859233937,124426.7401252595,63490.16683215865,29.016609199263023,95080.99611612901,4.483092149348968,1.3966173214879152,0.7700906184568487,0.9981416179977944,98242.99235351715,1.4957524630668793,5214.925857828068,1557.0201185270485,166.70376440254762,573.2964775197842,7252.0521425647075,4978.815329910549,11362.197422764071,2077.2958158099864,6895.393175123023,138.0112342348877,2382.8110817475617,522.9322913686146,12036.502370936565,1.5425886165301308,8654.63928308178,4754.20037209939,221.6177655107557,1219.6881810471305,7329.056158149109,2972.3619032565452,0.7505211721222806,131.88416076414742,2449.019939265153,696008.905391942
t33,0.0,0.0,0.0,0.0,0.0,0.0,0.0,0.0,0.0,0.0,386.37625360726395,0.0,1295.5162880874338,0.0,0.0,0.0,0.0,0.0,0.0,0.0,0.0,0.0,161.8367830072821,0.0,685.1982650816253,0.0,0.0,0.0,0.0,0.0,0.0,0.0,0.0,0.0,0.0,0.0,3214.7725224998444,0.0,0.0,0.0,0.0,0.0,0.0,0.0,0.0,0.0,0.0,0.0,0.0,0.0,0.0,0.0,8800.954638695994,3.2813237675427893,20.09844459156772,1.361152669519966,44680.5256246754,61384.04925488599,2.131415699360259,3.8204274870701314,63837.148840861744,11273.023115524411,93595.67177072869,45021.40012667822,170806.2011269849,71886.10184761367,30.30685934015366,122992.14084210244,4.73829333246498,1.4937856253109079,0.7852902743402156,1.061912692870603,99454.486139761,1.553196179486372,5941.7389771150965,1670.2187436569297,128.72644694955773,628.8658131182776,7335.019577043731,5295.3634521499935,14445.181050501964,2689.9448341577036,7104.256124859375,165.80468730186684,2126.8601238977444,467.77029206096967,13704.397670127195,1.7717253428663318,8302.468440964327,4562.642526501624,302.4514825060892,1437.1420629910244,6801.730327187819,2933.3919786625047,0.8652851502684492,99.68706683512146,2693.3006472497486,888385.6348787873
t34,0.0,0.0,0.0,0.0,0.0,0.0,0.0,0.0,0.0,0.0,303.1256937110377,0.0,1308.9716372516862,0.0,0.0,0.0,0.0,0.0,0.0,0.0,0.0,0.0,229.99284878902205,0.0,691.5406145616215,0.0,0.0,0.0,0.0,0.0,0.0,0.0,0.0,0.0,0.0,0.0,3265.5799353937505,0.0,0.0,0.0,0.0,0.0,0.0,0.0,0.0,0.0,0.0,0.0,0.0,0.0,0.0,0.0,8951.617135771749,3.2177930293555717,19.982081496364664,1.3905233268264732,50641.073536097276,76558.56493498932,2.111765415838033,3.8593461845940737,78687.11213793675,11406.909631297087,96595.79516911018,45554.99454456587,178355.71159924206,72039.5533625102,31.0107583365281,130728.02379836002,4.682723323962213,1.5204964468085629,0.777986388809163,1.0561776313435542,113254.4240257495,1.5714158421046476,6084.192988842214,1718.951815667757,266.426834059551,684.604895209847,7858.365225892821,6248.851945592465,14971.764254269128,2867.169956500689,7245.031403858227,130.03040898414983,2445.6989836808057,609.1854317482661,16576.541164923194,2.0099391619646214,7731.23102565768,4722.749759530842,429.697590884261,1398.9228158848287,6914.532270010494,2931.6106204179914,0.9723192888619706,138.03049631348188,2506.2668724867162,963127.0106916258
t35,0.0,0.0,0.0,0.0,0.0,0.0,0.0,0.0,0.0,0.0,392.538019006103,0.0,1301.9758332421086,0.0,0.0,0.0,0.0,0.0,0.0,0.0,0.0,0.0,369.38233465754075,0.0,669.256878924179,0.0,0.0,0.0,0.0,0.0,0.0,0.0,0.0,0.0,0.0,0.0,3206.2992952697205,0.0,0.0,0.0,0.0,0.0,0.0,0.0,0.0,0.0,0.0,0.0,0.0,0.0,0.0,0.0,7675.612453362759,3.178990640286279,19.526853472208963,1.4223065330910025,45122.66844848987,64207.68912312202,2.0533853099286796,3.790878104053575,65175.775628368836,11223.495000062336,87243.71352813771,43360.48548707412,145221.35437555518,64326.91325045057,31.598068509672313,115584.4188529519,4.566800795418999,1.4613797986257904,0.7302504614549411,1.0004232981374694,108030.50024072739,1.5057279193174578,5835.745551659404,1652.578607193879,628.8547168928081,899.5568853159401,9031.866143018276,6189.039850143455,14289.970031106888,2815.8771378622578,7646.029908117191,168.47716928237443,2629.8004926202134,987.5145382006964,17129.94223378513,2.2042477546809263,7432.960474859532,4502.232268670634,689.2431697595255,1699.9128317221582,7468.828190509155,2694.698216094284,1.0383661871159195,171.09096363705433,2665.6750040827365,860416.05081272
t36,0.0,0.0,0.0,0.0,0.0,0.0,0.0,0.0,0.0,0.0,450.5681952525674,0.0,1294.4840175490256,0.0,0.0,0.0,0.0,0.0,0.0,0.0,0.0,0.0,469.6288214185863,0.0,651.8215603112272,0.0,0.0,0.0,0.0,0.0,0.0,0.0,0.0,0.0,0.0,0.0,3093.3634192400236,0.0,0.0,0.0,0.0,0.0,0.0,0.0,0.0,0.0,0.0,0.0,0.0,0.0,0.0,0.0,8954.705866473376,3.1506250917261336,19.761163820734225,1.4556643150941286,36620.46349641791,47151.15836518002,2.0165838629091812,3.672626565383146,47643.86901113519,11012.08907777365,78079.28292574754,40803.96699772033,119434.55366090115,57283.39138292162,31.541217235429542,99650.96424032556,4.389594782083362,1.4014367918589294,0.690580333132706,0.947984953620278,92274.60612258577,1.5036085944658562,5368.3046980860845,1961.8046280369203,887.3964561046696,2064.42284407454,10064.366925008086,5968.567942426996,12929.65884762814,3220.1133247668067,7847.764826822546,193.5709811412779,2818.0658937023795,1268.2886965237124,18928.000660284553,2.471326634125074,7915.177011240052,4420.727503285842,874.5906585078425,1797.6179715183546,8147.643672179449,3105.5698406609436,1.0521344321539343,209.58157574238612,2575.440350775511,747509.6470168831
t37,0.0,0.0,0.0,0.0,0.0,0.0,0.0,0.0,0.0,0.0,485.7065581351093,0.0,1280.3768954287566,0.0,0.0,0.0,0.0,0.0,0.0,0.0,0.0,0.0,573.4241206390051,0.0,641.1990610747731,0.0,0.0,0.0,0.0,0.0,0.0,0.0,0.0,0.0,0.0,0.0,2925.331698794101,0.0,0.0,0.0,0.0,0.0,0.0,0.0,0.0,0.0,0.0,0.0,0.0,0.0,0.0,0.0,9984.989196531553,3.1067326111570783,20.175803461164772,1.4684252377322076,30744.80234274335,37194.576299136155,1.9301462420211672,3.54130845567462,37913.08540782938,10622.861995919493,65061.98156044673,36560.77875511882,90933.82042536337,48988.71479755273,31.67049833619127,79506.09929696663,4.121204065306749,1.3450022039586471,0.6227844294630085,0.9297873898905893,76731.26957181713,1.4760386555696468,3637.7500249167056,2832.272580714687,1088.254027256586,4341.489930339182,11067.217081833012,5949.3576105243,12002.243441369104,4668.888908968622,8471.607104232366,208.83254907671173,3912.863068735681,1979.0704703101055,22462.977790067784,2.594635642167364,8740.212814880151,4508.433742012072,1064.5587933748532,2098.9050209038433,9571.944042510242,3354.6287655939623,1.120565069985301,196.12071130896283,2721.4950137894393,645102.2444080156
t38,0.0,0.0,0.0,0.0,0.0,0.0,0.0,0.0,0.0,0.0,576.812110202149,0.0,1252.297664214126,0.0,0.0,0.0,0.0,0.0,0.0,0.0,0.0,0.0,817.0104246069578,0.0,624.4675412838723,0.0,0.0,0.0,0.0,0.0,0.0,0.0,0.0,0.0,0.0,0.0,2751.4427845688515,0.0,0.0,0.0,0.0,0.0,0.0,0.0,0.0,0.0,0.0,0.0,0.0,0.0,0.0,0.0,9022.478704756155,3.1024067286885235,20.389888611429466,1.4226328319394717,25414.01211139091,29314.62237376999,1.715885193709227,3.3184966943290735,29618.58151117724,10069.198667396198,52550.167780574004,31701.755968395446,70021.13718130393,44477.14443194798,30.23345740491676,62895.90750140359,3.8361873455385984,1.252015616271857,0.5086698246263257,0.839971137407059,53578.592902950884,1.353830356057515,1911.5321875272348,4087.5770262901597,1043.3778395094675,6135.0936496881,10726.380054993882,6295.822262556492,11513.506271440892,6955.08659681652,8912.066796877152,248.40650886189903,3543.7871172626533,3009.2485967806497,22698.42455998042,2.5916928416191154,9718.587661547557,4892.274022960919,1503.5864570823394,2204.4793819798174,10498.91693584369,3727.3480012073205,1.0940569615194502,301.68822412064503,2732.921168212453,547417.4001730304
t39,0.0,0.0,0.0,0.0,0.0,0.0,0.0,0.0,0.0,0.0,766.0286292470115,0.0,1179.752411097748,0.0,0.0,0.0,0.0,0.0,0.0,0.0,0.0,0.0,952.0446507718246,0.0,580.5219228465676,0.0,0.0,0.0,0.0,0.0,0.0,0.0,0.0,0.0,0.0,0.0,2647.8846320066687,0.0,0.0,0.0,0.0,0.0,0.0,0.0,0.0,0.0,0.0,0.0,0.0,0.0,0.0,0.0,8898.430188168186,3.081166529028589,19.8557891835597,1.2216140638529793,24086.089062746294,27394.1372543741,1.3107200787508804,2.7726347044936266,27585.11762049864,9335.38585635252,46051.6020935766,26880.02256686012,60044.72036660323,41460.08564000385,28.250960860126874,54538.01327750471,3.4745498280712774,1.196414915997671,0.4096451084091019,0.5557158067819529,45409.72092083533,1.2825223726603419,1302.3450975138414,5520.07980465525,1480.3454468373384,7587.901896445048,11793.463159559458,6817.1772617942515,12106.117426063207,8652.977014385227,9936.480807217304,330.86831762363903,4336.155142797535,1909.2495501173257,20793.1038452531,2.721318481140591,10668.64152745816,5526.575844498033,1750.9752958831752,3072.360021775697,11825.82402993309,4055.506106609353,1.1522765718096255,325.4827753428137,3023.9769935320655,510692.449787293
t40,0.0,0.0,0.0,0.0,0.0,0.0,0.0,0.0,0.0,0.0,1152.9201319085419,0.0,1060.190300842792,0.0,0.0,0.0,0.0,0.0,0.0,0.0,0.0,0.0,1017.2352217546297,0.0,464.54142187279587,0.0,0.0,0.0,0.0,0.0,0.0,0.0,0.0,0.0,0.0,0.0,2402.113672921514,0.0,0.0,0.0,0.0,0.0,0.0,0.0,0.0,0.0,0.0,0.0,0.0,0.0,0.0,0.0,8331.034166913645,2.9085700421004796,16.830626510803853,0.8598958922795613,22492.189050985267,25351.678448241903,0.9017829725967628,2.281733922076189,25565.910939570284,8250.170202706466,38500.97681763582,18874.658057153225,49747.0224129922,37089.47252611515,26.44986954900863,45631.243498410855,2.2706234584267526,0.8892468886382057,0.16752837261414796,0.25907936910932117,31746.144835038576,1.0679817210073441,606.740381609851,6038.00118109639,1800.4694859557817,8382.044710150385,12192.34961386885,7007.526650432668,12176.619074000053,8433.945894195287,10135.23961590873,501.48600345955344,5362.394803329562,1665.0987200487507,18120.19698421438,2.723869159113294,10228.91908132549,6588.510758392444,1852.3986471516887,2730.3733208101594,10123.233049177587,4147.12662077541,1.0537048589230922,348.0231434158878,2893.831744198675,449070.69570129795
t41,0.0,0.0,0.0,0.0,0.0,0.0,0.0,0.0,0.0,0.0,1084.3848943064586,0.0,824.8529197961853,0.0,0.0,0.0,0.0,0.0,0.0,0.0,0.0,0.0,839.9246615304257,0.0,260.4181266613378,0.0,0.0,0.0,0.0,0.0,0.0,0.0,0.0,0.0,0.0,0.0,2013.0561667838883,0.0,0.0,0.0,0.0,0.0,0.0,0.0,0.0,0.0,0.0,0.0,0.0,0.0,0.0,0.0,8052.620269344869,2.3659167727875174,12.52234716191454,0.5023851333244929,19635.315336257598,22272.614986881264,0.572962728204994,1.493293709779716,22367.382852432376,6369.82589702786,28398.905698747432,12918.064367197956,37476.83902697661,25718.040193996465,21.715390889143414,33848.39038932751,1.1881985014672425,0.5222270513180524,0.07891870727028172,0.11158280885365425,19692.168752040656,0.7064482075569213,439.2644043209789,6026.250440770658,2024.9161818601724,9142.160511739155,11240.94406026107,6409.873299450095,11779.980621726943,7234.313869697307,10212.248533985116,473.41776823609376,4713.774872612425,2758.480203245446,15592.622771693139,2.4410603990321165,9074.99111018445,6919.940190951884,1534.636754752013,2676.8429921254633,7193.135882972614,3822.667680512939,0.9128282675342212,380.2959644444072,2105.1635786135903,363573.85979380313
t42,0.0,0.0,0.0,0.0,0.0,0.0,0.0,0.0,0.0,0.0,0.08927320582597531,0.0,0.08526601675350776,0.0,0.0,0.0,0.0,0.0,0.0,0.0,0.0,0.0,0.059090453689123024,0.0,0.0513555054174617,0.0,0.0,0.0,0.0,0.0,0.0,0.0,0.0,0.0,0.0,0.0,0.3914566561720676,0.0,0.0,0.0,0.0,0.0,0.0,0.0,0.0,0.0,0.0,0.0,0.0,0.0,0.0,0.0,0.07838358233857434,0.5842221023189946,0.5750524255107443,0.2047448787821251,0.7500288334558718,0.7473103525699116,0.20256033934083312,0.3883145161112104,0.7720004106522538,0.1082655913396593,0.14882579987170175,0.13783544412945048,0.17966008750954643,0.17015515589446295,0.1627566292650826,0.1790794025582727,0.07729361591784695,0.06574623792811574,0.018311340943380702,0.022539370394060912,0.11864766040525865,0.05817903632352173,0.09359465532850209,0.5603190551009902,0.420965700400302,0.5937009554909309,0.592175031422812,0.5320488412653503,0.5914476475227275,0.5513915774172347,0.5942473382820026,0.08254419171800009,0.10968460160256654,0.099059521383424,0.12819696439692052,0.11867409413209185,0.12529695137709496,0.11663180278264917,0.06253793023688559,0.06396762541135104,0.08829971389786806,0.070099656891216,0.08308496491140116,0.05258874559456217,0.06882340914808083,12.22573562713398
t43,0.0,0.0,0.0,0.0,0.0,0.0,0.0,0.0,0.0,0.0,0.0678807293754744,0.0,0.04342737093441684,0.0,0.0,0.0,0.0,0.0,0.0,0.0,0.0,0.0,0.06261003640565832,0.0,0.03256644549057697,0.0,0.0,0.0,0.0,0.0,0.0,0.0,0.0,0.0,0.0,0.0,0.35562182766693695,0.0,0.0,0.0,0.0,0.0,0.0,0.0,0.0,0.0,0.0,0.0,0.0,0.0,0.0,0.0,0.07779006121563725,0.19835162422100855,0.18528615231169476,0.024742950517083986,0.6870634822735155,0.7564197633328149,0.016239290549542627,0.043793798245376415,0.7521474598324858,0.06653895918645958,0.09750365551371942,0.07353147728235854,0.13443186781660188,0.11904588150173367,0.10563433253802579,0.12946520659897942,0.006856975064172496,0.004133875159425375,0.0004143393954672211,0.0010539933155580133,0.11298856421126402,0.004477636141713641,0.06378301272642517,0.5534625396558113,0.4231038025923226,0.5498981907876441,0.5810132574624731,0.5662832611669728,0.6191811991666327,0.5444988287636079,0.585088911553612,0.06176686041874291,0.08634976060056943,0.07417578200147545,0.0982982266577892,0.09971271518801128,0.10372785976505838,0.08916273507202277,0.06626459032122511,0.0638651544586537,0.08796114654251141,0.07028401659226802,0.08361111242650732,0.053067041188171515,0.06487535010592183,9.749453111312132
t44,0.0,0.0,0.0,0.0,0.0,0.0,0.0,0.0,0.0,0.0,0.06752735432701229,0.0,0.0,0.0,0.0,0.0,0.0,0.0,0.0,0.0,0.0,0.0,0.062045537984431576,0.0,0.0,0.0,0.0,0.0,0.0,0.0,0.0,0.0,0.0,0.0,0.0,0.0,0.0,0.0,0.0,0.0,0.0,0.0,0.0,0.0,0.0,0.0,0.0,0.0,0.0,0.0,0.0,0.0,0.07778283021980315,0.0,0.0,0.0,0.05347968380839063,0.07075530104145855,0.0,0.0,0.0725271696558707,0.0,0.0,0.0,0.04489567951657847,0.0,0.0,0.0,0.0,0.0,0.0,0.0,0.0,0.0,0.0,0.09849379141815007,0.07936219876455652,0.10650660081591923,0.1126906334902742,0.10448369741425267,0.12063954349287087,0.10266053541272413,0.11753350795333972,0.061632640283278306,0.08064149886013183,0.07259299395082053,0.10736663260468049,0.0993930284108222,0.09951816857937956,0.08966071432587341,0.06567065736180666,0.068768913486565,0.08799488605654915,0.07076241352297075,0.08308473128904503,0.05536865443855277,0.06608200805294473,2.399922006539053
t45,0.0,0.0,0.0,0.0,0.0,0.0,0.0,0.0,0.0,0.0,0.06782091410832436,0.0,0.0,0.0,0.0,0.0,0.0,0.0,0.0,0.0,0.0,0.0,0.06202942757136043,0.0,0.0,0.0,0.0,0.0,0.0,0.0,0.0,0.0,0.0,0.0,0.0,0.0,0.0,0.0,0.0,0.0,0.0,0.0,0.0,0.0,0.0,0.0,0.0,0.0,0.0,0.0,0.0,0.0,0.07876868779931101,0.0,0.0,0.0,0.0,0.0,0.0,0.0,0.0,0.0,0.0,0.0,0.0,0.0,0.0,0.0,0.0,0.0,0.0,0.0,0.0,0.0,0.0,0.5742748004158784,0.4260212495973974,0.5644037045894947,0.5895823214086704,0.5858135885719093,0.5891930297802901,0.5444197898432321,0.6192725763467024,0.06175849459486926,0.08084601834161731,0.07716376427742944,0.10775816730892984,0.09958986003278181,0.1082598426801269,0.0878884671619744,0.0656445857584913,0.06844615761747264,0.08825521659673541,0.06613771274805913,0.08254929423185953,0.05540152883645533,0.06539624321567317,5.816695443435046
t46,0.0,0.0,0.0,0.0,0.0,0.0,0.0,0.0,0.0,0.0,0.06384224121461557,0.0,0.0,0.0,0.0,0.0,0.0,0.0,0.0,0.0,0.0,0.0,0.062019418956879235,0.0,0.0,0.0,0.0,0.0,0.0,0.0,0.0,0.0,0.0,0.0,0.0,0.0,0.0,0.0,0.0,0.0,0.0,0.0,0.0,0.0,0.0,0.0,0.0,0.0,0.0,0.0,0.0,0.0,0.07935405502212234,0.0,0.0,0.0,0.0,0.0,0.0,0.0,0.0,0.0,0.0,0.0,0.0,0.0,0.0,0.0,0.0,0.0,0.0,0.0,0.0,0.0,0.0,0.573965324452729,0.42657939957916824,0.56377132570924,0.5946470263588708,0.5900463471989497,0.6034440709045157,0.5435907371720532,0.624166055014939,0.058746274451436875,0.083660604128454,0.07760367746141128,0.10806242144462885,0.09955473655214053,0.10833900969009846,0.09424132065760205,0.06563534323595377,0.06854901780843647,0.08327641745199799,0.06792128192546443,0.08150044154649794,0.055403481137204835,0.06856747327356061,5.846487502348971
t47,0.0,0.0,0.0,0.0,0.0,0.0,0.0,0.0,0.0,0.0,0.06451908996950806,0.0,0.0,0.0,0.0,0.0,0.0,0.0,0.0,0.0,0.0,0.0,0.06193870250217515,0.0,0.0,0.0,0.0,0.0,0.0,0.0,0.0,0.0,0.0,0.0,0.0,0.0,0.0,0.0,0.0,0.0,0.0,0.0,0.0,0.0,0.0,0.0,0.0,0.0,0.0,0.0,0.0,0.0,0.08052474185751635,0.0,0.0,0.0,0.0,0.0,0.0,0.0,0.0,0.0,0.0,0.0,0.0,0.0,0.0,0.0,0.0,0.0,0.0,0.0,0.0,0.0,0.0,0.5647151965313242,0.4284125135377508,0.5535594220345956,0.5938113686279394,0.5884513887285721,0.602198955581116,0.5449817450753471,0.624739141043392,0.05932304260829824,0.08323922876297729,0.07269233759689087,0.09981263610097812,0.09938329580958882,0.09980651915248018,0.09405766065901844,0.06555840024520876,0.06845993217484647,0.08504954867021297,0.0667297883487663,0.08191228632219771,0.055406998869898416,0.06835401232456206,5.807637953135162
t48,0.0,0.0,0.0,0.0,0.0,0.0,0.0,0.0,0.0,0.0,0.06467811811876345,0.0,0.0,0.0,0.0,0.0,0.0,0.0,0.0,0.0,0.0,0.0,0.06201173252748049,0.0,0.0,0.0,0.0,0.0,0.0,0.0,0.0,0.0,0.0,0.0,0.0,0.0,0.0,0.0,0.0,0.0,0.0,0.0,0.0,0.0,0.0,0.0,0.0,0.0,0.0,0.0,0.0,0.0,0.08031599157766323,0.0,0.0,0.0,0.0,0.0,0.0,0.0,0.0,0.0,0.0,0.0,0.0,0.0,0.0,0.0,0.0,0.0,0.0,0.0,0.0,0.0,0.0,0.5498380779245053,0.4279384436667897,0.6003984346643847,0.5912745947134681,0.5863740752538433,0.5957471431538579,0.5490764909663994,0.6231610847607953,0.05944389346194612,0.08640349571578554,0.07789146575851191,0.10213026738347253,0.0990471601474665,0.10229813532350818,0.09402490956927068,0.06563736513999174,0.06847602861671476,0.08479904676642036,0.07137338101711066,0.0818866594518397,0.05537728667138708,0.06809787292695546,5.847701155278332
t49,0.0,0.0,0.0,0.0,0.0,0.0,0.0,0.0,0.0,0.0,0.06768197590508862,0.0,0.0,0.0,0.0,0.0,0.0,0.0,0.0,0.0,0.0,0.0,0.06239714557386833,0.0,0.0,0.0,0.0,0.0,0.0,0.0,0.0,0.0,0.0,0.0,0.0,0.0,0.0,0.0,0.0,0.0,0.0,0.0,0.0,0.0,0.0,0.0,0.0,0.0,0.0,0.0,0.0,0.0,0.08097686882683774,0.0,0.0,0.0,0.0,0.0,0.0,0.0,0.0,0.0,0.0,0.0,0.0,0.0,0.0,0.0,0.0,0.0,0.0,0.0,0.0,0.0,0.0,0.5953608346026158,0.42910102120322335,0.5974171400193882,0.5921648896037368,0.5861155616512406,0.5865558702862472,0.5512943190951773,0.6222200819465797,0.06169226992199128,0.08629884370930085,0.07761271048548224,0.10238991711958079,0.09875951449881626,0.10442383871850325,0.09403912095876876,0.06603713591448468,0.06854513460712042,0.08444888411941065,0.07107757812354976,0.0811495693505706,0.05537819232461061,0.0682249641722592,5.891363382738453
t50,0.0,0.0,0.0,0.0,0.0,0.0,0.0,0.0,0.0,0.0,0.06764498949178233,0.0,0.0,0.0,0.0,0.0,0.0,0.0,0.0,0.0,0.0,0.0,0.06258878695962267,0.0,0.0,0.0,0.0,0.0,0.0,0.0,0.0,0.0,0.0,0.0,0.0,0.0,0.0,0.0,0.0,0.0,0.0,0.0,0.0,0.0,0.0,0.0,0.0,0.0,0.0,0.0,0.0,0.0,0.08093448635918321,0.0,0.0,0.0,0.0,0.0,0.0,0.0,0.0,0.0,0.0,0.0,0.0,0.0,0.0,0.0,0.0,0.0,0.0,0.0,0.0,0.0,0.0,0.5953630693111336,0.42917702060458396,0.5967554783601372,0.5945754131680587,0.5859461927320808,0.6432003117515706,0.5493983409724024,0.6215585986210499,0.06167351321130354,0.0863458909043402,0.07699895272071444,0.10260871152422624,0.09857094052285209,0.10252879298786866,0.09401660319053917,0.06624138841880267,0.06865923831810505,0.08307570705801481,0.07008158894223016,0.08106153984756292,0.05542751316954764,0.06848647941524177,5.942919548562955
t51,0.0,0.0,0.0,0.0,0.0,0.0,0.0,0.0,0.0,0.0,0.06789686645743132,0.0,0.0,0.0,0.0,0.0,0.0,0.0,0.0,0.0,0.0,0.0,0.06277133621779285,0.0,0.0,0.0,0.0,0.0,0.0,0.0,0.0,0.0,0.0,0.0,0.0,0.0,0.0,0.0,0.0,0.0,0.0,0.0,0.0,0.0,0.0,0.0,0.0,0.0,0.0,0.0,0.0,0.0,0.08130507393434527,0.0,0.0,0.0,0.0,0.0,0.0,0.0,0.0,0.0,0.0,0.0,0.0,0.0,0.0,0.0,0.0,0.0,3.879202267843846e-6,0.0,0.0,0.0,0.0,0.5952803131876863,0.42883669971024574,0.5981953510163294,0.5951199062401429,0.5861324000798049,0.6433435643193661,0.5438286866992712,0.622039098670939,0.06178280070321307,0.0862024232337717,0.07684580007844488,0.10136552606127225,0.09856461665598726,0.09894365604122868,0.08756948923837626,0.06643536705632869,0.06874310658076865,0.08227394051573356,0.07010292304130417,0.08099430026656695,0.055244500853291356,0.06387554445336718,5.923697170515277
t52,0.0,0.0,0.0,0.0,0.0,0.0,0.0,0.0,0.0,0.0,0.06796494092463945,0.0,0.034994028403657396,0.0,0.0,0.0,0.0,0.0,0.0,0.0,0.0,0.0,0.06288859674850755,0.0,0.04053813803772499,0.0,0.0,0.0,0.0,0.0,0.0,0.0,0.0,0.0,0.0,0.0,0.0,0.0,0.0,0.0,0.0,0.0,0.0,0.0,0.0,0.0,0.0,0.0,0.0,0.0,0.0,0.0,0.08117370019317605,0.0,0.0,0.0,0.0,0.0,0.0,0.0,0.0,0.05305090513330413,0.07187353756432913,0.07455145173685196,0.0,0.08287392997345933,0.0031949392348814354,0.04349924006202688,0.04672644428343872,0.023472746777543116,0.030309249725042217,0.018873896476268193,0.10315670882755512,0.014413236431902024,0.0741442013353435,0.5957857359826448,0.429659274082951,0.597850543421373,0.5945814183942275,0.5864351578711648,0.6429497003773577,0.5422258303369745,0.6219280774093932,0.061796787118737484,0.08633136197386193,0.07683059260762093,0.10074420738965273,0.09844592841581967,0.10732713803008664,0.0875702375851688,0.0665683118504603,0.06892479195448686,0.08167255177795596,0.07034013358043012,0.0810970361454475,0.052606148241807205,0.06499560820248007,6.644366464619754
t53,0.0,0.0,0.0,0.0,0.0,0.0,0.0,0.0,0.0,0.0,0.0677699221491821,0.0,0.06241734257122289,0.0,0.0,0.0,0.0,0.0,0.0,0.0,0.0,0.0,0.06408795695688241,0.0,0.05275048587714082,0.0,0.0,0.0,0.0,0.0,0.0,0.0,0.0,0.0,0.0,0.0,0.2466607262783569,0.0,0.0,0.0,0.0,0.0,0.0,0.0,0.0,0.0,0.0,0.0,0.0,0.0,0.0,0.0,0.08293453926671646,0.018409967246323006,0.23276326546106124,0.023819491316923826,0.4642117479902481,0.26719498866506797,0.15866738112808498,0.1194887513106217,0.5812628591920657,0.08240926118287462,0.12495448835397838,0.10588949126758962,0.12377220123016741,0.13342309417566867,0.12957479081620704,0.12434667084744433,0.09037730887279283,0.08269075842894791,0.08444948590624524,0.07303050332052996,0.12378790766524617,0.061717809809140656,0.10157646597917847,0.547839174818364,0.4287919303801573,0.5968744913188857,0.592997774554533,0.5873184207594022,0.6417955366632668,0.5424117040965939,0.6199684570601676,0.06172050394866346,0.08665835164356395,0.07735171773765614,0.10070793486374896,0.09891950413291539,0.10775731394824106,0.0879340276842413,0.06797586033781045,0.06541490698418784,0.08359644469783234,0.07272774950070016,0.08300495690067056,0.05332831706584784,0.06658762831648346,9.55612237067984
t54,0.0,0.0,0.0,0.0,0.0,0.0,0.0,0.0,0.0,0.0,0.0743500790501912,0.0,0.07493234697017215,0.0,0.0,0.0,0.0,0.0,0.0,0.0,0.0,0.0,0.07110070694830029,0.0,0.0670310699441643,0.0,0.0,0.0,0.0,0.0,0.0,0.0,0.0,0.0,0.0,0.0,0.37457010512503075,0.0,0.0,0.0,0.0,0.0,0.0,0.0,0.0,0.0,0.0,0.0,0.0,0.0,0.0,0.0,0.09069691923468781,0.43891371158604575,0.678040342999239,0.3440956086285266,0.7056267592852237,0.7671102024032734,0.5443631095438703,0.5426601757223051,0.760863846517168,0.09895183527441986,0.14603350266406778,0.13581208553659962,0.1577824220439652,0.16434953029238386,0.15951220498219243,0.1540930910705356,0.1183963287941392,0.11150144071697787,0.11223912230591276,0.09678818243577197,0.13238795156939887,0.08005903011403115,0.12129943535342136,0.5630055418951088,0.4252286870180342,0.6066011113252898,0.6051882099345676,0.599414340176736,0.6085002093022922,0.5559810291742906,0.6314343845879193,0.06856322913665736,0.09784752490486426,0.08610413308815623,0.12128075358486967,0.11795613644600067,0.12078501421638066,0.10515070029214257,0.07562621889292132,0.07810565907584532,0.09885671172924049,0.08057860020471708,0.09566933971821734,0.05921969634559332,0.07830683245128967,13.20296521061315
t55,0.0,0.0,0.0,0.0,0.0,0.0,0.0,0.0,0.0,0.0,0.07584762032342951,0.0,0.07907349198785596,0.0,0.0,0.0,0.0,0.0,0.0,0.0,0.0,0.0,0.06764469844245014,0.0,0.06649722388283408,0.0,0.0,0.0,0.0,0.0,0.0,0.0,0.0,0.0,0.0,0.0,1945.9750993305393,0.0,0.0,0.0,0.0,0.0,0.0,0.0,0.0,0.0,0.0,0.0,0.0,0.0,0.0,0.0,0.09330198607312923,2.354724422559239,17.019006527951092,1.130405232726037,13125.865124821168,16412.610661969753,1.7618669661978685,2.2745399568565245,14555.588190983923,0.10385995217075106,0.15853356214938685,0.13570017670281231,0.16416445735376328,0.16167030716314912,0.16666661055158727,0.16139870783081278,0.11826281870913657,0.11142961148859287,0.11066613069522552,0.1115772023786632,0.146597887534881,0.07907481687743356,0.11972382632393419,5682.197669026213,375.93301378768706,4087.473618651571,8417.533318722424,7771.175455761153,8054.560542838535,3852.2760823308445,9639.985941890962,0.0696446033103939,0.09391686804701749,0.08747089726375634,0.11221611176370061,0.11071004386939709,0.11356898057783837,0.10827770206014975,0.07240202980483446,0.07881745588110789,0.09943319162084663,0.08161615536027966,0.09753013317729264,0.059514735886267545,0.07837587420681302,93949.21044909254
t56,0.0,0.0,0.0,0.0,0.0,0.0,0.0,0.0,0.0,0.0,0.0763897186371878,0.0,0.07883526587283995,0.0,0.0,0.0,0.0,0.0,0.0,0.0,0.0,0.0,0.06685646340406493,0.0,0.06632256946068082,0.0,0.0,0.0,0.0,0.0,0.0,0.0,0.0,0.0,0.0,0.0,2524.4889449247166,0.0,0.0,0.0,0.0,0.0,0.0,0.0,0.0,0.0,0.0,0.0,0.0,0.0,0.0,0.0,0.09311450357199647,2.9088858312909274,19.310912366134065,1.3593184454260854,20244.52859305046,22771.829929611064,2.0921871615615903,2.7662793720096106,23110.952383216005,0.10312888798944186,0.1585646326711867,0.13466321890882682,0.1691826966125518,0.16007601229648571,0.1648853790774254,0.15983266540570185,0.11776722891517366,0.11125931631784658,0.10706183078864029,0.11326511752376833,0.14449394767871127,0.07837515291297859,0.11247708942119061,3784.4448918716034,216.24331010613665,3256.257476056693,10072.621027023499,7029.646493664313,9877.303653304025,4856.799721423926,10670.646701517391,0.06929069198747584,0.09512348238649793,0.08260511642720303,0.11493535727640847,0.11184649578978645,0.11583899526885943,0.10892127664010332,0.07130990405744342,0.07897920379991774,0.09948722253284359,0.08131370672367666,0.09789560387050567,0.059421133645088275,0.0774685775860462,118447.68169741171
t57,0.0,0.0,0.0,0.0,0.0,0.0,0.0,0.0,0.0,0.0,0.07308405064316048,0.0,0.07897612451142777,0.0,0.0,0.0,0.0,0.0,0.0,0.0,0.0,0.0,0.06679626556012863,0.0,0.06685441782428825,0.0,0.0,0.0,0.0,0.0,0.0,0.0,0.0,0.0,0.0,0.0,2882.2913855958227,0.0,0.0,0.0,0.0,0.0,0.0,0.0,0.0,0.0,0.0,0.0,0.0,0.0,0.0,0.0,0.08985926696095703,3.0812888183789515,19.5054956594035,1.5419476251500424,35795.412503501415,48162.41403688723,2.272418124989033,3.1673219652926545,48544.30536985339,0.1033192780232639,0.15818210231373087,0.1352770623198012,0.16912529745604843,0.16215778622427024,0.16434568001714922,0.16026079352013767,0.1185337357026155,0.11203888345344426,0.09758357376942767,0.11333502620912728,0.14228599396301433,0.07844758437999566,0.1142542679754115,4615.611501963444,214.56813462221626,4531.668378121745,15530.87156482575,9790.374649591035,12668.85240553604,6092.178826509404,16872.218831602317,0.06591639161368334,0.09526829604783416,0.08317311397104277,0.11951186942860659,0.11270229284165367,0.11577017607487505,0.1096673937227024,0.07122936751602538,0.07913839041657411,0.09959310917110997,0.07788455802517547,0.0977182792681448,0.062059425556810766,0.07740237771133707,205733.8078130352
t58,0.0,0.0,0.0,0.0,0.0,0.0,0.0,0.0,0.0,0.0,0.07000306597171857,0.0,0.07938476341178102,0.0,0.0,0.0,0.0,0.0,0.0,0.0,0.0,0.0,0.06661616812846205,0.0,0.06702371276776375,0.0,0.0,0.0,0.0,0.0,0.0,0.0,0.0,0.0,0.0,0.0,2975.84947718013,0.0,0.0,0.0,0.0,0.0,0.0,0.0,0.0,0.0,0.0,0.0,0.0,0.0,0.0,0.0,0.09009750123368576,3.1106024381134953,18.88958219580232,1.5922889901732857,36584.12356511514,49670.159479868016,2.277561350348266,3.3944875396900303,50666.77971453604,0.10463141546642873,0.15948737313738093,0.13754197023808956,0.16973639815114439,0.1599908016214613,0.16509764595337373,0.1594278849370312,0.11876537741695792,0.11215507340490971,0.10721273167119633,0.11402635671623296,0.14164422114845365,0.07858133239920351,0.10759359431131088,6285.703417246296,226.29958540757676,5626.249516989817,18057.586472432256,11123.37467100861,12985.375348376434,6110.8169543803515,20419.876667470548,0.05991800556563476,0.09491331489607546,0.0834455878953122,0.12156291749852244,0.11362924687058706,0.11845707846805453,0.11067546208687418,0.07097688216049391,0.0745615056321185,0.09961549656145507,0.07309065906491696,0.09775618290734367,0.062240089352997074,0.07688609387491852,220764.92613843625
t59,0.0,0.0,0.0,0.0,0.0,0.0,0.0,0.0,0.0,0.0,59.53577462534588,0.0,525.0470360283971,0.0,0.0,0.0,0.0,0.0,0.0,0.0,0.0,0.0,0.07135210849844498,0.0,0.06705259183399903,0.0,0.0,0.0,0.0,0.0,0.0,0.0,0.0,0.0,0.0,0.0,3037.1232077247196,0.0,0.0,0.0,0.0,0.0,0.0,0.0,0.0,0.0,0.0,0.0,0.0,0.0,0.0,0.0,0.09034812321624486,3.180389957185166,17.73826432513384,1.5457398107330091,32702.80282007507,39458.28908143926,2.234350087273281,3.582080037468364,40616.95715874806,851.9664058611597,1411.186650671967,1157.4629005706083,1548.0999281710247,1573.1817036048888,33.481071809744535,1536.5520919212722,0.10558372944490024,0.11210071841070324,0.11173240353115188,0.11391020815237607,0.1408857115311548,0.0792501800001979,0.12503798519219345,6631.190435240953,301.0843374322238,6004.862303786214,17683.1485976275,10836.387621746642,12497.971231103409,5920.32784789056,19568.095648139293,26.077704264835138,640.3230222843481,518.7270255229616,954.1979142866403,1.3375200073351465,954.7223530937026,869.0200121761864,0.07608870479953111,0.074691444031032,0.09896836172447365,0.0737486806161769,0.09781224553110635,0.06200735215503528,0.07518993137364305,207949.01599055223
t60,0.0,0.0,0.0,0.0,0.0,0.0,0.0,0.0,0.0,0.0,101.40473254045537,0.0,893.2301462010539,0.0,0.0,0.0,0.0,0.0,0.0,0.0,0.0,0.0,0.07094247377153806,0.0,0.06707254804371132,0.0,0.0,0.0,0.0,0.0,0.0,0.0,0.0,0.0,0.0,0.0,2817.494520522947,0.0,0.0,0.0,0.0,0.0,0.0,0.0,0.0,0.0,0.0,0.0,0.0,0.0,0.0,0.0,0.08977658678577427,3.1604155560402067,15.64106075052717,1.4893106236542055,18516.76484669774,19870.294857368688,2.139771682489683,3.5104973220163616,20772.593855824904,2195.043887206146,3855.4179967938107,3131.1647067167796,4240.940108717536,4251.641080524816,33.09836939616081,4208.8071014612215,0.10971522681937351,0.111945087161609,0.11354741322149475,0.11353198325354352,0.1509162270813249,0.08006192820502323,0.12464933199908046,5855.365429451189,568.7732518905675,5502.884483846421,12165.255040494856,8199.053060205431,9964.387417504036,5071.03935349501,12954.272449961805,44.04192402010289,1162.3147856809096,915.5611428803318,2357.4790845003463,1.4290927920011496,2365.0017812148544,2113.340652069295,0.07539891547457955,0.07380713644397474,0.09741562095587142,0.07757677924223572,0.0977759503218254,0.06224612779800509,0.07823012997232581,154155.6308253807
t61,0.0,0.0,0.0,0.0,0.0,0.0,0.0,0.0,0.0,0.0,147.6578591139435,0.0,366.728499041777,0.0,0.0,0.0,0.0,0.0,0.0,0.0,0.0,0.0,0.06907281082862937,0.0,0.06704374497064691,0.0,0.0,0.0,0.0,0.0,0.0,0.0,0.0,0.0,0.0,0.0,2654.8742619869745,0.0,0.0,0.0,0.0,0.0,0.0,0.0,0.0,0.0,0.0,0.0,0.0,0.0,0.0,0.0,0.08956605614548607,3.24727516543736,12.401906625031364,1.455432182301173,15266.657423684053,16429.97040900262,1.9976414002256244,3.3733590983733284,16827.43960426282,533.2545716865425,854.4923455048702,706.9683524114225,927.5039645467186,947.4759800877655,27.960619754198028,926.1773985892069,0.10552141718046482,0.11164101553030004,0.11179248820881549,0.11218842266572082,0.15027661703061312,0.08025234505899426,0.12129901794469333,5534.00709021146,1046.404001559345,5298.235881939017,10133.750307794275,7081.733674132405,8946.790434922576,4653.903845528381,10615.14844281206,70.53407586977075,458.3305992437422,413.22436311747606,601.8759938029889,1.533885610650198,600.1155835383615,551.8777896129559,0.07312381399606238,0.07836531628890953,0.095894148294974,0.07973686147624903,0.09768921295444799,0.06464918794301866,0.07848699759438205,112648.68947331386
t62,0.0,0.0,0.0,0.0,0.0,0.0,0.0,0.0,0.0,0.0,0.07235625908879229,0.0,0.07892783733996112,0.0,0.0,0.0,0.0,0.0,0.0,0.0,0.0,0.0,0.07131582823558347,0.0,0.06373460507484197,0.0,0.0,0.0,0.0,0.0,0.0,0.0,0.0,0.0,0.0,0.0,2565.6065101432705,0.0,0.0,0.0,0.0,0.0,0.0,0.0,0.0,0.0,0.0,0.0,0.0,0.0,0.0,0.0,0.09058152000761766,3.197482484043388,8.993623791867357,1.3967773687629015,15290.913501530391,16232.103900709073,1.7118151269241024,3.1035668802515635,16585.513576980447,0.10376578115028678,0.15923051806748845,0.13658296524954494,0.1676598833873868,0.1690583528688876,0.16850653387015768,0.16638172918464988,0.11858320674204759,0.10249270480324624,0.09519759831504732,0.09761541083840497,0.1504421459394507,0.07585858166017068,0.11274259006313514,5706.647530561566,1283.8144477042883,5768.49637715252,10047.294380064042,6964.029787563635,9116.344624146634,5130.270950968374,10461.630428679455,0.06600099156031547,0.09437711786904401,0.08769464100578261,0.11787883457509452,0.11249489236829113,0.11493700140272267,0.10860398654585879,0.0760032039181624,0.07700975366606144,0.0957926717637747,0.08139481878697552,0.09705951919652023,0.06203368358984562,0.07841179923684649,105174.5400088229
t63,0.0,0.0,0.0,0.0,0.0,0.0,0.0,0.0,0.0,0.0,0.07623294756785981,0.0,0.07898617705131983,0.0,0.0,0.0,0.0,0.0,0.0,0.0,0.0,0.0,0.07137524564404885,0.0,0.06440197207268739,0.0,0.0,0.0,0.0,0.0,0.0,0.0,0.0,0.0,0.0,0.0,2469.2542991264268,0.0,0.0,0.0,0.0,0.0,0.0,0.0,0.0,0.0,0.0,0.0,0.0,0.0,0.0,0.0,0.0907468950981638,3.1260212707890513,6.778318664180709,1.2773904802739051,15401.163698266755,16317.648696143064,1.3596315491733952,2.729551005241294,16614.33142176026,0.1038236276472162,0.14519790565827861,0.13654809261788614,0.16871895897202194,0.16915373042866122,0.15896013854336388,0.16572300373809412,0.11063549142393425,0.10272073185122887,0.0806547841237989,0.09698426785663561,0.15077962720533833,0.07591008225201268,0.12829901862642146,5955.050018059186,1746.3378376871278,6125.470710535108,10009.52474815317,6999.95506940686,9529.678410907523,6562.782012337886,10419.729658279153,0.06943916400967964,0.09281638803713577,0.0866741040326815,0.12393405626062304,0.1118115501869843,0.12387344244780252,0.10790149450440367,0.07615190477531542,0.07887150628494055,0.09629903519453364,0.08017296645311944,0.08866979341571801,0.06215406483272545,0.07748519936365028,108169.64960100036
t64,0.0,0.0,0.0,0.0,0.0,0.0,0.0,0.0,0.0,0.0,0.07589118352643709,0.0,0.07424800947342192,0.0,0.0,0.0,0.0,0.0,0.0,0.0,0.0,0.0,0.07029472628255462,0.0,0.061132315158204165,0.0,0.0,0.0,0.0,0.0,0.0,0.0,0.0,0.0,0.0,0.0,2312.305979047563,0.0,0.0,0.0,0.0,0.0,0.0,0.0,0.0,0.0,0.0,0.0,0.0,0.0,0.0,0.0,0.0931716501218034,2.9479774542616384,4.682482489819333,1.1774516488559628,13723.151703774958,16337.574218106456,0.9970262832071105,2.2118491532452373,16560.387262094533,0.09724763669146341,0.15057343094667885,0.13555985895072808,0.16135571320774034,0.16882426202937495,0.16139564720654676,0.164892676693853,0.10186132914926427,0.0925021686840688,0.06327552468615145,0.09659435866954208,0.15064790105680004,0.07029897001355934,0.12832272426021518,6547.933850163521,1959.1976182502117,6498.5646972763825,9740.553418686803,7214.927285551428,9603.097885287563,7472.580454857867,10196.37479322934,0.06962043573065557,0.09871986898724572,0.08614068117094575,0.1229677292285487,0.09997217554625415,0.11866430476948153,0.10783016370987752,0.07455727031128845,0.0739067871950283,0.09780637545190984,0.08103024662659664,0.08757555102176406,0.06149413770231149,0.07713239094266555,108182.04146156121
t65,0.0,0.0,0.0,0.0,0.0,0.0,0.0,0.0,0.0,0.0,0.019085916107997036,0.0,0.01893818353721599,0.0,0.0,0.0,0.0,0.0,0.0,0.0,0.0,0.0,0.06823144433343487,0.0,0.06143766710096088,0.0,0.0,0.0,0.0,0.0,0.0,0.0,0.0,0.0,0.0,0.0,2027.1049983327753,0.0,0.0,0.0,0.0,0.0,0.0,0.0,0.0,0.0,0.0,0.0,0.0,0.0,0.0,0.0,0.0925076588337106,2.492668963588298,3.111603090408604,1.0000963396219626,12479.52949343517,15163.950534509262,0.6608402944394756,1.4722599024297887,15311.706186420051,0.018641214521267102,0.032631706053507514,0.026389137714431854,0.03329140864661895,0.03697631535760593,0.03453861043440831,0.03910067767719738,0.10037533701099244,0.09193791952746722,0.049340830297458796,0.11275522011301142,0.15026380273047835,0.057963585214747315,0.11170293636314454,6729.98085781285,2291.3038789263896,6475.165389648086,8969.230092153164,7383.035886873149,9580.58297081021,7047.297104643381,9562.213124544367,0.018807239555144406,0.019413745854762965,0.01743850724233198,0.022923186650587013,0.02144756534755876,0.025159040720609482,0.01990037361974828,0.07313095568747485,0.07483030338380559,0.09625264546048129,0.08133960322084022,0.08152288163049332,0.0594839902335309,0.07676009887632063,103031.68250640841
t66,0.0,0.0,0.0,0.0,0.0,0.0,0.0,0.0,0.0,0.0,0.020338858314516983,0.0,0.01999193362601659,0.0,0.0,0.0,0.0,0.0,0.0,0.0,0.0,0.0,0.02620919694697932,0.0,0.02401961686376808,0.0,0.0,0.0,0.0,0.0,0.0,0.0,0.0,0.0,0.0,0.0,0.2728101087036521,0.0,0.0,0.0,0.0,0.0,0.0,0.0,0.0,0.0,0.0,0.0,0.0,0.0,0.0,0.0,0.025472129627814866,0.4321897525882781,0.34767342555312464,0.3222188433200728,0.45096004800871015,0.5296932472265325,0.19241958281774502,0.3225899183144155,0.4950620749150403,0.024912242402024276,0.03233564526090049,0.030236893355322536,0.033929442244698294,0.0351104346482316,0.03392795259101611,0.035381234672968276,0.03188213592419725,0.028675088671824667,0.019347831806831847,0.031146076255580135,0.03625917434692383,0.017961724960193902,0.02749986628896295,0.3932474840985378,0.3128384687288417,0.390826439808734,0.4066234315614565,0.38092525139654754,0.4305049057365977,0.37495782770201913,0.4127341176063055,0.01916925684048465,0.022858451628053444,0.021724288460973185,0.02682358732818102,0.027395223350732745,0.025550497834046837,0.024415526360826334,0.027484509555733894,0.02835191844064866,0.026219016674076556,0.02950943364749037,0.029754955643629954,0.024087565639717923,0.02919856769165108,7.365455205991629
t67,0.0,0.0,0.0,0.0,0.0,0.0,0.0,0.0,0.0,0.0,0.021174232808789384,0.0,0.012874425817434698,0.0,0.0,0.0,0.0,0.0,0.0,0.0,0.0,0.0,0.02538252829947396,0.0,0.016778281223031044,0.0,0.0,0.0,0.0,0.0,0.0,0.0,0.0,0.0,0.0,0.0,0.2517202517626629,0.0,0.0,0.0,0.0,0.0,0.0,0.0,0.0,0.0,0.0,0.0,0.0,0.0,0.0,0.0,0.0348097886708274,0.20574708673219472,0.07449294669051483,0.04885983513125221,0.4437487697468896,0.49770312912005465,0.01593324582890367,0.04510637744584841,0.497521737794159,0.018525901363020125,0.025778649157018663,0.021766421930294655,0.034756569504679646,0.03448093378347039,0.027842368792576733,0.03567664224283362,0.00875021690154687,0.009168696741572365,0.0017185253200188977,0.010843371577429102,0.05099083673849236,0.0013514876859073966,0.0376599728015492,0.3741532992789871,0.30892781430975447,0.36705377527323435,0.3958246375186718,0.37028036932315445,0.3941720890652505,0.3477052312755404,0.40677403388690436,0.01978119216119012,0.02369531462500163,0.02220721031994799,0.028137765679275617,0.027318240246810177,0.02587225372190005,0.02590040902578039,0.02658817545079728,0.028895341239149275,0.037690699529775884,0.029168236714667728,0.03368038158929332,0.02414435203678522,0.029709692115147845,5.858843745999466
t68,0.0,0.0,0.0,0.0,0.0,0.0,0.0,0.0,0.0,0.0,0.020550657314743148,0.0,0.0,0.0,0.0,0.0,0.0,0.0,0.0,0.0,0.0,0.0,0.026971981998258343,0.0,0.0,0.0,0.0,0.0,0.0,0.0,0.0,0.0,0.0,0.0,0.0,0.0,0.0,0.0,0.0,0.0,0.0,0.0,0.0,0.0,0.0,0.0,0.0,0.0,0.0,0.0,0.0,0.0,0.03409509059929405,0.0,0.0,0.0,0.01861507303040355,0.0235379940867233,0.0,0.0,0.02399408341648268,0.0,0.0,0.0,0.0,0.0,0.0,0.0,0.0,0.0,0.0,0.0,0.0,0.0,0.0,0.027414285774284508,0.021945348663393816,0.02741756480827462,0.027686778652423527,0.02729737492336426,0.028186768351588398,0.024533481844628113,0.028115498906117864,0.01934080189141696,0.024616483396130207,0.022512148961254752,0.026415517157147406,0.02740337441364038,0.025560970381775405,0.025034681930264924,0.028210988068167353,0.029122852479531502,0.03843933197640581,0.02891774993395302,0.03429579183795395,0.02389575415480749,0.028857613965101336,0.7429860429175307
t69,0.0,0.0,0.0,0.0,0.0,0.0,0.0,0.0,0.0,0.0,0.020768178226944656,0.0,0.0,0.0,0.0,0.0,0.0,0.0,0.0,0.0,0.0,0.0,0.026752836077548636,0.0,0.0,0.0,0.0,0.0,0.0,0.0,0.0,0.0,0.0,0.0,0.0,0.0,0.0,0.0,0.0,0.0,0.0,0.0,0.0,0.0,0.0,0.0,0.0,0.0,0.0,0.0,0.0,0.0,0.03555583438355825,0.0,0.0,0.0,0.0,0.0,0.0,0.0,0.0,0.0,0.0,0.0,0.0,0.0,0.0,0.0,0.0,0.0,0.0,0.0,0.0,0.0,0.0,0.3749336438777391,0.304469311478897,0.3686763678560965,0.3827938658869243,0.3729686517617665,0.3978077951396699,0.360518310120824,0.3885137368051801,0.019354923741161656,0.02493578549274389,0.022324029423771208,0.02711505959086935,0.02759264114599347,0.02540255577332573,0.024437059450065135,0.02794164497709062,0.029224823790627852,0.0384773562909686,0.02973485632219308,0.03487226299935725,0.023638015805204304,0.029767306931262283,3.4185768533497836
t70,0.0,0.0,0.0,0.0,0.0,0.0,0.0,0.0,0.0,0.0,0.020411377804407493,0.0,0.0,0.0,0.0,0.0,0.0,0.0,0.0,0.0,0.0,0.0,0.025388105920569615,0.0,0.0,0.0,0.0,0.0,0.0,0.0,0.0,0.0,0.0,0.0,0.0,0.0,0.0,0.0,0.0,0.0,0.0,0.0,0.0,0.0,0.0,0.0,0.0,0.0,0.0,0.0,0.0,0.0,0.03540214394161012,0.0,0.0,0.0,0.0,0.0,0.0,0.0,0.0,0.0,0.0,0.0,0.0,0.0,0.0,0.0,0.0,0.0,0.0,0.0,0.0,0.0,0.0,0.398007343748759,0.31325005074904766,0.4152221447729971,0.4074469876359217,0.3952289268854656,0.41367782728775637,0.36512075250357157,0.41430338012287393,0.01859326955036522,0.024204476467275526,0.02138508540474504,0.026854923871724168,0.02721117323540878,0.02524389656173298,0.025257375496948953,0.026613963909312588,0.029041013778169145,0.038430865155532956,0.030443025498243514,0.03566262526815278,0.02416392893377406,0.029486622646800242,3.586051287151166
t71,0.0,0.0,0.0,0.0,0.0,0.0,0.0,0.0,0.0,0.0,0.02007704432710966,0.0,0.0,0.0,0.0,0.0,0.0,0.0,0.0,0.0,0.0,0.0,0.026512987881119443,0.0,0.0,0.0,0.0,0.0,0.0,0.0,0.0,0.0,0.0,0.0,0.0,0.0,0.0,0.0,0.0,0.0,0.0,0.0,0.0,0.0,0.0,0.0,0.0,0.0,0.0,0.0,0.0,0.0,0.034765803389746,0.0,0.0,0.0,0.0,0.0,0.0,0.0,0.0,0.0,0.0,0.0,0.0,0.0,0.0,0.0,0.0,0.0,0.0,0.0,0.0,0.0,0.0,0.3993582406474161,0.29099626656079636,0.4152959040584392,0.4075582722580293,0.3955841778370086,0.3999248237014399,0.35634360877156723,0.4176939659373602,0.01791885066026566,0.024392779018853616,0.021871817486498912,0.02452444705340895,0.027051265136958325,0.02514975761732785,0.025104560389081598,0.02797720631122047,0.029279220264811556,0.03818300690545584,0.0306748748823793,0.035701284969744895,0.023355152824109382,0.029296207016159315,3.5445915259063074
t72,0.0,0.0,0.0,0.0,0.0,0.0,0.0,0.0,0.0,0.0,0.02073587644588315,0.0,0.0,0.0,0.0,0.0,0.0,0.0,0.0,0.0,0.0,0.0,0.026512129262471262,0.0,0.0,0.0,0.0,0.0,0.0,0.0,0.0,0.0,0.0,0.0,0.0,0.0,0.0,0.0,0.0,0.0,0.0,0.0,0.0,0.0,0.0,0.0,0.0,0.0,0.0,0.0,0.0,0.0,0.03550458531753975,0.0,0.0,0.0,0.0,0.0,0.0,0.0,0.0,0.0,0.0,0.0,0.0,0.0,0.0,0.0,0.0,0.0,0.0,0.0,0.0,0.0,0.0,0.3977354549933807,0.3139291982670329,0.4127956907614134,0.40574819421453867,0.39438754096772755,0.43210498367989203,0.3850324008380994,0.4197712046079687,0.01935699589603246,0.0242419218775467,0.022580888552738543,0.025096061606745934,0.027539949374071337,0.0248024582178914,0.02392064910600311,0.0282655439947348,0.02887465396861444,0.03850899332246627,0.030730772622291624,0.035953744391640674,0.02215848717074209,0.029289745475580276,3.625578124933047
t73,0.0,0.0,0.0,0.0,0.0,0.0,0.0,0.0,0.0,0.0,0.02043332349535376,0.0,0.0,0.0,0.0,0.0,0.0,0.0,0.0,0.0,0.0,0.0,0.025254476783800328,0.0,0.0,0.0,0.0,0.0,0.0,0.0,0.0,0.0,0.0,0.0,0.0,0.0,0.0,0.0,0.0,0.0,0.0,0.0,0.0,0.0,0.0,0.0,0.0,0.0,0.0,0.0,0.0,0.0,0.035768355744949076,0.0,0.0,0.0,0.0,0.0,0.0,0.0,0.0,0.0,0.0,0.0,0.0,0.0,0.0,0.0,0.0,0.0,0.0,0.0,0.0,0.0,0.0,0.3973541606683284,0.31385595167830616,0.41075264375831466,0.40357554241927573,0.39402703790256055,0.43073457275750116,0.3828581437119283,0.42097907377319643,0.019224721172292902,0.0249970172153553,0.02269150025745148,0.025606949948269175,0.027559916721451194,0.02428674714610679,0.022882033783389488,0.027305108297071,0.02810947653443918,0.03879246719952789,0.030751241306461452,0.03603269187831337,0.019888837335983567,0.029047980253380956,3.6127699717430084
t74,0.0,0.0,0.0,0.0,0.0,0.0,0.0,0.0,0.0,0.0,0.020188209191928763,0.0,0.0,0.0,0.0,0.0,0.0,0.0,0.0,0.0,0.0,0.0,0.023497910086078377,0.0,0.0,0.0,0.0,0.0,0.0,0.0,0.0,0.0,0.0,0.0,0.0,0.0,0.0,0.0,0.0,0.0,0.0,0.0,0.0,0.0,0.0,0.0,0.0,0.0,0.0,0.0,0.0,0.0,0.034734258108073846,0.0,0.0,0.0,0.0,0.0,0.0,0.0,0.0,0.0,0.0,0.0,0.0,0.0,0.0,0.0,0.0,0.0,0.0,0.0,0.0,0.0,0.0,0.3980440666928189,0.31380538659504964,0.4104788949043723,0.40319218545482727,0.396157389957807,0.43009868497028947,0.3819990877964301,0.4211407703915029,0.0190685349227806,0.02445743924999988,0.022710082303888157,0.026612203335389495,0.02748006232521294,0.025924067333107814,0.02263530635536881,0.025687572787319368,0.028238162554544033,0.03785128584786435,0.030724114351414755,0.03515690126028781,0.019568398993300207,0.028909187266435765,3.608360163036093
t75,0.0,0.0,0.0,0.0,0.0,0.0,0.0,0.0,0.0,0.0,0.020114740189455915,0.0,0.0,0.0,0.0,0.0,0.0,0.0,0.0,0.0,0.0,0.0,0.019803225882849773,0.0,0.0,0.0,0.0,0.0,0.0,0.0,0.0,0.0,0.0,0.0,0.0,0.0,0.0,0.0,0.0,0.0,0.0,0.0,0.0,0.0,0.0,0.0,0.0,0.0,0.0,0.0,0.0,0.0,0.03333175447551184,0.0,0.0,0.0,0.0,0.0,0.0,0.0,0.0,0.0,0.0,0.0,0.0,0.0,0.0,0.0,0.0,0.0,7.338973282045974e-6,0.0,0.0,0.0,0.0,0.39945567240647506,0.3139554114359271,0.4107942819100572,0.40224460131139494,0.3960696804642794,0.42931304543162696,0.38071369657700416,0.42067586196935736,0.019017428675624615,0.024466271915116522,0.022708634846708264,0.027668051059663412,0.027044015358144713,0.025985878972278442,0.024230524821177823,0.022063755978990685,0.028187406405891124,0.036719163530506194,0.030638007790457777,0.034283656723001266,0.015668934396201095,0.02899071123556496,3.5941517527365483
t76,0.0,0.0,0.0,0.0,0.0,0.0,0.0,0.0,0.0,0.0,0.020105939204995593,0.0,0.013006136239610555,0.0,0.0,0.0,0.0,0.0,0.0,0.0,0.0,0.0,0.02200830018008304,0.0,0.017124055730780796,0.0,0.0,0.0,0.0,0.0,0.0,0.0,0.0,0.0,0.0,0.0,0.0,0.0,0.0,0.0,0.0,0.0,0.0,0.0,0.0,0.0,0.0,0.0,0.0,0.0,0.0,0.0,0.029446998061757768,0.0,0.0,0.0,0.0,0.0,0.0,0.0,0.0,0.018703246608268387,0.022260874016694743,0.02378249042101288,0.0,0.02666840706280027,0.0008325068725110399,0.01594337794163181,0.022268344802947884,0.010054616864231241,0.02624185093739461,0.01798239318779616,0.04471866115454759,0.019285012237078486,0.03552283399483258,0.3998745856806636,0.31397690396624967,0.4110432250527083,0.4014118876802968,0.39393610930710565,0.4277883522299817,0.37949751803535037,0.4189319346914999,0.019027809376893856,0.023629960656762705,0.022475312834103534,0.027850213098645327,0.02631395630652078,0.024609895634057466,0.022826167318271473,0.02425964236479672,0.02850842417763033,0.032242743829556275,0.029781056621459356,0.03041090847634964,0.019886872506152287,0.02708002350800598,3.891319548872037
t77,0.0,0.0,0.0,0.0,0.0,0.0,0.0,0.0,0.0,0.0,0.01873228211957212,0.0,0.020069148396828496,0.0,0.0,0.0,0.0,0.0,0.0,0.0,0.0,0.0,0.028002314456429644,0.0,0.027865073684409936,0.0,0.0,0.0,0.0,0.0,0.0,0.0,0.0,0.0,0.0,0.0,0.17146059751455844,0.0,0.0,0.0,0.0,0.0,0.0,0.0,0.0,0.0,0.0,0.0,0.0,0.0,0.0,0.0,0.04079544650085154,0.0068653879934504405,0.21347568857494625,0.020030348394192293,0.35287720725636973,0.209955052311809,0.08561065453446404,0.12313696449443012,0.3808342468846604,0.022580665775876696,0.02009871869813651,0.01935778807819588,0.022704112700012047,0.026417018609208753,0.02463178660625065,0.02728926401141507,0.04513582144734296,0.04237224230956052,0.043204871800615746,0.043215213535025554,0.061030741984723136,0.0308892360662488,0.050438551861589076,0.398895774706034,0.3139841049378447,0.4100476639214321,0.39963248735148227,0.3918557569922996,0.424489287979668,0.3774430906123598,0.41480545958620496,0.018291505429260724,0.019307247782307968,0.02189015075146017,0.022417183441575617,0.02387045287883005,0.019558158572181128,0.016430361200036714,0.030584657697431794,0.034371060009561916,0.04638798867017613,0.036586959676697006,0.04232732654597521,0.02385284001005772,0.033745829570762,5.699851794924814
t78,0.0,0.0,0.0,0.0,0.0,0.0,0.0,0.0,0.0,0.0,0.029927933775866222,0.0,0.03282183074088607,0.0,0.0,0.0,0.0,0.0,0.0,0.0,0.0,0.0,0.029101740125582864,0.0,0.028382881945105964,0.0,0.0,0.0,0.0,0.0,0.0,0.0,0.0,0.0,0.0,0.0,0.2556994754444304,0.0,0.0,0.0,0.0,0.0,0.0,0.0,0.0,0.0,0.0,0.0,0.0,0.0,0.0,0.0,0.04109766720648622,0.2434264896846216,0.4747715454079682,0.26698210786081666,0.4735723840421997,0.5065267683239654,0.3145617050597749,0.4212038640974649,0.5041465003159828,0.0411705134465592,0.059454427639138885,0.049273990727670025,0.06262788397725672,0.0652751444504247,0.060378561267505404,0.06190708771464415,0.04506242241929559,0.045566323775320994,0.04590005788270257,0.05096370422036528,0.06310325011145324,0.032186691721238,0.050951622993125056,0.4106180230155587,0.31514294851422164,0.42572045650013024,0.4156898531728075,0.40512259837123565,0.44156853648019023,0.3906455603428185,0.42837170272832736,0.027845944711998527,0.03768159111314162,0.03447187819710962,0.04681923595671833,0.03918273836404118,0.04793805893859826,0.04148175142836408,0.03163905389538968,0.034744512021234186,0.043544000460315146,0.036698830673685734,0.038235619133590415,0.026574961796370644,0.03530947297554121,8.111091905169241
t79,0.0,0.0,0.0,0.0,0.0,0.0,0.0,0.0,0.0,0.0,0.030927769392690152,0.0,0.032429088462095024,0.0,0.0,0.0,0.0,0.0,0.0,0.0,0.0,0.0,96.4150693152232,0.0,133.73877057068944,0.0,0.0,0.0,0.0,0.0,0.0,0.0,0.0,0.0,0.0,0.0,1036.2672902857134,0.0,0.0,0.0,0.0,0.0,0.0,0.0,0.0,0.0,0.0,0.0,0.0,0.0,0.0,0.0,1141.8300284527468,1.2156701547677728,17.226125380373148,0.9796305449810323,8050.2727343117,8475.636978445866,1.032941643710949,2.638264757022944,8593.650711987342,0.04094526101835072,0.062560721533373,0.05361131235258654,0.06143675383646041,0.0629192039341433,0.06534211563337067,0.06149586038372945,0.5782918499982816,0.29722072054186405,0.1747327633015655,0.31827032493949553,2151.587350946211,0.20586637602340854,1597.2684725517947,5159.300567841448,1178.6764117887644,5359.0328355884885,5207.782828977095,5668.086623765084,5805.573001732751,4729.31086328582,6150.321274332324,0.028242793706311886,0.038382536177323345,0.0288463699519923,0.04599592571503308,0.03502492122926512,0.0487973911986046,0.0421832196352625,181.85583347768414,311.68891074142573,1211.563534233168,535.4292977796438,0.052526023373374704,34.50118300284285,467.1073219344451,73302.35657713146
t80,0.0,0.0,0.0,0.0,0.0,0.0,0.0,0.0,0.0,0.0,0.030989871351380316,0.0,0.03206673512522684,0.0,0.0,0.0,0.0,0.0,0.0,0.0,0.0,0.0,72.28270108075301,0.0,136.52126218398672,0.0,0.0,0.0,0.0,0.0,0.0,0.0,0.0,0.0,0.0,0.0,1408.0448301573708,0.0,0.0,0.0,0.0,0.0,0.0,0.0,0.0,0.0,0.0,0.0,0.0,0.0,0.0,0.0,4239.621544906295,1.7252443566360787,20.212105436831166,1.26523823877915,8046.932352355885,9415.0336614548,1.416989907533396,3.2831156431139417,9579.122263627418,0.040606726204714505,0.0626300684234593,0.053229807715979405,0.06535865462501533,0.06688819108239841,0.06541873493411998,0.06056219091988169,1.0109844701093604,0.27964673763888304,0.22037110316069247,0.2800441497949895,8454.320708330313,0.2738600864028766,3549.21060826728,5173.931190808111,810.6362213180184,5370.629479583702,4307.286376405455,5207.69986698568,5992.153004390399,4695.527741386435,5646.974556618905,0.028131754462464187,0.03836910632753643,0.027981087900840862,0.045406734058815346,0.03362155392192212,0.04863834636853426,0.04226951821510738,133.84300082690532,207.17913767179584,2969.060791331608,438.38179672845894,0.01672710489718213,36.968481582194826,461.0816239267899,86383.1696982451
t81,0.0,0.0,0.0,0.0,0.0,0.0,0.0,0.0,0.0,0.0,0.030840414180033804,0.0,0.03205132208222494,0.0,0.0,0.0,0.0,0.0,0.0,0.0,0.0,0.0,0.03915370930434392,0.0,0.03916189341794052,0.0,0.0,0.0,0.0,0.0,0.0,0.0,0.0,0.0,0.0,0.0,1742.1277236753613,0.0,0.0,0.0,0.0,0.0,0.0,0.0,0.0,0.0,0.0,0.0,0.0,0.0,0.0,0.0,0.054205133787036175,2.146016496887403,20.5075997515393,1.3956011540374471,8032.431388991157,9665.849672636366,1.6547171362256687,3.6834283931193004,9993.875302566914,0.04020944861258613,0.06186976487515494,0.05241746874526143,0.06363490357762203,0.0665888741496019,0.0646413550967253,0.057905510169803165,0.06735803963198883,0.0637457317080743,0.07483050663387814,0.07096722330726368,0.08880290162051097,0.043315145565995805,0.07464746902223851,5516.379022898087,1004.5563583384028,5753.753516940462,4276.517408522332,5443.17055727158,6307.772467067822,4755.429146469094,5779.902966742051,0.02824871677671581,0.03839006567295655,0.02722549389004314,0.0453870469427784,0.03779695270397465,0.048151174945815,0.04200183390821621,0.04256484870927579,0.04461236029214888,0.059584469761830405,0.046613963935215,0.013410356874902132,0.03248784983443187,0.0466088525951136,68302.79232585378
t82,0.0,0.0,0.0,0.0,0.0,0.0,0.0,0.0,0.0,0.0,0.030336471607313342,0.0,0.03197129991531256,0.0,0.0,0.0,0.0,0.0,0.0,0.0,0.0,0.0,0.025780505150009958,0.0,0.026329778041827012,0.0,0.0,0.0,0.0,0.0,0.0,0.0,0.0,0.0,0.0,0.0,1974.5477149260582,0.0,0.0,0.0,0.0,0.0,0.0,0.0,0.0,0.0,0.0,0.0,0.0,0.0,0.0,0.0,0.03661772078703507,2.461397300876895,19.879875815848134,1.4279158784596295,9547.709982092492,9815.355002182536,1.7307248279854635,3.6530170081973132,10081.762680215645,0.03959801087694359,0.06045465636998415,0.050752717987052165,0.06554563093231991,0.06560564247774892,0.06280861599533694,0.06219798017991707,0.04425120445700781,0.04322338068953835,0.053474785917038914,0.04883194095283805,0.061396361561492085,0.029949615637926197,0.05069996059137338,5761.575045092744,984.2876784707623,6075.344377489837,4714.064610525149,5624.312309103978,6520.566315652592,5032.836457403046,5733.069436579241,0.02715642084791625,0.03743123856565944,0.03292733155763017,0.04590025646484719,0.04191589086460079,0.04742248500770074,0.041696873155160574,0.02799432373811328,0.03019002469920906,0.04022170856296725,0.031121708655177827,0.023201166146775518,0.022448679328803678,0.031466133927324336,71895.9554610871
t83,0.0,0.0,0.0,0.0,0.0,0.0,0.0,0.0,0.0,0.0,0.030106634220032902,0.0,0.03176075975579806,0.0,0.0,0.0,0.0,0.0,0.0,0.0,0.0,0.0,0.030764102436165786,0.0,0.029785395942894866,0.0,0.0,0.0,0.0,0.0,0.0,0.0,0.0,0.0,0.0,0.0,2135.308325237496,0.0,0.0,0.0,0.0,0.0,0.0,0.0,0.0,0.0,0.0,0.0,0.0,0.0,0.0,0.0,0.04132951735300594,2.6787449908472185,18.77978150006129,1.417776015613677,9338.311090087256,9701.665280462359,1.8155492462885237,3.488332016867764,9920.935616625124,0.03932362342311535,0.06038774873013608,0.050484641833463684,0.06507873407099396,0.06536562663677614,0.0618896577381669,0.062014544557314366,0.048815164446731174,0.0490467731830424,0.05847211876914571,0.054249764389711075,0.06616764492355287,0.03326526826694809,0.057057209274717025,5832.743912074344,971.7431211628659,6163.101988476155,5026.193357728182,5659.700155642848,6587.691765763455,5347.0947442244105,5826.483284016464,0.02798546409684377,0.03880272835340293,0.03454180439996435,0.046199930176953785,0.042756438095872706,0.04698095635467325,0.041505171542667085,0.033349501990244335,0.03508280612538783,0.044898008738528006,0.036544916696811924,0.03372200217330337,0.025309410003316657,0.03572502183624238,72540.61159436117
t84,0.0,0.0,0.0,0.0,0.0,0.0,0.0,0.0,0.0,0.0,0.031699534992867484,0.0,0.03203387634448518,0.0,0.0,0.0,0.0,0.0,0.0,0.0,0.0,0.0,0.031545394150668926,0.0,0.029623370253489156,0.0,0.0,0.0,0.0,0.0,0.0,0.0,0.0,0.0,0.0,0.0,2172.3790509337464,0.0,0.0,0.0,0.0,0.0,0.0,0.0,0.0,0.0,0.0,0.0,0.0,0.0,0.0,0.0,0.04177764547421248,2.71419514923942,17.047230108562925,1.3728919545956328,9438.73245715446,9948.428867922514,1.8277036028411913,3.244082053154954,9944.55026185268,0.040029056941421004,0.061546336830360815,0.051527830408304,0.0654491459717974,0.06627238015062176,0.06626041942909211,0.0629399022727739,0.05400334530855577,0.04908503905207007,0.058498189223008756,0.052942539206722206,0.0663801547489129,0.03309323457155633,0.05748426768332138,5986.219221588326,1189.4630282718772,6361.863447260999,5994.89932533004,5725.296520518237,6863.7926633478855,5816.461893211301,6241.5595646113,0.029411822302449764,0.03781365556824312,0.0342224230660122,0.04547271436058509,0.04219413399265726,0.04677224713668693,0.04111811177426716,0.033766259451113,0.03498053622149655,0.04461684196576243,0.036659748201827824,0.03894037612946999,0.026414899344459286,0.03542053949240653,75711.3324008438
t85,0.0,0.0,0.0,0.0,0.0,0.0,0.0,0.0,0.0,0.0,0.03068634704732176,0.0,0.032116728849814535,0.0,0.0,0.0,0.0,0.0,0.0,0.0,0.0,0.0,0.030887670096831243,0.0,0.029492933936353438,0.0,0.0,0.0,0.0,0.0,0.0,0.0,0.0,0.0,0.0,0.0,2248.364585718583,0.0,0.0,0.0,0.0,0.0,0.0,0.0,0.0,0.0,0.0,0.0,0.0,0.0,0.0,0.0,0.041271280251748976,2.8077992391470157,16.37921155091344,1.2908274291356254,9944.35432227989,10556.052170386654,1.8357746616819597,3.104008722017844,10515.302962662186,0.04330048867268488,0.06656174015370198,0.060507517351652496,0.06833843106869608,0.06695080710051116,0.06925307552589999,0.06717520611709915,0.05420298728202422,0.04922693558997948,0.0588814599111549,0.053608540135063,0.06660500803263858,0.035145560337026205,0.0577000897101243,6212.188178561821,1462.8114509896116,6692.320326131019,6476.92225954296,5697.5354028163565,7603.171190758199,6193.535973479025,6706.035558287451,0.02882122031724066,0.04137463832375943,0.03548939735037493,0.047037867156177526,0.043643345259035016,0.05673484680301044,0.04380983109876979,0.032435495960498884,0.03463665998174292,0.044601048741242266,0.03651684384158216,0.04167933349472769,0.026856524178498375,0.03520475986238125,80335.54275783617
t86,0.0,0.0,0.0,0.0,0.0,0.0,0.0,0.0,0.0,0.0,0.03239210564697714,0.0,0.0326414572300564,0.0,0.0,0.0,0.0,0.0,0.0,0.0,0.0,0.0,0.032412398201245196,0.0,0.0296403196520032,0.0,0.0,0.0,0.0,0.0,0.0,0.0,0.0,0.0,0.0,0.0,2201.101252291202,0.0,0.0,0.0,0.0,0.0,0.0,0.0,0.0,0.0,0.0,0.0,0.0,0.0,0.0,0.0,0.04011630290187895,2.903945413236282,15.338405668849862,1.2518683166206626,9223.367719663918,9716.090643110918,1.7195980958044608,2.76817684403907,9667.971377068083,0.04178362415586889,0.06166770399431698,0.05646474631794263,0.06662071065511554,0.06627175949688535,0.06745724915075613,0.06546936978702433,0.05430551346185375,0.04963438342047444,0.058539680634465685,0.054645831070499584,0.06313389429124072,0.035168496233555,0.05799054415729188,5753.44264500228,1644.943367237673,6261.0764885891695,6137.765992504057,5090.654160196991,7120.773034168058,5722.831731721893,6272.876111001155,0.0301668265464059,0.040902584412833676,0.03433419272641913,0.0503781924926443,0.042764975147303375,0.05372059089131653,0.04529128440844943,0.034032432205776786,0.033899769234267296,0.044303994422079995,0.03591588836934534,0.04239584384278777,0.027410540349194434,0.03477545063606158,74838.3931655501
t87,0.0,0.0,0.0,0.0,0.0,0.0,0.0,0.0,0.0,0.0,0.032001919430513226,0.0,0.03079368364910806,0.0,0.0,0.0,0.0,0.0,0.0,0.0,0.0,0.0,0.03236483968942139,0.0,0.027940632800380172,0.0,0.0,0.0,0.0,0.0,0.0,0.0,0.0,0.0,0.0,0.0,2128.5602017205797,0.0,0.0,0.0,0.0,0.0,0.0,0.0,0.0,0.0,0.0,0.0,0.0,0.0,0.0,0.0,0.04134103618707741,2.951737885724912,14.41350076857286,1.1665378088557121,8709.930323022563,9053.227815261926,1.4596977492435903,2.394151818665595,8974.162646710873,0.038550474664589274,0.058600741482223384,0.05417523207142949,0.06512519158422947,0.06042172345041763,0.06634198305286532,0.0631915072153788,0.04964828157900314,0.044870699059262664,0.05173542965653821,0.05580516557672144,0.064748663950013,0.0352056987251399,0.05836274293415045,5346.605511783819,1875.9278135962786,5837.301740925024,5991.340164403722,4405.687538395205,6621.469346452912,5354.6519326399975,5877.337036978766,0.029932269971141068,0.03992505396672641,0.036066486251911556,0.04819236006005667,0.04138513065910887,0.05110145707294578,0.044051934379240265,0.03401808758098923,0.03279556400957517,0.043857682372618,0.03470981612099422,0.042899417147200025,0.027211498982183002,0.03459415466249993,70200.05966448272
t88,0.0,0.0,0.0,0.0,0.0,0.0,0.0,0.0,0.0,0.0,0.03195078318640299,0.0,0.03149577269459769,0.0,0.0,0.0,0.0,0.0,0.0,0.0,0.0,0.0,0.02141929681624788,0.0,0.018887954520607764,0.0,0.0,0.0,0.0,0.0,0.0,0.0,0.0,0.0,0.0,0.0,2033.5336345100732,0.0,0.0,0.0,0.0,0.0,0.0,0.0,0.0,0.0,0.0,0.0,0.0,0.0,0.0,0.0,0.02547681113719591,2.864230154449473,12.609011842368897,1.0399838624094264,8589.161160848307,8913.835550040007,1.194478360666661,2.3028813681071094,8986.100745254313,0.03914116960913816,0.057952133094659075,0.04989162903075339,0.06542535766493529,0.06086136237718165,0.06636670210814088,0.061741426528897136,0.03192645181507192,0.02936035234084622,0.03404189695938889,0.03226633705680254,0.03705741438898258,0.022009434996410504,0.03272444703543442,5156.673085659586,2132.3156911084116,5569.762971950615,5772.900585392606,4261.5834762608865,6371.834885291668,5192.022533334755,5703.172009945636,0.02991524843469051,0.03952578230382642,0.03541773976485274,0.04676027440291364,0.04123940628554412,0.049919067198061384,0.04329022823731066,0.022696228158110898,0.022198511525402864,0.0271322444332327,0.02419648299655819,0.02748474462740269,0.019017351175591557,0.022923776095012727,68704.10862900387
t89,0.0,0.0,0.0,0.0,0.0,0.0,0.0,0.0,0.0,0.0,0.032321471600880614,0.0,0.03008921219441163,0.0,0.0,0.0,0.0,0.0,0.0,0.0,0.0,0.0,0.020955591659912898,0.0,0.018837082091295088,0.0,0.0,0.0,0.0,0.0,0.0,0.0,0.0,0.0,0.0,0.0,1800.8916836930557,0.0,0.0,0.0,0.0,0.0,0.0,0.0,0.0,0.0,0.0,0.0,0.0,0.0,0.0,0.0,0.0260789104977448,2.4431526259428713,9.532574014586018,0.8187781864199655,8505.40448446905,8863.754838117282,0.8793310015671107,1.7221550928341887,8898.75214832509,0.037914445362730476,0.06100297416560352,0.04948738002349273,0.06695338839199394,0.06299828405099106,0.06509549389804903,0.06300762319006026,0.03323313694058694,0.02992089700135192,0.032788469109187646,0.03399880565541746,0.04097823388292454,0.023032640849798947,0.0332622628993704,5016.86557860201,2326.293225591852,5349.762020387752,5576.269097424141,4132.5883577071,6118.7115755012055,5027.58390039915,5498.395327927421,0.030113949094584314,0.038146085182233946,0.036062183286958316,0.048875931759539526,0.04292893112518148,0.04831695452594431,0.044991316863161046,0.022116639215255418,0.021969662090668862,0.029331031302717747,0.023902518197246536,0.027278205108722586,0.01891545906983083,0.02209167664477718,67131.88522591339
t90,0.0,0.0,0.0,0.0,0.0,0.0,0.0,0.0,0.0,0.0,0.02796181855433133,0.0,0.026407667798594048,0.0,0.0,0.0,0.0,0.0,0.0,0.0,0.0,0.0,0.020916024188181837,0.0,0.01796409337985949,0.0,0.0,0.0,0.0,0.0,0.0,0.0,0.0,0.0,0.0,0.0,0.04314598437622408,0.0,0.0,0.0,0.0,0.0,0.0,0.0,0.0,0.0,0.0,0.0,0.0,0.0,0.0,0.0,0.02704174416794558,0.07910423259636179,0.07287618518979944,0.06967968726526752,0.0791806469351286,0.07985717814881355,0.0736713252488077,0.07277366944456087,0.08103569521335885,0.033565090489901195,0.04869319943827577,0.04008880154378858,0.05427970184246078,0.053403161124151666,0.05183441566077995,0.053640714642824605,0.032225874302131974,0.02719962788282901,0.02264509845541851,0.02661148315560717,0.04182180608768249,0.021998864254067774,0.034396503958532776,0.05988224900647765,0.04754380944905279,0.062463147965900134,0.0601472835187451,0.056472083222615765,0.0679776918987045,0.059997346201271284,0.06325473314791452,0.02588762516177212,0.03308514990385447,0.030982145367488556,0.0417077820529812,0.03723824280729904,0.04113036481430754,0.035755059700022684,0.022193980063548224,0.0234677738976643,0.030706617329997243,0.024578264546107675,0.027810914659993413,0.018050921731628478,0.02401480954949875,2.2083682913425324
t91,0.0,0.0,0.0,0.0,0.0,0.0,0.0,0.0,0.0,0.0,0.027959231512113547,0.0,0.018804507846976293,0.0,0.0,0.0,0.0,0.0,0.0,0.0,0.0,0.0,0.0206943139953637,0.0,0.010920136888817211,0.0,0.0,0.0,0.0,0.0,0.0,0.0,0.0,0.0,0.0,0.0,0.02824848402775615,0.0,0.0,0.0,0.0,0.0,0.0,0.0,0.0,0.0,0.0,0.0,0.0,0.0,0.0,0.0,0.027562055467569735,0.043930727901978106,0.03136169650084164,0.02316191276990711,0.0512215649105201,0.05190129917173181,0.021937653691878653,0.025442892428130595,0.05183334182947874,0.026675379917833197,0.03987198858794727,0.02853895707681886,0.0538038849044824,0.050229743064392096,0.04962110930772434,0.05219033300090814,0.010040539541490447,0.00240270972531476,0.0012689498132708154,0.0023478185228947963,0.031689942286902806,0.0032138586070658767,0.02435163765733961,0.0378283998434199,0.031185732125777577,0.038827437652798835,0.03838007764716167,0.0363624194797012,0.042266712596756406,0.03763124136457918,0.04068753190949792,0.0258901040759838,0.03299759263791202,0.029621977065289684,0.04189259948179824,0.03655945022199791,0.04031375403428683,0.03543599300610367,0.02195242881134618,0.023235105465573724,0.031076605089765508,0.024451397564007493,0.03137952800545718,0.017978697872138127,0.023879350843344582,1.5310608077521464
t92,0.0,0.0,0.0,0.0,0.0,0.0,0.0,0.0,0.0,0.0,0.027851269446955484,0.0,0.0,0.0,0.0,0.0,0.0,0.0,0.0,0.0,0.0,0.0,0.020799255346673817,0.0,0.0,0.0,0.0,0.0,0.0,0.0,0.0,0.0,0.0,0.0,0.0,0.0,0.0,0.0,0.0,0.0,0.0,0.0,0.0,0.0,0.0,0.0,0.0,0.0,0.0,0.0,0.0,0.0,0.02842354416861781,0.0,0.0,0.0,0.026962081185416764,0.026674373765615655,0.0,0.0,0.028492526461036505,0.0,0.0,0.0,0.028342944783076973,0.0,0.0,0.0,0.0,0.0,0.0,0.0,0.0,0.0,0.0,0.037187218040344305,0.030787349928687036,0.03808931590174325,0.03832480063283583,0.03857519610028248,0.04233524097071495,0.03739799973118352,0.040910845335019985,0.02583670824969886,0.0324485459987045,0.028370555282890564,0.0417200106967357,0.03574696015375567,0.04374305361852748,0.03538933452000492,0.022077283297221584,0.022939132739338675,0.03107193158575683,0.024259572493065207,0.031325927115857466,0.018923190297300607,0.02362071776224184,0.9086268856093043
t93,0.0,0.0,0.0,0.0,0.0,0.0,0.0,0.0,0.0,0.0,0.027456941239961452,0.0,0.0,0.0,0.0,0.0,0.0,0.0,0.0,0.0,0.0,0.0,0.02069354912896415,0.0,0.0,0.0,0.0,0.0,0.0,0.0,0.0,0.0,0.0,0.0,0.0,0.0,0.0,0.0,0.0,0.0,0.0,0.0,0.0,0.0,0.0,0.0,0.0,0.0,0.0,0.0,0.0,0.0,0.028323946964519564,0.0,0.0,0.0,0.0,0.0,0.0,0.0,0.0,0.0,0.0,0.0,0.0,0.0,0.0,0.0,0.0,0.0,0.0,0.0,0.0,0.0,0.0,0.03732746727473568,0.031204441072077316,0.04085462143848417,0.039186782738397596,0.03807012117977138,0.04247874554130249,0.03740588432265213,0.03902460004246677,0.025606620735970864,0.03468677007003862,0.030190034303359425,0.0415225738324807,0.03936484434890497,0.04371484470902942,0.03540416379837552,0.021958846853522118,0.02271934795408015,0.030872850369632943,0.023995234885660466,0.03108287870670834,0.018930808917900777,0.023733151125270524,0.8058100715542675
t94,0.0,0.0,0.0,0.0,0.0,0.0,0.0,0.0,0.0,0.0,0.027341514298313996,0.0,0.0,0.0,0.0,0.0,0.0,0.0,0.0,0.0,0.0,0.0,0.0209672369155669,0.0,0.0,0.0,0.0,0.0,0.0,0.0,0.0,0.0,0.0,0.0,0.0,0.0,0.0,0.0,0.0,0.0,0.0,0.0,0.0,0.0,0.0,0.0,0.0,0.0,0.0,0.0,0.0,0.0,0.02767334981035674,0.0,0.0,0.0,0.0,0.0,0.0,0.0,0.0,0.0,0.0,0.0,0.0,0.0,0.0,0.0,0.0,0.0,0.0,0.0,0.0,0.0,0.0,0.037756188146886416,0.031511051040070015,0.040825430100085214,0.03974173005190096,0.03757057396433083,0.042440391873242334,0.03736512267641956,0.0409479174286389,0.025529129648475646,0.034635793876077514,0.031271550429664785,0.04187725467272685,0.03939885710310831,0.043793423734314274,0.035456117937428644,0.022265566030000628,0.022808413466918864,0.030620102064858656,0.023853816366681713,0.030668238965658956,0.018874646506674253,0.02372635315714433,0.8089197702655453
t95,0.0,0.0,0.0,0.0,0.0,0.0,0.0,0.0,0.0,0.0,0.027321569062678464,0.0,0.0,0.0,0.0,0.0,0.0,0.0,0.0,0.0,0.0,0.0,0.02090808679258771,0.0,0.0,0.0,0.0,0.0,0.0,0.0,0.0,0.0,0.0,0.0,0.0,0.0,0.0,0.0,0.0,0.0,0.0,0.0,0.0,0.0,0.0,0.0,0.0,0.0,0.0,0.0,0.0,0.0,0.02769877580794855,0.0,0.0,0.0,0.0,0.0,0.0,0.0,0.0,0.0,0.0,0.0,0.0,0.0,0.0,0.0,0.0,0.0,0.0,0.0,0.0,0.0,0.0,0.03868432184390258,0.03197303512297367,0.04209048235497903,0.03977331175701693,0.0374012895335909,0.043691790429875255,0.03850494758080458,0.0413891805565072,0.02551695424654099,0.03457899908244144,0.03104926317337231,0.041997642550995806,0.03938256251324779,0.043686332610377576,0.03802203726445441,0.022209542534710636,0.022820422071163193,0.030348585511092097,0.02387376531623886,0.03074816090784771,0.018950291790702067,0.023487940111408534,0.8161092905274583
t96,0.0,0.0,0.0,0.0,0.0,0.0,0.0,0.0,0.0,0.0,0.027418171532190172,0.0,0.0,0.0,0.0,0.0,0.0,0.0,0.0,0.0,0.0,0.0,0.020760265908393194,0.0,0.0,0.0,0.0,0.0,0.0,0.0,0.0,0.0,0.0,0.0,0.0,0.0,0.0,0.0,0.0,0.0,0.0,0.0,0.0,0.0,0.0,0.0,0.0,0.0,0.0,0.0,0.0,0.0,0.027762968278693734,0.0,0.0,0.0,0.0,0.0,0.0,0.0,0.0,0.0,0.0,0.0,0.0,0.0,0.0,0.0,0.0,0.0,0.0,0.0,0.0,0.0,0.0,0.03891604546151939,0.03188165602841764,0.04208285827189684,0.038983801343420055,0.03720623453409644,0.043679955750121735,0.03869777897489257,0.04137066828843672,0.025583360153859758,0.03455072961151018,0.03103124485369335,0.03864305141905788,0.039229595790905236,0.04354046922526322,0.03801874126656912,0.022034166414869105,0.02269550147047994,0.030190690187737346,0.025617675972171128,0.031038821145312534,0.018931018061607574,0.023328037901592324,0.8131935078467072
t97,0.0,0.0,0.0,0.0,0.0,0.0,0.0,0.0,0.0,0.0,0.02743052582763994,0.0,0.0,0.0,0.0,0.0,0.0,0.0,0.0,0.0,0.0,0.0,0.020462781593323598,0.0,0.0,0.0,0.0,0.0,0.0,0.0,0.0,0.0,0.0,0.0,0.0,0.0,0.0,0.0,0.0,0.0,0.0,0.0,0.0,0.0,0.0,0.0,0.0,0.0,0.0,0.0,0.0,0.0,0.028466634270444047,0.0,0.0,0.0,0.0,0.0,0.0,0.0,0.0,0.0,0.0,0.0,0.0,0.0,0.0,0.0,0.0,0.0,0.0,0.0,0.0,0.0,0.0,0.03844388197467197,0.03153243351425772,0.04177226754836738,0.038732987122784834,0.04018955602077767,0.04330403504718561,0.03850433234038064,0.040504204989701975,0.025592855400191183,0.03444764797677635,0.03089335168715479,0.041905333560862346,0.038962218613537214,0.0431740285421256,0.03792039180189022,0.021657525788214116,0.022310823449515738,0.029747827094979584,0.02540181531003327,0.031021814802172587,0.018668180448173644,0.022868955261401425,0.8139164099865634
t98,0.0,0.0,0.0,0.0,0.0,0.0,0.0,0.0,0.0,0.0,0.027507889032676758,0.0,0.0,0.0,0.0,0.0,0.0,0.0,0.0,0.0,0.0,0.0,0.021803244433613145,0.0,0.0,0.0,0.0,0.0,0.0,0.0,0.0,0.0,0.0,0.0,0.0,0.0,0.0,0.0,0.0,0.0,0.0,0.0,0.0,0.0,0.0,0.0,0.0,0.0,0.0,0.0,0.0,0.0,0.02824127245185082,0.0,0.0,0.0,0.0,0.0,0.0,0.0,0.0,0.0,0.0,0.0,0.0,0.0,0.0,0.0,0.0,0.0,0.0,0.0,0.0,0.0,0.0,0.03795471567718778,0.031200102594084456,0.04155325816827826,0.03819743012718391,0.039840564189944416,0.04303149123734329,0.03829245306405937,0.038040548399294494,0.025645300468227106,0.034377335072349524,0.0308325683035946,0.04146271129138768,0.03871528807991753,0.0427332023755298,0.037762919964734465,0.023026372574349807,0.02390017000379885,0.031622866161342245,0.025123919222096447,0.030796639024093686,0.01944803343667445,0.024349367138711386,0.8154596624923243
t99,0.0,0.0,0.0,0.0,0.0,0.0,0.0,0.0,0.0,0.0,0.027646194912449573,0.0,0.0,0.0,0.0,0.0,0.0,0.0,0.0,0.0,0.0,0.0,0.021821678267315292,0.0,0.0,0.0,0.0,0.0,0.0,0.0,0.0,0.0,0.0,0.0,0.0,0.0,0.0,0.0,0.0,0.0,0.0,0.0,0.0,0.0,0.0,0.0,0.0,0.0,0.0,0.0,0.0,0.0,0.026816959578354727,0.0,0.0,0.0,0.0,0.0,0.0,0.0,0.0,0.0,0.0,0.0,0.0,0.0,0.0,0.0,0.0,0.0,0.0,0.0,0.0,0.0,0.0,0.037679486493289005,0.030970720827099285,0.04146725685131969,0.040935449294920545,0.03960465428826865,0.04300747129309457,0.0381721969897626,0.04143720190768363,0.025733515588058253,0.03444037384724652,0.030786730254476424,0.04078773067885777,0.03848444179249988,0.0423853149623028,0.0376183843727631,0.023037560822103842,0.023768482083141862,0.031294892949517816,0.024942598496636492,0.0305526298275689,0.019388694497365577,0.02422156573720713,0.8170021866133039
t100,0.0,0.0,0.0,0.0,0.0,0.0,0.0,0.0,0.0,0.0,0.027791552377038897,0.0,0.01832594345389893,0.0,0.0,0.0,0.0,0.0,0.0,0.0,0.0,0.0,0.021926525166236388,0.0,0.013208457390014416,0.0,0.0,0.0,0.0,0.0,0.0,0.0,0.0,0.0,0.0,0.0,0.0,0.0,0.0,0.0,0.0,0.0,0.0,0.0,0.0,0.0,0.0,0.0,0.0,0.0,0.0,0.0,0.026944865963741904,0.0,0.0,0.0,0.0,0.0,0.0,0.0,0.0,0.02616872849171159,0.03155448692166374,0.0324668315239478,0.0,0.034536343648653656,0.005216740400250813,0.02298134647877248,0.015735549877615586,0.009318157665859536,0.008086093158757626,0.007802214218934582,0.032238299653727154,0.010740783913796053,0.02614778804662876,0.03728163868072443,0.030489955337543506,0.041395755688427016,0.040736779403232504,0.03945373045280576,0.04302917013410479,0.03812853827548679,0.040659164827957284,0.02581722696277211,0.03455962329280737,0.030893238753378682,0.04056450397911249,0.03870316139500174,0.04242838392383419,0.03763929116394138,0.023252308862538484,0.024203672641306184,0.03174224253598368,0.025329342979603098,0.031087502960192914,0.019393094805309374,0.02464519531440601,1.1126242307217198
t101,0.0,0.0,0.0,0.0,0.0,0.0,0.0,0.0,0.0,0.0,0.027973173380360095,0.0,0.026126052639369846,0.0,0.0,0.0,0.0,0.0,0.0,0.0,0.0,0.0,0.021656579096088535,0.0,0.017294533699683257,0.0,0.0,0.0,0.0,0.0,0.0,0.0,0.0,0.0,0.0,0.0,0.018930355865087733,0.0,0.0,0.0,0.0,0.0,0.0,0.0,0.0,0.0,0.0,0.0,0.0,0.0,0.0,0.0,0.029604755520267645,0.008457792704408735,0.03461569645229989,0.0158196073434892,0.042618780955308466,0.0,0.04543761085055342,0.04223625814547144,0.04133919871401304,0.03306496056848118,0.05113476920087123,0.04229361059333314,0.05363493803452002,0.05420205757036456,0.054490970683883866,0.05301494920058758,0.03286901458639224,0.02485138974691596,0.023267422917724184,0.02352160842341597,0.04295969092345331,0.0204936507737295,0.03458742750797228,0.03678905231208773,0.03277817073285405,0.04070490563753992,0.04008096819597995,0.0388724734148127,0.04235155069909524,0.03774325519771082,0.039979608220164664,0.025897438228980718,0.034988887291547144,0.03114567412467295,0.04238476697355509,0.03991187964982812,0.04493065585847944,0.03879373165545985,0.02336950788139802,0.02467580825668847,0.03318078161828453,0.02630808501635329,0.0323950137109168,0.01929471864605148,0.025298482114521903,1.6683722715350293
t102,0.0,0.0,0.0,0.0,0.0,0.0,0.0,0.0,0.0,0.0,0.14478008296646294,0.0,0.15359489951674732,0.0,0.0,0.0,0.0,0.0,0.0,0.0,0.0,0.0,0.04357663651899202,0.0,0.034421560428910425,0.0,0.0,0.0,0.0,0.0,0.0,0.0,0.0,0.0,0.0,0.0,0.035849435105546945,0.0,0.0,0.0,0.0,0.0,0.0,0.0,0.0,0.0,0.0,0.0,0.0,0.0,0.0,0.0,0.05710820401509409,0.062368901744747185,0.06961319219737128,0.061426011049726115,0.06750453852873761,0.06903977887122892,0.06900384831318362,0.068533612833662,0.07071922780596651,0.19962497951019031,0.27262293474632315,0.25384999754896853,0.31010201695607975,0.3175989046430914,0.3077893331357515,0.3056546713632997,0.06667992785398669,0.05287433033945041,0.040882174411592295,0.04382024912250054,0.0822971888264874,0.04396434186224174,0.07318792352259607,0.057332421209139284,0.04379682995750045,0.05933278053998947,0.05806240819947561,0.05629443690122571,0.06212254043202847,0.054388868709793314,0.05554030287748901,0.1302768356905517,0.1889647885600425,0.17099646388760448,0.23379694582763477,0.18100135332545797,0.24016069579374744,0.21143322537682252,0.04630888898191188,0.048805679067299934,0.06415791480685584,0.051868433989511686,0.0556495716555816,0.03834522929355444,0.05004441087567102,5.537169929697825
t103,0.0,0.0,0.0,0.0,0.0,0.0,0.0,0.0,0.0,0.0,377.76518823943866,0.0,1026.659420348784,0.0,0.0,0.0,0.0,0.0,0.0,0.0,0.0,0.0,0.04386904626289834,0.0,0.035406923430343795,0.0,0.0,0.0,0.0,0.0,0.0,0.0,0.0,0.0,0.0,0.0,0.051467877458435396,0.0,0.0,0.0,0.0,0.0,0.0,0.0,0.0,0.0,0.0,0.0,0.0,0.0,0.0,0.0,0.05595519012422301,0.09673760681726895,0.1026211949385889,0.0941100361479581,0.10099326078488957,0.10299552703509107,0.10121933169026542,0.10117903410282736,0.09600566388689913,7437.080398016755,26491.275945196074,18693.943257841434,31418.812069821754,23501.609005020444,26.46610821679685,26902.018904100463,0.07094894562735687,0.06098601242094703,0.05068396822999938,0.058719218420385216,0.08460082829697058,0.044521981330695404,0.075096689511156,0.07576606760994764,0.05834739811052714,0.07771621534629958,0.07466504153126152,0.07939077407354489,0.082739699013473,0.07125196271226741,0.07845102196006337,162.97704799550823,2887.3820724997336,1595.9545962019013,5339.357546329653,0.782735961048337,10634.658817192092,7525.028077691435,0.04667112101742532,0.04880934092489042,0.06463707765942672,0.05236098065324768,0.05681482702164942,0.03844375112964826,0.05049702255655575,164024.15587131117
t104,0.0,0.0,0.0,0.0,0.0,0.0,0.0,0.0,0.0,0.0,384.5839234234525,0.0,1169.8128308096723,0.0,0.0,0.0,0.0,0.0,0.0,0.0,0.0,0.0,0.044200345306762756,0.0,0.03760407228395479,0.0,0.0,0.0,0.0,0.0,0.0,0.0,0.0,0.0,0.0,0.0,0.05421149032190442,0.0,0.0,0.0,0.0,0.0,0.0,0.0,0.0,0.0,0.0,0.0,0.0,0.0,0.0,0.0,0.05719373693500529,0.1006798714186079,0.10004834524356454,0.09945003659455587,0.09585451263410505,0.09981801005778834,0.09970146754637366,0.09976891280847155,0.10253735771402717,9152.633588622184,42250.799386731,24674.474607465083,52952.048228660366,35929.553729138366,30.31030690920393,46185.29110333332,0.06587102585099025,0.06671969187681415,0.05833545935144785,0.06201868595025775,0.08366905775619671,0.04753664353842324,0.0732168451168036,0.07304219005709456,0.059148289043150726,0.07957332172009046,0.07757287365166121,0.07576582416004385,0.08341365191881778,0.07270654702733736,0.08089632980772876,165.49110105883486,2958.1763871493554,1513.5844243423755,5219.874281400512,0.629681387159913,12107.76032822486,8774.494759098938,0.047034594101205585,0.04870106123325968,0.06469898109935457,0.04866714922900428,0.05722892646125566,0.03845578071491218,0.046893757436009764,243471.92090260066
t105,0.0,0.0,0.0,0.0,0.0,0.0,0.0,0.0,0.0,0.0,432.3289763190169,0.0,1250.266673932886,0.0,0.0,0.0,0.0,0.0,0.0,0.0,0.0,0.0,0.04420016473295618,0.0,0.03783676692125937,0.0,0.0,0.0,0.0,0.0,0.0,0.0,0.0,0.0,0.0,0.0,0.05381776242484193,0.0,0.0,0.0,0.0,0.0,0.0,0.0,0.0,0.0,0.0,0.0,0.0,0.0,0.0,0.0,0.058555159987008665,0.09886841045322203,0.09770585422526779,0.09785338881493377,0.1020516624848824,0.10354751453269273,0.09679106516760339,0.09813084588236443,0.09966726077254862,10261.273092810332,56716.382179978566,32387.242467086486,77801.04202551767,44956.92516400311,30.777062368742136,66962.65916711628,0.07369972588544105,0.06634976172360463,0.06314867041831962,0.06591039900560525,0.08265422011027113,0.0468613340339199,0.07626590821018908,0.07663938581754337,0.058873616405435314,0.07935693188483128,0.07661611894582165,0.07202546664120746,0.08323689598910278,0.07299264862740529,0.08073866642007488,185.88686549006925,3402.6511067667966,1558.1233173951136,6972.967172946895,0.6709193554099625,13564.269760577547,9398.119806538214,0.0470126255931973,0.04863805726017745,0.06465940476482501,0.04874577434748062,0.0570990537266578,0.03849291781659758,0.04709973024910141,325884.0019013735
t106,0.0,0.0,0.0,0.0,0.0,0.0,0.0,0.0,0.0,0.0,554.1593626844276,0.0,1286.3801847985587,0.0,0.0,0.0,0.0,0.0,0.0,0.0,0.0,0.0,0.0441927366064192,0.0,0.03783563762601716,0.0,0.0,0.0,0.0,0.0,0.0,0.0,0.0,0.0,0.0,0.0,0.054119862643347005,0.0,0.0,0.0,0.0,0.0,0.0,0.0,0.0,0.0,0.0,0.0,0.0,0.0,0.0,0.0,0.05669451835092332,0.09783919258556928,0.09644065802547175,0.09622793017429654,0.1004687171371188,0.1027155639603734,0.09361160212206254,0.09680026393443253,0.1032463003648445,10621.762532258728,57704.29069973293,34873.946811456946,83665.17400962696,48628.75169241631,30.582640229448394,73493.73685169581,0.07359864586456322,0.06585081105688118,0.06598207035234277,0.07204697905572266,0.08259049087064341,0.045677417455680436,0.07343828015109466,0.07625470518541988,0.05867318366017571,0.07928488672769163,0.07577167179260869,0.07370661457753158,0.08373990306427004,0.07373529614778818,0.08120819130272139,238.36433202003164,3374.5515832840792,1719.4010715774841,9930.81318488318,0.7917842949224638,13943.406687763996,9775.767213238629,0.04699672012793599,0.04838645085783355,0.06472580502304481,0.04862142947058601,0.05667973531685022,0.038506170221808134,0.047071323756426864,349844.293381728
t107,0.0,0.0,0.0,0.0,0.0,0.0,0.0,0.0,0.0,0.0,551.619914135456,0.0,1115.736869987275,0.0,0.0,0.0,0.0,0.0,0.0,0.0,0.0,0.0,0.04406655730372222,0.0,0.03777404131790263,0.0,0.0,0.0,0.0,0.0,0.0,0.0,0.0,0.0,0.0,0.0,0.06331913915892073,0.0,0.0,0.0,0.0,0.0,0.0,0.0,0.0,0.0,0.0,0.0,0.0,0.0,0.0,0.0,0.05723472343015601,0.1011404585934077,0.10078025473656993,0.09957289987608231,0.10216066872817464,0.10442204296123236,0.09745747966330676,0.10109033257365674,0.10454763588495553,8849.49520126047,42411.98587912723,27910.994562626234,54203.96874420717,39320.80748586278,30.07694537894935,50280.75663245929,0.07367030002876174,0.06536355202787769,0.0661681033263557,0.07264556575216807,0.0827562240883708,0.04976647286549163,0.07038089594789199,0.08642348161083646,0.06778496080551122,0.09028080343705369,0.08605494214134524,0.0873943276819773,0.0939058431686135,0.08623059535602806,0.0925189911358757,237.7359691077403,3472.026267371677,1902.0901664664277,12996.238415694144,0.9079610037338559,13482.223242260687,10056.120872135698,0.04687369893963478,0.04832495553728222,0.06487610335898353,0.052361939209731645,0.05604301527502764,0.038492985274160674,0.04737584026679542,266825.32438891643
t108,0.0,0.0,0.0,0.0,0.0,0.0,0.0,0.0,0.0,0.0,552.4988199767322,0.0,1195.8420693737946,0.0,0.0,0.0,0.0,0.0,0.0,0.0,0.0,0.0,0.044042622860615666,0.0,0.037609263682270466,0.0,0.0,0.0,0.0,0.0,0.0,0.0,0.0,0.0,0.0,0.0,0.25826177980798093,0.0,0.0,0.0,0.0,0.0,0.0,0.0,0.0,0.0,0.0,0.0,0.0,0.0,0.0,0.0,0.0557433444232629,0.4140370187763489,0.4274102220675644,0.3836144937497319,0.43789942425792105,0.4560856932075694,0.3957769333115113,0.4180538131914542,0.4638683919329196,9336.744446301684,42245.83493733636,27221.033633070605,52503.76895884564,37909.41565690709,29.36993591893146,48917.68917486491,0.0737634975890451,0.06398225344471409,0.06605135414391894,0.0726791375696012,0.08636504417518154,0.04959835599689155,0.07830936395112076,0.34244280654820614,0.2752973797450977,0.35179512077593245,0.3624693011006457,0.3417531491140835,0.3737536748230923,0.33785373171485844,0.36695278685510857,238.1522787682727,3707.5844973721614,2093.246999663538,16974.29615070096,1.129950157907786,14485.791998652163,11002.442061708076,0.04682110001158435,0.04842259869201371,0.06492202467779862,0.05226645204311353,0.05595730326712256,0.038521397453109785,0.047656473622737394,268422.2316069274
t109,0.0,0.0,0.0,0.0,0.0,0.0,0.0,0.0,0.0,0.0,560.7508058921713,0.0,1229.2965197233439,0.0,0.0,0.0,0.0,0.0,0.0,0.0,0.0,0.0,0.04455921770022542,0.0,0.03765012153428415,0.0,0.0,0.0,0.0,0.0,0.0,0.0,0.0,0.0,0.0,0.0,0.05280898378259735,0.0,0.0,0.0,0.0,0.0,0.0,0.0,0.0,0.0,0.0,0.0,0.0,0.0,0.0,0.0,0.054569263228131604,0.09325676579917186,0.09210873980855183,0.09152515626569002,0.09219001384917647,0.0950597811024636,0.08948543381699459,0.09095846004950392,0.09614709846209735,9501.684975275919,41260.19053643153,27041.230181378065,50522.18251509045,36256.973803159766,29.010338450057585,47375.62127652607,0.07459874037474012,0.06426615901740185,0.06572630514391026,0.07336795264051477,0.08662183274282143,0.05003239336613685,0.07916242211285862,0.0712844497684273,0.05910519073222531,0.07350786639290163,0.07615636708942475,0.06822332709270995,0.07714118857984431,0.06970599166015745,0.0766795848030597,241.76479121747954,4238.091667340388,2063.0201264256652,19154.027134261727,1.3250748835702673,15499.229208610137,10892.056118300536,0.04747298124129884,0.049126265168524696,0.06608897942351177,0.05295861838021665,0.06295999388459728,0.03870706115765188,0.049015454615073395,265868.8173011277
t110,0.0,0.0,0.0,0.0,0.0,0.0,0.0,0.0,0.0,0.0,553.7219152570024,0.0,966.0549642687322,0.0,0.0,0.0,0.0,0.0,0.0,0.0,0.0,0.0,0.04409362192654953,0.0,0.04013498801020887,0.0,0.0,0.0,0.0,0.0,0.0,0.0,0.0,0.0,0.0,0.0,0.05257005098019363,0.0,0.0,0.0,0.0,0.0,0.0,0.0,0.0,0.0,0.0,0.0,0.0,0.0,0.0,0.0,0.05419348657778755,0.09335528068919263,0.10323368251842169,0.10177657910575344,0.1025763470097445,0.10426406667102128,0.09998679533397059,0.10095113215494145,0.10512761562131345,2960.8058852006034,5594.448504451924,4531.723163030183,6150.771703285747,5503.243190132882,32.76078794395303,6028.725588389614,0.07382462048201965,0.07089876321005595,0.06501173544268612,0.07280066442967226,0.08639705477980897,0.04960174484609592,0.07827692657519947,0.07541586299339542,0.062026423394854646,0.07789479784696596,0.08064720547554316,0.07701826457923744,0.08173853069456527,0.07311103993924917,0.08027172404399607,252.9567018464826,2354.5977468493074,1454.8419613461065,4067.6054869391883,1.47701341700051,4027.57334240395,3282.722224566867,0.04687762853245658,0.048585458679553994,0.06515529329772107,0.05244067460807855,0.06212587595932351,0.038560264050374826,0.04864202907720028,47766.49976555909
t111,0.0,0.0,0.0,0.0,0.0,0.0,0.0,0.0,0.0,0.0,0.15492889204438143,0.0,0.14447389512338304,0.0,0.0,0.0,0.0,0.0,0.0,0.0,0.0,0.0,0.0440023413302697,0.0,0.03990022398181736,0.0,0.0,0.0,0.0,0.0,0.0,0.0,0.0,0.0,0.0,0.0,0.1698654556821566,0.0,0.0,0.0,0.0,0.0,0.0,0.0,0.0,0.0,0.0,0.0,0.0,0.0,0.0,0.0,0.053578585822378955,0.3040076894143633,0.3149203044727571,0.2859961003715792,0.33707892455277033,0.34273206803482026,0.3189131329038486,0.3265501871268679,0.34352440503425896,0.19526726696494734,0.2954469002143014,0.27193185916985385,0.33336968009825796,0.32349369522125926,0.33039084553277576,0.3277086447342299,0.07390075722856349,0.07080574389214722,0.06154817906867452,0.07270705545412881,0.08265881252009422,0.0489815218384817,0.07103142890719027,0.25409908080109744,0.20261312773618556,0.2766064504830865,0.26856493574450724,0.25528745289193466,0.28961958201398375,0.2398595315789862,0.2646973789378535,0.13727993489283108,0.19523895109341538,0.1694032764298754,0.23184173028857913,0.20871429968446664,0.2538146552251419,0.21814624076796463,0.0468387000310031,0.048570304430541,0.06511429067177232,0.05237930255498213,0.056096027120954184,0.03842904963107685,0.0475796589962556,9.560508558747053
t112,0.0,0.0,0.0,0.0,0.0,0.0,0.0,0.0,0.0,0.0,0.14472005602806348,0.0,0.13602794275163888,0.0,0.0,0.0,0.0,0.0,0.0,0.0,0.0,0.0,0.04412161049140195,0.0,0.03756325059180199,0.0,0.0,0.0,0.0,0.0,0.0,0.0,0.0,0.0,0.0,0.0,0.05088900220926007,0.0,0.0,0.0,0.0,0.0,0.0,0.0,0.0,0.0,0.0,0.0,0.0,0.0,0.0,0.0,0.05411685945091449,0.0954796759387202,0.09743206584779784,0.09404818071109344,0.10186079956474714,0.10325708531308919,0.0937475675982622,0.10045168997668341,0.10318260034546256,0.19039766919468093,0.2780114992201561,0.23678001359803602,0.30315708596026525,0.31269475361477816,0.31774351654549804,0.3135556644992903,0.07374706471725823,0.06448553269185187,0.059908802751509005,0.07256444214017532,0.0840714302030392,0.049614494603523074,0.07496421200357872,0.07567524234036682,0.060284235785729834,0.0817742349972832,0.07929045321361627,0.07524319431104232,0.08565860879753018,0.0705677678961365,0.0785022182535613,0.13022819206867098,0.19147173647070304,0.17074916542514984,0.2235210027283756,0.202603266249616,0.22408387619361747,0.21299519201784278,0.04698204429860198,0.048599191033645184,0.06505269750050502,0.05245568930331501,0.05714588682660027,0.0383937980183191,0.047965393784579646,6.007837656077385
t113,0.0,0.0,0.0,0.0,0.0,0.0,0.0,0.0,0.0,0.0,0.04470061528240876,0.0,0.04216024009446073,0.0,0.0,0.0,0.0,0.0,0.0,0.0,0.0,0.0,0.03782986607211569,0.0,0.03246950309164731,0.0,0.0,0.0,0.0,0.0,0.0,0.0,0.0,0.0,0.0,0.0,0.05183370230361106,0.0,0.0,0.0,0.0,0.0,0.0,0.0,0.0,0.0,0.0,0.0,0.0,0.0,0.0,0.0,0.0474880993788247,0.09666981554996701,0.09705942863707762,0.08387921624662176,0.10313615581253543,0.10355515033006668,0.09630816956347088,0.09450485197218583,0.10367029660847038,0.05623516957894026,0.08834787512023468,0.07170693789157667,0.09575125470291823,0.09701122357364511,0.09454138368164067,0.09101160822319798,0.06080734045783309,0.057668969963360794,0.057109314440924985,0.05713944881023225,0.06892968498868868,0.039779819784913295,0.05986466226841003,0.0745488264146843,0.05717520660437003,0.0803174642715021,0.07762825579266064,0.07437121938710334,0.08400032426288817,0.07342206392786466,0.07706963373493636,0.04042858045238518,0.056733728233666625,0.050247087075149466,0.06832645290705841,0.063893430032119,0.06993481354948017,0.06402371313379263,0.04037670244269975,0.041991037192019576,0.056110355275450274,0.041818183150098776,0.050023790140531266,0.03292692238858308,0.04062429213354335,3.3471618869325677
t114,0.0,0.0,0.0,0.0,0.0,0.0,0.0,0.0,0.0,0.0,0.04541674411734675,0.0,0.03861665710635975,0.0,0.0,0.0,0.0,0.0,0.0,0.0,0.0,0.0,0.03780285142647699,0.0,0.030086710672122763,0.0,0.0,0.0,0.0,0.0,0.0,0.0,0.0,0.0,0.0,0.0,0.05055310820239356,0.0,0.0,0.0,0.0,0.0,0.0,0.0,0.0,0.0,0.0,0.0,0.0,0.0,0.0,0.0,0.04849007162374619,0.08629328928323465,0.08683912046730491,0.07232426294169819,0.09560773900011554,0.09670789871597663,0.08042637273105502,0.08552889077038395,0.09621939563658088,0.051684064932715046,0.08238028639243566,0.06320546273036598,0.07913206718512811,0.08377094632669468,0.08247216122150824,0.08573475611046888,0.055757229271462316,0.05084955098792043,0.04901565362844376,0.03344617076921026,0.07047382132441271,0.038130914749295364,0.06324192362660597,0.07405487957294099,0.05879932896914397,0.0800982488290174,0.07777478544448968,0.07465413655154407,0.08348140530870296,0.07371608251560247,0.0784910924412543,0.04126220267619374,0.05553671429879614,0.04846597120194929,0.06904125004439265,0.05782826824090215,0.06805574019381311,0.05956300858815666,0.04015422662769197,0.04157919726912951,0.05577966899727471,0.041553386440682516,0.04933398538998213,0.03291364094297933,0.04072063750027155,3.1430659799963747
t115,0.0,0.0,0.0,0.0,0.0,0.0,0.0,0.0,0.0,0.0,0.04294822942051724,0.0,0.0247742842422074,0.0,0.0,0.0,0.0,0.0,0.0,0.0,0.0,0.0,0.03764566377958545,0.0,0.019073341153273304,0.0,0.0,0.0,0.0,0.0,0.0,0.0,0.0,0.0,0.0,0.0,0.028600813603986808,0.0,0.0,0.0,0.0,0.0,0.0,0.0,0.0,0.0,0.0,0.0,0.0,0.0,0.0,0.0,0.049873311356350314,0.04060680473167996,0.027995073142243643,0.014876280506489935,0.05354504660499515,0.053957249721861444,0.013004987767386803,0.03015065236811587,0.0541791034193011,0.03601458649102085,0.05695235249709185,0.042954668454228795,0.0851117426645942,0.08075065611046739,0.07376959058332289,0.08364540635011508,0.013600825831203363,0.00581045198479772,0.004345042293154794,0.0018622340649287388,0.0644441711538093,0.0068516761998974225,0.044948071227281616,0.03921581515169237,0.033120523635261634,0.038943587176618166,0.04079380605980987,0.03951221319948672,0.04333675112866331,0.0382819138103514,0.04166797870857408,0.03937440433946904,0.05422545140936563,0.0472347878931032,0.060324465310259257,0.055918986396855,0.06383673988602823,0.05795769341784762,0.040001946838856384,0.04163253421575064,0.05551664029917447,0.04151926262238703,0.049283113526456646,0.03287061687728965,0.040403764662187314,2.087265314289396
t116,0.0,0.0,0.0,0.0,0.0,0.0,0.0,0.0,0.0,0.0,0.043496924911892165,0.0,0.0,0.0,0.0,0.0,0.0,0.0,0.0,0.0,0.0,0.0,0.03780686095092278,0.0,0.0,0.0,0.0,0.0,0.0,0.0,0.0,0.0,0.0,0.0,0.0,0.0,0.0,0.0,0.0,0.0,0.0,0.0,0.0,0.0,0.0,0.0,0.0,0.0,0.0,0.0,0.0,0.0,0.04986305248894496,0.0,0.0,0.0,0.029543824051984302,0.029569433957931324,0.0,0.0,0.03421956299007434,0.0,0.0,0.0,0.0417014905310964,0.0,0.0,0.0,0.0,0.0,0.0,0.0,0.0,0.0,0.0,0.038395014256821014,0.03263791628432955,0.041931015250156634,0.041054545414226595,0.03933596431306796,0.04369474487612024,0.038490104634547606,0.041424454808293376,0.039379897121136764,0.05414292510431551,0.05029661086609849,0.06658154974502395,0.06224434880820651,0.06842502099607373,0.0582538121016114,0.04017487094097305,0.04150760459197045,0.05547457358625252,0.04125154045323143,0.04954683093825896,0.032878022798854545,0.040250301736705296,1.2835728195091218
t117,0.0,0.0,0.0,0.0,0.0,0.0,0.0,0.0,0.0,0.0,0.043468315952623016,0.0,0.0,0.0,0.0,0.0,0.0,0.0,0.0,0.0,0.0,0.0,0.035702963862831893,0.0,0.0,0.0,0.0,0.0,0.0,0.0,0.0,0.0,0.0,0.0,0.0,0.0,0.0,0.0,0.0,0.0,0.0,0.0,0.0,0.0,0.0,0.0,0.0,0.0,0.0,0.0,0.0,0.0,0.04955144349150942,0.0,0.0,0.0,0.0,0.0,0.0,0.0,0.0,0.0,0.0,0.0,0.0,0.0,0.0,0.0,0.0,0.0,0.0,0.0,0.0,0.0,0.0,0.03853236682334682,0.03239613052483037,0.04204756340914173,0.041209470393368974,0.03905931159169995,0.04119996635563439,0.03899720236950088,0.040895752048527356,0.03940930202452364,0.05373804453847697,0.050624953844817355,0.0664531622933282,0.062259963215351544,0.06857934917934472,0.0591367832657852,0.03797188390535666,0.04166664644526463,0.05559267952776281,0.044459340677349246,0.049206164532832664,0.03288241359211952,0.04086007516252721,1.145901249027855
t118,0.0,0.0,0.0,0.0,0.0,0.0,0.0,0.0,0.0,0.0,0.04450850067041756,0.0,0.0,0.0,0.0,0.0,0.0,0.0,0.0,0.0,0.0,0.0,0.03620999555528215,0.0,0.0,0.0,0.0,0.0,0.0,0.0,0.0,0.0,0.0,0.0,0.0,0.0,0.0,0.0,0.0,0.0,0.0,0.0,0.0,0.0,0.0,0.0,0.0,0.0,0.0,0.0,0.0,0.0,0.047653572546551004,0.0,0.0,0.0,0.0,0.0,0.0,0.0,0.0,0.0,0.0,0.0,0.0,0.0,0.0,0.0,0.0,0.0,0.0,0.0,0.0,0.0,0.0,0.03910347440978512,0.03176270487892907,0.04195871239062399,0.041156761115416884,0.04014153506795992,0.04374423515400849,0.03885758616524981,0.04037395989143988,0.04127365196302435,0.053439933462868794,0.04808131820846029,0.0670367720485956,0.06218843291914755,0.06326386876025936,0.05947754167209496,0.038589706416132685,0.04176464644206135,0.055613334850932006,0.04440133269599755,0.048124237628009436,0.032784059704454194,0.04136540884292117,1.142875283460623
t119,0.0,0.0,0.0,0.0,0.0,0.0,0.0,0.0,0.0,0.0,0.045278838166495916,0.0,0.0,0.0,0.0,0.0,0.0,0.0,0.0,0.0,0.0,0.0,0.036289415289957105,0.0,0.0,0.0,0.0,0.0,0.0,0.0,0.0,0.0,0.0,0.0,0.0,0.0,0.0,0.0,0.0,0.0,0.0,0.0,0.0,0.0,0.0,0.0,0.0,0.0,0.0,0.0,0.0,0.0,0.04763290452683577,0.0,0.0,0.0,0.0,0.0,0.0,0.0,0.0,0.0,0.0,0.0,0.0,0.0,0.0,0.0,0.0,0.0,0.0,0.0,0.0,0.0,0.0,0.04014391592136235,0.03170736874562863,0.043166101015231106,0.038655733442283235,0.0409623225859832,0.045017991767963395,0.03787164612731431,0.04038080461032223,0.04122115518407554,0.05375986026956525,0.04793219590192166,0.06095832532810164,0.06186720584214456,0.0632015627270448,0.055119339009252144,0.038690819090334116,0.04182967578708485,0.05565880904759979,0.04122789588654996,0.04628412749667232,0.03101843661397652,0.04148480097683205,1.1273612513605324
t120,0.0,0.0,0.0,0.0,0.0,0.0,0.0,0.0,0.0,0.0,0.04513291188709445,0.0,0.0,0.0,0.0,0.0,0.0,0.0,0.0,0.0,0.0,0.0,0.03649823717751133,0.0,0.0,0.0,0.0,0.0,0.0,0.0,0.0,0.0,0.0,0.0,0.0,0.0,0.0,0.0,0.0,0.0,0.0,0.0,0.0,0.0,0.0,0.0,0.0,0.0,0.0,0.0,0.0,0.0,0.047787147163035115,0.0,0.0,0.0,0.0,0.0,0.0,0.0,0.0,0.0,0.0,0.0,0.0,0.0,0.0,0.0,0.0,0.0,0.0,0.0,0.0,0.0,0.0,0.04067404169472866,0.034229722594318446,0.04314709791651694,0.039084961761545856,0.037724905047070934,0.041404380557651166,0.03744653931062203,0.040302719455212355,0.041375976820745564,0.053632462962923455,0.048129801585673704,0.06154480310215149,0.061835087049575854,0.0631443560560001,0.05968145126644231,0.03903429494948796,0.03895913926044159,0.05593669154040981,0.04138632056492497,0.04587667601164941,0.031107698674361473,0.0385287287203937,1.1236061531304886
t121,0.0,0.0,0.0,0.0,0.0,0.0,0.0,0.0,0.0,0.0,0.04481894856917279,0.0,0.0,0.0,0.0,0.0,0.0,0.0,0.0,0.0,0.0,0.0,0.0365108328091992,0.0,0.0,0.0,0.0,0.0,0.0,0.0,0.0,0.0,0.0,0.0,0.0,0.0,0.0,0.0,0.0,0.0,0.0,0.0,0.0,0.0,0.0,0.0,0.0,0.0,0.0,0.0,0.0,0.0,0.047883345985610504,0.0,0.0,0.0,0.0,0.0,0.0,0.0,0.0,0.0,0.0,0.0,0.0,0.0,0.0,0.0,0.0,0.0,0.0,0.0,0.0,0.0,0.0,0.04067424959066557,0.03408091467281338,0.042882998583081644,0.03918680013885023,0.040094543792292825,0.04124752467032522,0.037300068277545506,0.04074138676514849,0.04139059224860375,0.05265120791955269,0.04773445551018085,0.06227276388017344,0.061906438274916376,0.06287017589784227,0.05955870702564425,0.039054196088954996,0.03892759113841748,0.056006906284892466,0.042172945104539394,0.04643751420397896,0.031056873495458603,0.03918135139701917,1.1266433323248801
t122,0.0,0.0,0.0,0.0,0.0,0.0,0.0,0.0,0.0,0.0,0.044612330843392556,0.0,0.0,0.0,0.0,0.0,0.0,0.0,0.0,0.0,0.0,0.0,0.03399657319778271,0.0,0.0,0.0,0.0,0.0,0.0,0.0,0.0,0.0,0.0,0.0,0.0,0.0,0.0,0.0,0.0,0.0,0.0,0.0,0.0,0.0,0.0,0.0,0.0,0.0,0.0,0.0,0.0,0.0,0.04806267121239216,0.0,0.0,0.0,0.0,0.0,0.0,0.0,0.0,0.0,0.0,0.0,0.0,0.0,0.0,0.0,0.0,0.0,0.0,0.0,0.0,0.0,0.0,0.040930622515588766,0.0315710705890524,0.042706864689534996,0.03966491577739362,0.040505032278815634,0.04095097916433588,0.03743121099250857,0.04186397612647852,0.04133351108851002,0.05219178882543929,0.048234177144422574,0.06307432892936049,0.061694919233659995,0.06798211825662293,0.0591815252591914,0.036418626279782984,0.039339574182122306,0.05584034381172387,0.042692904379691754,0.04705195990044708,0.03111159050115475,0.039839051944454695,1.12828266712386
t123,0.0,0.0,0.0,0.0,0.0,0.0,0.0,0.0,0.0,0.0,0.04464300452400494,0.0,0.0,0.0,0.0,0.0,0.0,0.0,0.0,0.0,0.0,0.0,0.03651898277712462,0.0,0.0,0.0,0.0,0.0,0.0,0.0,0.0,0.0,0.0,0.0,0.0,0.0,0.0,0.0,0.0,0.0,0.0,0.0,0.0,0.0,0.0,0.0,0.0,0.0,0.0,0.0,0.0,0.0,0.04848987909645075,0.0,0.0,0.0,0.0,0.0,0.0,0.0,0.0,0.0,0.0,0.0,0.0,0.0,0.0,0.0,0.0,0.0,1.814145497465853e-6,0.0,0.0,0.0,0.0,0.041100279548118124,0.03413407996231399,0.038957307777309325,0.04024370996921789,0.04027412199320679,0.040944049462268595,0.03977245223359205,0.04309305725473678,0.041343717048107465,0.05206731545331422,0.04867554420934539,0.0632868095926824,0.06160470303789323,0.06738708110788139,0.05851163853185426,0.039061373601953164,0.039566866000313894,0.05168401297851233,0.04321671597790555,0.047969146383918415,0.0311123399711164,0.04028667911507,1.1339466817537094
t124,0.0,0.0,0.0,0.0,0.0,0.0,0.0,0.0,0.0,0.0,0.04501192844054458,0.0,0.024347967140265325,0.0,0.0,0.0,0.0,0.0,0.0,0.0,0.0,0.0,0.0365476017148012,0.0,0.024839298562127965,0.0,0.0,0.0,0.0,0.0,0.0,0.0,0.0,0.0,0.0,0.0,0.0,0.0,0.0,0.0,0.0,0.0,0.0,0.0,0.0,0.0,0.0,0.0,0.0,0.0,0.0,0.0,0.04856686159473611,0.0,0.0,0.0,0.0,0.0,0.0,0.0,0.0,0.035090832624703694,0.047123206660899086,0.038796173273226486,0.0,0.05535087550981643,0.0027521285816929438,0.03479847504424072,0.036037998010350764,0.024320350330479863,0.016972718098715804,0.018792194674824018,0.06375551340806851,0.0220846338684745,0.05699715180958265,0.0411956687712518,0.03386669818974042,0.03898355142882792,0.04027339867752744,0.04000083220307715,0.040847265656339005,0.039599860210728366,0.04054404946145951,0.04138754856205651,0.05282761144917458,0.04869969381434203,0.06454172773192113,0.06164204054805955,0.0668931295076618,0.057885624817572534,0.03917204178492284,0.039635507739149034,0.05205811539417482,0.04050426607636837,0.04852874636751364,0.031097076939772705,0.04037505380438233,1.6327454184835744
t125,0.0,0.0,0.0,0.0,0.0,0.0,0.0,0.0,0.0,0.0,0.045169820886940215,0.0,0.04092497797347505,0.0,0.0,0.0,0.0,0.0,0.0,0.0,0.0,0.0,0.03696972020463818,0.0,0.030401857457377446,0.0,0.0,0.0,0.0,0.0,0.0,0.0,0.0,0.0,0.0,0.0,0.020100307780172244,0.0,0.0,0.0,0.0,0.0,0.0,0.0,0.0,0.0,0.0,0.0,0.0,0.0,0.0,0.0,0.049695239031279925,0.009375094437988464,0.03525764613960958,0.0075564104208748414,0.04658932874008315,0.027333333383921854,0.035810523640710926,0.02623854367782448,0.04869789717304229,0.05423406077625259,0.0809076504483528,0.06480742210897006,0.08426909819536377,0.08395085868687602,0.08303499730848873,0.08402139787358465,0.056335997702850804,0.05363933609565008,0.03340842514711931,0.0543840975906488,0.07128786365501583,0.038840277032077486,0.06315936099144892,0.04153285029678955,0.0340031117793842,0.038982768448477145,0.039636124711250886,0.03951858279469889,0.0408618663350353,0.0395459026840399,0.04080841778340982,0.0414103670869963,0.05448935181630077,0.049259932785844285,0.06602386567465146,0.06285685449993306,0.06835848551418167,0.058692357704785536,0.039892171820838485,0.04064782199975525,0.05399638453673106,0.041839938405701105,0.05010397741218875,0.030979996194901105,0.041162989933354766,2.381005664779888
t126,0.0,0.0,0.0,0.0,0.0,0.0,0.0,0.0,0.0,0.0,0.5675731868113871,0.0,0.6189041439806715,0.0,0.0,0.0,0.0,0.0,0.0,0.0,0.0,0.0,386.6849984589574,0.0,244.18714152117303,0.0,0.0,0.0,0.0,0.0,0.0,0.0,0.0,0.0,0.0,0.0,0.27684682026790597,0.0,0.0,0.0,0.0,0.0,0.0,0.0,0.0,0.0,0.0,0.0,0.0,0.0,0.0,0.0,2763.7381207354592,0.34025353940565356,0.35236595610426136,0.1702232400185195,0.38008208443352487,0.37644895269477274,0.38324097877811614,0.3776375239919827,0.3839746397570707,0.5451058867893153,0.6806473168253433,0.6251180018516607,0.7182451844564639,0.7217617605638225,0.7709007928869411,0.699212969862856,1.4289583559079193,0.48946764463947234,0.0643850181223347,0.24321288959002357,5286.850770603254,0.4946748188984035,1580.397762141724,0.3207482560101198,0.30369723866533604,0.32896452352724737,0.32832469511049567,0.32243049401586177,0.337558495310077,0.33037184581917245,0.3263838362909155,0.6047821333665979,0.5515568732917018,0.6975620655725834,0.6156432012867299,0.4980065232178885,0.5928202272843919,0.5592529431669391,661.8620176149874,1236.4766768928694,3044.9800319407077,1029.4376187165137,0.2590893760643079,192.0395844497112,544.5493144950744,16989.89047200507
t127,0.0,0.0,0.0,0.0,0.0,0.0,0.0,0.0,0.0,0.0,439.23882116429223,0.0,525.3027869407539,0.0,0.0,0.0,0.0,0.0,0.0,0.0,0.0,0.0,268.2824982751675,0.0,239.8175642611207,0.0,0.0,0.0,0.0,0.0,0.0,0.0,0.0,0.0,0.0,0.0,1103.9060598032888,0.0,0.0,0.0,0.0,0.0,0.0,0.0,0.0,0.0,0.0,0.0,0.0,0.0,0.0,0.0,2176.2261403926077,1.2529999567207768,14.238685716141998,0.5755116159629112,23055.368653119527,23636.623964939557,0.9925465924610836,1.4562027601428487,25574.848205925315,3523.418467800777,11892.408351059275,8166.193456156841,13753.133396552526,12816.42272548932,21.03849959528607,13100.372265720274,1.1469098387541767,0.4768503020546524,0.1275424025813989,0.3806300293404922,6088.708007045847,0.3822339376051262,2176.3841218204507,4806.477275429502,3505.133499691912,10976.914134083374,8672.85826747382,5517.32627781549,11624.435253659998,9149.535578186238,7934.711231661404,191.94896935619676,1843.102608103583,186.64960167388054,1194.9613039680737,0.6447092410449914,5601.737409025938,3044.478167446886,477.2329211348665,1189.8530966724506,3274.2183437835793,952.1004636932375,0.21692553738353307,165.7511832537493,516.9439256533419,229405.95524575992
t128,0.0,0.0,0.0,0.0,0.0,0.0,0.0,0.0,0.0,0.0,341.0139674661703,0.0,740.2479981975471,0.0,0.0,0.0,0.0,0.0,0.0,0.0,0.0,0.0,253.62594403533785,0.0,215.7791087858985,0.0,0.0,0.0,0.0,0.0,0.0,0.0,0.0,0.0,0.0,0.0,1596.4225784654718,0.0,0.0,0.0,0.0,0.0,0.0,0.0,0.0,0.0,0.0,0.0,0.0,0.0,0.0,0.0,2021.3657114218531,1.7904324819958344,15.640576818815363,0.8290949832052391,31610.08648261486,38185.00196495617,1.306863789306181,2.3148510758920007,36233.569799775956,5723.925193754807,26847.052901190415,18889.364025559524,32033.166013041686,26984.098201981047,24.036295529364295,29927.52469571738,1.8540114497266575,0.43247757597686687,0.20036892107035773,0.45763437103219695,6338.818487166427,0.3442498695079397,2950.256649025283,2498.2748606335194,3311.4347452908955,11515.451042991448,4578.231611010114,1984.0420039504015,12805.872743282198,10397.3366876455,3513.9495888952088,147.01227367270928,1770.8800543134325,135.68132402261278,570.0655557800544,0.5942024635797805,7048.0822053065,3382.038681544126,453.209720622816,1236.3645568116926,3121.8148033183224,1115.9502087776123,0.22508854604786588,147.20037029500853,614.3302318555518,331288.5691410511
t129,0.0,0.0,0.0,0.0,0.0,0.0,0.0,0.0,0.0,0.0,333.7348934858614,0.0,1031.832249225583,0.0,0.0,0.0,0.0,0.0,0.0,0.0,0.0,0.0,360.44287309981735,0.0,275.75751183394516,0.0,0.0,0.0,0.0,0.0,0.0,0.0,0.0,0.0,0.0,0.0,2181.8940572145875,0.0,0.0,0.0,0.0,0.0,0.0,0.0,0.0,0.0,0.0,0.0,0.0,0.0,0.0,0.0,961.82365618117,2.406986518565058,16.418910008887657,1.034318686346358,47492.68491762041,63551.97582483874,1.6556510627697971,2.9793525038473794,59574.10869977472,7657.076360054201,30446.685103591677,20699.25426907686,36746.63255001814,30048.419693424818,27.430845559585666,34154.3619626204,2.6749814570868096,0.5668783338645322,0.2902187186724643,0.48687955897252155,6866.176245323673,0.6688482879925246,3282.039609057473,2094.891286947117,3836.7752570820076,12569.827251258288,7228.740426333239,2159.4754241925298,13989.769952351522,11015.698185638263,4684.06920166827,143.76279212548724,1516.2790553933582,207.792772325575,687.5011131608608,0.7283755571633999,6840.150741392561,4167.411673504218,631.262842794833,1339.4387911130984,3555.749793641793,1342.221724361972,0.2696701239315958,158.77762196279903,865.0072119182648,424757.1155119858
t130,0.0,0.0,0.0,0.0,0.0,0.0,0.0,0.0,0.0,0.0,306.9244978757841,0.0,1123.3830233275055,0.0,0.0,0.0,0.0,0.0,0.0,0.0,0.0,0.0,551.0633151094542,0.0,415.7634489037524,0.0,0.0,0.0,0.0,0.0,0.0,0.0,0.0,0.0,0.0,0.0,2722.172310663422,0.0,0.0,0.0,0.0,0.0,0.0,0.0,0.0,0.0,0.0,0.0,0.0,0.0,0.0,0.0,1184.965705800944,2.9942292268704658,16.937085296475182,1.2488869118495378,45913.97011199134,61779.869962858036,1.8534774853628448,3.4502445200479874,58218.05611018301,6641.419729615347,17685.89875151153,13313.4436277372,20583.919904896873,18210.306404568095,30.103949930208728,19470.662589417654,3.1633039863014343,0.8459979370832824,0.349824747228187,0.6375871808683619,10082.737870220037,1.0830995939261696,3052.0745352081176,2404.1543564874983,3780.1324835557425,13166.056675697255,10694.916255686228,3717.847786858701,13749.119690375774,10800.815534480238,9118.158294082106,132.70705425767954,1429.157043581338,436.63086759818185,890.8890807442413,0.8496945240705388,5774.587296032341,4554.720245000679,956.447892379515,1720.967479757578,4527.960712987853,1921.1114786053568,0.3411001497196366,239.51723555680485,1248.8783849747083,372585.266230078
t131,0.0,0.0,0.0,0.0,0.0,0.0,0.0,0.0,0.0,0.0,215.15364288031023,0.0,807.0584573370911,0.0,0.0,0.0,0.0,0.0,0.0,0.0,0.0,0.0,705.4237958940561,0.0,541.8283537976398,0.0,0.0,0.0,0.0,0.0,0.0,0.0,0.0,0.0,0.0,0.0,2893.78080084163,0.0,0.0,0.0,0.0,0.0,0.0,0.0,0.0,0.0,0.0,0.0,0.0,0.0,0.0,0.0,2241.1717932119877,3.1854376149227006,17.77557177236512,1.3352269522668128,34878.057387619556,42763.94959408976,1.854036324466384,3.5498844517501116,41268.33188445575,1878.8162258783887,3350.8469105354743,2731.222612637459,3708.3324798709946,3542.7204570602335,31.231386276345535,3605.981732269458,3.624896969155637,1.0858018544938632,0.35858873361783283,0.7542829641650561,14985.611073185864,1.2205962705902837,3794.128953218875,3581.1393630366724,4182.007114498127,12771.289477538041,12350.236130922221,5960.140588145332,12869.997411481978,10052.58408394423,13541.502400191632,95.68994540633207,990.6648560148676,658.1273439798407,1131.8353502865143,1.0043473106646523,2029.577031270881,1828.8793377934326,1242.8818897883955,2351.700179418273,6097.017158616414,2838.9086395580134,0.44225642396532294,312.7050081092589,1832.1141984565747,260698.83597716037
t132,0.0,0.0,0.0,0.0,0.0,0.0,0.0,0.0,0.0,0.0,0.6242269578496007,0.0,0.4856944418470448,0.0,0.0,0.0,0.0,0.0,0.0,0.0,0.0,0.0,836.7462666400245,0.0,596.3497610917044,0.0,0.0,0.0,0.0,0.0,0.0,0.0,0.0,0.0,0.0,0.0,2829.181404746729,0.0,0.0,0.0,0.0,0.0,0.0,0.0,0.0,0.0,0.0,0.0,0.0,0.0,0.0,0.0,3176.757979686614,3.2048533816695945,17.932262137666502,1.314413728857855,25613.85827847605,29654.384654273395,1.8066379687504548,3.470861873501389,29554.28250754124,0.4889992715252447,0.634162923466647,0.574518898880342,0.6679413139354438,0.6558023795951158,0.6880272337822362,0.6610352064599283,3.841790703761083,1.3030967846009314,0.38318616214277185,0.9490680394564427,15659.072477386508,1.3339059477990962,4595.6538788452735,5302.691692897588,4077.9143226924034,11568.195459663151,11887.51471336932,7449.728757961995,11307.110231616116,9248.563264890148,13100.448191872114,0.556880055200736,0.5453417045719107,0.5226869701555188,0.5557281472601971,0.5191027156950514,0.5313656547132268,0.5074184800450894,1475.2792269431118,2614.6292646313677,6774.937707007128,3568.1374032907715,0.5635839327229687,363.6870130027806,2108.433560060274,203408.88061160175
t133,0.0,0.0,0.0,0.0,0.0,0.0,0.0,0.0,0.0,0.0,0.6297218637756146,0.0,0.5063298381037384,0.0,0.0,0.0,0.0,0.0,0.0,0.0,0.0,0.0,920.9848574067687,0.0,593.2718640870087,0.0,0.0,0.0,0.0,0.0,0.0,0.0,0.0,0.0,0.0,0.0,2797.7791971630068,0.0,0.0,0.0,0.0,0.0,0.0,0.0,0.0,0.0,0.0,0.0,0.0,0.0,0.0,0.0,4306.044329267259,3.1934960889008286,17.499795009780676,1.3320912040838286,23519.85753393825,26694.82225165225,1.869022000455152,3.3506904362306864,26599.43579873955,0.5294443203420087,0.7062058271840215,0.6364212915359531,0.7498324326588772,0.7320818742155097,0.7539841354953438,0.7376071065082215,3.6474615009921845,1.2931730388193163,0.3796514611289993,0.9225408425324936,13952.794998255442,1.3298048060910368,4351.688272074842,6864.9905173728785,4569.626520891829,11690.968804740249,12291.17266658962,8798.576404622234,11070.091805285247,9443.621842971334,13086.343492369342,0.5615531189382068,0.5705756121269587,0.5543482757120728,0.5953384891545284,0.5719070233820163,0.5827605458016478,0.5509846462973655,1599.7294061010616,2702.173708628132,6966.218242074727,3569.417369164463,0.6476986127572706,374.31268593451733,2304.0414599855867,199113.39855071862
t134,0.0,0.0,0.0,0.0,0.0,0.0,0.0,0.0,0.0,0.0,0.6312690337737195,0.0,0.5103456326792184,0.0,0.0,0.0,0.0,0.0,0.0,0.0,0.0,0.0,955.4341282505206,0.0,593.9051663223192,0.0,0.0,0.0,0.0,0.0,0.0,0.0,0.0,0.0,0.0,0.0,2684.685802821501,0.0,0.0,0.0,0.0,0.0,0.0,0.0,0.0,0.0,0.0,0.0,0.0,0.0,0.0,0.0,3700.7737524729127,3.0868676417813177,15.938809998692916,1.3403702454922168,24113.476950384735,27298.486783026136,1.8474386147632906,3.055921649385453,27193.414233311545,0.5337628500710707,0.7155882075021509,0.6439214217971312,0.7162628066143952,0.7432459150732029,0.7632394189542424,0.7462556170648895,3.5080448874497874,1.2754032406042242,0.3830312389880477,0.8897790781093221,11317.84664911707,1.3504048163901565,3648.1197647684057,8350.52387288127,4815.021710419963,12340.382180407421,12869.88817874709,9914.24360662511,11220.471242372587,9622.416821241964,13380.00357131131,0.5669861596724104,0.5640110969802663,0.5341583140934745,0.6039719363034237,0.5763338993538261,0.5878055843240872,0.556562138532172,1609.1685204425926,2542.1272674363863,6113.2364101138955,3310.5440202430436,0.6370377349032141,371.9322754547625,2163.2648039361666,200172.67454128806
t135,0.0,0.0,0.0,0.0,0.0,0.0,0.0,0.0,0.0,0.0,0.6390175483808207,0.0,0.5164380841438287,0.0,0.0,0.0,0.0,0.0,0.0,0.0,0.0,0.0,932.47233333451,0.0,530.0858839332425,0.0,0.0,0.0,0.0,0.0,0.0,0.0,0.0,0.0,0.0,0.0,2505.5116486576703,0.0,0.0,0.0,0.0,0.0,0.0,0.0,0.0,0.0,0.0,0.0,0.0,0.0,0.0,0.0,2747.5210999210803,2.942525915590108,12.981317945398263,1.298261233740225,23272.82632785097,26112.86382294167,1.8245691094872725,2.779061718982424,25826.977776782936,0.536125941285718,0.7204481280059554,0.6472741674951976,0.7239602573681623,0.7511540478735697,0.7743398026272459,0.7523119027609937,3.4509549068233456,1.1864688035880784,0.36876541299915194,0.8162479700921019,8704.039439751534,1.3298547086138013,2916.848389742678,8759.590257368342,4770.332075897106,12298.860625779067,12832.983520843976,10436.90948050814,11392.979098153584,8866.610212791657,12877.452704170537,0.5952110022059287,0.5447298253930057,0.5274187974177948,0.5810671216750052,0.5758728607549553,0.5833956522255903,0.5528113229211158,1530.774866266103,2297.6422992888038,5011.718954973749,2921.790712051268,0.5997560932414578,349.54373412321377,1957.9525639833191,189893.8871893962
t136,0.0,0.0,0.0,0.0,0.0,0.0,0.0,0.0,0.0,0.0,0.6345461097312182,0.0,0.5294171805262522,0.0,0.0,0.0,0.0,0.0,0.0,0.0,0.0,0.0,893.1923623627138,0.0,460.5821871311331,0.0,0.0,0.0,0.0,0.0,0.0,0.0,0.0,0.0,0.0,0.0,2264.489066508651,0.0,0.0,0.0,0.0,0.0,0.0,0.0,0.0,0.0,0.0,0.0,0.0,0.0,0.0,0.0,2685.5963200699807,2.6963615295053462,10.357275300479916,1.1378804120420518,22177.07296855742,25183.297203819733,1.5018866847169947,2.341636261854108,24559.006403145147,0.5393727983391727,0.7214488169993274,0.6454321860655909,0.7359335428336635,0.7635165112442337,0.785235271195674,0.7194961041386705,2.8643724875260865,0.8996680111414419,0.35846530225641954,0.6629551274637171,6815.86854616669,1.0020018452472,2005.5946967075333,8804.765646830823,4416.928184296365,11648.695691720379,11730.544837614842,10372.936430370719,11315.53749999098,7748.662512692703,12417.397916081121,0.5958213912265933,0.539969531454517,0.5218680533348561,0.5886892746384547,0.5565104516799495,0.6066641773759329,0.5569609560516255,1441.3431229626226,2126.1089599265824,4076.8180844381786,2636.774293414788,0.5069588782067874,354.0298785546283,1729.7574625889529,177899.37062015
t137,0.0,0.0,0.0,0.0,0.0,0.0,0.0,0.0,0.0,0.0,0.6032056940764505,0.0,0.5749692213953495,0.0,0.0,0.0,0.0,0.0,0.0,0.0,0.0,0.0,863.6534190986745,0.0,361.06120378834464,0.0,0.0,0.0,0.0,0.0,0.0,0.0,0.0,0.0,0.0,0.0,1978.3002928305177,0.0,0.0,0.0,0.0,0.0,0.0,0.0,0.0,0.0,0.0,0.0,0.0,0.0,0.0,0.0,3035.9336824642414,2.3447441814727297,6.964090401248636,0.8819970651471245,20684.92408264574,23955.974784843507,1.1313444736839098,1.652170485075515,23120.80032390775,0.5473451318266598,0.7094553359493148,0.6333093991343048,0.7255134675651789,0.7110209818929434,0.7775767612293336,0.7146917113568634,2.3947566642718106,0.7344632806700515,0.3162524240041623,0.5628885587190076,5954.884245114401,0.8452964867445603,1789.8954840625283,8358.090010097494,4032.696374136349,10904.66440609554,10789.811243518154,10223.797970631276,11255.694187092678,7248.9288559038,11824.198318480747,0.603151920704363,0.5253824779401839,0.5173920995375738,0.6066078701060178,0.5044212964670762,0.604384698355716,0.5594550175919721,1385.8507054485358,1994.5742823651362,3888.9045553376745,2393.1116372273927,0.428882259222926,338.7454917967064,1639.8966048009743,168052.56693105353
t138,0.0,0.0,0.0,0.0,0.0,0.0,0.0,0.0,0.0,0.0,0.03516745747083405,0.0,0.03434138316731605,0.0,0.0,0.0,0.0,0.0,0.0,0.0,0.0,0.0,0.03809337012080505,0.0,0.03227591602751545,0.0,0.0,0.0,0.0,0.0,0.0,0.0,0.0,0.0,0.0,0.0,1287.0106368223896,0.0,0.0,0.0,0.0,0.0,0.0,0.0,0.0,0.0,0.0,0.0,0.0,0.0,0.0,0.0,0.049903824627108406,1.5928778297337824,2.6377610196322467,0.45278408635595635,8303.02204251798,8885.421478684642,0.4770855442574347,0.676556234940055,9811.813026211224,0.04532302991628967,0.06383896434272174,0.059474742174643325,0.06754434749018401,0.06771007909992477,0.06568106991301903,0.06402703054482117,0.056449114562330927,0.05391774868814059,0.05210192369332242,0.05815997367432568,0.07057493407046422,0.03822320998329032,0.0621394350259834,5008.884618344819,2760.422867561375,5799.814183593626,5594.208028509271,5440.778460284095,6168.20589541395,4878.096770939763,5967.435424631345,0.032619070568671304,0.046696218674696865,0.04070168369935345,0.054924249181567575,0.051464072370772884,0.05969885358354077,0.051617984599943156,0.04060172132903972,0.04211115543512278,0.05259489624586422,0.04206244937995507,0.05018391566843805,0.033890321435478654,0.041703210329615104,69912.60631558647
t139,0.0,0.0,0.0,0.0,0.0,0.0,0.0,0.0,0.0,0.0,0.03486533548561965,0.0,0.02663343494364767,0.0,0.0,0.0,0.0,0.0,0.0,0.0,0.0,0.0,0.037892842071414634,0.0,0.023226367711064455,0.0,0.0,0.0,0.0,0.0,0.0,0.0,0.0,0.0,0.0,0.0,0.0337267873737801,0.0,0.0,0.0,0.0,0.0,0.0,0.0,0.0,0.0,0.0,0.0,0.0,0.0,0.0,0.0,0.048432891231641406,0.053017692693230756,0.032117300369687074,0.03033202297565321,0.058440069607968326,0.06158441514708102,0.029225616334455806,0.031913074874979935,0.06125086985412054,0.037043749391273195,0.05360088420275133,0.04377353601921641,0.06933881547956844,0.06664270095689062,0.06471794324422753,0.06885489740670891,0.0313437382880033,0.01323152889951355,0.004705691347880673,0.012829336528693086,0.07188985963512096,0.012095023111473823,0.05174083015916153,0.0435007404848875,0.037812462642250466,0.046678834631165955,0.04778400522627635,0.044221827323781326,0.04954095688299276,0.04236269941975479,0.04643313508859137,0.03244030579810442,0.043726151634473354,0.039181204101623734,0.05385983063661115,0.04779420689093117,0.05229842590051703,0.04642299514125625,0.040173809304178576,0.041313394992357644,0.05257637568138307,0.044499512636321015,0.04952456580264175,0.03384448758788494,0.04110417497395247,2.141561358126765
t140,0.0,0.0,0.0,0.0,0.0,0.0,0.0,0.0,0.0,0.0,0.03696193061409758,0.0,0.0,0.0,0.0,0.0,0.0,0.0,0.0,0.0,0.0,0.0,0.03793791805719593,0.0,0.0,0.0,0.0,0.0,0.0,0.0,0.0,0.0,0.0,0.0,0.0,0.0,0.0,0.0,0.0,0.0,0.0,0.0,0.0,0.0,0.0,0.0,0.0,0.0,0.0,0.0,0.0,0.0,0.04786600784791517,0.0,0.0,0.0,0.030110744031532022,0.03822284092598238,0.0,0.0,0.03927120589059996,0.0,0.0,0.0,0.02327496922203509,0.0,0.0,0.0,0.0,0.0,0.0,0.0,0.0,0.0,0.0,0.04708902101992862,0.03720183047971659,0.04657612752635032,0.045566604396299226,0.04365545853943331,0.04981067589687882,0.04462084064289229,0.04590594369801693,0.03394673975162732,0.04625928482528252,0.04179564705646044,0.05425509161250375,0.047165082301514616,0.055639763435465284,0.04754359476373793,0.04020442825185455,0.04129157730130828,0.05281050300982315,0.04438494835267193,0.04950797261896389,0.033895518715667095,0.04061160641686001,1.2433838772026151
t141,0.0,0.0,0.0,0.0,0.0,0.0,0.0,0.0,0.0,0.0,0.03694823913701839,0.0,0.0,0.0,0.0,0.0,0.0,0.0,0.0,0.0,0.0,0.0,0.03544560134969288,0.0,0.0,0.0,0.0,0.0,0.0,0.0,0.0,0.0,0.0,0.0,0.0,0.0,0.0,0.0,0.0,0.0,0.0,0.0,0.0,0.0,0.0,0.0,0.0,0.0,0.0,0.0,0.0,0.0,0.049194111710676225,0.0,0.0,0.0,0.0,0.0,0.0,0.0,0.0,0.0,0.0,0.0,0.0,0.0,0.0,0.0,0.0,0.0,0.0,0.0,0.0,0.0,0.0,0.04718996168958256,0.03721033019519382,0.04619734132575104,0.04754016098740976,0.046224627665651496,0.04984625406359555,0.044657868740614504,0.04607811156893149,0.03394336196151926,0.046249048771642265,0.04200497285637539,0.053889758348304895,0.04871822852132568,0.0557066193287028,0.047645847998865065,0.037560632105851255,0.04149086983943562,0.0529396548117802,0.044441464267947595,0.04945500777237166,0.03390058624870562,0.040316433702173526,1.1147950949691185
t142,0.0,0.0,0.0,0.0,0.0,0.0,0.0,0.0,0.0,0.0,0.037017703139554214,0.0,0.0,0.0,0.0,0.0,0.0,0.0,0.0,0.0,0.0,0.0,0.03570439936538605,0.0,0.0,0.0,0.0,0.0,0.0,0.0,0.0,0.0,0.0,0.0,0.0,0.0,0.0,0.0,0.0,0.0,0.0,0.0,0.0,0.0,0.0,0.0,0.0,0.0,0.0,0.0,0.0,0.0,0.048726181441452354,0.0,0.0,0.0,0.0,0.0,0.0,0.0,0.0,0.0,0.0,0.0,0.0,0.0,0.0,0.0,0.0,0.0,0.0,0.0,0.0,0.0,0.0,0.04410730504969251,0.03769727019152924,0.04678089417575393,0.04809273689716065,0.043718605367757846,0.05146666783548426,0.0423506086008274,0.048118181810423266,0.03398463149562758,0.04631215140580025,0.039279842731957615,0.051321417104190914,0.049368965478365334,0.05581072234053863,0.047610142703888414,0.03781554779425278,0.04165963073501189,0.05237753690016689,0.04452767312977812,0.04877083310596536,0.03219011620683432,0.04025063094195502,1.1050603959493548
t143,0.0,0.0,0.0,0.0,0.0,0.0,0.0,0.0,0.0,0.0,0.037036091060599574,0.0,0.0,0.0,0.0,0.0,0.0,0.0,0.0,0.0,0.0,0.0,0.03619231771381237,0.0,0.0,0.0,0.0,0.0,0.0,0.0,0.0,0.0,0.0,0.0,0.0,0.0,0.0,0.0,0.0,0.0,0.0,0.0,0.0,0.0,0.0,0.0,0.0,0.0,0.0,0.0,0.0,0.0,0.047900947422022,0.0,0.0,0.0,0.0,0.0,0.0,0.0,0.0,0.0,0.0,0.0,0.0,0.0,0.0,0.0,0.0,0.0,0.0,0.0,0.0,0.0,0.0,0.0453518983158574,0.03748934233408363,0.04618564363045152,0.047533186228974955,0.0439671504063881,0.0514898611290846,0.04296505482852808,0.049566491063160356,0.033997388485886404,0.043113045974678244,0.03929640542992274,0.055095865041948855,0.04993099349296548,0.05128681429778226,0.04762422914427589,0.03830531708035778,0.041915678571967874,0.05237390018737642,0.04143114880207577,0.047838880586039134,0.03233124117417674,0.04025616518356401,1.1004750575859803
t144,0.0,0.0,0.0,0.0,0.0,0.0,0.0,0.0,0.0,0.0,0.03700533812911999,0.0,0.0,0.0,0.0,0.0,0.0,0.0,0.0,0.0,0.0,0.0,0.03656471899785174,0.0,0.0,0.0,0.0,0.0,0.0,0.0,0.0,0.0,0.0,0.0,0.0,0.0,0.0,0.0,0.0,0.0,0.0,0.0,0.0,0.0,0.0,0.0,0.0,0.0,0.0,0.0,0.0,0.0,0.049223323538171826,0.0,0.0,0.0,0.0,0.0,0.0,0.0,0.0,0.0,0.0,0.0,0.0,0.0,0.0,0.0,0.0,0.0,0.0,0.0,0.0,0.0,0.0,0.045244165925396373,0.03720304024318466,0.04575333883258281,0.047016787430038676,0.04451781431271229,0.04682245884032454,0.043125642758241156,0.0470453732086753,0.033982790924937945,0.04359652929815638,0.039509816793724895,0.05476946618728107,0.04872897759827943,0.05152111023926409,0.047692939266198664,0.03867640237240266,0.03908148264508782,0.05285524477949366,0.04156920432069455,0.04680858393376641,0.03253465772314712,0.040486149468051735,1.091335357766786
t145,0.0,0.0,0.0,0.0,0.0,0.0,0.0,0.0,0.0,0.0,0.036925896457887575,0.0,0.0,0.0,0.0,0.0,0.0,0.0,0.0,0.0,0.0,0.0,0.03704966765462814,0.0,0.0,0.0,0.0,0.0,0.0,0.0,0.0,0.0,0.0,0.0,0.0,0.0,0.0,0.0,0.0,0.0,0.0,0.0,0.0,0.0,0.0,0.0,0.0,0.0,0.0,0.0,0.0,0.0,0.0495730355833075,0.0,0.0,0.0,0.0,0.0,0.0,0.0,0.0,0.0,0.0,0.0,0.0,0.0,0.0,0.0,0.0,0.0,0.0,0.0,0.0,0.0,0.0,0.04562722609989578,0.03743851732178882,0.045230256546346936,0.04743345623865025,0.045671751682675676,0.046654415942612104,0.042296490661101416,0.04898592438257765,0.03393250036015161,0.04375350624650309,0.04023901573873445,0.05464587889946415,0.04865255895256715,0.05269393049820792,0.04769425624908763,0.039132630459334905,0.03973690906605043,0.053214469538943376,0.04189055732695124,0.04536254593300143,0.032468673380265045,0.04073898473325244,1.0970430559539868
t146,0.0,0.0,0.0,0.0,0.0,0.0,0.0,0.0,0.0,0.0,0.03692256596809784,0.0,0.0,0.0,0.0,0.0,0.0,0.0,0.0,0.0,0.0,0.0,0.0346226982526332,0.0,0.0,0.0,0.0,0.0,0.0,0.0,0.0,0.0,0.0,0.0,0.0,0.0,0.0,0.0,0.0,0.0,0.0,0.0,0.0,0.0,0.0,0.0,0.0,0.0,0.0,0.0,0.0,0.0,0.049852472395286895,0.0,0.0,0.0,0.0,0.0,0.0,0.0,0.0,0.0,0.0,0.0,0.0,0.0,0.0,0.0,0.0,0.0,0.0,0.0,0.0,0.0,0.0,0.04657060188947071,0.03758724143335712,0.045096746092895046,0.04793862072983757,0.046660855230584275,0.0466177633497864,0.04576306990929879,0.049159995149238966,0.033932441397155344,0.04433682790840976,0.04050532315750388,0.05443731315608602,0.04861556754938723,0.053453227406862425,0.04760769698805234,0.036553420808331794,0.03989634183017188,0.053502127128012944,0.04207644042890024,0.04521564964350361,0.032368184826680135,0.04097346026264859,1.100266652892193
t147,0.0,0.0,0.0,0.0,0.0,0.0,0.0,0.0,0.0,0.0,0.03703541352842876,0.0,0.0,0.0,0.0,0.0,0.0,0.0,0.0,0.0,0.0,0.0,0.034775618932144425,0.0,0.0,0.0,0.0,0.0,0.0,0.0,0.0,0.0,0.0,0.0,0.0,0.0,0.0,0.0,0.0,0.0,0.0,0.0,0.0,0.0,0.0,0.0,0.0,0.0,0.0,0.0,0.0,0.0,0.050043634157191264,0.0,0.0,0.0,0.0,0.0,0.0,0.0,0.0,0.0,0.0,0.0,0.0,0.0,0.0,0.0,0.0,0.0,1.5093294506724296e-5,0.0,0.0,0.0,0.0,0.04712791919337178,0.037591555747894745,0.04541598079231335,0.04820722535987443,0.04725006214357563,0.046960128216596786,0.04565571976127103,0.04919923956913408,0.03399673247679402,0.04429971437093627,0.04053761299201142,0.05420022040925687,0.04780838902157736,0.053825489438168006,0.04773546583692223,0.036723133502164274,0.03992879954421369,0.0538091835915111,0.042345461150944175,0.04560071420814643,0.032517176707244744,0.041343800244248996,1.1039494841904427
t148,0.0,0.0,0.0,0.0,0.0,0.0,0.0,0.0,0.0,0.0,0.03460188009216836,0.0,0.019926737283491924,0.0,0.0,0.0,0.0,0.0,0.0,0.0,0.0,0.0,0.03548599731300328,0.0,0.026831797747561836,0.0,0.0,0.0,0.0,0.0,0.0,0.0,0.0,0.0,0.0,0.0,0.0,0.0,0.0,0.0,0.0,0.0,0.0,0.0,0.0,0.0,0.0,0.0,0.0,0.0,0.0,0.0,0.048348470125347376,0.0,0.0,0.0,0.0,0.0,0.0,0.0,0.0,0.0276542434702165,0.0328929797368005,0.03664973143210659,0.0,0.046745006533114974,0.0006296955344521783,0.026261242795066586,0.027747078150486562,0.025449247475570334,0.04294889087531589,0.03204321859379508,0.06754806647768419,0.01958557708388705,0.059760230327583486,0.04757211592004751,0.03718917658625287,0.04555720508506056,0.04829323852027301,0.04724372804412269,0.0476361831460963,0.045744618044409435,0.049355807846950484,0.032199650921484135,0.0446043552201445,0.04055641857394221,0.05415410625937511,0.04520027237833141,0.05392454264801927,0.047721401285343745,0.03753572575215003,0.0402838072486702,0.053820003202417865,0.042752894489240134,0.044295270838958234,0.032690364444761144,0.041621401206157316,1.5910623787098608
t149,0.0,0.0,0.0,0.0,0.0,0.0,0.0,0.0,0.0,0.0,0.03461438720682963,0.0,0.033962757518594344,0.0,0.0,0.0,0.0,0.0,0.0,0.0,0.0,0.0,0.03427943237727504,0.0,0.031016398598467276,0.0,0.0,0.0,0.0,0.0,0.0,0.0,0.0,0.0,0.0,0.0,0.024889211592871163,0.0,0.0,0.0,0.0,0.0,0.0,0.0,0.0,0.0,0.0,0.0,0.0,0.0,0.0,0.0,0.04891793732531369,0.014369552167756063,0.040608115552923096,0.014389291951093258,0.0501593155199771,0.02948086200743205,0.03949495163512513,0.04371241143893553,0.056556083263785695,0.04322460516277715,0.06393105148708855,0.05483571872355242,0.06467581304968917,0.06738340716037783,0.06677262331929157,0.0686426152678905,0.055561970609729894,0.05202862463589386,0.0588877434559722,0.06327964120076068,0.07247936542262323,0.03796524787096406,0.065097855379463,0.0472169095182835,0.03751766293953551,0.045976631772646215,0.04792566991818603,0.04698789317626506,0.04804444362525828,0.04574378293182235,0.049336787065840326,0.032206225799541244,0.04511880024983839,0.03881734649939972,0.05435280783785856,0.045052994658412615,0.054436890095530543,0.0478417417862147,0.037141326233268046,0.04067987107237059,0.05452702456750558,0.043475249257426185,0.04210809208883806,0.03149358762038901,0.03880359459935789,2.3060223242162414
t150,0.0,0.0,0.0,0.0,0.0,0.0,0.0,0.0,0.0,0.0,0.04102579220034386,0.0,0.0418914728920754,0.0,0.0,0.0,0.0,0.0,0.0,0.0,0.0,0.0,0.0719708377846473,0.0,0.06701239962853833,0.0,0.0,0.0,0.0,0.0,0.0,0.0,0.0,0.0,0.0,0.0,0.039257181916354966,0.0,0.0,0.0,0.0,0.0,0.0,0.0,0.0,0.0,0.0,0.0,0.0,0.0,0.0,0.0,0.0957698607853672,0.06550716148850944,0.07336724927852778,0.06266903284776659,0.06913183644064702,0.07402875978732482,0.06818516034027622,0.06231167818255656,0.07607377623207867,0.05478347644566384,0.08051389173488133,0.06727288188994862,0.0852075139991939,0.08707140652404632,0.08450504705597162,0.08558012219145894,0.12764852316552888,0.11419427467117016,0.1270548773796718,0.14026165348683928,0.15646541467867792,0.08196557559470818,0.14639997755239165,0.05272828162651422,0.04291030846434296,0.05692628375982167,0.05384300276909926,0.05541069118771702,0.05967800933285616,0.05195768707199022,0.05627237624321424,0.03827641225518619,0.05372914972485887,0.04549189635804396,0.061015826315269805,0.0511897721768213,0.0618968788330676,0.05637455881515052,0.07734123205307242,0.08462635834848697,0.10637149024296377,0.08464758048830845,0.05184115697055926,0.062120618032111,0.08317284759027643,3.6949492548348988
t151,0.0,0.0,0.0,0.0,0.0,0.0,0.0,0.0,0.0,0.0,0.04164854651810401,0.0,0.03929846054359132,0.0,0.0,0.0,0.0,0.0,0.0,0.0,0.0,0.0,93.92574402323758,0.0,431.9053892445512,0.0,0.0,0.0,0.0,0.0,0.0,0.0,0.0,0.0,0.0,0.0,0.04405307964771055,0.0,0.0,0.0,0.0,0.0,0.0,0.0,0.0,0.0,0.0,0.0,0.0,0.0,0.0,0.0,2722.311379437914,0.08161551337850792,0.08662263769751632,0.08105463873052354,0.08533639119559666,0.08413813088554889,0.08236573124156843,0.08152007405945305,0.08785203471779823,0.05128071649414778,0.07692893504281528,0.07195053647956229,0.08264114701887593,0.09046159201534465,0.0883891733115334,0.08883704809704795,2.1536273128804386,0.8631184359255415,0.40192674109387855,0.7426262646224825,13428.260700308601,0.6652626004823536,4727.489146589091,0.05566891718444822,0.050663953860748734,0.06677955567283789,0.057977009279966296,0.059404751260444755,0.06982702940877061,0.05680323896922346,0.06287328478447307,0.03863764033667394,0.05052368573251442,0.045489769631217314,0.063161477461108,0.043823474353659186,0.06457750678237062,0.054645328075366706,174.3877554149982,876.7391959456575,4416.931294056874,1372.8662191853468,0.03793824383050397,68.70584454514591,799.5365084984094,29120.110527858535
t152,0.0,0.0,0.0,0.0,0.0,0.0,0.0,0.0,0.0,0.0,0.04164133006997872,0.0,0.0417962750091192,0.0,0.0,0.0,0.0,0.0,0.0,0.0,0.0,0.0,81.74552522379538,0.0,496.83000472123456,0.0,0.0,0.0,0.0,0.0,0.0,0.0,0.0,0.0,0.0,0.0,0.046763123751588864,0.0,0.0,0.0,0.0,0.0,0.0,0.0,0.0,0.0,0.0,0.0,0.0,0.0,0.0,0.0,2285.3281220205718,0.08614141136968367,0.08595229924596026,0.07938821960765607,0.08475126927078236,0.08783099113497883,0.08194274225366738,0.08080136956385875,0.08747720194514841,0.054890212019927276,0.08289389246783685,0.07141984450572636,0.0872867230209522,0.08968038301100023,0.08705023982073357,0.08780203585047275,2.877485596473885,1.009931215611381,0.5382891318785195,0.8263078922051054,38265.024439112865,0.9023971532667017,6094.234944420722,0.04597473402594687,0.05114197266175324,0.06186624816109543,0.053362438854037464,0.06112416258201847,0.06404577100329334,0.0597986059528921,0.05578714486318859,0.03863578037083926,0.05112053139691852,0.04555402781045359,0.06351243555400288,0.04333292964405197,0.0647294283426163,0.051337831737782835,152.55099426488016,754.4991698140657,5827.392518889138,1387.2771163513437,0.03527146975852558,61.576287782099264,1107.9328638443894,56522.75850251117
t153,0.0,0.0,0.0,0.0,0.0,0.0,0.0,0.0,0.0,0.0,0.043426366367498304,0.0,0.04341518433875535,0.0,0.0,0.0,0.0,0.0,0.0,0.0,0.0,0.0,96.61379276381734,0.0,522.7177901287896,0.0,0.0,0.0,0.0,0.0,0.0,0.0,0.0,0.0,0.0,0.0,0.046711895789485425,0.0,0.0,0.0,0.0,0.0,0.0,0.0,0.0,0.0,0.0,0.0,0.0,0.0,0.0,0.0,2004.5679580096344,0.0862541211891843,0.08691736319113375,0.08604724869129043,0.0826151920191478,0.08785363531205803,0.07992179445344227,0.08605476858278305,0.08800985442940146,0.054429204034022405,0.0815722666302463,0.06915127938555088,0.08460171724436805,0.08829155580315273,0.08975449060483243,0.08626174909295514,3.4117852453511435,1.0841696910685346,0.6552679843257481,0.8582574291668883,28827.491273998166,1.0785061535190092,6003.6243233465275,0.04822170081513377,0.051410578632385295,0.06357022832162329,0.0561304795801334,0.06179558511666983,0.06687542716463213,0.06079539401616785,0.06079659159149742,0.03965564291871715,0.05155245964124333,0.04738326948563554,0.06296870549340383,0.04951204746254578,0.06357459418359213,0.05227796763711012,180.1294869942048,813.5741448248278,6049.898851599537,1536.1028800650279,0.055952505086928686,46.932648508274376,1317.2853942446266,47408.29029385117
t154,0.0,0.0,0.0,0.0,0.0,0.0,0.0,0.0,0.0,0.0,0.25277255349180905,0.0,0.24680082627651245,0.0,0.0,0.0,0.0,0.0,0.0,0.0,0.0,0.0,162.28186945353764,0.0,522.5933931074801,0.0,0.0,0.0,0.0,0.0,0.0,0.0,0.0,0.0,0.0,0.0,1054.4393454571546,0.0,0.0,0.0,0.0,0.0,0.0,0.0,0.0,0.0,0.0,0.0,0.0,0.0,0.0,0.0,2697.4585002874346,2.9475184274860795,14.883896438059871,1.278603164131164,2451.391495401127,2412.313772652182,1.4879402152001833,2.7365735054320064,2422.189104010933,0.2588767753550201,0.3156498130701948,0.29155328022898175,0.3847777984337881,0.3761040612880606,0.4039170127904015,0.36131714354269207,3.4569930158358346,1.0868901194305676,0.6738119464401403,0.8848678526993011,19399.834446895402,1.1090916900745347,5234.666306754845,486.4339557507849,1127.6125885744814,1579.4043212442302,980.0382219001763,1427.5080075894803,1664.547265224126,1412.6504339550802,1340.615356052509,0.23305990380100639,0.2845257365052021,0.2631798244146921,0.28159138358023483,0.18549811629073681,0.3145419899092303,0.29907240787269984,300.8631531120763,1106.9350402010134,6199.9568616219185,1775.4557527275465,0.09041476165997522,93.6089562961452,1435.715960257515,57323.90394829048
t155,0.0,0.0,0.0,0.0,0.0,0.0,0.0,0.0,0.0,0.0,0.191514778877945,0.0,0.18703615929803163,0.0,0.0,0.0,0.0,0.0,0.0,0.0,0.0,0.0,102.9713927748395,0.0,144.80852589619758,0.0,0.0,0.0,0.0,0.0,0.0,0.0,0.0,0.0,0.0,0.0,5.304306193771481,0.0,0.0,0.0,0.0,0.0,0.0,0.0,0.0,0.0,0.0,0.0,0.0,0.0,0.0,0.0,319.9592240986367,3.7395066033756694,10.383584189157325,1.276332839955666,5.051853848708561,5.511620047385804,1.8495691841035575,3.2389725123477957,5.42862424114719,0.2231781405807851,0.34037062496645376,0.27901804388238816,0.36908679688349366,0.3692567884718301,0.3728062557064433,0.35536533169215545,1.398073120948876,0.6208451751385491,0.5027900471335103,0.5493353117971302,456.775731769274,0.5852734361305201,334.68839196064437,0.9397769330287247,3.986408217211647,5.9314530822011875,1.4221347536863505,3.946119315312899,5.796248406022642,4.964115737033353,3.311951166657309,0.1765960232270345,0.2236254696240394,0.208646796512312,0.24749869697916438,0.2046504810478722,0.2644453644697933,0.23184091268808515,139.7214913995998,235.00044969655528,383.36137237551156,263.0235334514191,0.14486838430581703,80.77151429389497,241.3796822635145,2782.590009391557
t156,0.0,0.0,0.0,0.0,0.0,0.0,0.0,0.0,0.0,0.0,0.04404971419182857,0.0,0.04366590057225039,0.0,0.0,0.0,0.0,0.0,0.0,0.0,0.0,0.0,0.07041597243039632,0.0,0.07067661871542441,0.0,0.0,0.0,0.0,0.0,0.0,0.0,0.0,0.0,0.0,0.0,0.04332531352793012,0.0,0.0,0.0,0.0,0.0,0.0,0.0,0.0,0.0,0.0,0.0,0.0,0.0,0.0,0.0,0.09662400686374895,0.08032391044571252,0.07259790837661839,0.08182275554053509,0.0821926987846382,0.08191006921697408,0.08216149133885287,0.08077474393324646,0.08229580044280738,0.056459560420989874,0.08738217703648843,0.0737165740938508,0.09190603776369244,0.09215803355618846,0.09209729515384879,0.09029012982500717,0.13136007412518058,0.12378933016903826,0.1452375071213583,0.14548896275379697,0.16259674017783254,0.08662573846572208,0.14171029136923607,0.05507441336476404,0.04779276138469868,0.06144207168108551,0.05701256479733274,0.05770435090926185,0.06398655365774175,0.05700486704881769,0.06118211918146699,0.03933831593860759,0.05310565916806809,0.04840390283061424,0.06979138940005214,0.060681132401759985,0.06675816939969081,0.055911546839979565,0.07527742662114179,0.08308494278571743,0.10988237953642965,0.089769834665276,0.08400877071744905,0.0653567825652317,0.08628184804138073,3.9825071593497627
t157,0.0,0.0,0.0,0.0,0.0,0.0,0.0,0.0,0.0,0.0,0.04115352384042126,0.0,0.041229315031159786,0.0,0.0,0.0,0.0,0.0,0.0,0.0,0.0,0.0,0.07480917005932497,0.0,0.0705916853104327,0.0,0.0,0.0,0.0,0.0,0.0,0.0,0.0,0.0,0.0,0.0,0.04455489040174143,0.0,0.0,0.0,0.0,0.0,0.0,0.0,0.0,0.0,0.0,0.0,0.0,0.0,0.0,0.0,0.07846033584479528,0.08291490839526183,0.07899108020605183,0.07814434429951578,0.08427416262566112,0.08424221829045564,0.08440429844484987,0.08292662900073022,0.08517939026933163,0.05507668871359783,0.08582833188120276,0.0725721103590331,0.089976885356009,0.09029721475963015,0.09011684019803567,0.08848704164847732,0.11048909870283463,0.11729559491853925,0.140445091267271,0.13561944774848333,0.1600193369667977,0.08526379674054829,0.13347584581970295,0.061769308709699544,0.04892881209070765,0.06484838886535726,0.061466156093047175,0.05893421795190079,0.06689677008398576,0.058962409155356,0.06427546281338437,0.03840621791550802,0.05429010334046325,0.046720458128220343,0.06747548682324123,0.05978728527670252,0.06356882745603798,0.05405879611180353,0.0797348029245768,0.0810566319132704,0.10514994736513472,0.08865453091493691,0.08972466436621157,0.06513534696085799,0.08570629408541208,3.9323901964457124
t158,0.0,0.0,0.0,0.0,0.0,0.0,0.0,0.0,0.0,0.0,0.043065843008889715,0.0,0.04063715204620166,0.0,0.0,0.0,0.0,0.0,0.0,0.0,0.0,0.0,0.07425213787814755,0.0,0.07074974463228045,0.0,0.0,0.0,0.0,0.0,0.0,0.0,0.0,0.0,0.0,0.0,0.0447802085773219,0.0,0.0,0.0,0.0,0.0,0.0,0.0,0.0,0.0,0.0,0.0,0.0,0.0,0.0,0.0,0.07469806434238535,0.08392324739298118,0.08139629346726451,0.07945562667623762,0.08555671366048045,0.08537590806372464,0.0788296127339323,0.0787539069963481,0.08632441249210387,0.05338524678882095,0.08513154886895791,0.07109311493695714,0.0894524441100657,0.09000170185754541,0.0897444966320009,0.08828683494357392,0.12091194779790282,0.12147396600431826,0.14033171520731713,0.13721966578661693,0.15270293946377933,0.08592181838327217,0.14086275856243446,0.06172503084781056,0.04887110455729271,0.06523766162717948,0.0624610856466461,0.06264781098798267,0.0663581242406508,0.059329135900043184,0.06283812595575,0.03977326626602462,0.05284439364004356,0.04635787168535899,0.06412817284581251,0.058583797208389576,0.06162190293252934,0.05485539910523585,0.0791179971965903,0.08051698217514058,0.10725417182038655,0.089024787010203,0.09401892329304207,0.0651047574876884,0.08050986531452509,3.9374994390561886
t159,0.0,0.0,0.0,0.0,0.0,0.0,0.0,0.0,0.0,0.0,0.04296519263175469,0.0,0.04302145305223348,0.0,0.0,0.0,0.0,0.0,0.0,0.0,0.0,0.0,0.07307192007897356,0.0,0.06694942066337717,0.0,0.0,0.0,0.0,0.0,0.0,0.0,0.0,0.0,0.0,0.0,0.04499377932097559,0.0,0.0,0.0,0.0,0.0,0.0,0.0,0.0,0.0,0.0,0.0,0.0,0.0,0.0,0.0,0.0720443453516566,0.08474745698560504,0.08254274017813401,0.08030112381932564,0.08676174600259401,0.08658256113994867,0.07947925587101601,0.08093062546128182,0.08698087651282549,0.05670215462669148,0.08543452172307298,0.06953477452043444,0.08966020995285362,0.09036768072110135,0.09032336196533208,0.08870929159456864,0.12199395670317825,0.10957530878879118,0.13033695768980824,0.12217844429239622,0.15416628104867414,0.0853387618471706,0.14038431653170846,0.06087542741079233,0.048888238487961644,0.06532670513843186,0.06285271158594696,0.06271587631272268,0.07054178808903089,0.05978686342496076,0.06321312542786472,0.03968063553929824,0.05287354937172495,0.04673335518600652,0.07045146418386139,0.05831111274077405,0.06776022984195151,0.05401720115742137,0.07769649691954328,0.08612133037513559,0.10650756098038983,0.08270571726825438,0.0942145028383532,0.06808996498284614,0.08142591375599295,3.926868290094749
t160,0.0,0.0,0.0,0.0,0.0,0.0,0.0,0.0,0.0,0.0,0.04296423816663264,0.0,0.041022721763056325,0.0,0.0,0.0,0.0,0.0,0.0,0.0,0.0,0.0,0.04046430977768978,0.0,0.03870784008222472,0.0,0.0,0.0,0.0,0.0,0.0,0.0,0.0,0.0,0.0,0.0,0.045564349873529864,0.0,0.0,0.0,0.0,0.0,0.0,0.0,0.0,0.0,0.0,0.0,0.0,0.0,0.0,0.0,0.042046383699300804,0.08558608117960365,0.07459649818818015,0.08072036390697823,0.08726757008116692,0.08728154166601598,0.08195328579314665,0.0751658590209876,0.08736805221997201,0.05427452594994975,0.08122319566609804,0.07127723702433286,0.08997895487118512,0.08567249470797833,0.08757980370971197,0.0891114009427838,0.06487428272632889,0.06430485731142577,0.07695998631652634,0.06278834462602467,0.08679415186634287,0.047982261804281334,0.07241646586317074,0.06082046624032955,0.04832012246697559,0.06551792903337628,0.0627850751279766,0.06258862477989169,0.06651205762318568,0.06031584864467732,0.06284334789961576,0.039674880485904396,0.05218950786002097,0.04705219888046486,0.07084722736180993,0.0580679049585453,0.06797536012527416,0.05425420019764715,0.042813166536689096,0.047469279149481736,0.05980612140047015,0.045579243578686146,0.055412491196663916,0.03714501982483398,0.04479173229628941,3.1587288644734355
t161,0.0,0.0,0.0,0.0,0.0,0.0,0.0,0.0,0.0,0.0,0.04306291775833415,0.0,0.04184787520750888,0.0,0.0,0.0,0.0,0.0,0.0,0.0,0.0,0.0,0.031167005227189293,0.0,0.02772129844339588,0.0,0.0,0.0,0.0,0.0,0.0,0.0,0.0,0.0,0.0,0.0,0.0430454542051848,0.0,0.0,0.0,0.0,0.0,0.0,0.0,0.0,0.0,0.0,0.0,0.0,0.0,0.0,0.0,0.039031923907259625,0.08041727273933708,0.0755009186396407,0.08002269628630043,0.08698586927494034,0.0872720459010452,0.07472662346441838,0.07447859587458505,0.08740618923911825,0.05489960090653767,0.08300563471857458,0.0663211287901504,0.09020309866173193,0.08749400233500637,0.08354538863212291,0.08596608557854779,0.05005040973231889,0.045339431075603454,0.05267490447508255,0.05007659266821518,0.05977616083691828,0.033537971779731834,0.05397681090380502,0.06130047931765148,0.049368082755790965,0.06584709446542547,0.06216012132790638,0.06240442547641578,0.06600483801594237,0.06044223444041563,0.06308373064166517,0.03976198382315488,0.05340451608208241,0.04728797349253,0.07071348059253069,0.05659848198784223,0.06774785619563772,0.05464238645026853,0.0332440243983001,0.03658088425891037,0.04606052776944125,0.03741901999364927,0.04302905582551819,0.029227149064467994,0.03464830478105796,2.9105305584192096
t162,0.0,0.0,0.0,0.0,0.0,0.0,0.0,0.0,0.0,0.0,0.03443351920100213,0.0,0.034345166142145445,0.0,0.0,0.0,0.0,0.0,0.0,0.0,0.0,0.0,0.03137326569662946,0.0,0.0271838416861101,0.0,0.0,0.0,0.0,0.0,0.0,0.0,0.0,0.0,0.0,0.0,0.030958927091887745,0.0,0.0,0.0,0.0,0.0,0.0,0.0,0.0,0.0,0.0,0.0,0.0,0.0,0.0,0.0,0.040652901312569156,0.05223375661085061,0.04655014260022394,0.045405510374205094,0.053222985356114805,0.051892272545956075,0.05003138271008922,0.04680915873670144,0.05440438765799627,0.04359595818868911,0.06560081345014623,0.056621072133566486,0.07203228981234133,0.06917710626657936,0.0685262918346563,0.06566566256515216,0.04484031384155318,0.041083687822584564,0.041215604403188985,0.03099459421447577,0.06306032635620795,0.024261856621752675,0.05275664879297892,0.04206765522940259,0.034473774267098634,0.03889307838107925,0.04137237942268257,0.0391884043092432,0.039434434824215714,0.03824547683689161,0.04226068661228055,0.03214844102308234,0.0450571285064143,0.037899793610449706,0.049628668843070045,0.045689259681393146,0.053895953089522664,0.047644147941355186,0.0333504947898291,0.03383146991200192,0.04819209757988574,0.037513975406909594,0.04433735649195547,0.029161686118413854,0.03458766361700327,2.227803470520535
t163,0.0,0.0,0.0,0.0,0.0,0.0,0.0,0.0,0.0,0.0,0.03477323937386245,0.0,0.022500122792338928,0.0,0.0,0.0,0.0,0.0,0.0,0.0,0.0,0.0,0.031081946143103778,0.0,0.017417725908678072,0.0,0.0,0.0,0.0,0.0,0.0,0.0,0.0,0.0,0.0,0.0,0.030342018849069063,0.0,0.0,0.0,0.0,0.0,0.0,0.0,0.0,0.0,0.0,0.0,0.0,0.0,0.0,0.0,0.04022207845127923,0.04792007574907331,0.024847766986972886,0.016654033652637144,0.05472780819036416,0.056455206096870825,0.013882535429737532,0.017588576645025035,0.056037729475065134,0.0327537107022664,0.04438980459690356,0.03914876942093315,0.07060940955125261,0.0625355012352884,0.04366956801929506,0.06412290107618901,0.00966206014495085,0.004533870474507068,0.0024289753200387562,0.0021164164061803466,0.0565959512059635,0.001596307982629461,0.035015042095366766,0.04130068204540294,0.03401950758234307,0.04035882821699488,0.04041844143648632,0.04129846401701798,0.04329748020245461,0.03815331374426023,0.042652024338167394,0.032443552353470295,0.044434395924326964,0.03850519295792765,0.05218483087082859,0.05138602152525129,0.05498327056193375,0.04653927046456374,0.03306576389422844,0.03396502071609575,0.04677100158005487,0.03495594523155887,0.04355508039865319,0.029048174779177316,0.03462388965726859,1.831589304474309
t164,0.0,0.0,0.0,0.0,0.0,0.0,0.0,0.0,0.0,0.0,0.03410620833437861,0.0,0.0,0.0,0.0,0.0,0.0,0.0,0.0,0.0,0.0,0.0,0.031028463834445574,0.0,0.0,0.0,0.0,0.0,0.0,0.0,0.0,0.0,0.0,0.0,0.0,0.0,0.0,0.0,0.0,0.0,0.0,0.0,0.0,0.0,0.0,0.0,0.0,0.0,0.0,0.0,0.0,0.0,0.040073057801237155,0.0,0.0,0.0,0.02668969015249445,0.03391778933291789,0.0,0.0,0.029486916567748267,0.0,0.0,0.0,0.03437624466438649,0.0,0.0,0.0,0.0,0.0,0.0,0.0,0.0,0.0,0.0,0.04233750154526206,0.03355785641724651,0.04343542329297634,0.042371060873847455,0.03961733854521299,0.0427951271267375,0.0404856263230613,0.04435968242250965,0.031799314904446874,0.042946684903654386,0.03760897216761805,0.05610453288682038,0.04977539688493238,0.05498568238908774,0.0487352448853926,0.03296363915387701,0.03408020855567884,0.04676711597130634,0.035668491210344655,0.04213000475238671,0.02897709368744472,0.0347548302645464,1.1359351998519993
t165,0.0,0.0,0.0,0.0,0.0,0.0,0.0,0.0,0.0,0.0,0.03510338397427404,0.0,0.0,0.0,0.0,0.0,0.0,0.0,0.0,0.0,0.0,0.0,0.031624898377685895,0.0,0.0,0.0,0.0,0.0,0.0,0.0,0.0,0.0,0.0,0.0,0.0,0.0,0.0,0.0,0.0,0.0,0.0,0.0,0.0,0.0,0.0,0.0,0.0,0.0,0.0,0.0,0.0,0.0,0.03968476086811279,0.0,0.0,0.0,0.0,0.0,0.0,0.0,0.0,0.0,0.0,0.0,0.0,0.0,0.0,0.0,0.0,0.0,0.0,0.0,0.0,0.0,0.0,0.04259910928522004,0.03384150143847364,0.04381698068391415,0.04212944329628954,0.04224136608536355,0.043222500462434255,0.0407364114325901,0.04471188349998556,0.032711485773518234,0.043817897221742896,0.04021235702521153,0.056175500103563536,0.050217135405841606,0.055390248617186444,0.04860069763890351,0.03354386792625519,0.034389286013720266,0.04717958950277534,0.03581942746632194,0.046815664690661674,0.027933377686963468,0.03471816568435315,1.0272369401613624
t166,0.0,0.0,0.0,0.0,0.0,0.0,0.0,0.0,0.0,0.0,0.03545530050882917,0.0,0.0,0.0,0.0,0.0,0.0,0.0,0.0,0.0,0.0,0.0,0.03188771579868899,0.0,0.0,0.0,0.0,0.0,0.0,0.0,0.0,0.0,0.0,0.0,0.0,0.0,0.0,0.0,0.0,0.0,0.0,0.0,0.0,0.0,0.0,0.0,0.0,0.0,0.0,0.0,0.0,0.0,0.041848321012366796,0.0,0.0,0.0,0.0,0.0,0.0,0.0,0.0,0.0,0.0,0.0,0.0,0.0,0.0,0.0,0.0,0.0,0.0,0.0,0.0,0.0,0.0,0.04347886110917898,0.03412202757499472,0.044610958284465596,0.04270265428931452,0.043463459092890844,0.04406111939897528,0.041246657172450796,0.04532038797697169,0.03292652291725062,0.04463195513380924,0.0403219951617757,0.055784569900424685,0.051205106171770876,0.055269672760914546,0.048461171694725635,0.03376170784122223,0.03482557451570756,0.04388409064995358,0.03465479868100374,0.04269337005846097,0.028187084111038985,0.03478421336831161,1.0295892951854975
t167,0.0,0.0,0.0,0.0,0.0,0.0,0.0,0.0,0.0,0.0,0.035200148867943426,0.0,0.0,0.0,0.0,0.0,0.0,0.0,0.0,0.0,0.0,0.0,0.03177710580598614,0.0,0.0,0.0,0.0,0.0,0.0,0.0,0.0,0.0,0.0,0.0,0.0,0.0,0.0,0.0,0.0,0.0,0.0,0.0,0.0,0.0,0.0,0.0,0.0,0.0,0.0,0.0,0.0,0.0,0.04025660447041446,0.0,0.0,0.0,0.0,0.0,0.0,0.0,0.0,0.0,0.0,0.0,0.0,0.0,0.0,0.0,0.0,0.0,0.0,0.0,0.0,0.0,0.0,0.043356378733733436,0.03374618370344251,0.04432652724062791,0.042684686079155654,0.04309220574941719,0.04420542403386207,0.04101236468704883,0.04528721456154017,0.032790218597824605,0.04506209943428985,0.040297248213846615,0.055033310512953904,0.051266962312927156,0.054715569440304535,0.048440688449773006,0.033642689405269266,0.034754719129978184,0.044514867948237224,0.03505257963115582,0.04277165522084403,0.027930150818860966,0.03452999215835462,1.0257475952077915
t168,0.0,0.0,0.0,0.0,0.0,0.0,0.0,0.0,0.0,0.0,0.035035705989685084,0.0,0.0,0.0,0.0,0.0,0.0,0.0,0.0,0.0,0.0,0.0,0.029653268278821088,0.0,0.0,0.0,0.0,0.0,0.0,0.0,0.0,0.0,0.0,0.0,0.0,0.0,0.0,0.0,0.0,0.0,0.0,0.0,0.0,0.0,0.0,0.0,0.0,0.0,0.0,0.0,0.0,0.0,0.04029305157655472,0.0,0.0,0.0,0.0,0.0,0.0,0.0,0.0,0.0,0.0,0.0,0.0,0.0,0.0,0.0,0.0,0.0,0.0,0.0,0.0,0.0,0.0,0.03939613290276611,0.03347339976426156,0.043558691402722616,0.04279513724031858,0.04253958252229495,0.044365875190123916,0.040327845305000665,0.04513122942080372,0.03266897512827427,0.04503059913713514,0.037455631034390535,0.05378582478442695,0.051095762515304344,0.05421609308177722,0.04828071402153,0.03137845027345065,0.03463849063928137,0.04499816830684722,0.03537735627924121,0.042773281427693544,0.028010671230617845,0.034292823290570595,1.010572760743894
