Resource,MIDAT_conventional_hydroelectric_1,MIDAT_hydroelectric_pumped_storage_1,MIDAT_natural_gas_fired_combined_cycle_1,MIDAT_natural_gas_fired_combined_cycle_2,MIDAT_natural_gas_fired_combined_cycle_3,MIDAT_natural_gas_fired_combined_cycle_4,MIDAT_natural_gas_fired_combustion_turbine_1,MIDAT_natural_gas_fired_combustion_turbine_2,MIDAT_nuclear_1,MIDAT_nuclear_2,MIDAT_onshore_wind_turbine_1,MIDAT_small_hydroelectric_1,MIDAT_solar_photovoltaic_1,NE_conventional_hydroelectric_1,NE_hydroelectric_pumped_storage_1,NE_natural_gas_fired_combined_cycle_1,NE_natural_gas_fired_combined_cycle_2,NE_natural_gas_fired_combined_cycle_3,NE_natural_gas_fired_combustion_turbine_1,NE_natural_gas_fired_combustion_turbine_2,NE_nuclear_1,NE_nuclear_2,NE_onshore_wind_turbine_1,NE_small_hydroelectric_1,NE_solar_photovoltaic_1,SE_conventional_hydroelectric_1,SE_hydroelectric_pumped_storage_1,SE_natural_gas_fired_combined_cycle_1,SE_natural_gas_fired_combined_cycle_2,SE_natural_gas_fired_combined_cycle_3,SE_natural_gas_fired_combined_cycle_4,SE_natural_gas_fired_combustion_turbine_1,SE_natural_gas_fired_combustion_turbine_2,SE_nuclear_1,SE_nuclear_2,SE_small_hydroelectric_1,SE_solar_photovoltaic_1,SE_naturalgas_ccccsavgcf_conservative_0,SE_naturalgas_ccavgcf_moderate_0,SE_naturalgas_ctavgcf_moderate_0,SE_battery_moderate_0,SE_nuclear_mid_0,MIDAT_naturalgas_ccccsavgcf_conservative_0,MIDAT_naturalgas_ccavgcf_moderate_0,MIDAT_naturalgas_ctavgcf_moderate_0,MIDAT_battery_moderate_0,MIDAT_nuclear_mid_0,NE_naturalgas_ccccsavgcf_conservative_0,NE_naturalgas_ccavgcf_moderate_0,NE_naturalgas_ctavgcf_moderate_0,NE_battery_moderate_0,NE_nuclear_mid_0,NE_offshorewind_class10_moderate_floating_1_1,SE_utilitypv_class1_moderate_70_0_2_1,SE_utilitypv_class1_moderate_70_0_2_2,SE_utilitypv_class1_moderate_70_0_2_3,SE_utilitypv_class1_moderate_70_0_2_4,SE_utilitypv_class1_moderate_70_0_2_5,SE_utilitypv_class1_moderate_70_0_2_6,SE_utilitypv_class1_moderate_70_0_2_7,SE_utilitypv_class1_moderate_70_0_2_8,MIDAT_utilitypv_class1_moderate_70_0_2_1,MIDAT_utilitypv_class1_moderate_70_0_2_2,MIDAT_utilitypv_class1_moderate_70_0_2_3,MIDAT_utilitypv_class1_moderate_70_0_2_4,MIDAT_utilitypv_class1_moderate_70_0_2_5,MIDAT_utilitypv_class1_moderate_70_0_2_6,MIDAT_utilitypv_class1_moderate_70_0_2_7,NE_utilitypv_class1_moderate_70_0_2_1,NE_utilitypv_class1_moderate_70_0_2_2,NE_utilitypv_class1_moderate_70_0_2_3,NE_utilitypv_class1_moderate_70_0_2_4,NE_utilitypv_class1_moderate_70_0_2_5,NE_utilitypv_class1_moderate_70_0_2_6,NE_utilitypv_class1_moderate_70_0_2_7,SE_landbasedwind_class4_moderate_70_1,SE_landbasedwind_class4_moderate_70_2,SE_landbasedwind_class4_moderate_70_3,SE_landbasedwind_class4_moderate_70_4,SE_landbasedwind_class4_moderate_70_5,SE_landbasedwind_class4_moderate_70_6,SE_landbasedwind_class4_moderate_70_7,SE_landbasedwind_class4_moderate_70_8,MIDAT_landbasedwind_class4_moderate_70_1,MIDAT_landbasedwind_class4_moderate_70_2,MIDAT_landbasedwind_class4_moderate_70_3,MIDAT_landbasedwind_class4_moderate_70_4,MIDAT_landbasedwind_class4_moderate_70_5,MIDAT_landbasedwind_class4_moderate_70_6,MIDAT_landbasedwind_class4_moderate_70_7,NE_landbasedwind_class4_moderate_70_1,NE_landbasedwind_class4_moderate_70_2,NE_landbasedwind_class4_moderate_70_3,NE_landbasedwind_class4_moderate_70_4,NE_landbasedwind_class4_moderate_70_5,NE_landbasedwind_class4_moderate_70_6,NE_landbasedwind_class4_moderate_70_7,Total
Zone,2,2,2,2,2,2,2,2,2,2,2,2,2,3,3,3,3,3,3,3,3,3,3,3,3,1,1,1,1,1,1,1,1,1,1,1,1,1,1,1,1,1,2,2,2,2,2,3,3,3,3,3,3,1,1,1,1,1,1,1,1,2,2,2,2,2,2,2,3,3,3,3,3,3,3,1,1,1,1,1,1,1,1,2,2,2,2,2,2,2,3,3,3,3,3,3,3,0
AnnualSum,3.7203789387984024e6,0.0,7.772459970412915e6,1.0752212005127248e8,23394.12109679646,5.344664311330267e7,3.046018557986766e6,665131.4479060217,1.767671924646176e7,1.2881261353158008e8,1.0739397057892993e7,380153.9509578757,6.592085234013243e6,1.915588439758009e7,0.0,8.212080503081013e6,5.247653917032658e7,618.2704986966464,8043.978574290802,1.7122532239777753e6,2.5141987910863034e7,1.5583053485478666e7,1.011973737600049e7,3.457791890298156e6,2.7736556757252025e6,1.3792290777433302e7,0.0,7.475200577856691e7,9.485850215838237e6,1.1714715277630194e8,4210.0222146620745,2548.0739973992672,2620.526485050237,2.427169326940485e8,1.6205207905178579e7,337833.7338700069,1.7172706428287487e7,4795.364685188944,19207.158468775695,2896.487243918525,2.1328749527064097e9,14589.191406473827,3286.8359802614914,1.9378942726306987e8,3782.9303892839853,1.861979583933056e9,22053.197760765077,2343.4277779546733,22732.7728235065,2937.7260600572286,6.678160937532967e8,26376.12484010398,1.427362532188414e8,14702.857911159004,89899.55159716366,5745.874665612707,5.2930094813974756e8,2.8605454586856723e9,9389.284243419132,17495.101459060763,2.933344352399629e9,6.250746169470565e7,7.36438787169097e8,2.8499256577633345e8,2.5163376983854065e9,4.087361616901196e8,139241.33377411807,1.1806601578474607e9,18350.468363716507,5689.388327140759,2115.411104967649,3198.7943062513486,1.7472643799231246e9,6485.118491215059,2.2623629071615893e7,2.0247760060406595e8,4.5842596031117044e7,2.788780600981305e8,3.113097151046209e8,2.424584303460439e8,4.2278875745306176e8,2.0044123384473965e8,3.0743479118658334e8,4.587642839599976e6,6.933780859907876e7,2.8045248763039928e7,2.3028407473257834e8,18107.459681601566,2.6184635957223555e8,1.0956433060269825e8,1.907856041924068e7,3.4293408953168824e7,1.9715064155294156e8,4.737387439761443e7,7467.059817336154,3.5009040013997382e6,3.0880283110789843e7,2.2300643242827816e10
t1,306.79426512217356,0.0,2.1816471773631156,31800.474704562374,0.24813435191307423,9811.098377842269,0.3111333804773897,0.3451211572258733,2439.7861564521204,17769.983124785005,2243.2162139343927,49.168890765323994,0.0,2804.3422294287548,0.0,1.140315816735796,8398.364065978412,0.07733081540888276,0.2859099523571978,0.41812021592007403,3395.482639553821,2104.4853671046176,1709.6031702386351,414.381423542954,0.0,1503.6629286621069,0.0,26217.98100361379,4636.87187886413,42678.55060881817,1.008249166925389,0.5585519409644696,0.5708663623116985,33632.1200362479,2227.846488975851,38.615373978315006,0.0,0.9732143474174471,5.421864575372381,0.7450184170588945,385053.773786341,2.015428401090241,0.4729478291103374,45631.9482405482,0.40824226805671676,288213.0416182965,2.9909195683117575,0.3584342609964985,5.1182943724303875,0.3981338894256434,85771.39174487143,3.4441923095087663,6447.970521347135,0.0,0.0,0.0,0.0,0.0,0.0,0.0,0.0,0.0,0.0,0.0,0.0,0.0,0.0,0.0,0.0,0.0,0.0,0.0,0.0,0.0,0.0,36991.43032322605,5431.728020536109,34639.84266276009,43775.953653510296,35755.35232262325,50797.94783546274,21366.571097414322,43235.59846508035,960.6846022637227,15623.731962106423,5943.537932376697,43698.20213869284,4.00372981472811,48897.18875388273,9027.767991031345,3200.2966565053007,7254.999173197387,31857.571862729175,9780.684801511974,2.214233796190764,629.1229150454583,7188.823268882405,1.4613937013329014e6
t2,306.7942082486174,0.0,2.1249274436483843,31800.409389909604,0.24272190946104286,9811.029076725657,0.30175420725275276,0.33574105050255176,2439.78161563145,17769.97831050753,2238.130300139959,49.10505327741599,0.0,2411.8286289460366,0.0,1.0945901652806027,8398.283377877457,0.07540616703101412,0.27637166023813015,0.4049033000835347,3395.4780246983228,2104.4808863231215,1697.4129280883324,414.15778833038803,0.0,1503.6633927892644,0.0,26217.96517900208,4636.854309930597,42678.53449556484,0.99498492593393,0.5505728827795217,0.5649590800846258,33632.11810926245,2227.84505470622,38.623497065185,0.0,0.9704627499928157,5.41664260497379,0.7302829780204191,327201.6172596361,2.0051029842849046,0.4650692336904762,45631.90254435329,0.3971294571479603,263222.8273398592,2.983675309978265,0.3553113325640872,5.065476879200142,0.38424963966423215,75095.81143950947,3.435447438374793,9900.155218445567,0.0,0.0,0.0,0.0,0.0,0.0,0.0,0.0,0.0,0.0,0.0,0.0,0.0,0.0,0.0,0.0,0.0,0.0,0.0,0.0,0.0,0.0,38923.59571741115,5527.742733377504,31843.447775562116,48912.81395392282,39717.155100964395,47541.61911034462,21964.142302994955,44065.56485216459,958.5065091255052,15344.81258694264,5854.100199027292,49626.001958510176,3.9241903855051823,47474.42298781545,8842.769261373747,3177.477007050592,7134.466819987212,29695.321118681928,9886.42551974097,2.0537422179979603,688.0360480404601,7901.197338131138,1.379939560046001e6
t3,306.7940236559293,0.0,2.0338900248427683,31800.300068200242,0.23571165721526166,9810.913848783019,0.2888181193974772,0.3229751025375408,2439.7763446339377,17769.972494768987,2290.1350920061923,49.035515510771994,0.0,2019.308486337277,0.0,1.0123126772537516,8398.129599615879,0.07277583953018824,0.2621167738502464,0.3844452528777551,3395.4724062094224,2104.4752929418637,1827.5003708270665,413.91780788384403,0.0,1503.6639905234397,0.0,26217.935591008052,4636.821370747164,42678.502569407894,0.9713135436049501,0.5382791174593083,0.5561220860170066,33632.11613400449,2227.8434400268916,38.6161044214,0.0,0.9646135934807546,5.405968291538958,0.6648200440543282,295818.4533046881,2.007666685570621,0.45084371094084835,45631.82314600386,0.34615612226591747,252023.96050990617,2.9822055406809005,0.3473086339826537,4.977985214853907,0.3270390873410628,66166.26113901084,3.428229656589772,16007.705614185505,0.0,0.0,0.0,0.0,0.0,0.0,0.0,0.0,0.0,0.0,0.0,0.0,0.0,0.0,0.0,0.0,0.0,4.787780885412431e-6,0.0,0.0,0.0,0.0,39257.40379580247,5428.470539846746,27248.432164708196,52336.690075992374,41956.28934560618,43370.70643243424,21165.275791893906,44317.9639780337,980.7786541947575,14986.228837992621,5451.553690974021,51951.32903156565,3.940041776906452,46073.5124783376,8834.21253644343,3420.994469161833,6664.656105573966,27692.225759713518,9639.004651414405,1.8536382119544603,681.3947352613328,8336.901256474717,1.3290378338782864e6
t4,306.7931411074646,0.0,1.8576627504067509,31800.095240413946,0.22662489172602848,9810.697739207084,0.27059710510791013,0.30487986600923866,2439.7700344183404,17769.96527237853,2364.11235890266,48.971227834584,19.905157254945276,1626.7839238974243,0.0,0.8201135582297832,5374.692263807088,0.06901579362725241,0.23768195259749963,0.346400954825655,3395.4597811777367,2104.4624362788168,1647.0272267705525,413.687790461166,46.73822154467738,1503.6637186593834,0.0,26217.883475792554,4636.764360860057,42678.44470490593,0.9341298767006464,0.5205356007899236,0.5430898336607626,33632.11388453251,2227.8416116087296,38.6254255049,0.0,0.9540580673083712,5.384397779566577,0.7137838632149096,290032.8427062577,2.008391825009643,0.4277188318466823,45631.67789854773,0.37602551571983517,247326.52968054597,2.97773505239318,0.32784783602884,4.757675488658103,0.34399126238586997,65139.941536193415,3.3991780300535828,15708.849731667782,0.0,0.0,0.0,0.0,0.0,0.0,0.0,0.0,179.40948229976414,989.3298233690168,1122.185624534588,0.0,1088.0504547751057,0.017690769133641565,52.67104407650383,0.15329868929072338,0.07022113475044005,0.04625000671045357,0.05411757661345548,6922.497582095203,0.03678273819195219,396.33032490640073,37730.55992834043,5155.507828854566,21294.512621829817,51929.545141862145,41710.61957264524,39277.915115868534,17775.739138057863,45208.970631861965,1012.4609619044146,14550.604214939245,5158.311971103992,55268.38513255279,3.6687993953429094,44232.60030822854,9748.002334152028,3083.1577279848348,6452.195981495262,24740.145167873587,9618.886634252623,1.9115681789470766,691.6862060189483,8348.423777937398,1.3077168055485778e6
t5,306.78876637948997,0.0,1.3921676966986878,20351.911526207205,0.21324382006790824,6278.651928357002,0.24146672107070663,0.2736217616823242,2439.754631476641,17769.94696477027,2330.188064315189,48.893694882047996,582.0719925942271,1234.2560355350122,0.0,0.29637637916198695,0.33425166226262837,0.05979695531885391,0.16201194563244947,0.21813474765944607,2546.6578998769864,1578.4513967030268,1219.5652694712778,413.46884677386805,253.75630341278134,1503.6587912471218,0.0,26217.785840338514,4636.653103839532,42678.328393499956,0.8749238366434265,0.4945749826667876,0.521683912503349,33632.11074896706,2227.83946133729,38.618032861115,22.843079753927043,0.9354505749095957,5.340984467899114,0.681850285896985,299897.1575638008,2.009710182614343,0.3843159733807689,45631.273882385074,0.34483063746504095,65715.10580305841,2.923010624574159,0.22332119843009196,0.38200734489056826,0.16981829653604583,0.10517137558824463,2.7736086290097144,16651.340292583624,0.012646634725238292,0.7213482972717815,0.03318182572402897,2012.8669395484624,42.014237501159705,0.27057648863943673,0.31648380363462997,8994.692100226983,5241.182507993423,46801.4329108352,22882.691585195163,50590.4188455748,32454.601594984117,7.9420522938487865,38168.34277481724,1.009278199319906,0.4398172070266794,0.21020487897548648,0.34221381034742665,113608.44128683885,0.4589043880169313,3064.5674811921917,35010.7387871327,4231.353005136272,16310.721223133427,50130.491129827904,40176.825804687236,33690.72693697925,12339.348417728768,46366.61326955451,997.9322233948244,13759.983109899147,4446.863037167358,55478.569952981066,3.5702116914701842,42550.04452312138,10502.510841246882,2481.5609897574027,5640.288640290687,19443.70501695388,9150.477807512614,1.1132723668751792,444.1715033722013,7564.225615051556,1.3308232789399624e6
t6,210.37636803720363,0.0,0.37121708496626904,0.4350258757358318,0.16161158023107555,0.3915027714846317,0.17213549635283754,0.18272632737670796,1829.9377135277532,13327.592115956824,969.2676798825502,48.829406942591994,872.1977384823931,841.7407946235833,0.0,0.2495062623998112,0.2766545490501882,0.056727027495719735,0.145290931375957,0.1942860854684573,1698.155928657654,1052.684409021876,597.0246493553985,413.2254482399,499.3932809949667,1503.6320700144656,0.0,19186.580659770905,2968.5905417049494,42667.34527830607,0.7614214721023831,0.449984912536066,0.4726932923185085,33632.10833423664,2227.8365118601428,38.617879925375,988.7527968815767,0.8987082609154784,5.251477036873228,0.5677504865244,83210.74936057121,2.009217216876853,0.23881969498126465,0.450561252282417,0.18599593516795318,0.07868499844355052,2.3309429238322106,0.20690708899378127,0.31431355798882354,0.15281455744383776,407.95513418751375,2.30979629402004,10757.422110589501,0.902692252066491,14.226758352344007,0.8262719754009349,22749.074422081703,96014.82170191965,1.6852777144578157,3.050681419634277,165602.38813488116,9009.392222520393,132996.64360945395,50722.53737978927,304195.9329603638,77534.0304095983,15.164632902317635,175591.6486390885,2.3606729652155924,1.1071360190091266,0.40565133489829003,0.7572125808008368,283179.6958389404,1.174512988383156,3817.3524456168,30723.993208720378,3455.159736782062,11375.27004844229,47710.82742833617,37523.83560033161,25125.869566074965,8180.685438585909,44344.413486001926,408.31826455140134,5548.956860522753,1846.3612165970828,33511.35749562755,1.5535953847301949,19222.866763699592,5928.155474662819,1133.4565505649607,2778.328955756163,7677.753887932958,4974.507897268451,0.8856455321992656,291.7848254738222,4338.79681514669,1.837527651011499e6
t7,184.7446732998512,0.0,0.31224228125217107,0.3442941156561775,0.15122010016975293,0.3203577638946599,0.15253253692443916,0.16279265023930803,1220.3473435867584,8885.48684120531,597.7366624245452,48.755998083276,1151.9000884477025,449.29526416721103,0.0,0.2265939757831376,0.24979411710089647,0.05474596035692308,0.13555244314177334,0.18024447424993864,1697.9430781856622,1052.440045822737,318.32368802560006,412.994353485468,635.9455173259449,1503.0625112058806,0.0,2407.445310565849,1.423875176060539,15353.458627836262,0.43708345571089163,0.3220037319853357,0.29942656241214083,33632.05675318548,2227.802658538356,38.617803457505005,2883.334578423631,0.5779118701994922,1.2517693057524248,0.2757543756394069,0.10446800434308687,1.9305655746170107,0.21450286126475673,0.3621021947892286,0.17510935796053106,16810.63617250158,1.8631320848428063,0.19652833254914925,0.2820662626690071,0.14828610756507593,12500.880377314901,2.0157154260468113,11675.29809745611,2.640418948948078,32.66742088565637,1.9553952758959552,51448.395976413696,434206.4987921958,2.572460360627579,5.38444715583679,439786.82953973085,11242.250583409595,153799.36061493948,57956.356163440905,556745.1380189343,95442.19515394108,21.26826780427612,264954.39427808113,3.4484172761542466,1.3397231487710057,0.4501985141651121,0.8315753329685605,381506.1186781332,1.5199481469696685,4256.381376763564,12152.867481610398,2191.939821729714,2206.2007029039805,25036.978610324786,18763.49345007226,14782.981786972843,2306.0385167228715,24172.012842842734,254.6546434946414,2796.5541097189985,915.9717551622031,10308.127963591334,0.8756290549850344,7089.475008872744,2328.8650700063213,597.5771049773253,2358.743108230546,5759.479840864798,4478.059292276818,0.5459968640912628,192.50690924745226,3879.927855889647,2.7096945520659145e6
t8,178.51827200995197,0.0,0.28410424558165154,0.3072864046752246,0.14409965890291512,0.28840198051208765,0.1417464955888848,0.15126564773460635,1220.0986948514756,8885.213853287827,570.0762915754838,48.68988016795199,1311.2166114873098,287.6224291038032,0.0,0.21256826050961908,0.2332105322119595,0.05340532265600071,0.1292434843625993,0.1708751463574891,1697.9418944544827,1052.4377508894431,239.14663961092893,412.774556945302,677.6464797297303,1503.0603264519452,0.0,0.9967745782376961,0.8398369144903475,1.1379605657877347,0.37718544266382276,0.2901369518048637,0.2788839963149823,33632.052854656555,2227.7979520501003,38.618934732170004,3738.941023035078,0.5400142223197412,1.105949499380805,0.26077250384332956,0.43836027752284956,1.9221198341939592,0.20078672324256308,0.3230191378396107,0.16446106111039738,13687.329055911434,1.5787541787348494,0.18978501950767274,0.2628997468789322,0.14133233558469013,12167.562298631108,1.8691975603873148,13918.783284733692,3.465026112056531,39.05442324551475,2.481584554789859,74289.98785371466,623322.4052396737,3.009641732014042,6.395200298190391,604078.6194469163,12338.206866642866,146645.75336406604,56950.5738909996,629026.7737504223,90700.72316299165,22.76087756215781,261539.72529675683,4.063196502350928,1.3676804190527654,0.5102863780869111,0.84279588372742,402914.29783317604,1.6072902909352307,4455.115163427613,4605.84907157325,1103.0681879556578,1101.8381313368302,10332.62187984576,5041.971552480219,14024.237668262103,1336.3612386630175,8825.602315695205,243.37920273421878,2096.7666299767648,799.591529065962,9083.615720851243,0.7418803354534319,5788.159561209355,1489.8000098713337,448.08336055293677,2319.6360296276234,7042.857049246361,5249.286713423256,0.5879285167413935,208.80773257011268,3183.2179605143733,3.088184384748119e6
t9,177.02029690902998,0.0,0.266587530259507,0.28487624616689733,0.13884681634127596,0.26866355327823305,0.13518296064227622,0.1436528583475425,1220.091435103949,8885.208241905673,476.9513539740887,48.61804854722399,1342.677726487357,255.94841465436207,0.0,0.20340363053250893,0.2220655749218141,0.05249922978207979,0.12502024102228987,0.16434953647351003,1697.9383768484088,1052.4344141786496,305.8469779303311,412.530100272942,702.8671134693035,1503.0596805956798,0.0,0.8688870971481503,0.7302989837528437,0.9662956343479179,0.3457492030558267,0.2702390911959731,0.2650854187871317,33632.0475195349,2227.794365293641,38.61878179643,4782.976378167731,0.5199663312834683,1.0309170896907156,0.24302283979916256,0.42541749908333515,1.9211977633760429,0.19222727056530642,0.2998801702306922,0.1528968146564872,13189.326457797391,1.4649187310891476,0.18561812892719723,0.25121326484368306,0.1324596002356944,13345.206964878362,1.8091881074365328,15580.791764756277,4.457282331417983,40.929955287590886,2.7209021927551515,91201.69626871504,660105.9302736326,3.4165460700821453,6.712760500227129,689330.2605100505,12609.330642585566,150180.82111051428,59281.08687671493,625015.0086572804,93053.96600654503,23.304443337794957,281507.3074366164,4.314601143310557,1.4077337070851794,0.5748852791129934,0.8580022552895972,409570.91949274845,1.6401555133608605,4818.842575972365,3927.1701638930517,1039.9244819582896,789.1044472651604,11751.779704318746,4981.589976350113,16542.693781387105,1815.9839029308282,9072.36135564829,203.68806797959374,1885.1368583891108,792.59917644004,11704.599188306012,0.8761976903804345,6044.052460462096,1349.1443410998215,572.9235349703874,2356.9775752448254,8684.442079019725,4980.716065651151,0.7331232111168082,184.687923955873,3147.0015582927713,3.269485728123777e6
t10,176.67367339606994,0.0,0.25482272663682903,0.2696217713238492,0.13486537279342845,0.2551500183428662,0.13108258559502375,0.13840901079710163,1220.08816415679,8885.205698637994,349.40409955576416,48.55605472511999,1325.8877572923207,252.87812594622056,0.0,0.19726702310318037,0.21424010799689436,0.05189518737049078,0.12214985990200172,0.1597070787151782,1697.9358395202619,1052.4318893108193,403.83951861063014,412.278964310606,722.2169638133835,1503.0594919387638,0.0,0.7988229494700555,0.6706350288565862,0.883265893836711,0.32561492179691826,0.2563006642129466,0.2544652169209941,33632.04278649987,2227.7911808120166,38.611389152645,5394.832076454428,0.5059445166497257,0.9796533671643558,0.24627802432368823,0.42604710628303855,1.9225330945631505,0.18681863259998718,0.2851927232112809,0.15245754520653454,14071.602904974012,1.429078406457922,0.18266573703782088,0.2434088966586975,0.13394914952444748,13979.914061320995,1.7873118558312364,13837.751346183079,5.0457453474198495,41.32450767962472,2.783238504552854,103851.51490225756,655260.8207247244,3.710341658699848,6.722697908745783,735690.8435745881,12637.513980863994,169208.61126736528,62764.46218386604,601346.1727097447,98013.59941808628,23.912789563716583,293206.1693953079,4.312118882657486,1.447058136622864,0.6295295275509676,0.8749797631975579,416148.666816026,1.6449995601524245,4936.298357641298,3646.9877595753824,1192.6673126418116,1024.925345459521,14318.643161617843,3718.8537211176977,19517.384545384786,2759.659269803472,11225.029630963249,149.28316072863913,1677.603678211936,748.9150048709413,14294.987762208108,1.071221672760771,5945.514226505805,1184.8170934176956,756.7028464560827,2430.430327390636,10083.55125342879,4268.442876580789,0.8148195938423423,171.20752909630693,3604.9541117334643,3.357126129636549e6
t11,176.61097947945814,0.0,0.24671095832479445,0.258732698247739,0.1318157502206886,0.24549600398486915,0.1285060720061709,0.1347299089159648,1220.0857332656967,8885.203432716735,351.80205392029484,48.47852177258399,1335.2538333787297,253.2676050703346,0.0,0.1931568994463012,0.20868762646619832,0.05150267988673981,0.12019693720656859,0.15638322261742776,1697.9340189416168,1052.4299556771891,511.1648781361223,412.053958024398,712.4907577535819,1503.0595223875782,0.0,0.751802698943853,0.6314894127889009,0.8301812263181371,0.3118767971354168,0.24620529903538182,0.24607120683282632,33632.03652282653,2227.7881729174896,38.620462340305004,5447.9574957785935,0.4964398625089561,0.943092944532982,0.24010203896209936,0.420010736153522,1.9238019798112764,0.18334147286862187,0.27518103106940717,0.14774303114485396,14990.30618648131,1.4178305205403483,0.1810172554305136,0.23816957379432896,0.1308738241419078,14339.035852693909,1.7813981791881655,13220.070155923164,5.096297562467819,40.78989553696156,2.682152366264048,104087.96767762826,667522.2203395261,3.744963666476742,6.752068168028235,780706.5467233352,12878.273117513565,180073.37647606822,64355.69859917202,605314.8862355913,95987.00715610516,25.464686438235173,287447.0100718636,4.258899514598906,1.435510754161986,0.6726107720953031,0.8692136103578234,419311.2791209887,1.6465021856991868,4548.701675274532,3929.5590834314567,1742.1487433586565,1679.429731255215,14647.212001682137,4125.970437327219,22975.858344740718,5831.646424255621,9725.139754586167,150.26150639193594,1667.9906560876573,976.7751425532299,16002.503783963362,1.1227984984911574,5686.10966849519,1373.4324042497426,958.5195980080548,2738.0230813385633,11706.09895314626,4782.193400056825,0.8859485184388307,188.38447671322726,3925.8332993957774,3.43921040187903e6
t12,176.60626098348197,0.0,0.24106716679052806,0.250757345159593,0.12946198873569234,0.23843022582769768,0.12688432616174933,0.13213019295880524,1220.0836354146659,8885.201303229269,395.89018521994916,48.414233833127994,1338.548958683663,253.43289990907374,0.0,0.19042457711186062,0.20473746420211952,0.05124774620480097,0.11888007151597163,0.15401572757486093,1697.9328641427567,1052.4284821063015,693.1729994379577,411.813977577854,706.7782719347005,1503.059452017506,0.0,0.7175529397607513,0.6042399727235938,0.7932597855138134,0.3024894463127757,0.23881177886581592,0.2392971708502519,33632.036119852,2227.7851251504762,38.61339406023,5260.569434237209,0.4898210016289566,0.9146428204934015,0.2261404205473153,0.4302516885944121,1.9246536767818592,0.1810878384144006,0.26821094832208286,0.13989587714368998,15224.413387828483,1.4126046294713848,0.18017660790609494,0.23468152582232574,0.12453595465699487,14650.477180682243,1.7845752211101957,13025.642514423967,4.916778604781489,41.179969009473496,2.6383248770168803,101090.98945171601,646447.7874165309,3.5576083127067015,6.360824933472719,819325.7045805472,12945.531258098315,183840.34289882996,61633.929035468,632419.4393518721,85238.022646174,25.904059618113987,280471.1626930299,4.238710424074758,1.45361015121783,0.7309109875237401,0.8564147194901739,417649.25501459866,1.558055907991105,3865.694177715615,5906.79883834445,2486.008804016584,2944.655177553168,13515.748889510847,5360.887441478388,27061.559214957564,9565.436871298474,8798.588029386185,169.03234180254003,1906.115645834972,1116.5476714677557,16497.101648704742,1.3225478063857252,5819.8130059297955,1692.7328641215151,1302.28209234248,2799.449041195487,14744.139402078414,4914.085280816618,1.0097785529533947,259.5638417962358,4309.18512784919,3.4786492629958335e6
t13,176.61326784484024,0.0,0.2370925673653853,0.24474548258003898,0.12762305133300242,0.23314447742856187,0.1258614880351463,0.1302930080425142,1220.0817529703884,8885.199370033772,451.07128197194396,48.338519272667995,1319.9274009391545,253.5445556176019,0.0,0.18866773622819144,0.2019563151825985,0.051081454274827104,0.11801723501210441,0.1523669330536512,1697.9324141773052,1052.427500542913,826.2493633647924,411.569207970244,696.3938616634326,1503.0594678264354,0.0,0.6915648173885112,0.5851112603137264,0.7667502351222669,0.2962327313956086,0.23347468930939178,0.23386354648263197,33632.034402957725,2227.7821074761823,38.61324112449,4916.8010567234405,0.48544174341741725,0.8923226717455064,0.23332051041797297,0.4425291288198414,1.9243631645802657,0.17961427695473844,0.26327534780957124,0.14284499761123845,15322.470833531532,1.4073200162906188,0.1794681916373279,0.23243721637447276,0.12839666524848192,17236.413710659606,1.7939750250136175,14230.228836519074,4.587035269644273,40.65663215563975,2.5667448383260876,96589.36980587154,605187.8479863364,3.194614011834121,5.946235436514063,829902.1337657055,12771.925431533125,176857.7793966486,52067.1885775207,675990.5832676303,76541.88456683989,24.546229949699583,272421.5031594509,4.358213890266935,1.5076215727349975,0.7576485136637546,0.8766727350220798,401627.06870386685,1.5647264489596004,2408.6180684799556,10149.32164900791,3897.298679346287,5911.701124025206,16188.565653436064,5882.848184573146,29687.296500912813,14546.917971338718,9641.149795139312,192.46693249025776,2492.3496873976883,1344.4977014963042,18136.966394257557,1.6015505225510585,6251.905345066397,2263.834453171283,1562.1274943937087,2924.985353808354,17313.037158286963,5378.994565687298,1.1646175201902578,305.9714128600412,4027.039685663377,3.4667181823242796e6
t14,176.66566088744648,0.0,0.2342903002457943,0.24021080821601562,0.12618902853265207,0.22920376660455327,0.125224035552293,0.1289929674442762,1220.08015888422,8885.197816459984,527.4480687197705,48.274707321756,1281.9035185825965,253.70069884014623,0.0,0.18753080198095515,0.1999769970253656,0.050973717636572234,0.11742914498076674,0.15118654575478202,1697.9320053251233,1052.426590512077,806.9701389695327,411.32612320602004,653.1157153155682,1503.0595026474207,0.0,0.6709324433197679,0.5713808880313466,0.7469762713479711,0.29214548374523236,0.22972973651014048,0.22951111224459247,33632.03115167426,2227.7790749158817,38.614048035445,5017.469216406908,0.48291213322677995,0.8747067694401452,0.2297787988177217,0.42741636561328034,1.9209812567238909,0.17865884608576588,0.2597975509876588,0.14041795271880989,17343.605837206054,1.4015392879945316,0.17926966921067408,0.23094299453326875,0.12688911975872125,26181.235170586842,1.8036570812721608,19433.810084921966,4.683115421077739,38.74769199731026,2.2307394301957606,98575.91366525505,556214.8188619645,2.5783851185792015,5.4804473499384425,777806.778625853,12579.676174444725,136985.86050333286,42110.771452449066,705347.5509480856,82955.5118229966,23.257003708916493,279837.8721079515,4.406338696232427,1.475422587021439,0.7666786950555725,0.8681006404071021,344652.2883517593,1.6776266162016908,1452.3214513292462,14283.765407679788,4814.516668088119,9636.014938536204,18889.162046171277,6234.372584847286,41525.73558149621,15782.791806466952,9864.052496756309,224.83972445037426,2833.2921245949083,2419.116255547397,21992.353900593032,1.896320647812023,7540.412396658963,3097.8982990220597,1533.799968925804,2988.1870101040063,19282.589894908633,6003.743787067439,1.2694006788337566,280.7896444029136,2893.646122316608,3.353135216036938e6
t15,176.7639801423515,0.0,0.23232815891373468,0.23679379163399292,0.1250714945093287,0.22627533211003714,0.12483563815697019,0.1280763780574598,1220.0788775175556,8885.196871263905,645.4869287730403,48.202863853968,1101.8874376144042,253.80108373882214,0.0,0.18680430884516744,0.19855146546816452,0.05090442961124987,0.1170247142202485,0.15034046061441209,1697.931691390061,1052.4257226354853,1097.3343001513695,411.098589237486,569.6339361327433,1503.059619274271,0.0,0.6545535888030243,0.5619885223010588,0.7326253878453595,0.2899143827677626,0.22733032039183731,0.22607831278241522,33632.02790535543,2227.776021597057,38.613971567575,4937.210965133435,0.48206130611512227,0.8610609130126065,0.21777004773549027,0.4229866854644077,1.9160879720394004,0.1780411713121623,0.2573690940593406,0.13414595262347265,24290.959149473318,1.3956155220016826,0.17924812928406395,0.2298976480022027,0.12152156867893452,33516.79948297119,1.8099038689035774,20713.517874461235,4.605169422600435,36.50542869142887,1.727080150056288,104366.76197344538,502594.7225054412,2.1779713260563853,4.215936823123198,733462.9363881334,11014.734318217945,87596.24060227924,44267.28084324463,698215.0592330939,87955.51138244239,22.26751226259191,293299.5898839356,3.5009622266118887,1.277965395947843,0.7051393971310073,0.6598552228127026,316938.71849912556,1.4729233908381354,1577.8997766776176,18100.046777146425,5081.703859074097,13110.59431015851,17323.762536841976,8110.315214357222,48376.283910096376,18208.691998710812,12301.407302565636,274.4290907639127,3854.2050008000606,2490.884722167881,25033.35866542253,1.913716111645304,12992.156600308177,3565.8750470387645,2094.858508919186,3383.856530734294,21517.3040461962,5272.387824449995,1.2071070057126247,336.938334189365,1841.4788960192416,3.2426747138282754e6
t16,176.8680512332485,0.0,0.23096600542385068,0.23419220048041875,0.12419157984818421,0.22406985197247165,0.12460462485381771,0.12743657424912824,1220.0778638368379,8885.195477782754,704.3236152930463,48.138587761572,659.904511760167,254.22302655057658,0.0,0.18645013769140892,0.19762195101334512,0.0508581868526565,0.11679275972131449,0.1498101384529771,1697.932267829879,1052.4253484310586,1198.9380156374607,410.848609883834,391.03056308603107,1503.060049056039,0.0,0.6416115610911212,0.5562454261758032,0.7227466369462551,0.2893044509765236,0.22611364982530324,0.22344084389034752,33632.024563748586,2227.772942405896,38.614142995545,4661.121392211176,0.4825191433711648,0.8501105378542715,0.22712114648114695,0.41936281376840717,1.9121453905743653,0.17763839461294137,0.2556621627543415,0.13859909674526866,35464.9482592686,1.3901196462290288,0.17889760520819875,0.2293503851330269,0.12629597568559672,25733.24548652756,1.823705319698196,21864.258775591636,4.339452935813669,32.721787346422,1.2323757234552521,108101.42817995773,445467.0535087713,1.9163665059388246,3.551912820812019,676155.5029765216,6464.527856907909,83809.11298366236,50035.22199744847,658231.9553506555,81760.52616107085,18.970780399632222,271921.4328880785,2.2535412690469516,0.8806003227792419,0.5397756105406433,0.3667004140061377,309687.9028140419,1.1232459737331166,1655.3117378107106,24126.23088199082,4449.774305560527,17098.905476610205,16619.55047119171,11910.742948425563,52630.4292767507,24303.68411587665,13119.701214577351,298.72078400431366,5225.9835674147225,2128.2463207368464,27570.414502948068,1.8089690618495209,17188.357927843976,3677.852755675445,2298.2939084380396,4145.02589008633,19439.30160222926,3482.187111333281,1.178707098649685,393.75986630517144,2477.5808347124917,3.08778319396821e6
t17,177.02187982102538,0.0,0.23005289470102455,0.23226291690139997,0.12351102395445548,0.22246621535575506,0.12448587911266347,0.12699773595641103,1220.0773046535987,8885.184736103338,787.4598567423208,48.05872436069999,195.6714856208088,255.4612793189412,0.0,0.18646012228278971,0.1972087360475675,0.05082969349175396,0.11676486688766831,0.14960555313718518,1697.934841296647,1052.4261406550474,1049.7207540568998,410.60862943729,173.5835685037769,1503.0617671274772,0.0,0.6346425662062325,0.554623131822873,0.7196136351860606,0.2913773586916685,0.2263606105069183,0.22175439580839182,33632.01821019226,2227.769863238623,38.60675035176,4054.921324704097,0.49275878279646906,0.8494526870267282,0.22626158088307258,0.44668743540368916,1.9140659570175518,0.17738614555314572,0.25453608149125395,0.137230728357293,57446.09360846718,1.39708775834024,0.17855716466719046,0.22937472043672943,0.1255484062667559,44959.81461136679,1.838536110481726,21171.2252851878,3.766169819559577,25.303677588629927,0.8585967820914353,105287.28891431402,402095.7864169107,1.5398297091265376,2.7253363295712862,573394.1008390547,1819.713608513803,89021.31151758802,25387.829397454025,565978.8388508196,71874.65949353774,15.220947273646177,224798.3593513319,1.257707937294799,0.38095732242537694,0.2993957511503626,0.13551353119187529,239565.49186577142,0.6729977597596098,1688.5172576788323,22890.1399597826,4062.3537062022374,22296.0524557221,11066.096218661922,17565.526139538546,50778.89060017849,23861.486061167794,15240.84981194652,332.7871310676728,6691.044977539748,1284.3282905718486,21151.79406300198,1.4847166143908337,17511.642732931046,3953.7638437364503,2021.835220761085,3601.88953823786,17010.831722797648,4395.768893928102,1.0144638681742333,391.28171113360827,4175.313599578932,2.7322496316238493e6
t18,177.35707598445873,0.0,0.2295008487242725,0.23084160516072347,0.12301072715329085,0.2213161805501899,0.12442000037914112,0.126726893050758,1220.0775541151363,8885.16816227951,889.6550155939465,47.99261829243599,59.53435668291692,257.121074174646,0.0,0.1867283768468941,0.19720064964470813,0.050811310815491104,0.11688888375816969,0.1496476705890552,1697.9379085219718,1052.4274303293548,719.4396560741012,410.391056823634,33.03023370595462,1503.0772539918248,0.0,0.6555301666655253,0.5673477172056153,0.7414573365621296,0.2973073012246905,0.23041541192478437,0.225631536642339,33632.02800822702,2227.7757384374563,38.60659741602,2551.091668837196,0.5330305999652594,0.9723375086895996,0.22364914778097233,106911.80408189482,1.9274173222329083,0.17717975198107658,0.2537987904416489,0.1316814072755702,202568.27023934157,1.3973558441839777,0.1795810742009942,0.22987316629589571,0.12084081703657892,109988.87895434472,1.857144011655111,17361.72160019305,2.3418980789041774,9.70229594426837,0.37059621104075,71916.68721063597,291632.88892350084,0.5725912988205756,1.1777603685976386,375656.3693518624,546.9316786072848,36588.046086440976,8217.500530370826,336154.36459833017,35889.92584979182,7.660447019474596,117389.57566376624,0.4072523595336288,0.07092834967954469,0.07857441989532783,0.037454625805362234,121186.95372299963,0.23955440754000443,780.0259846424128,17445.49653787087,3947.8901295982087,29015.463018521474,10811.720539370543,23625.552114544513,46099.049867040085,17537.274876429445,16788.971475647017,372.08022943810175,6250.840622772064,1430.5856150529598,20046.956876733224,1.073842971785901,17565.616073060635,3640.2568599435804,1389.1560460733574,3590.0307862180607,21330.86444963013,6913.756234743453,0.8584644485433773,308.474380880025,4976.23015408562,2.1413159931064267e6
t19,177.5986824701679,0.0,0.22909741086710853,0.22976378530046757,0.12260504472492541,0.22044956268348745,0.12439262218038684,0.12652621118634216,1220.0772791101394,8885.160247994218,964.0141527044035,47.91690346870799,4.072264987634245,257.9577597350982,0.0,0.18681595776285156,0.19699527714341405,0.05079720235040084,0.1168710127678961,0.14952634707057488,1697.9384423994068,1052.4275288891472,769.8671203649884,410.14574813290005,1.085778056724374,1503.0757199096922,0.0,0.644330492778706,0.5659336578425574,0.7355791664779825,0.29761407505688436,0.23068565148642287,0.22417739651031182,33632.02687721976,2227.772358764208,38.608354427765,464.97572225619945,0.5320678312949069,0.9592116676077895,0.23601217477629566,639882.8891206153,1.9202192600807855,0.1770256382286306,0.2532760549778788,0.13685736760528155,590553.9378410731,1.3846621462350015,0.1808054742888051,0.229866262496525,0.1260836634958163,191595.26696805673,1.8704381754389556,17623.308433731938,0.36730297849742843,0.39599733371986445,0.027262085647455706,16005.534267854413,77288.3227066314,0.023961953804980368,0.06416147102916435,82581.51235379618,36.77914896465728,2306.0731259883673,378.8537085327542,58656.04073534313,3077.0987790128233,0.6541186008025023,11880.998178852618,0.014357046992001481,0.002311880076653482,0.0022303394696700954,0.001761433005136814,9919.476396412054,0.0070426688061557725,52.10605486946998,13105.321716686844,2794.3456305012555,29976.218168095722,12020.21689156332,26912.94043518988,47428.46077943628,14410.736849410456,25892.278821301,400.08753577107944,6349.961447584717,2363.480182429789,21205.873153584587,1.01615849963705,26991.52910363026,5216.852497056036,1494.4579395931532,2230.644826916355,30379.38145048413,6847.866682640841,0.8492834995992229,298.39417338545746,3970.8051682443465,2.0354986568505133e6
t20,177.75996734977124,0.0,0.2288404111375267,0.2289848510452642,0.12229952270587016,0.21983274609615094,0.12439050745714517,0.1263944909946955,1220.0769012691057,8885.154257438622,1307.175343362479,47.85262737631199,0.0,258.3252112699499,0.0,0.18688164087181752,0.196848328988431,0.05078859234735913,0.11683818443116147,0.14941010276463754,1697.9381497128556,1052.427178234034,764.8480345820976,409.90097852529004,0.0,1503.075313854656,0.0,0.6345451312921586,0.563475279329255,0.7293803815401129,0.2981870169508777,0.23063828235030312,0.22256309445521172,33632.02250446841,2227.7687691830984,38.61680162845,0.0,0.5329253982383436,0.9505453777305781,0.23376350040572688,733871.9606099373,1.9137096607678716,0.17695781612659015,0.25298251610113065,0.1359507356457095,621576.8661320852,1.3776758209403812,0.18163970005960703,0.22987544546254315,0.12536887379087996,193865.40704479138,1.8755458087101955,18638.059917992516,0.0,0.0,0.0,83.26353035676127,581.9978565802418,0.0,0.0,691.5558507600812,0.0,0.0,0.0,5.0446249911531815,0.0,0.0,0.0,0.0,0.0,0.0,0.0,0.0,0.0,0.0,14933.803582651031,2897.983492792468,28734.14373225019,20928.105412318393,34869.529439895676,53876.29697967207,17296.056942567182,44589.27904484014,534.627181990349,7315.790952414199,3416.6758823625228,29039.80815596866,1.1996798750296869,33144.83677286228,9197.743517018947,1485.5309873016636,1515.4106592451826,35660.069012650994,6607.209583313197,0.9823536218882865,196.6671741292303,3360.7838928489987,1.9721520492775587e6
t21,177.68704876743908,0.0,0.22857380387967755,0.22832200060050842,0.12204092585490905,0.21930462314741156,0.12435381715756753,0.12627481394419426,1220.0760750855395,8885.145709055743,536.7483639752713,47.781248050007996,0.0,258.51089877697376,0.0,0.18692964025243347,0.19675739689775443,0.050783898701964335,0.11680989099019565,0.14931522745919595,1697.937761212098,1052.4267858191865,649.6532580259042,409.688488814588,0.0,1503.0751965415984,0.0,0.6243835171313703,0.5597925177760492,0.7217140446459724,0.29818257554693983,0.23020031424388063,0.22074194390599544,33632.017273979036,2227.764964257627,38.609409234560005,0.0,0.5330516020965944,0.9403985642142201,0.2194985312076933,681116.0839132803,1.9074815662277322,0.17682993577300107,0.25263381237961574,0.13064091682593315,609720.9891232715,1.3721495740071292,0.18230799409152587,0.22990311987283937,0.12048237793745485,195996.97708302684,1.8804954557066023,13078.02398521006,0.0,0.0,0.0,0.0,0.0,0.0,0.0,0.0,0.0,0.0,0.0,0.0,0.0,0.0,0.0,0.0,0.0,0.0,0.0,0.0,0.0,0.0,17939.3274374978,2780.6939424556854,17487.21687759571,36478.405568911294,37774.369753623236,53746.93767116499,17746.455150162215,53425.70102056349,225.29141434971524,9454.040558158991,2681.710064724898,35909.51042496005,1.4162322720788776,33345.19897429622,11100.55865726399,1258.0529414316559,1739.9849697066998,37035.41827927399,6334.325115023695,1.062879863908704,163.61698208373198,4073.23690109272,1.9329640787572637e6
t22,177.5739098579212,0.0,0.2283718365844278,0.22781066319442986,0.12184133533151037,0.21889210706135212,0.12431834572158398,0.1261920649753065,1220.0752626217738,8885.13900573114,450.1267605680279,47.716971957611996,0.0,258.55376184205744,0.0,0.18695187191536577,0.19666665054063606,0.050780194026329654,0.1167849512204428,0.14924210668482846,1697.9373632156507,1052.4263854571088,466.91271074099524,409.44372004147203,0.0,1503.075157355305,0.0,0.613272095207221,0.5547051580530531,0.7122514506848078,0.2974656167531113,0.2293405343609612,0.21866644634591265,33632.012306852994,2227.7609361880604,38.60925629882,0.0,0.5319495360754065,0.9281157868793712,0.23239308221615124,622197.8408511538,1.903920060355647,0.17676356976982646,0.25236007252326437,0.13605231375046617,570130.9361744102,1.3689382002836685,0.18251127495180555,0.2299027501474881,0.1258433117434445,185776.9294772557,1.8822354262780503,18701.400963073185,0.0,0.0,0.0,0.0,0.0,0.0,0.0,0.0,0.0,0.0,0.0,0.0,0.0,0.0,0.0,0.0,0.0,0.0,0.0,0.0,0.0,0.0,20671.856818130873,3259.9018197434657,14669.980839205022,46687.40887630964,41485.095633444515,55418.47947894741,18982.996234434955,52272.35923859588,189.79216797917547,10246.329398608375,2818.577571843314,42435.60298875633,1.5864102558060789,34112.97746753378,12132.482998145832,898.6773962272562,2659.96864706242,33694.381729061184,5380.042156749123,1.1574873867073208,148.0921317167065,4517.293244962777,1.8515718362485354e6
t23,177.51390487510986,0.0,0.22824679269134662,0.22750236329431525,0.12171250417992127,0.2186485455754145,0.1243008614833768,0.12614159967090444,1220.074676640675,8885.135439371632,458.86038175073725,47.641257133884,0.0,258.5463868898492,0.0,0.186946875372776,0.19661065754198118,0.05077885035171636,0.11676895956461503,0.14919096588371733,1697.9370440384716,1052.4260675522041,482.5468050036355,409.222831983154,0.0,1503.075146601058,0.0,0.6007460677333336,0.5479419121801244,0.7006197848929417,0.29590013607945787,0.2280038826963818,0.21626705430091522,33632.00717050519,2227.756656783309,38.609103113185,0.0,0.5298702195838021,0.9140001055001565,0.22973854125835258,545179.9752085303,1.90079211437669,0.17674193211775494,0.2522258819478607,0.13530470314006743,517178.9179321693,1.3675509097949683,0.18276594743783042,0.22990676426558795,0.12520896677172785,176240.26051516412,1.882830315287104,9346.329399657357,0.0,0.0,0.0,0.0,0.0,0.0,0.0,0.0,0.0,0.0,0.0,0.0,0.0,0.0,0.0,0.0,0.0,0.0,0.0,0.0,0.0,0.0,22758.910724247817,3265.55893917334,15200.547158646785,41992.7137476433,42746.57616808847,59023.81684716797,19602.174765635493,50777.2147559679,193.5602220659714,9127.952213755469,3513.5191747828753,47317.91743412244,1.714448294828319,35602.74669816987,13181.607177068781,927.8360573286108,3230.2476982317958,33035.24119676563,5155.692240651299,1.2480369977799115,171.4722047590688,5017.67059769753,1.7118950376992412e6
t24,177.49609263917756,0.0,0.22817398533234007,0.22734721112433154,0.12163954578594789,0.21852877575763077,0.12429310593996941,0.12611432149144142,1220.0742860793646,8885.133770742847,586.687863641303,47.57744518297199,0.0,258.5063350059977,0.0,0.18690908361620956,0.19656590656412276,0.050778936086039735,0.11675943769606638,0.1491591672925142,1697.9368242592989,1052.425852424461,704.8235199159851,409.002496359864,0.0,1503.075166212037,0.0,0.5869644474094227,0.5392639505261846,0.6866694564611188,0.2934890472177614,0.2261015383325024,0.2134670958503017,33632.00172028954,2227.7520984370185,38.602111550875,0.0,0.526157841670018,0.8972447636661766,0.2144988763019735,456082.0287168885,1.8981402948090438,0.1767422343141628,0.2521783004534862,0.13020950088474423,469503.3358082516,1.3671652743607514,0.18292219700891374,0.2299005321820235,0.12037055413717554,158923.46656568378,1.883880941011062,8583.556766938169,0.0,0.0,0.0,0.0,0.0,0.0,0.0,0.0,0.0,0.0,0.0,0.0,0.0,0.0,0.0,0.0,0.0,0.0,0.0,0.0,0.0,0.0,23003.90725605094,3578.8925314692565,15120.23029357173,44511.366936005084,42858.23054622489,61395.65900912297,20677.619028095844,49546.67275009061,246.59188782788956,7609.953060365178,4008.972877559444,49699.19130223947,1.9297988476651746,36206.101724767446,13675.204577581797,1364.7693718786606,3347.068461464741,32946.80556357988,5775.395979929617,1.3179191623843547,314.59774000988017,5179.852575749155,1.5666159862684207e6
t25,177.49954115794253,0.0,0.22814629206024212,0.227298209901755,0.12160899427619125,0.21848683521495865,0.12429052580670241,0.1261098851648964,1220.0740371313418,8885.133673535905,710.3331455292829,47.51315724351599,0.0,258.40259767960475,0.0,0.18683544103771896,0.1965030867786489,0.050779162652137846,0.11675461747191723,0.14914413296630205,1697.936677095696,1052.4257051221707,724.1190298797954,408.753888914348,0.0,1503.0752209448788,0.0,0.5716985924282629,0.5282562723580412,0.6698953536102485,0.29001342766552973,0.22351174032338028,0.21017659898987187,33631.995532547466,2227.747230905534,38.601958615135004,0.0,0.5207087597934175,0.8774003340452826,0.2265979695184681,378794.7059141841,1.8947494069064368,0.17677262957541934,0.25217555575047146,0.1358108649816913,438434.75225992425,1.3675978099022301,0.18278164828046295,0.2298492125535785,0.12576667074646541,142010.71679426273,1.884499403052536,15097.984390539728,0.0,0.0,0.0,0.0,0.0,0.0,0.0,0.0,0.0,0.0,0.0,0.0,0.0,0.0,0.0,0.0,0.0,0.0,0.0,0.0,0.0,0.0,22882.69524773151,4055.0076547404856,14592.735186275959,51157.653224232294,42480.29775233451,63044.68114519623,21154.24441427969,50165.247080426954,297.43395043835045,7434.588834208233,4042.8334671535476,49899.225021407176,2.1340755119587875,37179.83656070273,13968.573615391184,1401.8872727106434,3519.8120575126263,32014.719005528255,6558.350360047582,1.380729830605764,327.98571831170386,5278.292353558185,1.458393499702178e6
t26,177.5128717456782,0.0,0.22815683023459363,0.22738910641674046,0.12162717877035126,0.2185579840817521,0.12429152399779812,0.1261199169758639,1220.0739070121278,8885.135831615698,1056.6510993153295,47.43745426684799,0.0,258.2042357716869,0.0,0.18672162662635883,0.19645657513463904,0.05078112068638034,0.11674894406759323,0.14913072299359348,1697.9365317060037,1052.425598805899,799.2354848063948,408.506170204942,0.0,1503.0752382340431,0.0,0.5538355968592463,0.5140304282084159,0.648964344742312,0.28491317544579264,0.2200412180759749,0.20626378232469247,33631.989049673284,2227.741928979244,38.60276552609,0.0,0.5127913269223693,0.8533685780561276,0.22265462276706827,335184.7536904016,1.8883947816172875,0.17681075236257981,0.25224501755441986,0.13521137334677422,421810.9633909761,1.3692144796358083,0.1827148837048027,0.2297778736407424,0.1251545800010408,136280.5214046127,1.8822039970093791,12892.028954636968,0.0,0.0,0.0,0.0,0.0,0.0,0.0,0.0,0.0,0.0,0.0,0.0,0.0,0.0,0.0,0.0,0.0,0.0,0.0,0.0,0.0,0.0,21769.377575015395,4270.086009508506,14091.62283139159,49746.64289121853,42688.36142775579,65275.7034593955,20433.920876699896,47775.24831061461,438.9028204435397,8282.460432412592,3712.583080034661,48774.72426401305,2.2917019274290285,37188.92958454918,13840.68106355737,1549.433301995703,3833.847282903915,31295.952073413897,6384.355450360538,1.4222368820707174,343.3778562055254,5502.320790118371,1.3863870455010505e6
t27,177.51367443348073,0.0,0.22820560618333216,0.22761625404171176,0.12169187818495894,0.21873793417202692,0.12429370570598387,0.1261458486296958,1220.0738592303226,8885.142143699115,1090.5920591395738,47.37520770746399,0.0,257.82279878455216,0.0,0.186563784055831,0.19641980823477617,0.05078487716421116,0.11673262223887261,0.14910482193219637,1697.936212144482,1052.4254264312074,982.2944495944089,408.286373664776,0.0,1503.0752212810416,0.0,0.5327661515819174,0.4958986121810559,0.6228731945631343,0.27792973949328853,0.2154393329114952,0.2015670603485447,33631.98206406409,2227.7361364864014,38.611761995985006,0.0,0.5016803030203645,0.8240353434302493,0.2055799177440769,305176.4913184249,1.8808846214121455,0.17684753686346613,0.2523778587223492,0.1302442094947161,416079.1093760062,1.3736827802011393,0.18259386892119628,0.2296801456075099,0.1203358625047104,134514.41493816263,1.8795562774053236,10465.196741368525,0.0,0.0,0.0,0.0,0.0,0.0,0.0,0.0,0.0,0.0,0.0,0.0,0.0,0.0,0.0,0.0,0.0,7.074820311607811e-5,0.0,0.0,0.0,0.0,22003.029647992124,3749.3839076276427,12027.723784515289,51061.51395874572,42854.747638121175,67624.43159450447,18285.838599328956,47761.567601376315,452.66767979478436,8111.3418494479465,3552.489888231011,43999.15319437567,2.5436677858826475,37036.229789446515,14237.369794743292,1910.039643981367,3890.01455691173,30581.67609663624,6334.118731471659,1.4161126647650903,358.84753346096767,5516.391541302139,1.3408204669157902e6
t28,177.5013546943027,0.0,0.22830713099910757,0.2279620914043932,0.12179845156984569,0.21900619373104904,0.12429947620747109,0.12619651038151905,1220.0738583284888,8885.154117427914,1126.3013550125422,47.301798848147996,9.893835130994876,257.04000941714105,0.0,0.1863532283500053,0.1963623436969104,0.050790018973868534,0.11668522026009914,0.1490471325037713,1697.9350617707662,1052.4248396736352,985.4455480056935,408.042456910034,12.930156323109513,1503.0751507358923,0.0,0.5073231248885086,0.47282442899733257,0.5898541614692497,0.2686482773998762,0.20932658448143474,0.1958606187733563,33631.974465484374,2227.7297353230747,38.604770183780005,0.0,0.4860463994697255,0.786829248335334,0.21600056111318455,290674.474708682,1.873153676231311,0.17691616863052245,0.2525741548520071,0.13597171682756162,418162.85903593904,1.3830745358151495,0.18212264235130599,0.22952812030740413,0.12574389329875563,129837.34873286646,1.8683524169122279,12188.00314567844,0.0,0.0,0.0,0.0,0.0,0.0,0.0,0.0,89.52993639023096,520.2497014263521,603.876319947492,0.0,534.5745105399636,0.006767007155262087,20.7023481968152,0.11411593897620219,0.02764828056914106,0.07380267688620798,0.0343709562682694,4714.89733346412,0.006294740733620328,182.91828420235123,21805.55640446636,3330.192353601453,8849.54776631429,51460.53216959158,43634.844645933175,68972.17578393174,16109.715866662145,49342.09615074573,467.14463529273814,7961.505666122386,3469.0504968469463,40087.96708354747,2.5794006466519637,37504.282049098125,14712.611163162876,1914.9763036796471,4106.434855322013,28372.16631539433,6318.633052999322,1.3871044143591083,388.34104691630046,5315.469655581987,1.3249500424990037e6
t29,177.42161698515554,0.0,0.22846711476960493,0.2284747930668875,0.12195535518044136,0.21940973583744855,0.12431034821274274,0.12626696994519568,1220.0737335975195,8885.168562613699,1127.289064280671,47.237510908691995,297.38682013519895,255.1581509914913,0.0,0.18589059196323826,0.19602292218599981,0.05079833329448784,0.11645037762821393,0.148739706592458,1697.9310783407107,1052.422894685352,807.4716933082556,407.79905921056,152.23669298745543,1503.0749737024953,0.0,0.4753794794450021,0.4427830585189925,0.5463077750362396,0.25646272089753214,0.2010771890139107,0.18875882117272458,33631.965286832594,2227.7225469713508,38.60461724804,41.972389425995594,0.463578360546357,0.7374249316820944,0.20937962434038418,285056.3965563119,1.8613681663159911,0.17701872944287758,0.25287544712542265,0.13550276863399097,326652.5822007334,1.394554476470427,0.18127086029022982,0.2287653953932554,0.12480758276904397,73140.36402860022,1.851008257562826,12968.596374071034,0.02300570694508231,0.6108325255515721,0.025001191713303155,3374.8856676357286,80.78705532758354,0.18871747254016485,0.2277877529279955,8754.152400358646,2931.4395113319933,35313.746395507646,17850.400817391543,19984.344178993728,20464.168132375962,3.325915960163637,14399.363708332614,1.288697047894508,0.3364576483565301,0.35555712180034,0.337690349784777,106226.48635837362,0.2504862870452878,1497.2161527722458,21171.18475024901,2234.564630280346,7453.063993943756,52025.1671699311,42464.00943158113,67811.2497474074,15493.664973324181,51356.368355178056,468.1212376764536,7810.900658520139,3299.402915890929,39970.06671336474,2.576080928562406,36939.081580205944,14360.344048112494,1549.4135932267118,3742.6258519150165,22680.787389144294,5503.167415554558,1.3456192203710708,357.0988101250717,4849.037593562637,1.3838275540486444e6
t30,177.08542961483542,0.0,0.22866392794435272,0.229175567000422,0.12214616074507248,0.21996487644052096,0.12433176147369956,0.12633921937699713,1220.0729619703418,8885.183938712687,715.0995249945432,47.159977956156,921.6549280799659,253.89987376183996,0.0,0.18573263023998424,0.1961413835702887,0.05081282795566954,0.11639017658702824,0.14869248315795208,1697.9283181535961,1052.4217889858885,449.72394909938464,407.578301333306,393.2214757944477,1503.0737389361354,0.0,0.427975829636133,0.3992911472518996,0.47964661172154155,0.23935152184327388,0.188921218744865,0.17880780187644527,33631.900741162885,2227.6966020319996,38.59722485415,1584.0230951228557,0.42575623415707653,0.6556916884661231,0.18746846443315499,3174.051414452039,1.7991454341978033,0.17717729059282392,0.2532866431601607,0.13068597789258687,43592.234313215384,1.397865938592274,0.18047130605299683,0.2287139354083265,0.12012268440204601,27088.580070932818,1.8290778974169828,19280.38736654585,1.420343172700814,13.050542490830509,0.6427132042696047,48044.33195287932,111235.19432694167,1.5314154463295258,2.690980362302175,177107.87752062653,9589.411345984823,132518.35097448964,54251.404259000425,229665.00899757724,71827.55421866427,14.831798677284961,118975.88362402857,2.995217563219606,0.896133238966575,0.6490982540001611,0.7637842723777666,289166.53568523907,1.1281709323239142,3692.314495803563,19584.249215594766,1207.2711629698465,6148.787572728791,51855.81212627891,41465.43649705673,55732.17734622052,12284.848006344924,51302.65398072806,302.32883919606655,4479.694509527609,1794.8771353788209,32949.43452144719,2.1172047376345597,25092.102368708205,10594.739326120114,849.9997587413537,2465.378123829785,13164.95853930009,4490.400753178271,1.089402600462716,264.50645552553027,3797.704692153472,1.7342976580215683e6
t31,176.8491006544976,0.0,0.22907221297154756,0.23012079933650084,0.12242607654334636,0.22072308266001112,0.12435510795738569,0.12649667791380903,1220.0728965050591,8885.191622983877,386.0935092710623,47.096140468247995,1200.730084822082,253.06519854901737,0.0,0.1857057756058294,0.19641194288781016,0.050834732694431985,0.11639563593514844,0.1487489935806551,1697.926671087,1052.4213624056133,151.7490556959707,407.325794297328,580.8851750481834,1102.5697105677868,0.0,0.3068513453338046,0.3079119065105367,0.3294984955510324,0.2037231946285652,0.16116979499678064,0.14923180594251076,25224.056454640817,1670.9079335555612,38.59707191841,2654.5035012397475,0.3037589642231408,0.3517721163582727,0.1575241080498033,0.13989140757041624,1.493372170705912,0.1773036566931481,0.25387270003953616,0.13652953863293896,23810.17095046218,1.39557155569689,0.17925411503291977,0.22873309516468354,0.1254030107445767,16271.886912541728,1.8057570308601185,17655.71251260054,2.0685251381557417,13.662067509760465,0.7264678368209146,100160.90967320048,468732.4407115605,1.4374106313244044,2.8190462837905876,413550.42635757086,12099.248713588302,169552.7309246353,65432.89224585915,508727.9657827137,91390.83472104394,22.245610367783414,229081.0942537683,3.8580511525831263,1.2445802157275034,0.7324269187002928,0.8046826982541151,363568.36015060113,1.4924275068533308,4258.0183678816875,5291.72665838779,265.87667149368303,954.7938585892553,21561.328892055022,18901.440253982233,21439.510271663858,2491.681604534673,18857.996273213415,164.5792611326035,2356.809166557422,804.632655569088,16029.771597034065,1.4229821331437988,11262.45518042493,5157.089773858298,284.54489854367824,1424.143253724183,9009.821579832013,3009.9649003184345,0.7168918812470699,115.38951989575696,2876.0396272488665,2.673365519051122e6
t32,176.68545819314352,0.0,0.22973577205845486,0.23144477253076157,0.12280574342082122,0.22181756066146632,0.12442661870694449,0.1267409294184932,1220.073188820774,8885.19174932936,325.3437861092687,47.022731608932,1304.4869799457565,252.76911082293137,0.0,0.18597851186716352,0.1971026250784657,0.050868014961866465,0.11652536934798666,0.149019213422024,1697.926374031271,1052.421679438005,119.63760042254631,407.081877542586,677.6042332420925,970.3340851491648,0.0,0.278411135424218,0.27950032894072513,0.2932484404411929,0.19061322130478964,0.1512461959479718,0.14111905736403452,16816.513820184737,1114.3696587065567,38.605442651225005,3473.9177415141826,0.28046155281831836,0.3121926802090424,0.15043997109004809,22414.806438171734,1.279911221255305,0.17750833086651346,0.25480967351307404,0.13630648787946387,14890.488494297806,1.4001502840519597,0.1785552509911183,0.22928232962596282,0.12506401497815023,16917.97424127032,1.7921061740885242,14070.361874706945,2.87428143704222,17.700223333758,1.007553696174389,132553.89280034014,681084.7457453894,1.9908503146498426,3.587036667895633,513976.3081235792,12314.769626643792,156655.0871617543,59964.39319640225,644712.5526218435,83123.14535196313,25.56186709467675,222747.1352691536,4.433443955561563,1.4233019423736992,0.7595755450885632,0.8261481028874016,386405.35381182516,1.6305763518659029,4498.720279655712,1689.7847806798786,169.5742598227352,596.1001397613869,10745.10345043886,6389.326203605247,21046.47007146246,2309.415029864641,9732.04669274627,139.0486617455387,2457.672312204123,529.9844007751335,13402.512439718734,1.5275458187821176,9342.270284962486,5007.546891125953,224.24150469657667,1264.150009223531,8280.193008115504,3194.325585763197,0.7591128560523495,133.1253666346834,2615.2868249666963,3.1042513873816226e6
t33,176.6428527941273,0.0,0.2307234172712897,0.23321595492603245,0.1233033923496243,0.22330662575284768,0.12455658238003199,0.12709916194728993,1220.073850794288,8885.192422035097,391.0994088993999,46.962315025416,1347.9656439749567,252.69541429527442,0.0,0.18654683707164899,0.19819858163331563,0.05091951380162646,0.11675658511108193,0.1494744582765216,1697.9267740860146,1052.4223653025317,163.49327921330686,406.863452076062,715.7261820470267,926.5944910997238,0.0,0.26122339955208546,0.26271740077019,0.2731854713062286,0.18232317206551302,0.1450560705724274,0.1355203818056593,16816.23867951121,1114.1053676529775,38.59812647531,3631.6580952695945,0.2661464684257701,0.2898674265474424,0.14122276665333225,10565.566415571884,1.150960649235997,0.17780483888758417,0.25617034852926335,0.13185231685728607,13238.377327661981,1.4030765123748792,0.17823439246940007,0.23028281722797894,0.12080266080902362,18037.742566961613,1.7854675045052357,10414.901372417875,3.2912997066562286,19.98880247197615,1.2130332426495916,128999.17269772531,733846.7357456383,2.332232328261452,4.085339250531,595356.3458026319,12528.630445119503,151864.91536631488,58495.091153643334,671305.0141487587,82453.08580344537,27.072306527500604,234944.28930047966,4.5656828732756525,1.4820158837613637,0.7706202677529154,0.8592007964840718,400081.3565663238,1.6859284779256398,4976.982810801762,1741.7771427180528,130.15482189821773,644.1984665139112,8520.470492848914,5897.956080626807,19384.31416892466,2855.67632894445,8153.961713021202,167.1650025408571,2170.4962858455847,473.14894259500653,14799.898645005282,1.7547674392485715,8688.476356243267,4716.508804318923,306.54636171062316,1500.0419178392563,7580.92807417015,3145.6818985915615,0.867322713949234,100.41848248846297,2893.4002774067426,3.2599428110759896e6
t34,176.6355750854909,0.0,0.23212805951832957,0.235506443695446,0.1239312391687681,0.22525406370337636,0.12476307155115224,0.1276141087518766,1220.0746838690072,8885.193492064906,306.12444038633873,46.884770489088,1361.683482956728,252.71531843798124,0.0,0.18749495920732198,0.1997691194094792,0.0509972271664966,0.11711453551746304,0.15015970308799753,1697.9276236925077,1052.4232695638282,232.5348362333612,406.618683302946,720.7391772323782,912.6398622700541,0.0,0.2495274925053014,0.25178697627670543,0.2602952170744143,0.17673154707946073,0.14105407197723552,0.13149870461384172,16816.235688387194,1114.0986467340656,38.59797353957,3608.8600338933497,0.2566512785723082,0.2755732897184629,0.14304850874409944,9727.287623302836,1.0890659184227454,0.17821850538502387,0.25805438933745806,0.13807777099824717,13041.694066832568,1.4052527533115058,0.17768909839003927,0.23183520644034802,0.12657132301396293,17289.813751551508,1.784559353949174,10348.434341636765,3.3817196271867633,20.88233201871372,1.3243827514476167,125474.34119129262,736339.8595712361,2.4670192906539863,4.244718190347461,654604.1335065275,12639.408665861694,154105.47706453633,58400.62160795696,678693.021191237,81113.97737012448,27.82994630611337,254151.6730079425,4.426979007468754,1.4794257433328675,0.7574199756378451,0.8427623844209342,414233.06197384937,1.6945540079747692,5011.469921294419,1778.626774623461,269.90739146405355,699.310364131501,8861.227765385267,6879.194615609544,18715.446019263098,3010.0627629544765,8043.614922710034,130.89329315849133,2500.1574212792907,616.4068829286422,18098.913004502592,1.9891294671392936,8044.411643950065,4880.88953413137,436.12575524778777,1452.2052545908005,7571.020891685216,3114.105289769619,0.9620648123768419,139.15000168324121,2655.2989594679984,3.3620025636393772e6
t35,176.66715438730446,0.0,0.2341033945527075,0.23851858320574354,0.12473633944522124,0.22785298442426272,0.12509719926904203,0.1283424928159232,1220.075717181775,8885.19485605917,397.44692636939214,46.82278825077599,1358.3298463115132,252.96668754571374,0.0,0.18898219370976832,0.20203628190863013,0.05111829042565893,0.1176654834505092,0.1511643514189217,1697.929070925373,1052.4245334984105,375.31465108838205,406.387048630896,697.8909936348986,909.6289140141594,0.0,0.241536498431704,0.2446459560764867,0.25197771403412267,0.1731655057738455,0.13850278721538062,0.12862354780536817,16816.233948132245,1114.0954223099855,38.599730551315005,3587.9924663864667,0.2504731314134951,0.2662192038707779,0.13999242282909713,10751.429431425287,1.0631698362435862,0.17885813485552568,0.26072836140576555,0.13837310861169635,13456.406672934694,1.4078330308667324,0.1777261430153118,0.23424110203925913,0.12681171395797702,17262.241000504247,1.7898443281668515,8848.063162929411,3.343579150652089,20.392484012341384,1.3536916163663288,123428.17755465534,738798.3380460375,2.393440416427735,4.195546261495892,700479.6409319715,12729.637942574416,160943.08888659472,60207.66837322813,674748.8451578072,76448.76472619805,28.395971240062554,276362.9358462837,4.376580759038346,1.4426745282330202,0.7087855715921555,0.8113124883170099,421971.4952753926,1.6377744344609535,4793.79647370909,1717.373580893048,642.3069413526263,924.1265657203566,10784.728528023345,6953.731659423515,18596.169108733455,2980.914293616166,8763.463708558334,169.84987415719465,2707.3822074264076,1004.3524936925663,19400.83394690884,2.174476152539077,7823.413281322832,4685.8239993301195,704.783732698827,1782.1220165153006,8366.390645523614,2867.1672252953817,1.0359451878415644,173.25233689122948,2853.604947884339,3.444247585933432e6
t36,176.7368198647312,0.0,0.2368615097294559,0.24246327687149186,0.12576485720065037,0.23130136522248876,0.12563567366969017,0.12937408088939406,1220.0769539294859,8885.196424234795,458.86200274067585,46.74707369031599,1355.525142342541,253.48014519458295,0.0,0.1912020685628265,0.20519349398785186,0.05130551838502428,0.11848617902048507,0.1525930058361869,1697.9310626919846,1052.4261697779127,481.5860840195579,406.142279023286,682.2448382480139,911.1346110828018,0.0,0.23606646978456894,0.24011489922715637,0.24667694325654216,0.17098846977413168,0.13695013979215678,0.12662049707682133,16816.23379209544,1114.0929595690468,38.59990197928501,3575.115339345812,0.24652571012225752,0.26015263824774676,0.13345217019308042,12577.696008650366,1.0515798568820953,0.17984382917101813,0.26451445658073347,0.1346698122123979,14144.367541780453,1.4106641310059231,0.17810592549512197,0.2377983561724007,0.12337225862128556,18181.41151997302,1.8039864208349354,10926.892572830931,3.2511632959517613,20.170667391498625,1.3444427426692385,132918.79073612895,744486.5170231791,2.2883853934307536,4.019816811016322,717410.4662471674,12848.33500579956,170101.40225556932,62143.778313549265,669372.5123895204,71475.57878955448,28.04728126107745,289056.06740372773,4.325686817681547,1.432346864477413,0.6755350821343676,0.7923809076488308,418400.712309603,1.6684482843313855,4449.732016983694,2080.590271773258,918.0190682888397,2194.15615453997,13785.733242486862,7039.167505869614,18471.68282576406,3525.3045500205935,9682.233284300208,195.9109094983815,2929.253445313721,1298.7576138308675,22920.81115304728,2.467517334749282,8507.79618999255,4646.284810126727,906.0250732343092,1909.8717221155591,9514.438287384812,3393.8928697711553,1.1002967671139066,212.94162488049795,2793.324599177074,3.504673163168232e6
t37,176.89354209210146,0.0,0.24069614374656417,0.24759246500854493,0.12706622313629543,0.23583346646028752,0.12649635202936874,0.13083872235122623,1220.0783947306008,8885.198269614317,496.1372407814299,46.680967358783995,1349.8260586588408,254.2665937374615,0.0,0.1944353340110683,0.209489147797953,0.05159227017800143,0.11969192148287545,0.15459998395800406,1697.9335065318016,1052.4282001726772,592.82361759142,405.916968146768,674.8508669827801,914.8976197008222,0.0,0.23245984498974842,0.23753904585592597,0.24359093282881414,0.16984123162592143,0.1361125097574516,0.12530513108541502,16816.23403596737,1114.0908790803514,38.60078535811,3480.1838762715665,0.24436192866219564,0.25647333896215885,0.13776063415825388,15459.832050322137,1.0482441689668036,0.1813453781304169,0.2698407964172301,0.14167573053197083,15871.302087919426,1.4159702864746817,0.17825816895714083,0.2429284029406294,0.13004692479016425,19014.73976218952,1.8338235724004806,13067.972519988018,3.0426091967849573,19.401275989083747,1.274710021037571,140326.1584452974,760516.7968097607,2.073454873649732,3.7286581070918188,711473.5129514323,13059.228941820902,185540.95315164502,65290.85931506567,638862.0463738237,66980.80250570708,27.567591545286103,311667.4220344006,4.194979644081485,1.4505114084670725,0.6167587194761328,0.823134490984933,412708.3703226529,1.678286839372454,3184.9275797246723,3140.54745171551,1144.726732151066,5053.695276549185,17334.7234631585,7446.40086128639,18953.115367744882,5581.15026334834,11702.186850459557,211.66193192762418,4209.3536121221505,2078.4452367474673,31370.048032234048,2.5829852332194845,9853.771717581922,4845.061948721901,1118.585160667021,2292.873295477485,11989.441875450555,3789.7817845082272,1.2275379931665495,199.4566493056962,3034.2086188058083,3.557669928808611e6
t38,177.34621875322387,0.0,0.24600294737514267,0.25433840165369975,0.1287267154022201,0.24185773390215484,0.12787445869414604,0.13290596594533732,1220.0802126460267,8885.200226623496,593.039152940126,46.605252798323995,1331.302277186646,255.48362465962077,0.0,0.19903890452700193,0.21532440411035514,0.05202024079609525,0.12144704386414193,0.15739214365162565,1697.9362792273605,1052.430985739636,866.0139985322309,405.672199373652,662.4585595623117,922.1708751292308,0.0,0.23046139378848157,0.23657755631828414,0.24239795466701458,0.16961868009026976,0.13584458269771085,0.12455814856192236,16816.234393287294,1114.0893495093026,38.600632422370005,3397.343259723023,0.24348555151070575,0.254689572314118,0.13653501897928003,23019.842894449175,1.0533847342494524,0.18365687864186503,0.2774144765430305,0.14314883349108043,19290.021787748767,1.4315304532419555,0.1789205845980819,0.25031928049165664,0.13156803956676308,23131.91658233473,1.8956656080617533,12957.472658824096,2.8004728517528874,17.866080224691398,1.11965313479581,138325.31110341634,740339.7356062663,1.6857372206790333,3.29400173355025,704793.7530157844,13193.283288190603,188890.18914106552,67025.6881024708,610241.7074488796,74056.45698887353,25.7645728579084,326673.27371553256,4.255393772718686,1.4816340397191057,0.514363134041657,0.8277326298888689,385226.23320011504,1.5648832807458581,1872.354365008614,4984.055936648486,1110.932095768079,8311.776627048745,20184.24211632921,8829.066863398959,21635.418886663465,10225.69621966856,14853.099992889613,252.6059742745277,3874.0567640226013,3312.613919347258,37695.47425242009,2.5728090299261903,11822.055931440624,5457.665746132112,1646.9316304864399,2496.212127755602,15252.408202369066,4502.572834862017,1.279570036415899,311.8716270268776,3168.260764520365,3.548520489520401e6
t39,178.92580416222904,0.0,0.25332771690264394,0.2632565894210439,0.13084082075046727,0.249885978393436,0.13008001711869702,0.13582989536780762,1220.083009990163,8885.203084278932,796.4014761871873,46.54714191595199,1259.2750555710047,257.4673179321183,0.0,0.2054871358306172,0.22314131698594775,0.05264015021432848,0.12399898088795075,0.161265078622881,1697.9412300225608,1052.437105076765,1017.8830432080036,405.43307094548203,612.2168913458181,938.7380197935604,0.0,0.22972436057383736,0.23695258553809895,0.2426806565075482,0.17009730298785172,0.13610443786072557,0.12430898344090006,16816.232882905406,1114.0894283610592,38.593239778585,3299.269236213697,0.24377771136451895,0.25444550032701424,0.13143801734606475,29183.843759817697,1.0689836349246455,0.18720289909387786,0.2882849782778085,0.1411884900638759,23117.78484589687,1.4821884257334557,0.1799044030533663,0.2608401538351214,0.12985509788428354,28553.62332059874,2.024507825629264,12791.647563722057,2.628144687459519,16.389638899835916,0.8945773082189235,133130.50386875626,717533.9186155644,1.2342794169140512,2.6847350077804975,693365.4099532374,12625.379633447124,190739.01410534745,57422.545994358996,609670.9898561825,78578.66659643585,23.694939610086678,332427.2322553726,3.629988321179616,1.3371649429858472,0.3587247680122239,0.5121575528789369,353620.6824914157,1.4189911093343843,1198.5400570712425,7544.648307176696,1631.5615781522633,11989.420377743143,28492.552037463185,10474.901731512778,26522.481127190684,15598.981278179583,18211.799235923416,338.2740011597486,4946.468171367017,2049.052079165693,37120.247649938436,2.6888613894037063,13798.00507751961,6415.477499941238,1936.608048576012,3604.5779129252173,18727.576830694077,4908.524680208859,1.2748280699301486,336.62256804661075,3525.005466470354,3.5318375148844975e6
t40,185.17248211445678,0.0,0.2634851500073019,0.27515131454749553,0.13351815170441692,0.26063957428119755,0.13361079180772348,0.13999547407156732,1220.0907857542281,8885.211473366558,1238.2119018254443,46.469597379624,1135.8002328956713,263.9031681354534,0.0,0.21496359875169155,0.2343197185947683,0.05352277572754772,0.12794582969064536,0.16700036022089065,1698.172172495501,1052.659684714464,1115.9153861138404,405.20667272328205,491.3779258533643,991.6341027374916,0.0,0.23131261233081843,0.23888866022324712,0.24544774054544446,0.17194844613196142,0.13711557281066816,0.12462990244359308,16816.235193492645,1114.0971143484765,38.593411206555004,3155.8339679327664,0.24884328819452958,0.2580112332955163,0.13753795498709484,39931.25234566327,1.1077593510106685,0.19257453917711143,0.30414635970634896,0.14999487040278048,31527.381278445682,1.6354596789265197,0.18111202824913045,0.27736079461516083,0.13884639889356473,29659.87467307955,2.2987419037870755,13672.20645055616,2.4271003491010354,13.72722736329763,0.5887517079777599,120258.54795379998,683067.9615956008,0.7926660081846213,2.1225195667519556,636929.4857383337,11522.3144405753,180679.6958964278,38145.07632826546,624585.9827954626,83198.51336047093,21.99223519405913,313337.1866709108,2.6089062793801463,1.1412881936392592,0.17907414032783806,0.27822452468795944,343670.3438114633,1.2214267624536288,619.4881737960418,9141.976976392236,2089.567567392953,16006.118113534194,37027.95511358588,11891.266495901808,33018.47671078784,16937.013646774394,21771.39948805265,522.5646903955522,6640.0866040005785,1794.2863203429706,34874.89502929784,2.6883499860087494,14085.810326249248,8302.102911415366,2140.727941625183,3327.6242424414068,17786.048627948352,5451.62707052221,1.3283123910144992,363.53145330740466,3565.231554828651,3.4374593876372795e6
t41,210.74371512122084,0.0,0.2779957179236909,0.29177456827423626,0.13698330725449576,0.27568387726366167,0.13942079680675956,0.14610187914687464,1225.4402416771377,8891.592514202965,1178.5355602196878,46.405321287228,884.1119703780788,295.16864577279443,0.0,0.2294675363913135,0.2511555415070816,0.054817519130889725,0.13434833046625985,0.175885075679133,2546.6548438161585,1578.4039453852345,932.0607160951281,404.96412704218204,277.33644159561317,1115.3758472199752,0.0,0.23269957311471468,0.24163413619543597,0.2483479309140451,0.17364972077838878,0.138623371480594,0.12539001572204175,16816.244824036814,1114.10918352423,38.593334738685,2584.036039772679,0.251585100223716,0.26075084263042436,0.1376320002963936,55196.24759360469,1.1933903348420984,0.20089732912314223,0.32850903121324543,0.15430432159392857,54209.70484525698,1.9882192572641226,0.184585553850349,0.30441825222697827,0.14449029553606904,38291.843665334854,2.7311198102452123,19175.02588675933,2.047325372900809,10.194072849385071,0.37109799049954156,102434.83493413919,580391.3195749217,0.5043162405986037,1.488849065404932,506509.7367635414,9017.527339578899,143642.63472857897,23490.169375023586,582902.1092812747,65449.398013742466,18.73318227740426,250381.69789746593,1.1732336368819112,0.6200550032277384,0.08456823346451314,0.11123528643587742,276343.856639023,0.7646967374088401,392.58189871394507,9829.939840271742,2455.7088028903636,20629.339786889585,37867.402810709624,11139.46448487209,41795.73663785699,13969.219452699046,26816.32360604018,495.72372161198047,6097.631035419521,3256.111726790526,36005.83975082045,2.472755567876501,13598.658020319532,9856.528148270156,1782.4107618276112,3395.2589544109064,12539.062618475678,5302.318082366559,1.0571505930005929,413.75050030936154,2517.8726665251297,3.0077835435381043e6
t42,306.7053195451643,0.0,0.30992254651676354,0.3312135592370475,0.14600561430527834,0.3107788313190097,0.15222833063580687,0.16015466739980372,1835.2203244486868,13333.91455936993,1065.8650730391846,46.33190058085199,649.5149522602632,449.3951844643047,0.0,0.26474010616950827,0.3001718192806507,0.05829615697927032,0.1518319611641063,0.2000124425980956,3395.377268520443,2104.38094576325,1654.732933491212,404.734649537122,123.97038404648058,1502.775232203203,0.0,0.23778399938437603,0.24725411844994588,0.25467310397603043,0.17713768722821588,0.14192956409536978,0.1279611272851241,16817.60250033256,1115.2082236700205,38.5859420949,2688.7108347288645,0.25938726217986324,0.26986377805644324,0.13583794643761066,72513.01064891726,1.3367824659986065,0.22190222739476326,0.3918000957174707,0.16430943409746593,1.3357779804921843,2.507318591932872,0.1934120752647133,0.41472413258127105,0.1635115745409497,56984.839114330905,3.314739007777969,29146.006775035923,1.9973357679976669,8.826211812056531,0.23307094447762378,79562.23489818671,429428.78679127153,0.257967425807157,0.8529548875133198,342985.2470557057,5848.828759783154,69612.90215870948,14012.486539342568,390884.3472972286,35302.23946523947,17.23393426980442,146014.07583828055,0.4530128023286117,0.1976970051909145,0.021901651205265937,0.027903444374275096,128301.80680695677,0.34677791041249767,421.5801414814873,13477.044769386335,4573.384259997184,33349.70286661193,48775.60941830013,19565.180502468887,58114.56354552739,18693.74179153187,39378.70607370038,456.4339812405653,9772.892653668157,4305.922851038206,46670.14820189815,4.419347612557574,20749.54028376519,18981.075733568065,3097.606236762166,5392.5441014199905,17601.658068613167,6501.790805627995,1.5637658445829328,544.7865930098201,3474.3169071897773,2.222078781507479e6
t43,306.7329810889363,0.0,0.3494810107064854,0.38665984313308865,0.15632226923394518,0.3580365218954653,0.1657219655361945,0.17608922538527624,2439.7039868821403,17769.887791643003,2028.151344060184,46.265794512587995,33.90418327226849,449.4003665832341,0.0,0.28114638660691627,0.31946124407466,0.059708439990654935,0.15854192490658037,0.209225795165674,3395.413692943593,2104.417163589261,2094.8800012098864,404.514852996956,3.984441467850367,1502.7839809764505,0.0,0.24117672495830697,0.25181522504481585,0.2598601988750676,0.17999583609422073,0.1447413970733253,0.12965983642796064,25224.311933967096,1671.2923467281182,38.60313836943,476.4408821954877,0.2651737576054659,0.2758160129169093,0.14318203035277807,686049.1886231026,1.4685608350115131,0.24706725816495934,0.49348437254803823,0.1935824158941565,501033.58122207236,2.83526878913667,0.19650136804130547,0.44752865720331786,0.18041069065748322,172629.93231309613,3.372880094285398,30900.624593130004,0.259376507372853,0.30978778888570246,0.025334467100522236,17558.709038567617,115517.37059389766,0.017005096540843773,0.04866288161719692,79024.36206503936,305.59443717268044,4435.970377187741,653.0566415647388,80591.79155219474,2690.3929517551337,1.208886338010375,20963.38138409569,0.00766981469217947,0.004398932041545309,0.00037615935336193703,0.0010980774535279477,10535.900621551893,0.004876344675110585,33.4068118262947,13832.30408585509,4033.3806877853426,22646.10499497537,52996.79667877035,21435.14160719593,59323.4686171174,18419.849894353556,39197.84562787629,868.564170617645,14443.455714678821,3875.7285980898123,43032.618944255024,4.872150081055614,29203.612737391053,17802.76966489794,3921.537307174465,5466.416382213842,21327.434274483283,6240.508198399,1.4795426739490272,426.27418064906834,2769.105524245394,2.1641990562650557e6
t44,306.73378421078377,0.0,0.3674749561969847,0.4083738483255026,0.1601054702458831,0.3772428296222941,0.17237861307707533,0.18309280280934448,2439.7069997615895,17769.891019795086,2347.8085955248334,46.190079952127995,0.0,449.40168985413317,0.0,0.2931611273280626,0.3337623139064653,0.06071642668461849,0.16309763950563486,0.2157421641766396,3395.419217607649,2104.422597831024,2455.94293646814,404.271033878012,0.0,1503.0552373832982,0.0,0.2667495459471774,0.26856463550079335,0.2791743667647788,0.18901637932110021,0.15391280316481806,0.141023012090955,33631.82355452434,2227.6186773227087,38.596070089355,0.0,0.29958622517509154,0.3350224650625454,0.16374486541750408,805139.2838154522,1.6602981922859505,0.25698545943549195,0.5267047567355435,0.19796364445372178,566907.9397268682,2.865228703608132,0.19937349679756539,0.47060289705371955,0.18354753596442702,176970.05448644556,3.3801892343200706,30306.381012726102,0.0,0.0,0.0,69.52358338935221,750.9611826925428,0.0,0.0,463.5902367439798,0.0,0.0,0.0,16.193979379987443,0.0,0.0,0.0,0.0,0.0,0.0,0.0,0.0,0.0,0.0,20633.549901261056,3665.5447561093597,18688.120371295456,59746.44526152379,32531.477247623763,58865.52382979101,20960.159164765668,52065.170189620054,1005.4638418211254,12254.535642016112,4935.159950386805,54917.54341485331,5.628413600133339,40452.95656407958,16848.965226020595,4597.424426685932,6021.2815119761935,20508.64842351512,5585.801215568697,1.5354100910012987,623.8212435073177,2252.6652279647656,2.0869268035883887e6
t45,306.73388087845734,0.0,0.3807908393786927,0.4243735166204938,0.1631789436893323,0.3914954847374624,0.17679622026537195,0.18811440758944717,2439.7124100563765,17769.89669191619,2126.5686488352203,46.129674952403995,0.0,449.4022380580802,0.0,0.30245841184270156,0.34536639997943797,0.0614591080217847,0.16645050929760985,0.22075765836234867,3395.424316592502,2104.4276543240926,2459.368941540588,404.025725187278,0.0,1502.7779916728373,0.0,0.24082039209429795,0.25308881575445036,0.26060416025336625,0.18043698442376807,0.1453678283803022,0.1301073354447408,25224.352933918213,1671.5384303531703,38.595993621485,0.0,0.2632917199013287,0.275641117638587,0.1369392210593098,750110.0295071856,1.4660165690061437,0.26364761443233437,0.550234362569119,0.1913229683393874,540403.6625041126,2.874657036764009,0.20165077494682293,0.48840742310256663,0.17662118192220447,180708.8121462285,3.3857260134636213,27738.223961045413,0.0,0.0,0.0,0.0,0.0,0.0,0.0,0.0,0.0,0.0,0.0,0.0,0.0,0.0,0.0,0.0,0.0,0.0,0.0,0.0,0.0,0.0,23031.26945031434,3909.9496530211727,19274.98398834361,65976.99115924614,40727.734149582866,52559.116465124585,21773.83323217648,57285.53583153761,910.7133562628912,11978.567002599098,6866.405638205901,54828.961864692064,5.77194767067673,44139.98447253537,20120.601675534075,4603.837693138545,6566.661795845322,16451.06541185285,4244.708463615607,1.6009509943596363,701.6915071519437,2549.175048338148,2.0174231502312818e6
t46,306.73389130795925,0.0,0.3910877127998577,0.43718176154008964,0.16574123986537262,0.40283560830197834,0.1798201683890516,0.19190424713150758,2439.717306277747,17769.90193850369,1467.216163729176,46.05625424602799,0.0,449.40260880972465,0.0,0.3095891315008854,0.35484250668422035,0.06198722212731222,0.16894370343442783,0.22470138838540651,3395.4291829418457,2104.4324594462123,2466.760037271361,403.806780665486,0.0,1502.7737283496006,0.0,0.2383482584403697,0.2503817459388118,0.25742280755255426,0.17882283415123415,0.14359106750031048,0.12900364724734265,16817.729540798297,1115.958337801305,38.588600977700004,0.0,0.2598685640993973,0.2721038217399333,0.1420805857159993,692351.242298863,1.3608111969832322,0.2682199689759277,0.5677813393179411,0.20602848008126537,503421.99242740945,2.881835591195361,0.20257887089476487,0.5022774353312865,0.1900510000085324,174496.03779591992,3.390806102122376,26040.606585840676,0.0,0.0,0.0,0.0,0.0,0.0,0.0,0.0,0.0,0.0,0.0,0.0,0.0,0.0,0.0,0.0,0.0,0.0,0.0,0.0,0.0,0.0,28142.102816440074,3958.562742240603,20653.939255917005,66466.64623184333,45867.60647316237,48549.75697541368,24361.62260354775,60994.820234888546,628.3336164205076,8492.864346016619,6158.894365474634,49858.75840455502,5.910102654883921,43411.58703761852,23311.235102564267,4617.673359745444,6398.818767984391,13939.452760658585,3392.3265804139355,1.7408302031629277,701.118788801862,3679.859770068992,1.9102423477538007e6
t47,306.7338908486342,0.0,0.39891065786856844,0.4475580935162541,0.16789160667067315,0.41192041517346684,0.1818519604514851,0.1947498684648791,2439.722050584483,17769.906596203382,1239.50264258052,45.990148177764,0.0,449.40288598632156,0.0,0.31490950074806384,0.36266695831713747,0.06234060397202552,0.1707937812201104,0.22783600299838155,3395.433863056834,2104.437068561222,2520.6205899858974,403.56201189237004,0.0,1502.7732369642326,0.0,0.2368202676631115,0.24848106228140873,0.2552753585020821,0.17773539621899911,0.1425259305232162,0.12832569209281666,16816.856101736932,1115.7692410094264,38.58844804196,0.0,0.2575322376089838,0.2695836315717774,0.1408528277179286,596615.5783141111,1.3103213380991088,0.2712688959861409,0.580859970449206,0.2077371911596195,449894.2006191841,2.888494514200847,0.20331806634963828,0.5132878131344325,0.19116206033349617,159067.76721745645,3.3956240735424097,22173.270352506635,0.0,0.0,0.0,0.0,0.0,0.0,0.0,0.0,0.0,0.0,0.0,0.0,0.0,0.0,0.0,0.0,0.0,0.0,0.0,0.0,0.0,0.0,33191.595072994685,3653.969656324232,23084.923922585294,67908.91791087693,49970.01617592312,49491.32174696846,24074.68791082618,60916.924619069374,530.810404801909,9155.552290654825,5000.3099088634435,40147.45030354641,6.053991223479352,42095.98828979604,25740.915007313255,4718.496923800074,6598.03901712024,11280.81145630108,3987.504766148759,1.696420315354258,656.5700557589176,3967.2828644950764,1.7440943146303722e6
t48,306.73389577641353,0.0,0.4046159078860278,0.4559160961581516,0.16970333118551487,0.41911290143964275,0.1831378926010641,0.1968398395428673,2439.7266654191476,17769.911641888357,1173.1713962319404,45.914433617304,0.0,449.40309131493035,0.0,0.31872320150915584,0.3691500275525211,0.0625523915381468,0.1721472425682421,0.23034681054700107,3395.4383817750636,2104.4415144252057,2486.688209171122,403.325823386562,0.0,1502.7732752665993,0.0,0.2355141951994863,0.24684748595143674,0.2534545273924864,0.1768173931056117,0.141781403501224,0.12777978754880634,16816.811463509744,1115.5382741381306,38.581379761885,0.0,0.2558751691738598,0.2676579321993162,0.134921286402262,487701.57294818625,1.2879806458488468,0.2731808116970631,0.5903434922771292,0.19944225146532546,403380.28055183863,2.8953105427202286,0.20376417694479515,0.522065011938294,0.18284079918701912,137070.68770236394,3.4002640963323065,23022.444001206157,0.0,0.0,0.0,0.0,0.0,0.0,0.0,0.0,0.0,0.0,0.0,0.0,0.0,0.0,0.0,0.0,0.0,0.0,0.0,0.0,0.0,0.0,38705.36701463262,3760.9471217798546,28592.638098207266,69523.40636823114,51911.28259146776,52220.62668976845,22159.842186677808,62683.99750781756,502.4026531567925,14682.097740609632,5285.49324166839,34132.760393388366,6.200457392179319,34115.48132365347,25415.290787579506,4654.977654050409,6597.110448419623,11805.313525245054,4472.618106973365,1.7075683839428757,745.6418460649073,4256.469411621754,1.5774694954727187e6
t49,306.7339073873692,0.0,0.40848872844748163,0.4624618707048225,0.17122250161414398,0.42459419261920656,0.18381931910798405,0.19830742367775103,2439.731164581366,17769.916587939446,2272.806039203145,45.852451378991994,0.0,449.4032254994814,0.0,0.3213550488933456,0.37453369522234126,0.0626585809459698,0.17310321267911252,0.23236653912898836,3395.4427615581603,2104.4458184958075,2264.056234775871,403.104752574058,0.0,1502.7733132190028,0.0,0.23426241577202184,0.2453687600517479,0.2517597748194905,0.17595164801531973,0.1412179719277914,0.1273135673896988,16816.794395593977,1115.3767906175103,38.589426380885,0.0,0.25448485477630317,0.2660529782647468,0.14063964360483616,403323.5953377611,1.2746371442690787,0.27419796703848803,0.5966438785153765,0.2123620554810137,374421.45033826464,2.9022041408783235,0.20343292151282494,0.5289505755128028,0.19481871941730625,125400.61489943086,3.4047858933048634,19973.608846812353,0.0,0.0,0.0,0.0,0.0,0.0,0.0,0.0,0.0,0.0,0.0,0.0,0.0,0.0,0.0,0.0,0.0,0.0,0.0,0.0,0.0,0.0,42372.19864640433,3469.0802977984836,32005.910621896775,68527.42697577886,52311.39120565521,56262.245318833855,21039.778312965624,64832.977859260434,973.3424854925934,14727.748189414819,6092.304047326701,32881.74949215563,6.167586066831404,25538.759654975987,23647.561265522538,4238.224628287227,6506.453310074993,12409.080153101215,5154.151406278482,1.8212567691393666,747.8680196547577,4140.055740468169,1.4519450347616798e6
t50,306.73391264031034,0.0,0.41071977416285005,0.46750320030107484,0.17251613962636203,0.42865006310026743,0.18396859807763402,0.19922220295150847,2439.7355532053675,17769.92146356,2295.7887901755075,45.79020481960799,0.0,449.4032948797775,0.0,0.3230132146274751,0.3790956556368926,0.06268333979975843,0.17372789314555329,0.23398244917044303,3395.4470104817533,2104.449985802209,2147.665301130564,402.859444717818,0.0,1502.7733352002797,0.0,0.23320776030315923,0.24401090735144806,0.25026242000675103,0.1752047059580558,0.1407458479655288,0.12688404535977274,16816.783412707606,1115.3611965393102,38.598499568545,0.0,0.25325756932810806,0.2646798781651942,0.13964170401131382,343710.4577199152,1.2624803857493037,0.27437042007266926,0.6000834218805898,0.2128293211483639,344674.4242911838,2.9094314715734133,0.20315757482397714,0.5342812463030996,0.19494386906859096,113321.01180134593,3.4091685977092774,20405.551763753585,0.0,0.0,0.0,0.0,0.0,0.0,0.0,0.0,0.0,0.0,0.0,0.0,0.0,0.0,0.0,0.0,0.0,0.0,0.0,0.0,0.0,0.0,44768.87000312187,3455.4401441371747,32760.79372870065,66211.78285459323,52906.39055587448,60609.16766634529,22175.864159755387,66688.90147916715,983.1853167213666,14258.64492196505,7096.692027422157,31697.787454623653,6.060362847460576,32543.41460529341,21543.2662707015,4020.348121785377,6363.927341786531,14296.120197265067,6485.115814259564,1.8843295120299794,699.2993027080954,3877.6572788741505,1.3664078346427653e6
t51,306.7339095786593,0.0,0.41143251240430423,0.47118015517139594,0.17362826362729725,0.43140434407607237,0.18360032955564887,0.19963780608670592,2439.7398409217267,17769.926188215977,2051.1098340090416,45.714501842939995,0.0,449.4032834752416,0.0,0.32384613685388014,0.38301223709382,0.06263852898764796,0.1740641146201219,0.2352659200950273,3395.4511347138628,2104.4540089450147,2019.0324499121111,402.61552796307603,0.0,1502.773374510176,0.0,0.23218243943934733,0.2427132198191194,0.24881242620314603,0.1744752417600815,0.14028806258406026,0.1264562337426591,16816.769929812257,1115.362339154144,38.59110692476,0.0,0.25207629454769037,0.2633893433427701,0.13379713524992773,306904.91939734935,1.25129923461342,0.2737259589545406,0.6008044456961192,0.20359269599895158,318391.3048187868,2.9169005173094247,0.20285269346584328,0.5382773585065725,0.18592356439111074,111640.85078089347,3.413453691969401,17319.31391033905,0.0,0.0,0.0,0.0,0.0,0.0,0.0,0.0,0.0,0.0,0.0,0.0,0.0,0.0,0.0,0.0,0.0,3.844730988357456e-6,0.0,0.0,0.0,0.0,46121.8239822941,3576.8329858682287,31821.627116127587,65783.19202260647,52970.30866609995,62301.07078499489,24760.562779574473,66171.66328156574,878.3965996262364,14671.708992637694,7280.801861881195,34789.04053063659,5.8197056602966555,42301.35075206906,20425.38466582229,3779.555492638955,6258.168511708836,15238.602826212398,6493.318010181946,1.930604046908879,556.3657320437086,3157.721741479191,1.314073764717875e6
t52,306.7338857452564,0.0,0.4106697684125697,0.47351637982174954,0.17458725203473274,0.432871542877329,0.18267066275289948,0.19958039837272545,2439.7440412405417,17769.930823794253,1929.3970949530424,45.650213903483994,9.25029770458935,449.40308209106587,0.0,0.3239281983709359,0.3863195648650098,0.06252617780636034,0.17411514308302603,0.23625356815074622,3395.4550213912003,2104.4578166267156,1930.5241630808373,402.397102496552,26.25492792032777,1502.7734090024078,0.0,0.2311136493142004,0.24136536657939245,0.24728244265681443,0.1736849632993916,0.139769355958451,0.12599739669250548,16816.751104057766,1115.3626311722546,38.59127835273,0.0,0.25082761928103475,0.26202244728480717,0.1396004061826249,287917.0080258191,1.23896082845218,0.27223360474958225,0.5987857967726643,0.21546608536793402,312696.14630596066,2.924186259934836,0.20161621490786458,0.5409592516998458,0.1971116966038692,102350.32896401279,3.4174175104849027,19401.362861599566,0.0,0.0,0.0,0.0,0.0,0.0,0.0,0.0,83.55081048603827,527.6573363704182,744.0156899102604,0.0,506.2643096790977,0.003239842532025453,4.6688185805215365,0.11218648824662186,0.032383290097696554,0.0407794717704173,0.022594336213683258,5993.0318439008315,0.018615157793944667,85.86473269183793,44213.42363548721,3277.289656918898,32268.902875821037,65951.63960351601,52444.71492777277,63873.5864643385,25468.307992813854,65825.87492999583,826.2706706291978,13978.795546745656,7280.604001593717,36052.8398770473,5.731439805552729,43694.22271792848,20213.83616999885,3613.8735161650434,5973.895964901021,16079.54472613495,6270.88982059486,1.938871850709025,531.2781531591143,2747.0109020477926,1.29120175429595e6
t53,306.7337466387247,0.0,0.4081348492695082,0.47414047714454266,0.17540681755956103,0.43277684691429824,0.1810113516715826,0.19893928308588513,2439.7479469410623,17769.93484041815,2200.6508426195355,45.57497506829999,372.2152810743033,449.40192784834926,0.0,0.32281306701495444,0.3882638974330423,0.0623346182949598,0.17366436123406334,0.23663493203397187,3395.458149891805,2104.461230490213,1924.378657286017,402.15023580552,306.9096443182283,1502.7729182814323,0.0,0.23001514161287276,0.23986029304919332,0.24560505448531725,0.17280169787315078,0.13910961087000925,0.1254661620482071,16816.729786203035,1115.2039856257527,38.583885708945004,38.83673388925456,0.24939420328841833,0.2605287036450574,0.13857814637707344,283419.19067104836,1.2196644073108038,0.2696291637855546,0.5936283400660866,0.21505559062482377,227007.84142131158,2.9299720410138357,0.1997520688452415,0.5401206913245208,0.19598953882061762,26049.429443291792,3.419509615900793,19975.406660586174,0.019110377476768126,0.4366983758437863,0.024164629274897015,1241.6981480691181,73.30203264236073,0.19118262269960612,0.14592230875380902,7066.496691491763,3351.869687933326,35276.711019519375,19260.433547899345,15979.71532760361,15757.130403287458,6.602468011599561,13650.198428604286,2.2427108805458094,0.5693495136633336,0.2846047991279192,0.16552269962586832,88008.42225983407,0.7805313236645399,648.0858774841561,40680.15750835734,2579.483700160776,33089.322576938306,66162.22867486648,50463.40870366899,64370.72145959766,25439.893944253643,66948.72109557563,942.4405714476452,13065.038444564534,6644.884907883592,37076.89066817337,5.578989382186122,44396.02066061445,19718.98667210131,3602.3703453077956,5295.516129638106,15992.399681566036,5163.524004446644,1.9450737431948966,452.3457507717725,2650.820223254767,1.3127642772615443e6
t54,306.7226528983773,0.0,0.39637269289403276,0.45913809459467136,0.1738749464031128,0.42010499982659905,0.17702984921769196,0.1950836357182788,2439.7384489649735,17769.9207197031,1591.1624001732912,45.510687392112,1293.3153080872496,449.35838188841063,0.0,0.3179679629217838,0.38360903823441816,0.06175956108493067,0.17138214844525504,0.23445788187498734,3395.4506280288488,2104.45367013357,1135.1921752278618,401.89940443349406,852.0993433205625,1502.7659104626828,0.0,0.2286542530811613,0.2379953420474441,0.24349359948072374,0.17164095777128438,0.1381468994023929,0.12478458491799477,16816.672203339556,1114.8842135659295,38.583809241075,1476.4760695334942,0.2474830773650752,0.25862478771896164,0.13253031880659166,58768.84444066544,1.1800664265576841,0.2607946315435776,0.5565945140051091,0.20059085750170164,0.5506968066799965,2.909832809953625,0.19608507660348637,0.5178501642504947,0.18301904591132473,0.4400345329380164,3.4110843014872376,14445.51346365195,0.9788737055216858,12.294472430361935,0.4955020596942291,25405.57589054752,111071.18643357628,1.493853852536701,1.8360659142267555,145969.4068536108,11645.460659580547,130239.90888888227,58303.042165022525,130504.9992220373,51269.90477674688,30.82503553876592,77607.74548457342,5.242063887052958,1.6986447010606718,0.44166406597681,0.34617390445996205,178269.36902899176,2.158543835288705,1071.8754082119517,37282.06704489382,2010.4951697165652,31179.973575877688,64948.53717173509,47184.130088495476,51501.00877219503,22026.722962834818,67328.9335773011,681.4107842910498,9055.099342212594,4375.501170753734,33362.11331049665,4.772661983101131,35105.62756904863,18005.632232396045,2125.0673222797273,3573.6851293018894,12770.846739283086,2989.67970834513,1.6909669540508145,246.68272128868819,1834.1945889229,1.494973903030794e6
t55,306.7224653344891,0.0,0.3925569356192077,0.4590968710904793,0.17486507559561937,0.419309724526611,0.17485783331293284,0.19425791355602,2439.742255623475,17769.92383263644,1079.8978684218237,45.434972568384,1994.2031841794528,449.3579138103913,0.0,0.3181024982825594,0.38767156709910294,0.061584972807274325,0.17143506434330102,0.23571479300844042,3395.454392356769,2104.457387208502,705.817102520519,401.680460746196,1191.323580781463,1106.9110837780913,0.0,0.22463025536893133,0.23421088232914541,0.23911165420298686,0.1692014020164273,0.13595217600919485,0.12274323092672497,16816.21309880592,1114.0845479809727,38.58461615203,2578.8036422713208,0.2418281221347766,0.25222390898105895,0.13576276461929487,0.8859781999212308,1.0949676034395524,0.2572048519410573,0.548803010239645,0.21032103646996925,0.5152905286713683,2.9112854942721653,0.19443783212253085,0.5204142439407046,0.19251482139993764,0.43728930867377996,3.4143350894673676,9413.388097450483,1.9890962678048483,13.705110714048748,0.8243917966776908,73438.98909724521,479485.0906159441,1.6600274683357747,2.149742656492304,436181.51331852487,17956.21913341192,174665.76911812546,82437.11332303988,286275.37172579055,75697.38483781491,48.952682326045675,144809.8553670552,6.431882042043309,2.4192853027158123,0.41546174123254814,0.5300389471319208,252461.30658144315,2.754356573194614,2028.8596140367981,11807.882134740896,394.51078497566584,6232.639014627714,35523.05019579388,26228.40382853703,22648.27663299566,5945.853409215869,42564.93974248434,462.4509597194848,4903.358336477849,2684.0490299235685,21869.594641665288,3.3441859481737355,20941.907005324003,12244.798308643023,1321.3003797770182,3074.4248450912587,12217.679065896522,2051.2226427887704,1.3982925456029716,167.9227171560512,1313.2464032558044,2.3230894858281445e6
t56,306.72236660059696,0.0,0.38910140342569915,0.4598347191595481,0.17618388342649338,0.4192188447647589,0.17280145872806402,0.19377395447536613,2439.7459912120535,17769.926393431677,813.0482703644993,45.37503197341199,2416.8658323715836,449.35814560447375,0.0,0.31970674328041054,0.39357073502695805,0.06150642139557395,0.17209288188351327,0.2378151508565531,3395.4582547822124,2104.4611759537556,845.6144349462289,401.43652312910405,1244.8762491258035,974.4166168324897,0.0,0.22392909664971847,0.23282004428603434,0.23765213089590073,0.1682809426582313,0.1351052029548514,0.12222947693552536,16816.2076817022,1114.0757799839107,38.584787580000004,3258.773322938695,0.24033556955646232,0.25115015124217965,0.13485243644000217,11672.249215912729,1.0557052966639198,0.25354355363296943,0.5411019840025318,0.21037920315161432,0.48498690183553417,2.9137997394318695,0.19363036693322488,0.5252362158583611,0.19291499386420183,0.43807431764362237,3.418209152561019,10469.47340373301,2.6430882499994084,17.08319426238226,1.0678331285839993,96618.91152538003,678975.109831433,2.110875624369189,2.827006526698429,619111.4195940585,21761.830991641742,205715.21493085675,95138.38485904904,524950.2298496263,82594.07461557716,57.18894675276053,187399.10181856406,7.135730817011587,2.533210191764673,0.36872573441804374,0.6143436424225582,307919.77399208397,3.022161548309515,2830.818033511536,4877.030790280233,221.39542137857623,4025.7579697051915,24906.7251217837,12788.14824804018,21339.900315078678,7008.112141378289,27091.68042303448,348.16780395665904,3904.779438271156,2185.5478790045145,19867.157397740208,3.0127103814555523,19024.63404979902,11337.688355412156,1582.9919946290033,2948.7763649028634,12220.173212551397,1608.238742738325,1.226880477382546,158.64632895683826,970.5462438563877,3.0781234420127696e6
t57,306.72214374014777,0.0,0.38578004983156317,0.46105467212680395,0.17787259085846063,0.4195979748160856,0.17055001257622424,0.1935088941843168,2439.747251010397,17769.925329404563,551.0991568092523,45.29931714968399,2551.5918453580634,449.35909690358454,0.0,0.32284867119139954,0.40144957929116326,0.0615162183547464,0.1733543054987087,0.24080074343887045,3395.4621929707628,2104.4650235401973,854.6869164364991,401.191754355988,1067.8419689760747,929.6758590307584,0.0,0.22397489431963516,0.23222355989106735,0.23711830919931723,0.16780871180952162,0.1346499952542749,0.12201742489815216,16816.208609730646,1114.0732897557841,38.57739493621501,3282.832620243367,0.23957736333371824,0.25121795403775193,0.12990032335219867,6843.518706857026,1.0328558471923015,0.24938493263215186,0.5330754843499738,0.20311914884313612,0.4525552999228781,2.9084035390947425,0.19346056389381744,0.5323761507975115,0.1865796883932092,0.44259267269754976,3.422350841815243,6087.1435684227845,2.837275324658878,17.985388241305976,1.3002961043988237,80850.72474633885,713214.968241071,2.3520971693155013,3.237516148844105,689935.1142237525,22974.89195384968,233231.26632364772,97109.56818756482,591486.0865070825,77152.29812430042,60.333240767129496,189766.02881959922,6.18699042876574,2.1563808694608415,0.341452013362038,0.6264485239187497,349592.9304325203,2.9910862023190465,2651.4630053006053,5206.364229756221,217.6826517541684,5087.02133046233,25789.12271880303,12932.397413205512,17804.399826440385,7270.940977569198,28886.06163820513,235.98475238088378,3092.6925435182634,2049.3068827108164,15251.05147611254,2.7303615630780627,19995.502643861306,12238.828390820816,1599.9750891889064,2770.896063491332,12012.436212445615,797.3205763445511,1.1306953088636567,284.1680292844693,954.9925895702798,3.289611021451669e6
t58,306.72081131673707,0.0,0.3820581500276325,0.46205460523462333,0.17993221466494158,0.4198098942489428,0.16760650323729104,0.193168835681277,2439.699111143995,17769.823695578885,213.0824728607957,45.235041057287994,2516.005104676104,449.36545116647574,0.0,0.3278077572245452,0.41165283129880453,0.06162429146132312,0.17530917568460141,0.24482801031394982,3395.4661714311815,2104.468913265347,881.9681642808589,400.944887664956,966.7396239635073,917.1739179898823,0.0,0.2248347765948449,0.2324934096868019,0.23754772911800387,0.1677804140030897,0.1345473353984182,0.12210961309810374,16816.210585335768,1114.0733025755922,38.586468123875,3377.8893925598545,0.23979762185780226,0.25272214840894225,0.13576408747617225,6783.112645415352,1.0223247832501783,0.2441032237283401,0.5241249226902287,0.21346043838327064,0.43129616254145925,2.805646104046538,0.19348410109828384,0.5420970310474232,0.19741607410909523,0.4452044834889109,3.4264311962951104,5820.643400987936,2.989033353973063,18.087732969797926,1.4155230014104114,82170.5927748583,756370.0021316941,2.454346543962997,3.558317520964569,700002.0140033067,22654.47477788142,230639.81128165824,94727.53438914525,613505.0251479157,93113.52649167256,60.71989247804992,215192.12826380163,5.660844280604603,1.9415064834570184,0.3702694701025035,0.7534042926206607,359423.7430017606,2.9373184441014404,3279.420610998109,7347.512654864037,229.54705356231116,6426.173848093566,30567.74899257345,15008.025216457934,17927.98517897337,7201.870073887209,36872.06276629122,91.2269443635006,2639.7623583679147,2053.7484039330925,13526.778984483695,2.5211412562437645,18617.106210937163,12857.808568007027,1651.0438206595952,2293.1653342452382,11960.348863395762,371.9824403273408,1.1530471765301986,337.11739373113755,848.567213752607,3.4263844457721915e6
t59,219.12324564452945,0.0,0.3577734204434822,0.43065178520623376,0.17438933917135965,0.39259738560936125,0.15843333164633897,0.1836196640904035,1829.9133700146497,13327.505525676666,64.85717720688763,45.159326496827994,2082.0472055307932,449.36111900113036,0.0,0.3350268781413313,0.4248790833663815,0.06185750985189253,0.17811201118188144,0.25012506076499086,3395.470185960955,2104.4728404685407,996.437222019457,400.71902852588,936.5443571751518,917.1712279596879,0.0,0.2265807630037876,0.23367007756837474,0.23901386953525314,0.1682316629728765,0.1347638176848318,0.12250459926755787,16816.213857320265,1114.074427142164,38.58631493824,3556.3851855070106,0.2407593184232962,0.25573997832746914,0.1358797886511368,7436.963079109851,1.0230153725701918,0.22288629294459267,0.46430053776826796,0.19549767079406322,0.06374317300165258,2.31981162597744,0.19416954875975784,0.5549822906484037,0.19951287671563062,0.44659156226028746,3.4304928898401297,5499.906275437531,3.149426331350036,17.26519856349077,1.3990673576853403,103730.26636075132,784169.4859141627,2.4688323622313355,3.8421626784614498,709133.5472587392,22622.055937514175,217059.83734509328,93635.11208026399,686244.4201621034,102433.2586295695,26.00434255532024,280900.6733096234,5.162239575296833,1.8774210236871762,0.4288476002193876,0.710752237948928,387805.98045647395,2.6754955578790303,3478.9921854504055,8240.358665229904,306.65824383843363,7217.514510192012,35764.124479755475,15931.684502132255,18827.09759295339,7271.623070201099,42594.833017060846,27.196095273352565,2487.4016409128058,1615.2971558717356,13924.002722236208,1.3618906960308281,16103.071096683574,11957.529241368218,1865.326601858446,2258.5035330819173,12804.757945296118,410.75900131238643,1.2226877086279224,438.55412208989327,600.983089682665,3.653173204915346e6
t60,201.61976474358553,0.0,0.3671982181613608,0.444865179783137,0.18007335224755375,0.40530652235362663,0.16109773257056134,0.18867631187242995,1220.5582442375628,8885.691160620154,107.07545064126501,45.095964470927996,1661.5904782746813,804.3689096014347,0.0,0.3451854401708216,0.4420889982971886,0.06225750539837801,0.18198989154905817,0.2570309488606269,3395.4742406650885,2104.4768131622513,1229.29410229364,400.47648367927405,886.5299911292019,926.79317761003,0.0,0.22948459188933396,0.23597518174133178,0.24179288683896571,0.16932023035693838,0.13535784975948797,0.12324285373513534,16816.21987563762,1114.076913380578,38.57924690806,3812.1419825631447,0.2426841938156155,0.26064696021790545,0.13215949122264636,13515.129764732315,1.03555171605156,0.22423160430976843,0.4709800840177297,0.19732901608387612,0.06230918800786523,2.09779923945951,0.195560822177603,0.5718219336318517,0.1954649720508925,0.4459395263421688,3.4345880503306914,6190.659338024556,3.2040839822296694,14.959971060961362,1.3406679301608995,125835.53035020392,800887.7041275809,2.382340652423416,3.8221771923291574,686928.287134375,20808.31190494693,221786.91045332194,93255.49935818937,719354.3443752488,106754.2807651465,23.992918277269204,295113.08501370123,4.238249550606746,1.771337687607118,0.45686778263293126,0.646095393214786,450902.6040906732,2.2214963895684496,3605.129488051201,9260.391845750313,597.4628535551117,8177.2437189052835,43922.351498714874,16600.733754463097,22907.44199517633,7631.94594512825,50466.91324337815,45.24393440607866,2246.1648225572208,1641.746361466151,13813.855404224945,1.4463044430150453,14133.111094821146,11083.619297607811,2301.2202665035275,2505.414316707355,14479.99067552911,756.2151984041748,1.2509154575712376,342.3952747444711,1208.400734133857,3.8127848726362837e6
t61,234.90498802873748,0.0,0.3933353505713785,0.4766694905312143,0.19043385806359395,0.43472863510769155,0.1716212689653305,0.20130194960672812,1829.9277306121694,13327.537714580529,211.6908075593881,45.020249910467996,2104.7505867896366,1196.8187092552491,0.0,0.35955353414043645,0.4651542720965921,0.06288880324434973,0.1872832352301578,0.2660745152913226,3395.4783608126386,2104.480855602308,1738.0678604357092,400.254203684964,853.2894929258484,947.1897157214377,0.0,0.2347505680117667,0.2398917484770463,0.24710364004447394,0.17178598005679885,0.13653646300515201,0.12445043643836212,16816.229366350246,1114.0837457133605,38.587293277165,4058.3843075723444,0.2491575096750809,0.2701810134311404,0.13960116809226167,22415.041836421184,1.052284976837042,0.23374885587703928,0.49850406381435297,0.21132558939888563,0.0693080259088603,2.3290971691710767,0.19831499367759847,0.5938789237998905,0.20839900850635495,0.4424554944712603,3.438611030789093,6406.58486951082,3.197502168336128,11.821724720197059,1.2681359266615713,131191.87010772858,787785.6896444223,2.1300042695233947,3.678501388582125,673843.652507021,21719.70213282248,220829.67870782857,93249.43253504361,724656.8773367082,114194.03981805006,22.81142466088201,305579.5569385208,5.148817133785492,1.7010332331106808,0.4290641221219804,0.5513524126155359,491648.3463501962,1.7925386886494985,4510.845624181041,10018.886966019025,1183.27334978713,8940.83879948623,49623.58601418593,16359.645908225417,26088.390395848026,7694.875498399611,53139.96259718537,83.36426443562762,3585.721861903245,2471.24033392166,15606.86864871274,1.6186300440760462,16777.852095874125,12618.535827776614,3253.612189112487,3479.8981303046153,15933.950434470416,1092.0940562497442,1.2057741771657349,594.9401530165176,1782.692183221927,3.8988498970399424e6
t62,356.16846151595905,0.0,0.4849654580994795,0.6001430223204026,0.21860530128170313,0.5441260560644742,0.2033539417657356,0.24159461483864955,2439.7218056709685,17769.867054662234,650.0887572216479,44.959844910743996,2329.887707074574,1589.3147851933093,0.0,0.3799738952416091,0.4972997539925562,0.0638384938759766,0.1945062645085069,0.2780823452024762,3395.4826063316837,2104.4850289245774,1053.5090467751031,400.054143762392,674.8007666678278,952.571919988745,0.0,0.24020920273369006,0.24502627911018957,0.2529668124249272,0.1742915667968247,0.1380296012346634,0.126055505070348,16816.22940049542,1114.0852818824358,38.579900883275,3883.2593686645805,0.2535080895288526,0.2807140639135454,0.14113896486445945,25623.03588259009,1.0699115923550053,0.2738849995362168,0.6494809412273448,0.24893698241090564,0.45798909438044844,2.8425532350809317,0.20205699410970498,0.6233031917944817,0.21359451181666106,0.4391558824558768,3.443056787771683,3543.5404875259687,2.993475932595452,7.989074031998347,1.128191447444549,127218.42811469655,779614.9619206797,1.7062837221300842,3.233312670739671,689575.7731558692,20978.688628977612,196909.70223186156,87541.289169782,668437.4255382189,114543.22495771856,40.79350337517231,300901.7954718629,5.249237684382139,1.33103413914852,0.2998412400069449,0.3746253976018659,482452.208681279,1.2940996330031524,6496.637143723589,11030.913579650422,1493.6537578548637,10716.092239951375,53182.00602598518,16396.43372671878,29650.324459409927,9552.800562669448,54584.724702293315,278.3786561768889,4936.552246782517,3477.8111645090603,16929.139345823318,2.8466018952214416,20386.84567820002,14198.68768920128,1972.1615611790548,4312.500488864904,16323.912626987816,2563.2129125347847,1.01000874784744,280.2467845119065,1292.6714220562826,3.833095118540135e6
t63,588.9988322386398,0.0,0.5951557961802867,0.7409025504220276,0.24845240626343076,0.6716216579421319,0.2395702991184829,0.28857953066255954,2439.7811115369796,17769.967325810998,875.1272163344755,44.882300374416,2048.220053904235,1981.8269887291613,0.0,0.4101139405397675,0.5454062780583038,0.06522834337673143,0.2045560665474682,0.2946406978870407,3395.4870284806716,2104.489405643729,984.523548407134,399.80331239036605,433.1434499546129,963.0978766743176,0.0,0.2477969489632478,0.2525250924599636,0.26150783832545477,0.1781329978163631,0.140312283818733,0.12831901091620485,16816.22646954148,1114.087832591527,38.579824415405,3687.825640116144,0.2598077889743966,0.29675659120124465,0.13946174564941427,27558.401322636397,1.086979899140317,0.3041680551796725,0.7795429651124476,0.26821228414428805,0.4967582774713266,2.9594186401722653,0.20775783539593154,0.6664306002885892,0.2142005944795974,0.43575341634585046,3.447664380425719,4835.3911206627845,2.7848205094742644,5.985671998027609,0.9782881796149371,108495.08246784001,769017.3538273997,1.2712591485324476,2.7661314515043895,708655.9848809291,18442.58101158825,141772.18482999477,75707.81967972578,539292.3838446678,105219.56018929718,32.78145296480023,296888.2277776525,3.936889888136552,0.8174863372363461,0.1818131643600912,0.3490518316501192,452694.3328329281,1.2594805829076696,8449.359827483539,12452.6940751239,2168.983574141745,12377.149806409656,56638.996426461614,17026.269611000564,38365.93237535576,15587.472290233878,57229.62421021207,374.7541535349147,5629.94340390145,4111.523377419806,24316.69508158861,2.481834056978723,28728.320783155697,14114.094837165054,1843.0249185542236,3096.3323063909015,15422.982885142037,3287.271726649817,0.75670407597243,302.8985632298302,967.7057916099732,3.6268308286462342e6
t64,821.8880384447018,0.0,1449.3547995281967,11448.870621000686,0.324823949009169,7303.746317510953,0.3280880382683903,0.5352228403114998,2439.793229876813,17769.98207271145,1042.9528918847293,44.82031813610399,1481.301844069038,2374.347539963201,0.0,0.45959927759119257,0.6318580936241122,0.0672442416521347,0.21919923109793027,0.31925377916889547,3395.4918243605903,2104.4941986591643,1420.6219401006294,399.553028446404,339.6092390353084,998.8139267123277,0.0,0.25816858616548544,0.2628939687387551,0.2733860002653385,0.18357799728453608,0.14380283889059706,0.13146261037378595,16816.226563342803,1114.0995126176458,38.572756135329996,3388.369066411386,0.26940944064580813,0.32205961423643137,0.1482520120392206,31212.078965547127,1.127078454628407,0.3518129055199461,1.0327454507514848,0.320146696378765,0.544063680489223,2.993955204180458,0.21707367901953398,0.7325570242692221,0.23200347548666123,0.43302624972665615,3.4525349596496455,8448.666313153633,2.524712289400908,4.025643775584853,0.8775457583529452,85778.74171852643,744230.512159908,0.8686191794492294,2.081769166859487,686804.7332790883,13338.068642214792,99543.35288365261,58304.23758718592,367682.7729890854,94434.20034118698,23.338018327909758,285968.04582362913,2.333524832544593,0.6290154018912649,0.11409680006078148,0.48858942420362433,435917.9399223564,0.6336610428925455,7857.349456788405,15023.950763130902,2541.5790012988223,14982.713338446029,55690.10759745825,19484.223202249843,45779.49994063864,24801.181939877555,58752.26636809667,446.6285685153533,7292.947764055336,4323.575407601488,25510.600539109742,2.1789714097750696,39070.652791450164,12285.296331061663,2659.373826932092,2470.63651237614,13739.809481092027,2772.893070281757,0.559562109339473,522.9229961723255,896.7005405961206,3.3448181388215297e6
t65,1054.7862399818123,0.0,4025.9709484189557,31802.449794314507,21.331461724229012,20288.09908866416,3039.460017590831,451.2497309964945,2439.8578437854526,17770.06509767113,1220.0607711833907,44.74460357564399,741.0767773804849,2766.873224038642,0.0,0.5857950353923059,1.0415004169013882,0.07030158810260258,0.24380852703028072,0.364591093117299,3395.4977778838065,2104.5000393766004,508.3241594095056,399.333231906238,303.7478575339395,1118.5928787093799,0.0,0.2719055412572827,0.2768617937166699,0.28924137866236754,0.19078710557876163,0.14924971300469564,0.13586026464861073,16816.433239790527,1114.2174451940007,38.572603199590006,2876.056640119147,0.2834424582492723,0.3693710299465104,0.15283367818564722,40521.35430913555,1.228836189627115,0.7322743687849289,45632.27788497854,1.4096189647339685,58656.551154349625,3.1312532218034983,0.23169636818711664,0.8647754812167081,0.24778034692852266,0.42716556698071645,3.4603817142925934,10498.805408412676,2.214402075595128,2.8747155174824206,0.7546117889508057,65116.32046745384,662556.1164516368,0.5875735825498429,1.4903645748273033,602427.1984318777,6672.734920361947,73214.62834804477,30331.35990876679,209733.39464711642,77993.2951988474,14.485523281376622,244852.26634840594,0.8293606721962156,0.5534046333721147,0.0760508468587764,0.7239093137285497,407527.00932134694,0.19504553855735363,6496.554208254334,17657.89059579479,3170.5577824988045,16717.689508445066,48650.69454198234,24858.362998799872,51322.533364628514,24125.03603562089,60588.5250977466,522.5050879676379,9581.40416644297,4437.048460475422,20637.335040445163,1.4040229681823777,38901.56165677186,10395.23458147324,951.6061203648937,2169.3169150469903,14876.151412696247,2346.4576536046743,0.36320042874448416,165.99481926606373,841.7300088212396,3.0095315158474e6
t66,1287.6820836270922,0.0,4026.1403922838776,31802.59692376352,33.13406940066691,20288.216220993065,4749.02008011874,704.4252940757868,2439.8636568086713,17770.06936720466,1177.9333546292016,44.67849750738,223.41485477240408,3159.402415892561,0.0,3915.754994344502,13584.267282173516,0.07937840704626614,0.36745805943753074,0.7641230973778791,3395.5466382628765,2104.547545030955,539.1450565482452,399.08792321550396,180.31972697436424,1502.8800890454306,0.0,0.29541708464255917,0.29898557732265235,0.3149756463698131,0.2021739611329093,0.1593160271652975,0.14409217824187437,22880.24435137701,1670.107670258018,38.581599669485,3050.833971660746,0.31044687013790767,0.45206066355802194,0.1587213066328398,11215.960437207179,1.4171699565262994,0.7730810272309866,45632.30852736394,1.4942088704570935,399124.8835488014,3.137153938496763,0.3209695661734175,5.087920967493935,0.5623319205412309,44657.00120265352,3.5279606247198236,14566.553972731268,2.4968950765338502,2.4100621867938115,0.6139237553608335,49580.4683321169,489040.39727255714,0.28246989195496963,0.9698930885568214,411811.59609226265,2011.7606612354623,24633.974848704333,7245.983000035747,103398.60503819084,36063.204948193634,5.94700343697294,125603.1654115891,0.32809695613475315,0.3544056651531813,0.03316696410766822,0.41977835053087886,215642.41826842644,0.04702442840447433,3148.231579453065,30242.68230074516,5507.804911338172,20820.448691928632,51552.367714147644,34600.699814434345,64008.30671222913,24538.49624654545,70364.89541295618,504.46334368132824,10116.737599131793,4638.0798964627365,15181.187505902944,0.8074979669849401,34259.61475511579,9269.007947699973,1009.2679253925847,1487.1341535405002,16240.080652452134,2321.6201135159645,0.29440438309643435,331.90839047318184,734.4547076231767,2.522108538564379e6
t67,1520.5754730747753,0.0,4026.172252955399,31802.638336719658,33.2248271338986,20288.24232642931,4749.1062402486905,704.4673164811649,2439.867706279071,17770.074294912625,1616.4963439175374,44.605076801003996,9.526295886745041,3551.9266397870615,0.0,6118.050693776878,21224.25929119987,0.08296044521526065,0.40560335890476645,0.8987711369102044,3395.5508889595003,2104.5517289456457,857.6684464009495,398.85016669546997,10.255652400716656,1503.0275406668309,0.0,0.3331980490953676,0.3266804517930366,0.34681042033285897,0.2161972482251334,0.17379015761580788,0.15650623921821816,28850.829125035933,2224.252170342434,38.58248304831,549.6939885069593,0.34059269080643817,0.5411591693178666,0.1772250939598337,706245.5040153811,1.6030383006188778,0.791106647779224,45632.32772872902,1.5310686004527185,635724.2172591751,3.1427188802220005,0.3394085047175338,5.1865731626364395,0.69615051385736,213899.8365699,3.5239798943828147,17432.982465963803,0.32220481648890614,0.10007968394529156,0.05054457246124601,11444.574931610541,129657.74664822324,0.016771156958748045,0.05196014027424808,97825.0618630735,85.87123346553878,1437.8952352350036,268.4573669769109,21614.644176383048,3544.181461532322,0.42232481096455243,15971.902586151811,0.012398709482354716,0.012651691065786093,0.0018147122048592318,0.01580751553231113,24128.3268135618,0.0014931756280190701,245.42320097891542,34891.64570668013,6232.385600748718,26283.76582057249,49811.905945238206,34289.18227642041,53985.506208418345,15580.887222051442,64528.42029715878,692.2865669042812,9389.389157105163,1696.978556734515,13677.35396517063,0.6784814458585599,32169.53303640642,11674.364016402296,1605.5234469200568,1442.9962459966691,19144.37140984351,3459.7101485033627,0.32960597127186164,383.3419131641409,1350.0861572258016,2.4633039122379823e6
t68,1753.4656143638,0.0,4026.1892609307993,31802.683682883493,33.28290918146467,20288.256265311073,4749.148626504032,704.4911937879984,2439.871021413381,17770.07783914648,2335.0125622359337,44.538229106784,0.0,3944.4423306265903,0.0,6118.189494601828,21224.381037254385,0.08543856762863322,0.42588428740831646,0.9579733858012063,3395.55437337017,2104.5550970291283,1112.6432290915238,398.624307556394,0.0,2426.106343989977,0.0,0.646549169081304,0.48483973857784457,0.5171557692335362,0.30298549282620557,0.26538450555146703,0.314449240530533,33631.92440914771,2227.6799513414758,38.582654476280005,0.0,0.6003199316868446,2.006276905772282,0.47267692080379414,805139.5153664598,1.8638187929088836,0.8005369377012659,45632.36274708506,1.5401299414014964,673867.2394324668,3.1475927548816918,0.3514687763778741,5.263948921603926,0.7197672134028468,232255.94351290478,3.5273862275780385,11097.292847790408,0.0,0.0,0.0,71.29531943027553,935.3728844428482,0.0,0.0,996.4852740139698,0.0,0.0,0.0,0.0,0.0,0.0,0.0,0.0,0.0,0.0,0.0,0.0,0.0,0.0,47994.18620625126,6642.468909357384,39606.9990117098,54517.848292579976,44875.43474646792,46988.812460506044,16346.733699812174,76612.27346348196,1000.0058546696017,7110.212537125929,867.3678596020553,17242.684496781458,0.8400979858842391,33818.7492981486,13711.784580768937,2082.821892543087,1224.4853704313684,19807.44126027046,3799.8866809770043,0.35550459488423974,462.66025984393684,2260.1946716316984,2.3695637495569666e6
t69,1986.3500326980638,0.0,4026.197636137351,31802.70479781601,33.29689109019865,20288.26370992924,4749.172707574449,704.4996057560406,2439.8734924706646,17770.080493086203,916.2134784432142,44.460684570455996,0.0,4336.938505137072,0.0,6118.257831227476,21224.435332623565,0.08721012876223877,0.4389117194230416,0.9900763896626877,3395.5573080155323,2104.5579872159847,1246.6015710781905,398.372653373284,0.0,1503.0271566462209,0.0,0.33903990225104225,0.33225317355064904,0.3541134567127996,0.2189722021019764,0.17638183307578242,0.15900393783159655,31637.892835299048,2226.303773309503,38.575261832495,0.0,0.3484389818983723,0.5718543452478488,0.1737092764656467,776882.7573428069,1.624939840772718,0.8051255398098449,45632.39507398097,1.5440415132612326,613819.6711486757,3.150622486714819,0.3596628388918432,5.255688131754636,0.6828953183158594,217455.36665942788,3.5306514982819945,19232.45427244965,0.0,0.0,0.0,0.0,0.0,0.0,0.0,0.0,0.0,0.0,0.0,0.0,0.0,0.0,0.0,0.0,0.0,0.0,0.0,0.0,0.0,0.0,54174.04017000605,5966.003653790886,47339.06636514632,51664.17342291305,51045.37036335091,42032.79978438699,21166.34956187262,77971.13385443669,392.3765072659749,6762.9943380224695,1586.0502885248088,24054.76240514357,0.971451879118684,37073.26300534341,15887.584714858524,2333.5835193472562,1088.5502285340092,20453.73740389152,3047.8497978111436,0.40673676719743784,536.0260716333102,3396.279405131936,2.300008794885244e6
t70,2219.2253709568085,0.0,4026.2021766865228,31802.71677970812,33.30966434986827,20288.26747753262,4749.185315422113,704.5051199123168,2439.8755904129366,17770.08271251963,412.93755633117803,44.396408478059996,0.0,4729.341948232176,0.0,6118.294364406459,21224.468257273238,0.08837407746131641,0.44784368948203906,1.0112783554094789,3395.5598533007546,2104.560503416344,868.2161023066255,398.12788376567397,0.0,1502.8767324532064,0.0,0.30577070415459,0.30945622531376893,0.3273529625875971,0.20670896512493236,0.16401872923571778,0.14831553758391275,31179.5308952715,2226.2393170307937,38.575108896755005,0.0,0.3188009374374058,0.4818583553424156,0.1679678947072191,713547.4313758669,1.4931471051854166,0.807381723503193,45632.39231160068,1.5513354704597409,564099.9260762082,3.1532697099677383,0.36611835299009526,5.24651978734629,0.7530644729536178,203608.73439024616,3.533496635401807,22467.88774911953,0.0,0.0,0.0,0.0,0.0,0.0,0.0,0.0,0.0,0.0,0.0,0.0,0.0,0.0,0.0,0.0,0.0,0.0,0.0,0.0,0.0,0.0,54760.28861422122,5341.981754282725,54593.16756980318,50108.57129289577,52835.1901693609,43350.502281270856,27044.876608536364,76492.14133613798,176.83901534397063,4605.331854665731,2475.112437689723,25622.069388052496,1.193843114469123,38496.88214187327,13701.381423227842,1625.267993954076,1369.5378919312657,19675.180303494242,2270.632685707843,0.5352796581341106,391.2140693330131,3965.9318074000535,2.186557578883352e6
t71,2452.082228487012,0.0,4026.2038881897615,31802.72123763355,33.31436776317427,20288.26899290462,4749.189350068972,704.5071692745717,2439.8773006611927,17770.08461903045,225.46851980838778,44.322987771684,0.0,4729.3917648066445,0.0,6118.308756216302,21224.48444173255,0.0889808800115741,0.45365458762033506,1.025852189151896,3395.5621561046537,2104.5627109143347,526.4389972853517,397.914560395466,0.0,1502.8732304926891,0.0,0.2912774735071709,0.2949979254955468,0.31074540879680373,0.19952216205520118,0.15757679520989065,0.14396358042035187,30997.20019952124,2226.2235060872144,38.567792970735006,0.0,0.30235371428667457,0.4148205995592625,0.16155515010056246,606186.450504559,1.4291597195847223,0.8081674986956855,45632.37321496541,1.5499043405208799,497665.80316276447,3.1553385175058613,0.37003075788395173,5.245372448516392,0.7508323483555481,179566.12163933067,3.5362814072997626,25553.079763689046,0.0,0.0,0.0,0.0,0.0,0.0,0.0,0.0,0.0,0.0,0.0,0.0,0.0,0.0,0.0,0.0,0.0,0.0,0.0,0.0,0.0,0.0,54265.950542477374,5039.527302928566,59090.877662668194,53613.73172758934,54133.16823083306,53943.07005835606,32008.73501738171,71022.59622559756,96.55213700813128,4244.211150052666,2050.369777556396,22012.02238282163,1.2473074685233976,38495.95704349787,14048.455724680487,985.483040811622,978.8827104994546,18659.631552099057,1870.4749422881885,0.6163898315893214,177.39966823514126,4282.544773261758,2.0034435928188781e6
t72,2684.8902186380437,0.0,4026.203412846976,31802.719037339888,33.31131575561229,20288.26889910197,4749.185493508813,704.5062189075358,2439.8786763586427,17770.08607418798,948.4643215298975,44.25688170341999,0.0,4729.391355893812,0.0,6118.303259661101,21224.486858356697,0.08904985984279519,0.45677424223542934,1.0354013090764944,3395.564133422373,2104.564657365481,301.10283625381123,397.669790787856,0.0,1502.872318445584,0.0,0.2798278628968606,0.2834489644335335,0.29746192377400016,0.19387012101147416,0.15321553565595716,0.14069739894574956,30919.523712429516,2226.2201168359666,38.567964148810006,0.0,0.29030598154528614,0.3652693440341609,0.1520375881188497,502171.5094889394,1.4074431789487707,0.8078765244857206,45632.36003982199,1.5484287675023471,434096.3994833068,3.157511421613452,0.37185988256050073,5.244498597615022,0.6994862684483718,162572.07346061198,3.538408127583823,20007.87967801779,0.0,0.0,0.0,0.0,0.0,0.0,0.0,0.0,0.0,0.0,0.0,0.0,0.0,0.0,0.0,0.0,0.0,0.0,0.0,0.0,0.0,0.0,55334.09452208408,5232.539580404642,63088.424124798024,55669.07666174591,54374.653488969314,61676.30712109929,36143.2125815994,61387.63437185681,406.18856772141487,4505.311650318161,1263.141438099966,20368.480137717626,0.9956000347556302,39292.9344044662,16974.24176470422,563.6673325324296,521.1716630113218,18749.636125580833,1809.2774769599002,0.682222662603514,66.4438693498905,4421.09855649022,1.8247999858392847e6
t73,2636.0640072933297,0.0,4026.200681455796,31802.710206813765,33.29984514976436,20288.267211249076,4749.172990296187,704.5019935768215,2439.879766629216,17770.087232287045,1142.7120615200458,44.18116714295999,0.0,4729.39099342525,0.0,6118.278323846659,21224.47653793962,0.08861084817830116,0.45746809658426446,1.0406915758672133,3395.5659059067225,2104.5663876524272,149.93978613115846,397.41895941583,0.0,1502.8720776750124,0.0,0.27048150326815823,0.27411133305328983,0.286622216848957,0.18930827820073243,0.15015672918472375,0.13815381013331363,30886.366411730447,2226.219756522577,38.568771059765,0.0,0.281495741687258,0.3372842644748365,0.15471590203343916,418030.04335458914,1.4021441853166223,0.8064748979912286,45632.3496490583,1.5518850147581575,383033.48039427167,3.161432638141522,0.3702163750755158,5.239943585061752,0.7598227074760012,143468.33759909868,3.539757708863084,22995.28176181861,0.0,0.0,0.0,0.0,0.0,0.0,0.0,0.0,0.0,0.0,0.0,0.0,0.0,0.0,0.0,0.0,0.0,0.0,0.0,0.0,0.0,0.0,54801.97731639471,5517.661765960561,66161.79349940042,59020.73435707354,53866.88610326327,66160.44949313698,39759.65680985807,51461.8356965772,489.37909696326335,6458.841015604264,1038.3002028626456,19023.995794142767,0.819188965339673,41756.59906586346,19483.674965158305,280.69801678397755,342.73767739193414,18011.700681318278,1649.4018061892095,0.7628855369645278,29.560523481629055,4699.173121310195,1.6816073736942052e6
t74,2403.2486863885847,0.0,4026.195298706317,31802.69335290937,33.27789552375334,20288.263763065774,4749.149028455105,704.4932582813282,2439.880606742541,17770.088136732258,1286.1149910339293,44.123056260587994,0.0,4729.390651554877,0.0,6118.226901500868,21224.452410253136,0.08764095164373109,0.4557629930625113,1.0411962868308804,3395.567507317823,2104.5679272598504,80.1474109869336,397.20001572853204,0.0,1502.8720291071893,0.0,0.262969801597487,0.26666701006878846,0.2779412081017323,0.18570446014468098,0.14794169534209783,0.13612859211204234,30865.458301148352,2226.2211395524664,38.577767779555,0.0,0.27506279032975095,0.31847189750855803,0.15148979850598604,355100.04586753296,1.4007140109000742,0.8035541899529611,45632.34071393004,1.5458617717346619,350476.53853905894,3.1653353006835694,0.3672309052083688,5.229017180205593,0.7462329121357946,127879.53366842389,3.5416468213140924,27419.397605073373,0.0,0.0,0.0,0.0,0.0,0.0,0.0,0.0,0.0,0.0,0.0,0.0,0.0,0.0,0.0,0.0,0.0,0.0,0.0,0.0,0.0,0.0,53915.80827238064,5681.714964882607,67181.00380621797,60187.337741178766,50584.870736470904,69928.60786318814,41470.670285656925,52559.88696501985,550.7943554476288,7830.904272301173,967.9741435817554,16765.091272461366,0.7571763243205487,45016.02659088002,20143.453797021575,150.04931734352607,364.15997472543535,18500.640928717497,1528.6650536848315,0.7676923785111875,26.64706156087404,4482.310755633038,1.582596616127943e6
t75,2170.387697610126,0.0,4026.186359893998,31802.66809347645,33.23997496304977,20288.2581862405,4749.106326075576,704.4772592910202,2439.881230507921,17770.08888536412,1326.6424952240973,44.058768321132,0.0,4729.385199157271,0.0,6118.127131328643,21224.400680597115,0.08612349186549136,0.45136034257540747,1.0323543282336323,3395.568939234067,2104.5692979205533,26.87083994861014,396.948879766196,0.0,1502.8720591407773,0.0,0.25704656388001185,0.26095202790567357,0.27122118781769244,0.1829922073460057,0.14624873302352018,0.13447207849046916,30793.082304132215,2226.223193909745,38.577614843815,0.0,0.2699597628493313,0.3048826748164783,0.1439198310375482,305917.89271228464,1.395256304371925,0.7981426134492149,45632.3333213137,1.5374735446156755,330185.85963135667,3.1662732339371127,0.3618545349006111,5.208676858361459,0.6824838410013662,118535.03172654231,3.5437503362902323,31179.61831355855,0.0,0.0,0.0,0.0,0.0,0.0,0.0,0.0,0.0,0.0,0.0,0.0,0.0,0.0,0.0,0.0,0.0,7.342110510007348e-6,0.0,0.0,0.0,0.0,51471.21539447055,5525.423659281448,66718.23240405753,62211.481097658056,51038.03558528907,73104.40648061292,43533.30790661839,56606.79023794247,568.1510991014492,7754.989430123612,966.9718457086171,14391.584670033186,0.6035125267696929,46195.90428947065,21595.372393457965,50.31556447022273,357.6986816309573,18220.74854568099,1585.7553865129798,0.7050719130383258,6.266315511946271,4103.593325668584,1.5153901454715827e6
t76,1937.5107383858142,0.0,4026.1718938098297,31802.643549080585,33.168054212811214,20288.24932710075,4749.0233517069355,704.4472514951401,2439.881679208214,17770.089733095087,1298.7863432500283,43.981223784803994,10.139299284351981,4728.9743326826065,0.0,6117.85159401368,21224.267256033403,0.08394820042091115,0.44108397350963974,0.9870951517833828,3395.570134360599,2104.5705387398443,51.30693489509533,396.723306858562,11.692262371712832,1502.872147053417,0.0,0.2523309562598793,0.2563089009935135,0.265784442430786,0.18083104161527908,0.14483202517786062,0.13306575357537773,30323.4063463029,2226.2053306471594,38.570623031610005,0.0,0.26573026178110043,0.29453023093590164,0.14850252884491746,277818.80752646714,1.3818691514907986,0.7888555054029224,45632.321724412526,1.5301660119861205,321883.2584030363,3.1639068526782386,0.3502669324534849,5.181280336136697,0.7113374481002162,105098.96316043338,3.5481286329651027,32599.78530425902,0.0,0.0,0.0,0.0,0.0,0.0,0.0,0.0,91.39166484856707,326.2244156200192,618.9010434764608,0.0,487.972960593451,0.0008190871143283945,6.577423119994219,0.07233939809121435,0.014818109050799604,0.05900317012651294,0.03343849606981714,10383.327241188084,0.05611739555889454,290.5133495294901,49443.113465799055,5348.306587359997,64429.38675841882,62369.499595923524,53605.97567472015,75018.31403581037,44505.23752064354,60707.53407260846,556.2211240147477,8483.64440493186,1326.623738892445,12310.725531142178,0.49821978804755684,44833.53217209975,22794.843357665966,96.06036142978687,477.90066903900185,17751.35989562723,1553.5379128383006,0.5908971405615012,29.650701687411683,3547.99640356948,1.4816750469595348e6
t77,1704.625713527581,0.0,4026.1462359774328,31802.645878824263,22.625365601651946,20288.23321518416,3066.2042545526897,704.3523188784975,2439.881948932583,17770.09073355098,1595.337225963055,43.916947429139995,438.3325391463928,4336.505041864505,0.0,2203.5923429038316,21223.62380342209,0.07962412273602974,0.38476264136124017,0.738731155637002,3395.5668012401998,2104.5672390665986,93.39269246057455,396.503510318396,132.67443557014144,1502.8722509224117,0.0,0.24832624884746834,0.2522038758164924,0.2609722113637322,0.17885785625341627,0.14347347105991942,0.1318000995272549,27796.93518122354,2224.1604973378894,38.57047009587,14.324093358187044,0.2618649919185253,0.28617250034557423,0.14652372975136055,265598.2670003898,1.3550902938085285,0.7728766908351657,45632.31238732064,1.487202154233868,244061.189010577,3.170532365964639,0.3035323211178899,4.958522095471218,0.44694190459534183,0.19881522996921805,3.5402492707253495,30810.42104687077,0.007050449837942481,0.5004920489370102,0.020598140160386823,2588.656830372162,24.153880072248683,0.10054789262109531,0.16809056602926153,5626.355906617204,3946.8615623619053,27180.203022606387,17764.94458413114,24218.10356212965,15699.501769069666,4.894299788263784,8253.521258889557,0.5115729744154317,0.23950998718728436,0.14358430218391793,0.13718828289600374,139614.23407324898,0.1950107420876157,2743.0208436358994,48741.43250206816,5129.97110786416,61859.11388924058,61713.09339862846,54178.795460837275,75973.01222995405,45509.16529526493,65598.39672268124,683.2251902171698,8032.611673947674,1197.270492311199,10628.487928489565,0.5231075048594707,43244.14903794607,21672.013116758,174.84720356417688,558.0806207387484,16424.874012861,1575.8415450186546,0.45815703776672306,36.40090805906472,2937.4412009521766,1.5090228972979966e6
t78,1471.7354705366613,0.0,4025.945575196206,31802.074269867408,1.5903731019130103,20288.149374832887,27.082835057502745,253.72274694433543,2439.872496798701,17770.079301608024,758.7141197856337,43.843526986031996,1505.2577763552088,3944.0080954433147,0.0,6.317599526771264,21223.642924412135,0.07639670613725283,0.37099881446344246,0.720454878347654,3395.5649230614536,2104.564904168264,128.45285545737264,396.25353179923803,199.60366509243576,1502.8706067312528,0.0,0.24462579103397533,0.24813866783164312,0.256205320069574,0.17676960319364754,0.14190660233859967,0.1305432927264457,23461.349086762464,1670.126580760107,38.571277006825,708.5420639876893,0.2579191114816677,0.278863389618694,0.13968469677183745,30661.973705526434,1.2930382296011569,0.6577535136027912,45632.167432502894,0.7193388640982671,0.0682145439382317,3.138103644742228,0.28257191596528547,4.845665322487515,0.37072090302950345,0.18470308688461645,3.5340904904909842,30333.124038008897,0.4370245480439026,13.126883214352791,0.4257122300031444,36343.06913295132,98223.78909311826,0.6963621925858441,2.3409592063438263,141602.98382717295,13553.448600518894,113166.58169695895,57516.4323311428,110338.83343643024,53675.256367708906,17.357254120569667,39072.55859761775,0.5022849865207236,0.37848605880601854,0.17232152596321404,0.3110141665718425,337482.0960005092,0.26032055454002634,6411.123069641582,50078.71803757322,5056.407226546137,57928.04171826045,57795.29649410827,53746.65599206425,71231.33963605229,42655.173865990466,68519.63192427979,324.91965070696523,4792.557524540533,660.3727662177275,9367.919932729681,0.3912040851202377,36455.74183322692,19063.54832937926,240.47867351895994,650.9423577004427,14612.568768082858,1547.257710596775,0.23448380124690282,87.6718730415587,1688.965775087813,1.7497403544188729e6
t79,1238.8497696539994,0.0,4025.8947770892464,31800.761432867715,0.7883240521586493,20288.077825370117,1.0853305491017209,90.19558053370451,2439.8722160949524,17770.07808771759,470.48521467336894,43.77742091776799,1984.1492096988268,3551.4989721437373,0.0,3.0042933867294246,8680.64865391277,0.06832159389366826,0.31387486614947796,0.620325170006987,2546.7765111641493,1578.5379963609316,66.22905258834695,396.03316279618804,91.34941101924802,1118.540289991762,0.0,0.23781253909536632,0.24182155193210314,0.24892013080631148,0.1733125374120859,0.13878497610517554,0.12743861745310717,16816.6480957238,1114.2349067007817,38.571124071085,1346.1946811471034,0.24883905629503203,0.26606627456280274,0.1415991141700894,0.6162773000405135,1.1654897493732415,0.6341141533749983,45632.125758614275,0.739489915300206,0.19804604856438687,3.13576154863427,0.21380294568931338,1.495338340096195,0.24800486607385797,0.024287463750686262,2.931001156216467,30046.867660580665,1.0715107653431943,14.436867872675048,0.7393305566658217,63331.51054760562,436795.56559707865,0.9326171519044536,2.691618461383077,403454.8775098926,17865.337060542246,169894.56242874425,83149.20372863543,169949.96965349314,84045.76616013882,19.21157113843437,72936.19503003013,0.41402820287928516,0.18090481422379312,0.11574581593293833,0.17931014576444593,465304.9290769322,0.1334223759577086,6627.903882571708,33529.87075918157,1535.644470833846,29189.02485463989,27857.26025695256,43165.84802950391,43418.09857031506,24592.271548512083,53822.36599697428,201.47981922079876,3289.185492394864,104.25961432407075,6897.733846862054,0.22436606311480392,26678.55222847007,14453.701685053737,122.60394788317244,247.04081615583766,10429.867518523095,641.5359849781266,0.04464500861213557,28.229181814342166,500.07751626761655,2.487296353242234e6
t80,1005.9722208751007,0.0,4025.8639656459613,31800.274528558213,0.7132065007928055,20287.623450316067,0.960560213124115,90.04455128299564,2439.8719983315978,17770.07753334441,389.8834968844153,43.70557744997999,2328.603654736432,3159.26776681054,0.0,3.0089214999700125,8680.655217175768,0.06799492818392383,0.3210776130108483,0.6326951618358205,2546.786132230367,1578.5735359669848,74.42040095226571,395.78065576021004,145.42291420493547,998.806203472923,0.0,0.23626937266455317,0.23937212437791874,0.2462181931930112,0.17216132315856147,0.13775815285379958,0.1268745357551812,16816.287295642058,1114.1142716582558,38.56413225888,2046.1228378436683,0.24626811280049596,0.26201325703723993,0.14067061572585093,19436.878307136296,1.1114352996122152,0.6203043003655884,45632.09194936205,0.7181575980909397,0.19953201285173375,3.134503154446306,0.21656555519311163,1.5073116643516549,0.2544963783269439,0.0368824349387287,3.0017653046231625,27476.089771126804,1.5907818716293451,17.826411308198495,1.0184983117784314,76047.18026795908,638530.299027544,1.4366429962719538,3.4315472584687865,507495.6126322026,20966.76837318778,208658.94782880545,93579.07635849291,254888.36211533166,97642.18868724845,20.403631503276614,88572.49260243353,0.9380125438667551,0.31925058854593447,0.2304168897876981,0.31072969023054053,497338.21228146495,0.3040542643005638,5437.898463585061,24392.53917877027,957.689772964726,24522.98889894922,12855.73736673367,27710.98463344407,42401.220229258455,18679.85872325901,30967.370836362654,166.9606397032418,2470.68272959433,84.52392210220401,5779.621511225595,0.1886956969427195,23811.94447501304,12732.352006851526,140.77617290759832,223.72348975533697,6334.224086623429,495.33149630010286,0.017361715474197206,37.625577794664906,523.0560318329386,2.934834361836675e6
t81,773.1102956403619,0.0,4025.84130143756,31801.26588845611,0.670751182116763,20286.95437013499,0.8942918180379741,89.97206970224781,2439.871756514759,17770.077202860724,510.50384333067143,43.64359547493599,2316.2661510134935,3551.764607792818,0.0,3.145446038935821,8680.782712824168,0.07347534387968847,0.3648610620808641,0.7030178132529818,3395.5522880570393,2104.5529066437457,162.94646635586028,395.565960481866,433.2038924660655,962.7353359534534,0.0,0.23635105263871303,0.2384232097552425,0.24527997886990316,0.17194140909623135,0.13748875397243426,0.12702103780991653,16816.25783394399,1114.1069936340746,38.563979323139996,2673.8700952037243,0.2453565382225516,0.26026199563723346,0.13623754674891966,14327.611229964046,1.087635129622451,0.6111771676855777,45632.07315066082,0.6298000247469108,0.2149133672041406,3.1344152800574556,0.24960046096760477,2.3571321144788913,0.2949288752320612,0.08718355749937512,3.5194126818837983,31878.26399289962,2.0933737119383102,18.983750517262518,1.1847037759959071,95502.06175917597,732458.3940759439,1.755318050865776,3.973228460865388,579694.4903824951,20855.68295114852,232079.81559684486,92290.94430154921,381748.2321176847,102267.53545776404,24.865927499464654,106566.21615273997,3.1686925898317795,0.85653611332681,0.5167111110442342,0.630836131791078,501174.3019954316,0.7825745261764032,9104.95721843329,27390.084767671593,1223.1668719706677,27577.34415366571,11030.151769847149,26519.483660028465,43155.403842750355,16152.747989684194,26319.218522979438,218.6185636508314,2765.1221905576476,70.79113234250279,5874.3397249035925,0.32660418882796194,24453.774626550567,12881.92204577551,305.05648004283813,488.0677475259769,8016.089443297138,701.6939727769116,0.018174735728287966,60.72135557323967,957.3034185930736,3.3022080850450224e6
t82,540.2719104514009,0.0,4025.8248430554368,31801.938440293274,0.6410795337492858,20286.627006854902,0.8502331137538458,89.92531380608061,2439.871465841399,17770.076873883372,221.81807214778607,43.566050675339994,2355.9760219106006,3944.26956728548,0.0,4.124084709633787,21219.486225090157,0.07827626408794074,0.4380244262945011,0.8503409940144244,3395.5738165665143,2104.574502749761,135.37481630301323,395.31512910984003,579.2722945401048,952.2222387862771,0.0,0.23802743635698054,0.2389132486617787,0.2459963020650357,0.17263817275572257,0.13790452295110764,0.1278771545304892,16816.25680640105,1114.1087628888565,38.565736334885,3189.7250154598883,0.24579098343212255,0.2605320706609356,0.14269802848786076,12203.09435316419,1.0813859143291649,0.6057291474907742,45632.064334660725,0.7128127794658828,0.2404799202268121,3.1354322371994856,0.29693078054496547,3.8014172419905483,0.45694234384622334,0.28302305672498934,3.549264340299817,31712.771856015068,2.496342296571778,19.236892679820347,1.2793594138514144,120299.7274872245,740712.4321833366,1.930561995710512,4.091995995424527,648353.1766852716,21213.226647676896,219405.3700073324,89070.74545847456,522411.8605823902,108583.26594059535,26.908348437319752,123538.98970581184,4.2052629472965135,1.1873053062662127,0.6231582737269021,0.8033189150795477,497607.1869812485,0.7248872211526153,9159.329711905051,30762.043001235834,1182.975400125803,32499.625719634856,14014.014447969208,26677.563675385787,43339.01626796775,18060.57145252412,21959.253810343038,94.98391514368244,4711.723174873729,334.2340413929591,7353.084672501286,0.6903090707031496,26431.12136289078,12966.490288902914,253.43358558373708,562.3760887501845,8476.272501588088,641.9283564503677,0.0653739417863533,49.05446422592713,941.336874879746,3.574762184899131e6
t83,307.5118935172309,0.0,4025.814422909603,31801.712857420094,0.6185035767006409,20286.513786993735,0.8182046112588895,89.89157995215467,2439.871112363361,17770.076389409707,710.0602954581004,43.501774582943995,2520.329069718528,4336.741773286903,0.0,5.282403500553722,21223.704950695326,0.08091486649779517,0.4635958339350665,0.9069235956079441,3395.5734687879935,2104.573625921199,226.81548726555067,395.07258342874,542.7561266640884,951.9268872341488,0.0,0.24159049699742172,0.24102967209795462,0.24861881965921864,0.17447981711445296,0.13908853567378993,0.1295255163639629,16816.268519724592,1114.1130902954803,38.565583399145,3608.7088193501845,0.24760971184128264,0.2627705327295162,0.14410916139198401,12094.031955823664,1.0874754520831285,0.602667354282942,45632.06072006769,0.7031591218960823,0.2414668469368624,3.1343905259980738,0.29821577785643083,5.010204826731773,0.4345531138866073,0.20059115383755813,3.547466924750622,27968.77538393084,2.835553485023203,18.69178064258741,1.319874545629884,138926.08583777497,755035.0580002521,2.1139106755091563,4.003114072759351,694507.4526379696,22693.04384341714,192690.63075134528,89484.35331565501,604216.1665015422,110448.38277938488,29.738221319217104,128974.37264047167,4.7227666490641775,1.1039227103047982,0.6280630738046927,0.9285549765509963,477750.2157399945,0.5245458176614265,9443.591960419075,31948.396926136673,1161.3225062763054,34033.03849363411,18536.939161910333,25862.648441286547,43953.335889761576,24919.839280243163,22493.410880554053,304.0826026187147,7202.113081656897,706.4370943742017,10346.61729350301,1.137115065349583,30950.6780937542,14173.23719030353,424.6088649579665,733.0810690568654,9010.590060834827,951.9458925926292,0.14482454426060462,54.84431959085549,1205.2512450565778,3.723679896361455e6
t84,306.83200410063654,0.0,4025.8099654354305,31801.62535040791,0.6005034894823236,20286.570429519914,0.7939173987300223,89.8658678665906,2439.8706931622123,17770.075678972906,1022.0504701320663,43.426060022483995,2297.779649979797,4729.130713886002,0.0,6.259012440828949,21224.20608418656,0.0837269621863528,0.5036497005117191,0.9860965308031042,3395.574735297334,2104.5752579003765,375.7754907034513,394.85278688857403,544.1142711782569,964.7772190774922,0.0,0.2485608703574431,0.245416997333154,0.25460040464148165,0.17846540352776533,0.14143173670760936,0.1322259260597953,16816.278117718484,1114.1223726913236,38.574030849725,3819.2941381596315,0.2546331128755525,0.2696234617155089,0.14300726509370237,10186.400802557304,1.1031510990928832,0.6013300708483955,45632.05963027257,0.6210040492579146,0.22355784971402293,3.130437779619806,0.30568003124812304,5.020691794047629,0.4001271565290923,0.2057482831199538,3.5484636716089093,24861.377683311468,3.0378549409423634,17.882957328600522,1.3237897965109755,149457.9406278748,771352.7977461684,2.1945186117886704,3.939405501504078,757357.0597399499,20689.23232169991,169909.9669226,93899.31777084264,665030.250122721,101601.5319115297,36.303457446892054,134839.65068851807,5.54348533867331,1.1067690299298651,0.6482229867402268,1.1058630991491027,448800.7127196157,0.6476000626244685,9235.887933168202,29711.847619360065,1490.3206797807638,34146.53689447054,26075.75889420729,23148.12199641404,46384.24742761577,27552.66395776232,27209.321637686626,437.6979659461329,10019.61105949838,1775.6772099201658,15515.496593054162,1.5743196835885904,36750.9372895576,17133.88238977694,703.4538649257978,999.775744773937,10363.012166234812,1541.193136274727,0.26048661084066904,82.03140241011373,1509.1484628117453,3.8511119281953727e6
t85,306.8315923928769,0.0,4025.810206068816,31801.688559836923,0.5855749306774958,20286.310135360807,0.7750996624935944,89.84565639766794,2439.8702044409943,17770.074658692418,1493.1247306227983,43.36224780830399,2297.251820699916,4729.326059617491,0.0,7.382542758769876,21223.658755250966,0.08685932826822089,0.5547727169733332,1.085700121205138,3395.5757978380234,2104.5763664416536,741.6157000813863,394.613659294898,580.8770948186028,965.9191581008681,0.0,0.25698931585874335,0.2519269499556679,0.26204070962133647,0.1835054213213244,0.1448967588445989,0.1360932484755628,16816.27892868935,1114.1267429745692,38.56663820594,3902.4797452738894,0.2604955546760642,0.2771377285674087,0.1519119280470675,9063.264462870244,1.12628406539052,0.6014070462000457,45632.060446485,0.7067233533077846,0.15109505774814094,3.1210413922517244,0.3143283707354426,5.049261237944483,0.4580640463079046,0.19660897334877558,3.549730750497368,12647.133510723448,3.0970563115831857,16.85468231007546,1.2010725300576564,158543.73623112284,772871.2076025656,2.1714624699718765,3.7002877184640726,802478.8917066659,20684.477272894594,146481.75825999753,93770.49041347456,754543.9566276906,88606.76138117071,43.18300484115604,149292.97048620938,5.914421679561092,1.184717338854737,0.6419099234473737,1.079269781198655,410578.0557207219,0.9353024145017231,9296.097637957891,28323.61709386772,1914.795549667477,36716.36411655977,34496.67315963494,19203.6670226919,52164.753540018566,29844.20009868614,32528.116050150642,639.445209995639,13190.188826625379,3090.7480027350807,21791.91357166462,1.8196483206419996,43725.34877230931,20133.605908565194,1388.2843097456355,1376.9961398187854,12140.835147180282,2159.4842756564153,0.3848957996140464,101.32985511630883,1766.6620795917945,3.967859512772607e6
t86,306.83164225063797,0.0,4025.8152093569756,31801.695824611208,0.573108800649317,20286.477140631447,0.7607436951266112,89.82965663661915,2439.869666564957,17770.07409415418,2148.8186601939074,43.290404340516,1716.3812524999148,4729.334693982091,0.0,8.995345956216891,21223.626949836722,0.09060912133560158,0.6349305507022469,1.2389053674228727,3395.576842638315,2104.5773766746092,1013.8923998641925,394.362523332562,525.4270667331175,970.4642356938779,0.0,0.2698818318628054,0.26244825920987963,0.27421918607189383,0.1913354628114913,0.15035724647139967,0.14170723151047165,16816.292949668354,1114.13211016728,38.566485270200005,4032.7030966353145,0.2693542405867538,0.2891205803647461,0.15698507036940912,11596.84819204801,1.1590526102527687,0.6030558817766329,45632.069085064344,0.7015963063005259,0.16133255250833217,3.122271624614503,0.3250214902400926,5.0825186883470295,0.46685422020517325,0.1945773080144962,3.5509276593840045,16168.063793067546,3.0805523615570793,15.115998538250373,1.1212629628318043,156184.8841089018,767805.0907731826,1.9562490558560506,3.2008025902000323,816510.3404049142,15454.381556720264,119057.33499510314,91309.86551637787,781343.7329986133,66948.08542996987,47.26947122303561,158390.38050833935,5.428902051443266,1.0665249248167825,0.5607327575583944,0.9388246894657756,344825.6881749074,1.0268545962354747,8635.429023530012,28942.915631695854,2335.585726552659,42095.45056196241,41598.21906529946,16592.19594775996,59752.23083010048,30026.585915387925,37749.441162881136,920.2587925674217,15325.308418642448,4653.423016569038,28095.13853507468,1.9065234671494096,47689.01435669581,21591.229201627757,1897.9707835105448,1905.7774009640268,13158.621136994965,3082.212261286021,0.4468586263648722,186.17232738279847,2176.4532117114086,3.936737224945931e6
t87,306.832024402572,0.0,4025.8244377894034,31801.661894444922,0.5625455412419714,20286.75636726975,0.749992975949778,89.81702670525054,2439.8690753530504,17770.073687719596,2430.8287763416747,43.22612824811999,1412.8371323744107,4729.340437053575,0.0,2204.2748373726063,21223.801605252018,0.09563713873878199,1.1228195977957702,842.6542751673784,3395.5778150074457,2104.578422623366,1004.4813053866878,394.136124275868,376.45821763815576,981.8756926303843,0.0,0.2894365747335928,0.27892175215389287,0.2934307429791016,0.20351013765014195,0.15899188647187976,0.14992145597869974,16816.33227657355,1114.1426009615589,38.559092626415,4082.339833711206,0.2834457231461344,0.3082557987586327,0.16106129317449758,16574.3914700693,1.2238536336056345,0.6065203696743319,45632.080945048816,0.623426294811083,0.2004089998920788,3.124398412707566,0.343085939337654,5.128882637065195,0.463353049242026,0.1941618875171715,3.552184706689149,29667.84061983574,3.010771580570126,13.660751402943518,0.9917028425997415,148956.40989358202,749526.7600621432,1.5587415613204734,2.681956473526662,782418.2514457261,12721.286492493595,127560.86916610521,64388.34530327783,792237.2271702993,46794.35829881292,48.006360456648736,179770.44459300846,4.56558681777394,0.7548498570519605,0.36009983277995067,0.6762327829058586,262055.35031291627,0.9719769800663609,7097.746740502843,29996.350675017253,3014.0793225290918,46627.05173122914,45977.331358635725,14917.152708818763,67077.26722587836,31846.60250935648,42230.33375427235,1041.0354006033972,16275.372571591053,6101.094129490923,33623.1069619714,2.057176783763167,48236.835660312296,23661.16483178345,1880.353719456601,2563.784306277168,14349.811708843145,4407.445258087253,0.5214447384123356,246.03928592152232,2314.0187376164113,3.8418038093571025e6
t88,306.83350898633586,0.0,4025.8384001125805,31801.674971957418,0.5535000041162569,20287.15956874348,0.7423362472369945,89.80755418078994,2439.8684164686283,17770.07300171242,2420.948203914633,43.15041368765999,1077.7825954740103,4729.427753013975,0.0,6119.154673287222,21224.61980080434,0.11002123425934092,6.441106366317429,2340.519211399013,3395.5876406048155,2104.588293978447,1184.7127437334955,393.89220835562,279.68001299947156,1015.4878209864852,0.0,0.32083405021510125,0.30545757123579315,0.3250192045311295,0.22356077333434365,0.17328997176159058,0.1626085849548197,16816.6554868585,1114.4229539355083,38.559264054385004,3880.3874596746637,0.3063825160317681,0.34174724837424975,0.17680496580450059,21540.114928332165,1.356270303926427,0.6120335386640106,45632.101436750876,0.7174216740416921,0.23291232399578363,3.124333511674744,0.47277763945139245,5.371907511282424,1.0757035284310636,60863.21418062118,3.5674180498244765,32392.978686001403,2.813177355869115,11.644875548982004,0.8441302678074661,140274.17052719905,713463.2876570667,1.2029567152074219,2.395867097801797,682523.3082721371,9704.493842954018,120142.27991548019,46717.68293319034,712695.543654919,37761.69837609869,41.088704891823205,213105.8225100723,3.468365955026346,0.564767627401883,0.2385989316925505,0.4447746941063022,179861.9585608058,0.8174244817663882,5287.722843043459,30682.88299894192,3736.955957956485,43956.53019704182,47115.31921879831,14916.016428285046,70540.30657849369,33434.04042761054,44712.67432697885,1036.803840584036,14928.40329185889,7268.226243964564,36491.86879064538,1.9261296786607605,44703.980687232804,23758.85722696093,2217.7267067339935,2412.3992466322084,14818.837521002002,5456.918680024049,0.6773886006695601,281.04789587150657,2664.7441787987586,3.6120965913366782e6
t89,306.84019194522534,0.0,4025.8591944163873,31802.125973615366,0.5462759669367534,20287.667105292698,0.7387720057373098,89.8013386938749,2439.867687455431,17770.071850318647,2284.4135805801734,43.08705166175999,711.566692795688,4729.430112725774,0.0,6119.240212604414,21224.690006544763,0.11564072521608412,8.673518353206491,2340.7787469641416,3395.5886293914896,2104.589192165616,1228.4757513637517,393.66153418616403,249.2458806094634,1127.718305539802,0.0,0.38356579846711714,0.35644287410294606,0.3875558341184619,0.26352226567594206,0.20090704800179018,0.18556526048872923,25224.184833282743,1670.9669172932788,38.561097534000005,3180.064041984442,0.34853282840611416,0.411269022852888,0.1947255851541479,24957.164059477964,1.5897979314303092,0.6214033076228549,45632.14715940476,0.7548189900941474,0.21398880399687348,3.121056080585442,0.4949974706014424,5.379357949634852,1.1059647952402183,145700.1293391219,3.5677277370165577,30711.92444673574,2.3386013060351782,8.305488487650422,0.6265530258976904,125048.60688466505,616600.763350094,0.8192186439368119,1.788795840535137,588251.1734832687,6407.110125717948,106232.46907473897,22711.117486167564,568460.060598367,31325.650556376462,28.607054650905265,224406.02094804277,2.708185199245184,0.49955970745617284,0.17032300292122793,0.29847765577102203,99163.99385435294,1.0542450325158823,2356.862395447613,31956.067064011775,4533.034830946114,42824.79113202345,47533.15749688137,14699.597076427402,68736.84710211211,33477.84437028896,45049.75738049764,978.3300845119618,11547.957776257052,7325.861079837972,36493.58655741343,1.774441272675318,41286.498140705524,23473.007383843382,2299.6480738637883,2206.527640326533,16821.764700573214,5602.889870141699,0.8303421963291382,295.8656494214917,2947.6527453970352,3.230923852539083e6
t90,307.0446783499943,0.0,4025.9972651039366,31802.52883417775,0.6211698193103585,20287.999341765546,0.8110059975359453,221.92055620188293,2439.8708683681652,17770.075197037157,1835.8052873354275,43.01133710129999,340.94818295411545,4729.433363619829,0.0,6119.2763385045,21224.724418406917,0.11950355572606612,8.746270114563803,2340.828858602283,3395.589273943017,2104.589805329465,1359.391493545297,393.44874989908,87.4931914467335,1503.0806095033358,0.0,9451.738404153533,1669.1857212954062,27067.821269222008,0.5453030135809275,0.3339222920653782,0.30807402925310745,33632.03346024598,2227.7707563238755,38.569144152999996,2821.2435707058653,0.683802412670934,4.232033377275838,0.2978857883752603,0.7092114609311064,1.9255311698866362,0.6777511849132402,45632.243725359425,1.1343347636633394,71595.80363225868,3.130223272609735,0.5066350593151888,5.410206941767856,1.1105238903470416,202236.0986901017,3.5678769426748924,31062.921096904938,2.629351652932722,7.176963976278684,0.6150796614107139,100187.66336347628,455391.88180431264,0.6646207842140881,1.267484677455405,404551.2667713514,3070.068401762536,56130.32689732716,5963.944554340129,353814.06981677737,20975.37732757945,14.475718277102683,147160.60445415537,0.7314473413418403,0.15868893252503483,0.05044454628919598,0.09904496753699944,34918.998665582716,0.2809839925250456,613.5831053572532,35883.06378769262,7213.135817844027,41354.14709328251,44630.27474018219,19510.83793448056,70722.6230949776,37274.175145707646,43179.77284943365,786.206861581341,10405.19508363772,6943.9643788272015,33061.32105186436,1.6174692760720537,36652.89339911181,20398.791005494128,2544.7141306572894,2863.981072108659,20153.91627937929,5824.525566866732,1.0102399132942261,242.44625858069995,3324.6320934056444,2.5755825387321436e6
t91,307.06218753206343,0.0,4026.0145853607746,31802.598645135018,0.6161455343727483,20288.027075235284,0.8114247038022246,221.90413328351838,2439.869968885736,17770.07412364214,1784.4263117380929,42.947061008903994,20.17548461006971,4729.435949741584,0.0,6119.296996886214,21224.745370390963,0.12231659570471172,8.787070459742118,2340.854965153963,3395.5897067547726,2104.5902466083307,1544.9942082688406,393.196242028608,2.378781092484954,2426.1791016927514,0.0,26217.644428322983,4636.722893356926,42678.36454991525,1.3386739667633487,0.5407877577720529,0.6508528601044273,33632.07216362818,2227.8043355716404,38.561751509215,485.9901900464747,0.9180839093780109,5.393078358889915,0.7420649308752385,648481.329129027,1.9854466734944998,0.6862807166324048,45632.23443573706,1.2003473095655446,519805.3882361816,3.1254045136699307,0.5131302003192919,5.430743849276727,1.127675271488161,219966.41656464565,3.5680652351275723,31255.705809633735,0.42265052827671534,0.42350190114431363,0.04650662688858564,27462.564385409118,114642.14651196363,0.03994985067854105,0.0732907324858057,102416.53449997824,181.8007347711836,4617.103313058203,298.1363942524981,81533.2377748771,3268.2275938974158,1.474809006244397,25459.51114958239,0.017401214983078235,0.0026734216386411413,0.0013401219028054637,0.0025911295740366227,2996.338857460581,0.0038961740415912717,43.61163934738318,34304.42098025033,7534.9177963953925,42156.867298123616,37071.17305788961,19699.585295650573,71981.92342574625,37666.627455497,34461.92994153679,764.2027717007309,10077.663659129426,4280.027598577735,27475.144163784764,1.8093278860562754,40355.51629701479,19695.032517128668,2892.1508106208557,3555.2850798674845,22214.622530140274,6553.967665015448,1.1388058298299935,255.76812253032378,3959.894477359424,2.487961543768454e6
t92,307.07104295627676,0.0,4026.0249270700706,31802.63970747932,0.607896425155716,20288.04677599952,0.8050403798577914,221.8801301227516,2439.8689175696823,17770.072918738435,1951.6507570634114,42.87568168259999,0.0,4729.437239703441,0.0,6119.30880227213,21224.753404892563,0.12426767651914941,8.811314331410962,2340.868828489611,3395.589986576323,2104.5905286684824,1462.4467076787475,392.945723591832,0.0,3349.2502262916173,0.0,26217.833347066644,4636.934262309321,42678.532628744324,1.6376413644417946,0.6122381709340585,0.7897994093323234,33632.08169086791,2227.8125115691905,38.561922937185,0.0,0.961028584446563,5.447140644869976,0.8191394088829994,792061.017842677,1.9918685252330897,0.691232905675037,45632.24020735978,1.2009982451436356,607873.5722020395,3.123329857438522,0.5172271404618736,5.422952717876396,1.1252788550389987,211941.3526712077,3.5681543756502214,25432.19225376756,0.0,0.0,0.0,218.44289645342093,486.86976120059813,0.0,0.0,658.9284017799399,0.0,0.0,0.0,208.41106781900032,0.0,0.0,0.0,0.0,0.0,0.0,0.0,0.0,0.0,0.0,40458.51688261848,7835.476359724274,50373.297368920874,37032.43623288182,26591.49617649363,75752.51115558577,41295.77364677615,31039.206382645963,835.8200324654377,11852.905649899745,2521.346282798647,29822.1268800659,2.093981441436202,51696.8501401062,21021.766185106506,2737.627043983455,4161.191486850285,23823.76601689964,7238.380991884444,1.3332013112037888,286.2612159854449,4684.351365704132,2.3890168972038133e6
t93,307.0750502979435,0.0,4026.030973395447,31802.633561860388,0.5981916914921672,20288.04555411092,0.7954059013163649,221.84990709570928,2439.8677131585214,17770.071546915584,2416.6204466709455,42.81140559020399,0.0,4729.437242142667,0.0,6119.315408953838,21224.75646859632,0.1254508704612297,8.825047465360438,2340.875811298365,3395.590106102035,2104.590658143765,1546.1346972651356,392.725927051666,0.0,4272.281098459439,0.0,26217.883924337897,4636.997619983893,42678.58453412304,1.7451004606193892,0.6455862791435553,0.8445458580323411,33632.08837843063,2227.8183861128314,38.56184646931501,0.0,0.9803113284068503,5.485981224957158,0.8229823247971451,773116.3716857122,1.9951749572915904,0.6938549309660917,45632.25323120823,1.1721398106992957,541333.1757670762,3.121067015185967,0.5200101701395926,5.413428518304697,1.117923924664873,197421.71811718197,3.5679963186838415,26658.47311546901,0.0,0.0,0.0,0.0,0.0,0.0,0.0,0.0,0.0,0.0,0.0,0.0,0.0,0.0,0.0,0.0,0.0,0.0,0.0,0.0,0.0,0.0,39624.832927783544,7303.501329357345,53966.17498472501,32447.178034440705,30705.468582848785,76159.14851232516,43212.486704118055,21860.61915291484,1034.952774992491,14870.229532843316,3430.089443487801,32028.405341232152,2.3513251847131373,55358.33792819826,21009.49319896874,2894.285727946269,4562.920748268568,25796.20581676077,7996.02548986332,1.4752820147497991,348.2130624878479,4417.20436261617,2.298102710645643e6
t94,307.07672542663533,0.0,4026.033161106156,31802.624440080963,0.5873816943433655,20288.042057623366,0.7832603292977952,221.8126574515028,2439.8663579872555,17770.069984602607,2538.5430413427034,42.73569076647599,0.0,4729.436064286955,0.0,6119.31828705574,21224.755793173717,0.12592228914653517,8.830646014729387,2340.87805858977,3395.5900750187748,2104.5906395924517,1323.688826584488,392.48817053163197,0.0,5195.24758796414,0.0,26217.908854180503,4637.031109686177,42678.61457601218,1.8031596582572564,0.6645262292328853,0.8717555516391856,33632.09329599451,2227.822936930431,38.554453825530004,0.0,0.9910452211577807,5.500372272506545,0.877772190546773,733927.3124983986,1.9976663037679656,0.6946890156038164,45632.25429429535,1.2096330220608893,472699.27260957344,3.118361959885349,0.5211662184766437,5.410483483781853,1.1296419730449674,177876.15975169456,3.5677484555512606,30496.062301643433,0.0,0.0,0.0,0.0,0.0,0.0,0.0,0.0,0.0,0.0,0.0,0.0,0.0,0.0,0.0,0.0,0.0,0.0,0.0,0.0,0.0,0.0,35343.61703645383,6697.906006873985,55830.01183691282,28448.511090674587,33653.50546705112,78861.246843263,43715.13432183005,14423.467606490194,1087.1686221298141,15873.269997109179,5200.960796569837,28729.710099350934,2.476401928043786,52456.677510076595,20772.800657714233,2477.8809607862445,4383.264789724582,26584.52098779342,8312.488539339325,1.5810166116022517,388.7478883462387,4405.295351253869,2.164014813361587e6
t95,307.07712751345224,0.0,4026.0314059752736,31802.61438565862,0.575254301461878,20288.03510039126,0.7681375429817836,221.7668994611395,2439.8648353079925,17770.068334363514,2569.3245485206844,42.669584698212,0.0,4729.433684061927,0.0,6119.318005179345,21224.752157104624,0.12573898175929368,8.82887997051762,2340.8761922487624,3395.589891721178,2104.5904709333363,1391.0057798557125,392.24340175851603,0.0,6118.093158795659,0.0,26217.92275900147,4637.048280302767,42678.63119440781,1.8340595416717993,0.6741521474921053,0.8859827546793568,33632.09815325674,2227.8265006419747,38.55430088979,0.0,0.9950404054285658,5.513896798001749,0.8830477138017171,652296.3221774596,1.9988368829471796,0.6938641512054621,45632.25480893928,1.1975249388260327,377861.142579984,3.115462115876693,0.523031061107374,5.4088852168885575,1.1255552445404502,147818.69615902752,3.5672516704440205,32309.917392207804,0.0,0.0,0.0,0.0,0.0,0.0,0.0,0.0,0.0,0.0,0.0,0.0,0.0,0.0,0.0,0.0,0.0,0.0,0.0,0.0,0.0,0.0,33080.32534033872,6614.036506525444,54991.08804164235,32512.51183301667,37028.59569061691,81230.57740682215,43601.22570408533,11360.30572518308,1100.351429280097,16518.912171097978,6351.5167351241835,26390.472705448654,2.558651087177366,53334.54928600222,21125.43658528094,2603.89409755393,4437.442055219689,28662.226620063357,8644.299389471165,1.568459418757831,339.4574151805654,5074.583364540333,1.9676784190841073e6
t96,307.07661577589505,0.0,4026.0250610160247,31802.601974238587,0.5614207662331159,20288.023084075547,0.749446595968229,221.7101713769715,2439.86312424584,17770.066400956355,2483.9828273625562,42.59616425510399,0.0,4729.430557202871,0.0,6119.314482246596,21224.74551861673,0.12488892185096931,8.819701753571291,2340.8699612716437,3395.5895600248873,2104.590155360199,1510.6825305952505,392.009804356578,0.0,7040.621447834361,0.0,26217.92873297143,4637.053789291441,42678.63689564263,1.8473388790863896,0.6781349454151373,0.892484270121211,33632.10124479006,2227.8294448054676,38.555432164455006,0.0,0.9969607562805005,5.51946104196321,0.8592353112403613,555626.1453647909,2.0025561163488694,0.691164199447668,45632.255420392605,1.1575279622368009,323636.1155457895,3.1126223307637733,0.5235583571285619,5.407204825912188,1.1174060122624878,119982.85094044168,3.5665055761011595,31541.7225061632,0.0,0.0,0.0,0.0,0.0,0.0,0.0,0.0,0.0,0.0,0.0,0.0,0.0,0.0,0.0,0.0,0.0,0.0,0.0,0.0,0.0,0.0,31901.057182508324,6853.8839710234215,54688.700157077415,37592.84087233229,39444.18277583231,83529.20409020658,40510.39423826772,13322.976484272403,1063.8020847046903,16650.179474468587,6424.742943863686,20294.192828381747,2.8153797631011614,53938.705750437584,22030.39488099132,2827.9215044842667,4607.757635927502,29890.314638127937,9404.936932065222,1.4762185105261596,360.72132248127986,5349.824853034722,1.7948206485954397e6
t97,307.0750133695458,0.0,4026.0121134393466,31802.582785426534,0.5453021478677239,20288.00333492381,0.7262915169472546,221.63829111502207,2439.8612013159436,17770.0642469692,2461.4997319133495,42.531887899439994,0.0,4729.426930423969,0.0,6119.306811514659,21224.735089221915,0.12327473630636258,8.802090057768526,2340.8580737914767,3395.5890712904384,2104.589687322057,1732.564210877379,391.765348518712,0.0,6134.092122042029,0.0,26217.925932267695,4637.050261717227,42678.633294179286,1.8437569621646017,0.6766715808008225,0.892344012839702,33632.103750360606,2227.831862973935,38.56450510222,0.0,0.9966616221275929,5.519684279863375,0.8962894480562209,465714.6491891009,2.0064626771879004,0.685969995960222,45632.25514007948,1.1810948657403828,272859.31709772756,3.1096860984082446,0.5214737884505269,5.404401280615638,1.127773708176252,105136.6661597541,3.5658008359273197,21216.06363516813,0.0,0.0,0.0,0.0,0.0,0.0,0.0,0.0,0.0,0.0,0.0,0.0,0.0,0.0,0.0,0.0,0.0,0.0,0.0,0.0,0.0,0.0,33652.378439831205,7529.2225970864165,56958.04801790336,37988.26552024623,42339.78912965688,83177.49497016906,40102.9662562372,17939.808438285654,1054.1732397798119,16867.236037743503,6845.017379053359,23650.80702685019,3.007381302310867,56171.66877360354,22808.765414932193,3243.270167334209,5088.178470444763,31596.96605374419,10181.750707664249,1.3327862802683559,471.633423312049,6052.95525414834,1.65128661729503e6
t98,307.07145005145577,0.0,4025.98936497629,31802.54930351128,0.5261900454169376,20287.971863096427,0.6971746904134994,221.54350224045515,2439.8590351763555,17770.061843558073,2374.4448694529597,42.458214719051995,0.0,4729.422785672474,0.0,6119.2931396111135,21224.71945126134,0.12082440094732866,8.773265218032918,2340.8376534919407,3395.5884016862983,2104.5890550546274,2110.3673780322288,391.544979515662,0.0,5211.535258292655,0.0,26217.913666852895,4637.036624067386,42678.61971332886,1.8232307262028316,0.6696112255606701,0.8854141516255362,33632.105867576436,2227.8338279191444,38.55711270833,0.0,0.9936833803382275,5.5146101499357165,0.8853674872688961,378507.27781581454,2.011786180194732,0.6769613102463765,45632.2524494172,1.1516747720655016,235657.64869985654,3.10681454564775,0.5174441854224773,5.398398621398062,1.1209198939398253,87482.81954270788,3.564989892347089,17242.040913770405,0.0,0.0,0.0,0.0,0.0,0.0,0.0,0.0,0.0,0.0,0.0,0.0,0.0,0.0,0.0,0.0,0.0,0.0,0.0,0.0,0.0,0.0,35920.571874097834,8182.171045839843,60307.769476698304,40558.767393889175,49459.16614170646,82277.9696008197,42126.36461551024,25220.45234798454,1016.8902134861751,16725.89470970347,6934.359611401404,29323.279761416154,3.1062415078732317,57501.52615010071,24178.814400129468,3950.495573363589,5634.351112970237,34553.975161583505,10811.691060058823,1.174145965005378,647.6729207865596,7142.980712042169,1.5433718364153581e6
t99,307.0638666049917,0.0,4025.950531952731,31802.47216475473,0.5027765240557682,20287.920730196256,0.6592151739696296,221.4101848791888,2439.85659032971,17770.059163368333,2220.5262784660467,42.396220896947995,0.0,4729.420096293601,0.0,6119.270211797646,21224.695200611484,0.1174252663517175,8.727277031886102,2340.802469964366,3395.587516243918,2104.588249944213,2116.274098122227,391.330824154936,0.0,4288.672448691931,0.0,26217.88972547991,4637.009519075298,42678.593248529956,1.7810434417871333,0.6560133377714437,0.8697007407560402,33632.10787541176,2227.835414391839,38.556959772590005,0.0,0.9872657179375415,5.50208920578583,0.8457392964138619,306168.59362310334,2.015763356171757,0.661407455414607,45632.24301409167,1.0888543983444734,212138.74047950128,3.103885228964686,0.5100533357745785,5.385787233880647,1.1065642555128843,77113.31494292287,3.563933342343503,13756.008828667458,0.0,0.0,0.0,0.0,0.0,0.0,0.0,0.0,0.0,0.0,0.0,0.0,0.0,0.0,0.0,0.0,0.0,0.0,0.0,0.0,0.0,0.0,37395.645305573176,8640.106467454361,62667.68596444035,48634.72058751226,53934.34950555313,80598.00707041804,43933.227384625905,32354.76982346149,950.9714323501223,15671.699989157521,6990.683409327796,33438.51050970829,3.2054712908869667,57605.22387949224,25177.233943151947,3961.5526129834107,6146.7620206462925,36572.552707752286,11314.408031304742,1.0916086254023538,722.3109027493565,7601.418172684357,1.4644234120728276e6
t100,307.047770449459,0.0,4025.876040926923,31802.364817139343,0.4720545262108815,20287.83776986233,0.6048979555759917,221.20068063517778,2439.853810809977,17770.0561526169,2047.596548578303,42.331944541283995,17.334250727182315,4729.419126091856,0.0,6119.227348531935,21224.65413793195,0.11284960077361057,8.649031632167645,2340.736039145305,3395.586436962551,2104.587291416086,2328.8939295585515,391.086054547326,11.040143594253959,3365.695714250978,0.0,26217.84266672331,4636.9591119596535,42678.54459150406,1.6994908188440936,0.6326704011868187,0.8357888775263057,33632.10916722932,2227.8366749119905,38.549891492515,0.0,0.9752932510774798,5.479844676215421,0.8640121251646584,254693.7126902612,2.0176925411031004,0.6342407988628969,45632.2208913284,1.0734565219259509,199134.82866110103,3.0999824972152745,0.4961018087067716,5.372710514762007,1.1020495709991898,62388.57957077251,3.562083415835359,15285.065766666494,0.0,0.0,0.0,0.0,0.0,0.0,0.0,0.0,156.21473963162907,755.241132854457,1015.6962985841317,0.0,412.16517017441146,0.006396968225388303,39.58569827715056,0.04212716671614391,0.014161039790510201,0.010484331404512817,0.010464242604056548,3182.332751599906,0.021325389233744396,81.22017444072934,39577.17933004484,9674.413273688859,64307.12393066766,54808.430773928434,56151.43054460587,79482.0032263294,44291.78861379777,38252.051162173615,876.9107536870895,14534.883595221558,6618.5107583474755,35184.223738581975,3.0801634197229077,56651.79526770688,25782.090733635363,4359.563826844697,6128.3429649675545,39075.61982897553,11726.63531139757,1.0946836512128548,766.508205284975,7744.690319579432,1.41321729187504e6
t101,307.01403943504823,0.0,2576.989691163646,20354.756347874307,0.42008091632112315,12984.938293392535,0.5039261878897652,141.19408398290324,2439.8499650467525,17770.05253717877,1828.8233698977438,42.256229980823996,577.7045760711169,4729.4175578748755,0.0,6119.078318778003,21224.364018198612,0.10620648126133372,5.903058854187017,1502.7826263210748,3395.5853604269037,2104.585927215289,2590.672018837776,390.836076028168,61.076666102220685,2442.6574394390705,0.0,26217.72990612437,4636.844282566611,42678.44219751853,1.4894268812584777,0.5863934951956994,0.7395240353384066,33632.10999277065,2227.8376594087154,38.54981502464501,20.749369416319123,0.9533931101050134,5.43484666961862,0.8092373135404959,213907.46361699875,2.0177060109244205,0.5756314901771422,45632.13210954865,0.9323791411802745,48066.11484876682,3.084867031045909,0.46791139382759134,5.34080770395412,1.0516734365118254,16006.287723948777,3.559141374623524,20948.296632775324,0.01147992699548539,0.6049610303018625,0.025557536195743646,3528.627308240507,0.0,0.31818683182883895,0.32736092730674293,7119.1037694819925,5201.797844687075,41284.92456175349,24458.41731076617,61166.280447943434,15700.148172389025,7.2834327940173145,30264.78928030069,0.6435807126842403,0.10492256103836727,0.0538811132191907,0.060159008151872875,37783.20322414506,0.14493339176422773,534.3107217602063,41423.71274129605,10260.759770916859,66069.68801068056,57596.50766193604,56780.58897548669,77692.63643773433,43999.68619435589,40356.32835314458,783.2167091631343,13678.545454260733,6048.0078250977995,33976.138746207675,2.8848007375687392,55504.37696203891,25408.902431204722,4849.595668418511,6221.968449061318,41432.035489998365,11182.148014668815,1.0703241193334696,786.7521870477791,7817.197829738331,1.386555099644256e6
t102,306.6702697745151,0.0,0.639428941140713,1.460104648312618,0.21269737916867065,0.9245635031584195,0.2156715549684169,0.22577399085977673,1849.43373457444,13338.027779198797,1249.2698941985323,42.19012391256,1772.7626696332372,4728.817928572965,0.0,2202.973052635695,7640.943849501463,0.08927067824634456,0.5966895988874998,4.910341246733708,3395.5658410253527,2104.5674444898946,2677.576258364951,390.584400148214,128.4470092895352,1519.5806448906721,0.0,22771.734157454845,2966.835250597957,32867.95968260025,0.8197789891975358,0.4510507796849906,0.44112907677197016,33632.10139266266,2227.832265949658,38.55786139375,1012.5750262108348,0.8652046506604287,5.080066891027801,0.4054800981576848,0.22832737650899426,2.00172167030226,0.2754063416635745,0.5694136601654023,0.24411430277127172,0.056985061731962175,2.592636621279321,0.30673159010927076,4.664066465848164,0.35094171038799976,0.09166907428832423,3.531946271964697,24463.94906326048,0.9097449460500164,12.382030042898094,0.6153842318955869,36166.230330182654,46831.729856846694,1.9794642637685067,3.3744230712995273,97676.88467899902,15962.965550701208,143345.88288241156,70176.96972924327,403476.2789264401,58035.346145168136,29.679237325647673,162952.97876821138,1.323265284456342,0.22004205469096708,0.08224358125753697,0.08888632180941944,110728.72205550555,0.4256669730728857,844.9220940156898,43273.765974785,10310.675217797581,63850.96160321582,58834.693271602664,56897.88846776537,68705.2058167201,41141.62353582414,49173.42866739452,534.9568476141925,10004.670346798415,4059.750664880806,25900.790995660485,2.134007811543048,45760.002848004515,23152.82440124241,5012.2931472850305,6366.775651934531,43589.34145370846,10161.867086409102,0.900348679636361,832.5960758688129,7355.129708321639,1.884533474357662e6
t103,210.359682137126,0.0,0.3676453460900475,0.4391894529713969,0.18206857429153864,0.3999701846113973,0.1710144850259141,0.18376390058286157,1239.6773398648959,8895.743718957381,389.4541257403059,42.116703206184,1115.9130065889199,4728.792434220309,0.0,1.4704630188274253,4528.5088033872335,0.08407269214649368,0.4555953687758895,0.8055413830215614,3395.563831443575,2104.565275066813,2569.5274145419667,390.38348737277397,292.185523453339,1503.0862063468753,0.0,5993.451832323622,1.5072471592599783,5555.010773492887,0.5356452291685085,0.37381700243772154,0.36114233560183373,33632.087846251576,2227.819425889793,38.55046899986,3477.1006297556814,0.6686376126602834,1.952925195114049,0.3131964546817906,0.15085782458796904,1.977215903270265,0.2275641068111291,0.4057568160275873,0.20780827565659138,0.09705363313342218,2.065631898501482,0.28544423526429347,4.557740785747034,0.3417058208220485,0.2603924836016523,3.5289672517101915,30911.248901764407,3.2413538420243975,30.67841935770936,1.56078618562206,74891.2279899419,240140.83118328138,2.9133666325186547,6.087919004371976,213702.53170855503,11854.432820222886,169315.53072100392,60890.380863430175,664649.1045032762,63055.19250171766,20.52901115421076,213054.6779838206,2.643924587048219,0.559740885007402,0.13080562438687537,0.1892973779157779,226718.3094345152,0.641693868516659,1438.9086772929772,31617.190001648276,7805.632474766267,43287.59894016706,44193.38343020322,52208.74667717734,42429.719374531865,27678.56236412127,46249.72985568607,165.6001529853564,3401.890243818583,1761.9562369749335,6787.393309907178,0.7594558768462111,18561.90219914697,11794.002118529223,4810.032549917437,6872.406758347014,44640.69856150341,9333.323144820535,0.8018010738446217,799.2781955177379,6649.87560866955,2.464096313666203e6
t104,184.79929275667232,0.0,0.32222458973931195,0.3815014355319558,0.1687688926465231,0.3484755805752343,0.15316485933904006,0.16713888579753178,1220.1512475560546,8885.261139226586,392.9342766066173,42.056298469728,1248.0583513089143,4728.77542695479,0.0,1.3042429233202353,4528.193958346538,0.08073289229195957,0.4112454781152066,0.7154577778143655,3395.5623189940648,2104.5636891106274,2334.807911637531,390.139570618032,451.94023488770665,1503.0852666719506,0.0,5992.864997559347,1.2605544021444475,3.186318442222042,0.4650411694049327,0.3435083674950445,0.3433949566906268,33632.08847668101,2227.8195191446976,38.550640177935,5138.34348066249,0.6335998135663292,1.786402349528282,0.30149602817172516,0.32485638166720404,1.9788196664739954,0.2083889898260542,0.359203254449392,0.19090151530074068,0.12140621954393366,1.7118123808054813,0.2736966016948603,4.49533905110372,0.3295487543136089,0.2639047071130135,3.5267135995308223,26420.368008079375,4.832219500052239,37.12135201323469,2.115325074300941,99255.63389852984,397680.1066940728,3.2861126644227303,6.883219128100014,277110.8475375584,12617.64277795482,181007.01069758512,52305.86890668638,722132.025697726,64056.176236309984,25.842484144969852,198542.29112231467,5.170326917244175,0.8933580182388752,0.19122473625693368,0.23566444201326966,318939.5348174672,0.8892231620856672,2156.7431134858007,14817.252107055205,6301.0227748890475,32565.368836931433,32130.3804410881,27276.242866398832,34754.80462579862,21931.563679107167,31046.181109191846,167.4968063393164,3255.245873654087,1605.4000778260286,5935.042766803771,0.6256833602450385,16844.957514879272,11611.163719379578,4370.652350076529,7195.443908214787,45635.165486718775,8536.11520455617,0.7426759819319333,831.6343346474101,6156.83763384858,2.743747204451656e6
t105,178.63349469389138,0.0,0.2997909785416864,0.35503570528552125,0.16074172034610842,0.3240827241337715,0.14340595476817658,0.15769498561126927,1220.1430792327149,8885.265405294813,441.2558625134104,41.978753670131994,1318.704648012138,4728.764509843875,0.0,1.2138255504611943,4528.054040676751,0.07845676970693445,0.3836975521928179,0.663971780399077,3395.560871493445,2104.5622582864976,2356.6427223282926,389.894801844916,573.9460447719849,1503.085029109988,0.0,5992.7534726642825,1.1506208751221814,2.9311773240262946,0.4245428246760421,0.322061353949993,0.3303362425671325,33632.08955007725,2227.819823609065,38.55239718968,5811.867258414282,0.6118691231320108,1.7265874414997089,0.2806934180217409,0.31590077782566567,1.9790322956922095,0.197719812673367,0.3357426707815715,0.17721781659582297,0.11455145110736319,1.5416525927079097,0.26601404573034065,4.45484663418437,0.3044566939297458,0.26709109938666276,3.5246648125586724,17279.88854946025,5.480618336454969,39.28815091231611,2.3828373343307625,124531.92115767255,511201.7484074482,3.9737513254964165,7.36715772856107,376281.6430296416,12869.494199576728,163241.09634483614,58195.354510286794,747638.236284135,63163.92487702074,27.028583960994972,235421.62673618627,6.077749682805605,1.1528895087220625,0.2595261333877282,0.4096069947465105,367655.76759295835,1.4248933540980009,3572.856706343654,22418.051226962863,6934.575709931157,33222.97918619279,36780.193545769536,15413.445944421246,33553.387269743755,18868.827357334507,30776.242694972058,188.2435245204941,3655.5848570441044,1626.501027256918,7755.9950249888125,0.6666932882572968,16919.580623816288,11253.89482386601,4411.525792837514,7296.451888867349,45806.243053130165,8255.047223784462,0.7653847258259948,812.4139395114457,5910.041071322177,3.072403673531881e6
t106,177.26362987945453,0.0,0.2879490762144801,0.34132941796521993,0.15572103892518221,0.311234162517059,0.13802623996296906,0.15231358400325162,1220.1406960711026,8885.264098882597,566.8641201769008,41.916771695087995,1355.7168568500492,4728.756134741004,0.0,1.1544144658606101,4527.968483266493,0.07691147344762508,0.3641315763815508,0.6281504652197939,3395.5594467858073,2104.560873819894,2380.923499013406,389.67116663235004,625.1951415208366,1503.08468518748,0.0,5992.692455107836,1.0809293446390806,2.8032231857016474,0.3965806260137569,0.30552124625935684,0.3200110331641205,33632.08966634121,2227.8195458296846,38.552320721810005,5802.107292291265,0.5938004307096403,1.6828322691100004,0.2890476115547488,0.3040025328998312,1.9770944037369163,0.19226847094037722,0.325943925166944,0.17531849006573683,0.11224300116821703,1.4832098785594106,0.26028207101839446,4.433505585991714,0.3165250914392077,0.2686727939502198,3.522602636018928,11954.319981025348,5.472278205469506,39.227535530361116,2.4920680596957094,144895.4285472949,602542.5735165464,4.438379575630656,7.918396546179426,550985.1611296983,13167.421610134772,144137.53572752533,61949.1354649049,763842.1357633895,68665.27209378452,26.819405434246583,272121.5064212565,6.3832261357755335,1.262250244473517,0.33619748441855135,0.5814301981773513,374942.8729816357,1.7655416246899243,5141.618330915273,31148.982130033783,7965.73671146784,37102.66825066624,41470.63130502698,10826.031038851068,35029.95365024795,18162.628334044675,32284.33054076441,241.73666585724575,3603.1284283981267,1796.0414374670484,11525.92018957897,0.7839730752800256,17104.06181587618,11636.61972978482,4456.97791369909,7740.1764154182665,45214.68700441083,8702.794518976101,0.8321946650889038,755.5109939514849,5940.167219280202,3.4267726794196353e6
t107,177.39792634829095,0.0,0.28343274409636104,0.33590472560552065,0.15281801039675222,0.306046371124689,0.13559547099330937,0.14985064551413876,1220.1398372325357,8885.263614664527,568.3577622389708,41.841057134627995,1187.1654052559506,4728.749468914955,0.0,1.112896407317501,4527.9102822382365,0.07590096501060138,0.3494398495493615,0.6010133726401551,3395.558040807552,2104.559502029603,2471.0083705120014,389.418119678754,667.2365175780826,1503.083208770112,0.0,5992.659326684489,1.0328164998462113,2.728193039436924,0.37509474124767006,0.29150327945852866,0.3117288592050512,33632.08522333078,2227.8182812731843,38.544928327920005,5670.905397172282,0.5715687049286179,1.6651330621717493,0.2824455293788275,0.40617064608285347,1.9592343080814836,0.19026269951240385,0.3239921228849144,0.1710934731659098,0.11233085265861961,1.4768990143636647,0.2566738638296047,4.423146797164665,0.310469986627756,0.269366864299156,3.520539730601813,9898.3528018838,5.343030991787901,37.99750396658876,2.498214846907171,167087.4488261792,667911.966329131,4.552667085930196,7.728883582038426,657866.7893776593,11885.612337981915,160371.25001277847,66984.14196523822,740514.9414641272,80869.89679758335,25.88587869137999,290944.8166639051,6.33473896842704,1.3520403972257764,0.34239715809315097,0.7419598355557027,360699.78174821933,1.8386310975226456,6422.709064345188,36937.23657052286,8610.06892547555,39948.50337850038,45699.46321449385,9696.356505827907,39621.1077239047,18927.42741789894,33368.86185759461,241.9171409726942,3866.5788445632834,2043.2225063958756,18333.10146662387,0.896873318312166,19360.18222435645,13631.165089140291,4625.611132972731,7856.015107603493,44286.113811437965,9738.658735455045,0.9204936961516322,802.7528495921963,5681.555327769193,3.6642839243666e6
t108,178.93699972292083,0.0,0.2851412154511393,0.33719056616011533,0.15161538756002518,0.30717920354661393,0.13554641755147243,0.14988789154906546,1220.1402529249208,8885.263014710365,569.8107839191355,41.774950803096,1279.858375110363,4728.744549607239,0.0,1.0833302745421636,4527.868446608313,0.07529606445573507,0.3380945411664485,0.5794463938745178,3395.556513594264,2104.55807796538,2549.4420905083502,389.178992085078,758.6386029952472,1502.8882290136903,0.0,5992.513619796979,0.9370779887345664,2.539736988090901,0.34213814624963,0.2667453299546764,0.28267488942873265,32957.2327012476,2226.3575055310775,38.553299060735,5427.304561335886,0.44883999434753014,1.2480926003895172,0.2357051638101032,0.049469416552055695,1.8422659437725701,0.19116491809568878,0.3292816976847978,0.16555792077120304,0.11367032790569585,1.5084089812925072,0.25407371917305194,4.422894685386353,0.28903496164353815,0.2660185808174093,3.5184528747041433,3987.40475268218,4.796462993640697,36.1536345839123,2.1615589603746463,185199.03913487095,725745.6323167663,4.082327100663156,7.2293530048446755,674710.0233721812,12954.220959908376,178726.44801982318,65828.95049001243,734980.582935479,76186.34788266137,25.191330479675145,298617.5375742227,6.0140745257623776,1.547574902235379,0.33543789045646755,0.8244265414282158,395807.1780797315,2.1341315052412186,7184.517441550387,36810.72673168838,9385.065497085654,45782.54418465758,49551.4559473962,13588.616034678018,44207.27528371805,20877.24515628653,35672.214781750015,242.49952647523145,4175.069921275152,2271.172198894792,28836.139933216175,1.1114831168145765,22003.497487531033,15607.644849150518,4772.434235029849,7754.408775284123,43766.45983653805,10261.953954593173,0.9850955734807418,832.0334422431926,5487.172293258514,3.840703395521443e6
t109,185.35622214838745,0.0,0.2925596480910147,0.3445928273960604,0.15194302451314856,0.3140051045529519,0.13788293110908437,0.15243098546565542,1220.1456569187246,8885.254730883398,578.9054274812798,41.699236242636,1319.9837191348665,4728.741475377043,0.0,1.0612771827707104,4527.836193930942,0.07500007610417886,0.3292296032225762,0.5617762142496026,3395.554900124035,2104.556645001051,2552.369937277146,388.96056661855397,802.8307530643198,1503.09315085934,0.0,5992.65791780363,1.00850073162403,2.6974186402830767,0.36497316587071954,0.28336243291388924,0.306391174504494,33632.09302396942,2227.822227724443,38.553146124995,4752.255626713362,0.585528422386265,1.652260473744664,0.28636756097978294,0.39564478521678553,1.9826279437737622,0.19509254514253385,0.34300602172022177,0.17078806088789844,0.1150538136405261,1.617056612204477,0.253044562425118,4.431615940248878,0.3046175476324952,0.24976031775897037,3.5156286117097757,2179.2254400525635,4.468994095259498,32.33127084860349,2.2361130546051435,189141.10679901516,742394.765926806,4.254346065419851,7.503075589615133,697912.6872392312,13451.785724998426,184024.5815077546,68329.51236369666,736035.595108339,70262.5127003687,24.472283927336814,311503.9327364352,6.6936119962446154,1.6411627173818855,0.3068076249135851,0.8609407180385323,420876.1814161979,2.3911839306029843,7523.92451045103,36504.486111408456,10512.183664211565,50046.66841524142,54566.9319737996,18512.45055045844,50438.76385400852,22891.826954183565,36022.82956908548,246.31605922384543,4881.852033481911,2240.0592359265925,34720.16044675925,1.3036473151278674,25091.753962977084,15577.548351991421,4777.9152990508155,7781.128306614156,43444.301903010455,10706.01997704347,1.0065962099876855,844.6910491141513,4826.234350475323,3.957262253569865e6
t110,211.96536614267583,0.0,0.3073755398911425,0.3601107290421104,0.1538809977231131,0.3282246511942319,0.1433075320941665,0.1580041044848213,1238.6245962115574,9946.285052066823,693.241837604488,41.641125360264,1491.9652253007932,4728.740917879942,0.0,1.0458124380760279,4527.812981288311,0.07496336242970289,0.32257975536490313,0.5474706359112671,3395.5536814963116,2104.5553882886074,2570.547807029373,388.715797010944,893.3560613596089,1503.0811883722338,0.0,5992.614729659625,0.9980593238283055,2.6497310937924796,0.3647688211473138,0.28144263825537297,0.30049510186026684,33632.09116806447,2227.819147585733,38.54582994908,3974.4910907518965,0.5505373899711035,1.4543913413582434,0.27526737780873606,0.20204955944973835,1.9776869802258552,0.202976404306951,0.3700150022905235,0.17311448368217128,0.10576845893279008,1.8942775096600866,0.253378703660816,4.449831217165404,0.3015961491306502,0.2611637861296987,3.5144541038839083,2208.6175715516474,3.7222357071784087,27.08092056347396,1.7416709558017422,185245.45275849986,756173.4962814212,3.901087340246834,7.214619928502551,715696.0362625232,19170.96822969103,163110.8114072367,89508.18689741471,667067.678813585,87235.03954002168,21.03795152445454,339543.1207280409,6.341881943354328,1.8268265243596644,0.2983998441776736,0.8137087023891048,403316.3351646452,2.216582322772324,8096.749987558053,36704.8729171962,12010.631350355463,50684.238858488876,58499.33594030845,21038.308658358103,56740.642766391255,24279.195804690746,40762.60695547454,281.08076589463883,7870.647147190912,2782.2843516612047,46098.61459672567,1.469707846217962,41437.02106019172,23288.960586481437,4811.942875707299,7636.568412846133,42905.238536554214,9982.30209056279,1.0156706127970527,834.5532997548145,4582.588080400466,4.009308481687856e6
t111,306.66162423410947,0.0,0.3412591230519981,0.3997018901823298,0.16072694664534845,0.36340977360413756,0.15547728327526583,0.1712973841290213,1848.3687411051696,14388.548501822677,1966.3929885749903,41.56358082393599,1296.8618132646836,4728.744356726066,0.0,1.0353477450715172,4527.795511501743,0.07516036258934863,0.31766308021241335,0.5356282064956993,3395.552522158513,2104.554222312352,2471.1275859603506,388.465818491786,831.2330774297925,1502.9575010970868,0.0,5992.544898783639,0.967324892050573,2.5759999749136266,0.3554174065921879,0.2715571201612949,0.2825583907609004,33631.90010260513,2227.664824812263,38.545677013340004,3628.2004509578705,0.4560492740968919,1.2669652704251129,0.23892579026426625,0.044680019494558944,1.8556400187642412,0.22213510832503233,0.44252800843729306,0.17984204451826752,0.9168916765405472,2.3540552574332887,0.2547360425637843,4.480926730770083,0.282539637868202,0.2639692798046594,3.5126669824740255,2079.1407709277387,3.1792543556067345,21.449537343395203,1.0820966391947526,184651.87947641272,749449.3600363014,3.186530547940302,6.538174177979184,737723.1974223062,11677.922876279386,140260.3910193325,65799.03919382062,547731.859444872,71417.16541578654,46.43165736949144,309618.29639265867,6.074185971516022,1.6949592739310682,0.23018662403698106,0.8574218334711673,379833.3954535082,2.5785313617493686,6244.309207493498,31937.76278439639,10924.901299010602,56173.04052721309,63852.12307609465,24001.42515211325,61944.24397068697,26451.25398321553,45152.401775594684,842.0766718545509,8389.10592344612,5005.577445350919,43105.144327496,2.8191946378198325,45633.66436041361,24447.73166624617,4625.834211741888,7429.714423950881,42953.04450441973,9643.294679268787,0.9312663444249324,811.6942077297093,5486.6326677433235,3.8107361422445644e6
t112,306.6650644751242,0.0,0.3789987209783858,0.44387047664385887,0.16555193262845314,0.4014305278599626,0.16846648061176417,0.18400133245505224,2439.6436229708916,17769.786297462313,1261.3910510890935,41.499304468271994,412.5012969915419,4728.747404968443,0.0,1.0309364022724499,4527.786499027056,0.07561479507070498,0.3144741142448712,0.5261521561870303,3395.551340661745,2104.5531038236472,2325.068630618192,388.24602195162004,725.2156843591456,1503.087108158196,0.0,5992.7476557374375,1.126391138543586,2.849889600870639,0.40625777353593057,0.30285303746946546,0.31133323638949195,33632.09478940844,2227.823668706785,38.538608733265,3545.2923782105026,0.5980577087357836,1.6907630959610447,0.290075922054754,0.3096463117038014,1.9809676631518416,0.23980586829425746,0.542495205393836,0.19303290310216095,1.1236256068329147,2.6913817784326954,0.2573261445069531,4.537318294158747,0.3019361282686135,0.26363585757137487,3.511065697157636,2405.2117174696346,3.308075794512764,16.675963644717967,0.9497021980571744,165783.01721323514,689539.2480584579,2.5390934546441892,5.768672689409817,700181.9775357763,3715.155841377884,116355.03635730743,22803.263145345747,399544.34214696335,53694.48902584131,36.94619445115257,296116.7040605629,6.033999636019848,1.4760755683154934,0.2087815669357962,0.7233935647502997,288066.5848397967,2.0064994176662267,4477.967135073031,29035.32741176601,10712.976196870924,61855.408503101935,66336.68178838475,26675.39483462902,64913.53623014856,30797.5221295052,46808.45484716617,540.1480013404118,9286.682758496187,4170.9834794244125,39608.33369895101,2.385236230064583,39141.01571293173,23123.720296952495,4352.420920869477,7288.931848471092,42234.80419705182,8879.354213801684,0.7617543658438575,799.229912685525,5053.469972950445,3.3517706343630212e6
t113,306.7570300652667,0.0,0.4871064420103882,0.6234173359064656,0.18457077014740153,0.5377013438685655,0.19659399021038235,0.2171361818757052,2439.8076396856427,17770.004511416777,1009.6084590752496,41.425884025163995,419.1479026371244,4729.250985705197,0.0,1.132378576887265,11068.878122592045,0.07721727762132757,0.3244021215963664,0.54456874786815,3395.5555977825,2104.557095553664,2168.258068282982,387.999987251106,554.3414374639696,1503.0872593091035,0.0,5992.9247925731,1.297278795886216,3.1407519504957384,0.45059016284891884,0.3243243903076027,0.320652235269648,33632.09596179699,2227.8246307329405,38.555805007795,2918.608442751921,0.6326252822065158,1.7683323026844433,0.2974502099108394,0.34597869673707504,1.98868994362412,0.2936368583279027,2.8254106660105607,0.23540220659747516,0.752772096662408,3.011420149599362,0.27285326725559916,4.84472698507996,0.3495560400140861,43650.30996300989,3.5170946444195343,4812.536645090186,2.705265399633024,11.824585664396773,0.6319175376888188,135303.38596099554,624581.1826147924,1.3869896828691222,4.456136094410031,608022.364823515,3774.2902173835987,82183.54828245862,12954.221242788486,316314.3732378147,48323.38543834058,28.309538469620193,241743.26469457085,3.3163792231171563,1.119915383228652,0.30042224986469074,0.33526853235965753,168733.49135430355,1.6176057281070966,2800.406433265517,31113.090995981132,8444.5533035315,57854.70222983344,66946.26083388312,27955.881069502473,65356.146783143646,35910.62116030475,45710.33604364186,432.3639740821212,8419.961154223172,4205.026276312341,38562.64752346691,2.3438514840616222,32510.995248077896,21440.816726025536,4058.876031401773,6571.274745377881,40623.29865767245,8199.78182826122,0.6686599829465176,790.6088039620688,5613.305264551757,2.896716010350378e6
t114,306.7677437578952,0.0,0.5810205020044923,0.8409527906853341,0.19570866581982194,0.6751700304329947,0.21443434110170634,0.24009252390826402,2439.8118780529007,17770.01103429818,1618.402922993981,41.361607669499996,143.6691913415756,4729.250107864572,0.0,1.133662420621022,11068.998257979383,0.07774404284574898,0.3222422924737467,0.536512770882531,3395.5543328802546,2104.5558721196962,2019.6710998684018,387.75521847799,181.42554148017615,1503.0883903319825,0.0,9437.765611044742,1668.0143333506435,15364.16336665008,0.5212159844470964,0.3544768284570146,0.33510004558775247,33632.09761140073,2227.8258479359797,38.54848883188,1660.7647030592486,0.6758774384421545,1.95156617882926,0.2990169579317673,0.40932712492850787,1.9928887616610511,0.3313618648320938,37435.60435235161,0.24391530479906387,179700.3779257909,3.0239335852530287,0.2769100502854619,4.816902345851181,0.31821401088268664,139462.37357676603,3.5157666951845807,8605.800744330098,1.5081015053799205,5.068424609319046,0.2746665300859378,98450.07263146262,437324.8419971949,0.3926729102581172,1.8418495977483118,453208.83404643467,1293.8794067655501,32311.297199045694,4551.688624438539,227088.96034505396,27635.984424972172,12.946852704349528,151775.09164808504,0.8631298289306942,0.3345930282366217,0.15920902107313842,0.065864136770154,71687.26195896989,0.4507803968922295,987.2717464249822,34714.501266438914,5789.5916154029455,55572.96192047691,59413.47001246088,29480.16589061466,63471.5215533669,38489.22342524826,40558.21150137394,693.0919993216962,6924.806878068088,4241.793832960243,26469.0399227325,2.149929898851008,31814.804768823422,16834.88499890102,3780.730547706478,6296.43885365349,39489.26422080363,7855.686909030118,0.5379184502216487,740.9768283405642,4971.994563435393,2.4609124833048126e6
t115,306.76770335913477,0.0,0.6176587924652427,0.9216618466904746,0.19982770726476873,0.722979795694747,0.22425214838967839,0.2502127599503899,2439.8119101866378,17770.01072008948,1287.3847344541298,41.28406313317199,8.25436417617827,4729.250602883821,0.0,1.1265398375817113,11068.95564635838,0.0780729922708045,0.3193036738790829,0.5273870554659084,3395.5528594002294,2104.5544513793475,2150.259169528177,387.530212191782,5.874699103238149,1643.9439070968242,0.0,26216.95030615688,4635.237750968024,42677.98003137979,0.8349156669375821,0.4737892751089107,0.5271220951887833,33632.12114676402,2227.8451755111437,38.54833589614,290.19864924390384,0.9191506416768364,5.3221068726272085,0.6977496334671122,539447.7799126947,2.0287797531538962,0.34649419041436763,37436.110881661145,0.2719363391463001,573091.2887150743,3.019402492854051,0.27875039018410036,4.8367753763021755,0.35249084733964553,188718.87719557114,3.5143220884218516,17137.26660386501,0.23801347831468259,0.24443460533575057,0.022731264317058627,29231.09050285405,107135.9019578214,0.018532206641183414,0.102854492726527,128528.76269327641,74.50854084453137,1979.268513416362,238.80822838416455,67687.47335378449,3584.400855450289,1.1804847013756075,23853.453908363743,0.020795128991168598,0.006708921897281393,0.004751918284928531,0.001949410625586074,7299.864878129493,0.008628945886774047,87.02546395914241,32309.162224266365,5472.972954228393,51039.472461523714,52455.94717775254,28567.373864588913,63918.21593490739,42278.681323332305,35034.47310165706,551.3275903389515,8578.217487326681,4969.153374760044,22819.154873753316,2.2078496027192984,37817.465697767555,16611.192672821802,4025.1832311586345,6171.570504642752,40026.96357785316,7955.85408073679,0.5164240614016923,721.227354690987,5329.7101105472575,2.3492765040840763e6
t116,306.7676599621422,0.0,0.6400264241831485,0.9619548662723744,0.20275408462658281,0.7494797908648843,0.23078740438485906,0.2569639009936746,2439.8114235618796,17770.010062063633,1008.4171805123779,41.22365813344799,0.0,4729.251035586793,0.0,1.1158689888434281,11068.902159793519,0.07824914560544825,0.3157845469143995,0.5175120822681829,3395.551259357666,2104.552894440754,1924.976421372347,387.285442584172,0.0,1652.2256709210753,0.0,26217.927292059216,4636.734096671806,42678.40425492923,0.950522680541327,0.5118398130940853,0.5777082853036409,33632.121935924595,2227.845817765475,38.541267616065,0.0,0.9510328435092712,5.3976906240341505,0.7459745454756985,743779.2328571251,2.0278218751474184,0.3559984709778648,37436.157334268355,0.2744331036847461,635512.5147988187,3.0184713334074798,0.2802278479460127,4.855982957090928,0.3486921942908188,183990.43490806967,3.512328151035619,17963.28030786035,0.0,0.0,0.0,315.1149178024131,657.2809052247876,0.0,0.0,1742.0093325304822,0.0,0.0,0.0,151.14421781345865,0.0,0.0,0.0,0.0,0.0,0.0,0.0,0.0,0.0,0.0,38065.84076829449,6993.892308925811,54294.6460130494,53770.10171169715,29966.645325249516,62445.573586879844,42452.539879808304,37711.2577943204,431.85431810271757,8560.683925751668,6254.679400456109,26360.31854246362,2.3552619518639846,44189.46724742653,15714.194757743573,3603.4679272659055,6496.671295534084,40859.14111692929,8467.01934249937,0.5814118494426683,735.8115130604754,5487.019879658344,2.2707003605476473e6
t117,306.76760688591685,0.0,0.6542198109261346,0.9853210336884979,0.20466989999311502,0.7656586973327436,0.23495554365888563,0.2613895766425229,2439.810699639195,17770.009178122546,1044.2573395567201,41.15023769034,0.0,4729.267821211291,0.0,1.1019758614129325,11068.844352790939,0.07827247382218187,0.3116453899693201,0.506853340721618,3395.5495759813884,2104.5512466844666,1521.7549016987912,387.084810198716,0.0,1653.7677354991563,0.0,26218.00087418299,4636.822134571898,42678.48776150184,1.006520564787386,0.5301530035290709,0.5942500750525782,33632.12217752993,2227.8461215491266,38.541114680325,0.0,0.9673708005986923,5.430524396945806,0.7175351321720574,709388.5119648381,2.0251863699394494,0.36187109400426576,37436.15191105784,0.25643488638880846,617921.1754915458,3.0172964162189366,0.28162425201955954,4.8682188573808025,0.31398601687634137,176367.86684312488,3.5101529881447524,22085.260933655278,0.0,0.0,0.0,0.0,0.0,0.0,0.0,0.0,0.0,0.0,0.0,0.0,0.0,0.0,0.0,0.0,0.0,0.0,0.0,0.0,0.0,0.0,36846.396102316314,7606.81671625805,57064.969100123206,52136.89497779548,31766.47287939657,57785.637627201766,34673.86787795541,41836.16910195374,447.2035500194057,9461.249086893295,5327.1702017376065,27782.998925514912,2.467234965236463,43838.91202894374,13381.15164653331,2848.660335499727,6006.195286798915,39901.625573307574,9094.373099353023,0.5102883758613255,724.4885004829424,4751.436926577273,2.202408255988683e6
t118,306.76757928427986,0.0,0.6623133043545087,0.9984789432842537,0.20567310443524706,0.7748154601377859,0.2372239923974724,0.2638901382708199,2439.8099051669396,17770.008202452915,2288.0762665248885,41.07813911586,0.0,4372.742625503331,0.0,1.0844981808487901,11068.773801414216,0.07812760384378889,0.30676959056614445,0.49523977760861904,3395.547801727101,2104.549509250673,1273.632858263841,386.856736312564,0.0,1655.083390838827,0.0,26218.0382923069,4636.867644349714,42678.53118911275,1.0393195518221647,0.5400177821018513,0.6003960084252088,33632.122071113925,2227.8462648749487,38.540961744585005,0.0,0.9767949378387024,5.444070753322461,0.7789650502881703,663088.0555230674,2.0224084206403936,0.3650937796175238,37436.35836755642,0.2794800615588033,587464.3470353306,3.015901028231694,0.2818727278844627,4.874004301455824,0.34641273862156075,159365.16718690644,3.5078299413670253,32056.384628921533,0.0,0.0,0.0,0.0,0.0,0.0,0.0,0.0,0.0,0.0,0.0,0.0,0.0,0.0,0.0,0.0,0.0,0.0,0.0,0.0,0.0,0.0,34030.293111178114,8933.353439811233,58212.773312582656,49272.95453247732,25950.550544970876,61745.46489281979,35950.51275982598,45475.46267972981,979.8927635455335,10026.2709988236,4186.480621742929,24229.97274103509,2.599048268511232,41106.9073463328,12081.863786186974,2384.1914796609394,5660.072958595005,38866.879007802956,9505.77812419401,0.4100471932907415,623.8132557044205,4008.825959843716,2.1092096889906456e6
t119,306.76754820944484,0.0,0.6650027271843953,1.0036616824426337,0.20582203539210359,0.7782207147494256,0.2378147686370734,0.26459977735590984,2439.8090767784784,17770.00733889855,1621.7184767740066,41.00242429213199,0.0,3980.3513616944833,0.0,1.0628728228653057,11068.68522581041,0.07778700653961029,0.3010152547818176,0.48244502017595864,3395.5459288212583,2104.547673077963,1236.3783611851723,386.611966704954,0.0,1650.2934243388818,0.0,26218.054627388767,4636.8912266842935,42678.555713428985,1.054915071678252,0.5433977462950205,0.6008131524310012,33632.12269767085,2227.8462294728834,38.541845123410006,0.0,0.9795595756014092,5.446347556785382,0.7727407894424777,600309.3672570781,2.018174583752862,0.36598754487307533,37436.392439863834,0.2781616030833346,541702.2599876457,3.014247573552324,0.2836061492894207,4.873517775488458,0.3406480508736607,142338.5958257397,3.505480459217461,32865.64094560386,0.0,0.0,0.0,0.0,0.0,0.0,0.0,0.0,0.0,0.0,0.0,0.0,0.0,0.0,0.0,0.0,0.0,0.0,0.0,0.0,0.0,0.0,31216.486955197848,9722.110147736143,59905.71848532564,45477.136182779795,24138.908937138323,60344.24688693115,27751.43345135395,48288.50762552206,694.5119343266803,9561.107249640683,4349.198196243579,21560.4864015018,2.8434318039324653,41460.30464073561,10502.912167118953,2314.4534026385677,5497.829451374322,37744.388120099495,8511.337874612562,0.3188173103980457,545.0004712324568,3833.38323629914,1.9635377685086515e6
t120,306.7675330907337,0.0,0.6625984206488668,1.001228970352278,0.2051064561551412,0.7760294307992398,0.23679566637435956,0.2635786733492405,2439.808211379972,17770.006306832904,1830.985984355864,40.938136615943996,0.0,3587.8884106881005,0.0,1.0363186441853742,11068.572007941892,0.07720204106663364,0.2942170133002101,0.46821649258403353,3395.5439445827706,2104.5457285852794,1066.4750767446042,386.36198735130205,0.0,1650.1131362515328,0.0,26218.05932196065,4636.899763049345,42678.56387095492,1.060704942058026,0.5422520884397886,0.5973401441533142,33632.12225321674,2227.8460716046056,38.54201655138,0.0,0.9799085562481635,5.447038638189741,0.7209192010912348,529309.4581596558,2.017853618960107,0.36476687919301365,37436.38430036353,0.25682032401437466,491885.4509151972,3.012967859828931,0.2844881619510405,4.866300552219341,0.30395747483386065,125018.87422258485,3.5028564172262096,32750.523119864913,0.0,0.0,0.0,0.0,0.0,0.0,0.0,0.0,0.0,0.0,0.0,0.0,0.0,0.0,0.0,0.0,0.0,0.0,0.0,0.0,0.0,0.0,28384.920027260374,10417.222757494656,58565.77367238703,42774.996910368085,19670.748151225678,54827.99678885917,29450.76334225311,48764.30859398415,784.1347630464297,9789.800810601286,4183.277584989553,20643.63091204704,2.8464206655816904,40749.879676884215,10523.225459878324,1996.404963418616,4921.325550649001,36327.87122694394,8215.285504006984,0.30156550194254256,446.48065173314313,3166.0534473559874,1.8061169587276466e6
t121,306.7675360233652,0.0,0.654653609480884,0.9904539900286844,0.2034844605301917,0.7676917165724328,0.23409659213102949,0.2607663243323337,2439.8073048682522,17770.00523128253,2098.0325657727885,40.86289778076,0.0,3195.400778232918,0.0,1.0028945027918779,11068.422125917596,0.07627620254823063,0.28612648918746125,0.45217375841582663,3395.5418430185273,2104.5436646800867,1057.9776999453018,386.143562719272,0.0,1650.185453853034,0.0,26218.05113574781,4636.892668689576,42678.55608338872,1.052507475710665,0.5361176580212753,0.5895758049903727,33632.121644112616,2227.845736715854,38.543773563125,0.0,0.9771492852297652,5.44531685457991,0.7693033461258812,472209.1884563192,2.0172712244771205,0.3613387443056939,37436.17070313304,0.27657733828693326,450659.93920086755,3.011859849294068,0.28256714250489506,4.8516445484978385,0.3337243833149257,112710.1704881871,3.5001743793267868,30623.344120657956,0.0,0.0,0.0,0.0,0.0,0.0,0.0,0.0,0.0,0.0,0.0,0.0,0.0,0.0,0.0,0.0,0.0,0.0,0.0,0.0,0.0,0.0,27468.985146440573,10821.96334159421,54526.942721593034,41066.34144972056,13965.43893335095,54001.93715951468,29383.577426639215,44600.098780016524,898.5027179195931,11187.541277664366,4514.175118483234,19395.046652199377,2.743660852780898,41916.28618044875,11599.901073011717,1980.4984009550162,4939.599552685659,34995.631702604405,7067.209153781785,0.3223002197157251,498.2345956160936,2782.6241729990647,1.676227049939469e6
t122,306.76755349137,0.0,0.6404553449676965,0.9700438534347625,0.20091254942260436,0.7524679830085953,0.22948543177915734,0.25595160456912885,2439.8063383586423,17770.004145135914,2239.242646327463,40.802481197244,0.0,2802.900713622254,0.0,0.9605737243990533,11068.216274406965,0.07494388468657918,0.2763670118415437,0.43368142944643684,3395.53960932262,2104.5414549526154,866.0901803868805,385.904434291102,0.0,1650.1167929210728,0.0,26218.028057973686,4636.868894293678,42678.53142205337,1.0303627382662501,0.5242645678397809,0.5763869280879057,33632.12099335049,2227.845227106696,38.543620627384996,0.0,0.970000615524603,5.439018465891864,0.7463748218495246,425341.2174007916,2.0197557327957085,0.3551754966385219,37436.17139161563,0.2717351001855323,419620.95772896457,3.0111442201125187,0.2798068920777208,4.8272467101830445,0.32470156657341137,106155.77681838894,3.4975634085144303,29462.379534694875,0.0,0.0,0.0,0.0,0.0,0.0,0.0,0.0,0.0,0.0,0.0,0.0,0.0,0.0,0.0,0.0,0.0,0.0,0.0,0.0,0.0,0.0,25533.97952237787,10074.679835025863,54537.17868006561,37942.8219417126,12406.156058398308,54788.53037501609,28617.345705078915,36985.8383831863,958.9787618321905,11841.6463363366,4054.628247544967,17925.118288032303,2.7766718770819314,44161.74564138345,13113.417129771298,1621.294708882663,4527.314397412968,32844.667153154594,6087.236729580365,0.35204242649961826,431.1384636974689,2344.223645855737,1.5733481108530068e6
t123,306.76758499656336,0.0,0.6184960034256071,0.9358914849490212,0.1972887115819998,0.7280618120459219,0.22251276373488407,0.24875700154502706,2439.805240886159,17770.003028940104,2209.3209047421415,40.726778220576,0.0,2410.3932239233313,0.0,0.905624368844472,11067.900878710072,0.07313181885383704,0.26432132121347796,0.4116729282625936,3395.5372081333235,2104.5390305158817,1042.858462403732,385.65138733750604,0.0,1649.7751086391904,0.0,26217.982967962045,4636.821957787248,42678.482015424095,0.9906495166591697,0.5048515749142092,0.5548599162043134,33632.1201377522,2227.8445535476435,38.53630445147,0.0,0.9559754649325954,5.42350168029149,0.6768737781070298,391404.1333302036,2.0207939708788327,0.3453323715558013,37436.136267852446,0.246380791006422,395236.8576525303,3.0112553277373766,0.27500315136042097,4.810566002148799,0.28453208462551727,103309.5566603093,3.494812338769215,27186.271282513015,0.0,0.0,0.0,0.0,0.0,0.0,0.0,0.0,0.0,0.0,0.0,0.0,0.0,0.0,0.0,0.0,0.0,1.6644297704601575e-6,0.0,0.0,0.0,0.0,24531.729875393186,10428.433584478364,50732.60284035133,34904.959037315275,13376.229729684872,54504.545041281206,33964.78570268965,27947.286801862447,946.1641732641367,11914.22708634432,3580.365466057894,17299.479088805972,2.6991088065983377,45565.57691111127,14788.077303122902,1952.196127325839,4289.888435774704,30573.554540768007,4833.599495683435,0.4075409999661901,428.9883861476678,1949.718373720839,1.4973717377666198e6
t124,306.7674888484937,0.0,0.5847800052811182,0.8750410944524274,0.19241899081299055,0.6876918281226757,0.21230583413882437,0.2383684548303735,2439.8037446577964,17770.001744942114,1916.7553607843752,40.662954422603995,7.1067877810665685,2017.8803831489304,0.0,0.8281655765695567,11067.355453251272,0.07072450882755485,0.24877560452581832,0.3839607337212968,3395.5344286898894,2104.536187106092,961.5954587465492,385.407470582764,33.1922313696694,1648.3163576793404,0.0,26217.89246735593,4636.726367807635,42678.37820361588,0.9175824656150943,0.47242497428098285,0.515757989490246,33632.11908501272,2227.8436974055353,38.53647587944,0.0,0.9293900838271851,5.3948699135602824,0.692460426733808,357469.7947527494,2.0200283573938105,0.3303025801954578,37436.045773487145,0.2620070037368892,384977.5015278953,3.0113859946468793,0.2662094440562412,4.773106129272013,0.3079401879324899,95437.86652154144,3.4918145926173207,25794.054822283662,0.0,0.0,0.0,0.0,0.0,0.0,0.0,0.0,64.1729601149073,507.00875278653956,115.11588508709978,0.0,442.8131274080294,0.002889030100628761,39.816284328656266,0.14814532689368592,0.04623835055027232,0.022644302466649016,0.02687165392473442,6563.175054173058,0.05144297107091259,399.6144617560402,24299.62200313339,11963.251575068774,50308.09599960657,35027.054951762344,14380.557481477801,55033.71481786207,37693.45595425388,22205.61241045547,820.8671712285218,10643.37510382087,3531.8937817854166,14571.669246807225,2.56199127365324,44875.1920400644,15989.659345584252,1800.0767311691484,4207.9832256724985,28658.081137528072,3874.4680425844313,0.46243663559515463,404.67822804462133,1847.4645193219171,1.4449411962122498e6
t125,306.7657661533619,0.0,0.5230937731447588,0.7412399407360465,0.18554882998366112,0.6047352412869281,0.19635272874787793,0.2215531481834505,2439.7941544448695,17769.99106062028,1862.5261492389984,40.598678066939996,321.08424494578423,1625.3633198714829,0.0,0.6873134155606352,7082.48771930197,0.06735501665727556,0.22542852237500355,0.34240750792014596,3395.5244754812697,2104.5269788240703,958.56186593424,385.182983351824,287.03323196957024,1638.5789022729402,0.0,16779.657694788657,2967.6265478074774,27314.37610385953,0.7387325521860403,0.4054472700193542,0.42648606904077463,33632.11491196524,2227.839665448049,38.537282790395,23.19194995784155,0.8675880034382099,5.302414435530964,0.5936434502806754,342753.8084965365,2.004833561523567,0.3050507659973447,37435.11946228714,0.24971167766260488,228923.43710927226,2.9692702661369696,0.2517828268575837,4.5410645014887905,0.28578853809376437,21517.64907814982,3.474999191910743,25696.0978146855,0.012908643611462203,0.553539557389791,0.009371693799679275,4732.209684610323,163.11004032712907,0.10922383981274751,0.07227207877044571,14963.966754209538,2891.3254842658916,32025.18041143674,5733.796517076686,54597.7085372142,17276.055617560636,5.3061210435836985,44348.77863797693,2.2233105192481535,0.5561325873603981,0.06428583890835254,0.225945492182317,82013.23945352189,0.666442929646596,2170.40830480739,21066.76938211243,11250.15409423515,50768.05618264419,38118.39045631609,15617.572458992561,55141.02639166577,37838.22724890396,21489.816445258264,797.6424584987215,8790.136874709342,3015.231533987721,10780.171351714658,2.3678510577854093,43691.01419702548,16082.845310095525,1794.3981022683429,4066.68488681102,26254.88999034114,3530.5469673112434,0.5482569132174548,350.0716267453759,1756.5468995808983,1.4126823754536812e6
t126,306.26185930358093,0.0,0.34592812887345065,0.390576990995714,0.15619643447022735,0.35935024210277716,0.15945501911824958,0.17274616423302228,1830.0108387482612,13327.669563007965,1338.1693110188519,40.52296350648,1025.5414158102062,1232.84312244261,0.0,0.2903066490444607,0.31706212479707163,0.059169244142748365,0.16294315468854267,0.22759036082922174,2546.7810865609345,1578.5288205798938,487.82414132906473,384.94300290528,283.45421527874856,1502.8340066918379,0.0,0.43754339194271685,0.387516207489919,0.45137213074384447,0.2627484910141957,0.20892840170950744,0.19360306527911822,25224.29918652073,1671.2436506477534,38.537129854655,819.1825068127303,0.3482521351927858,0.4136010503884981,0.19816666031402214,0.06352003451919241,1.6272726831630224,0.22532524989278302,0.44202008464761927,0.17401726466058873,0.1097449035120751,2.4064409315721393,0.20240604038880428,0.37870637997507806,0.16554036592890506,0.08574569751893665,2.876407962722636,15585.213489530815,0.4464334343673971,10.418913420893574,0.14611543300149607,66146.50915163083,66114.5581130341,0.5221533061370613,0.6342912832662351,279662.24751984235,9238.902358077425,105770.10668313525,34697.15256550949,360614.6322749664,70829.81593024387,21.191255758210367,235193.2105426641,1.9261328437581677,0.6313322307801865,0.06720124228416342,0.2679969507939602,196232.34041049122,0.6138724807090733,2354.5648201534927,19684.443132234763,10773.491003368843,49859.57868283569,41957.71306575201,16702.90954323328,52578.60028860111,36920.57677405983,25621.61742230794,572.7363867436125,6516.272285493272,890.539292595451,7676.614839342629,1.4961718604500944,34632.44728303542,14619.679230259646,975.1652440021911,2496.5494956751468,18738.348984883844,1768.7859282570828,0.3059205447589079,216.1699224598074,715.8663836577402,1.8400489738635337e6
t127,210.7852928689291,0.0,0.30794721698475414,0.34690912666063795,0.1495973823328154,0.32050021828311387,0.14583434860781205,0.15864732105054039,1220.401265204912,8885.547132658627,474.5623101416733,40.45685743821599,577.4404680487427,840.3425083388232,0.0,0.2502018022241579,0.27718704855243764,0.05640494864069105,0.147088949912798,0.20284241067381553,1698.2749049505862,1052.7571811383682,305.6056008240037,384.699086150538,272.7325526195785,1101.8880243762985,0.0,0.34824093046733967,0.31943381826647643,0.35164245648490544,0.22158264249413362,0.17862384073599183,0.17047784695084522,16816.738499109575,1114.6733374280136,38.537053386785004,1216.5377911852547,0.30375724030284057,0.34573501289950087,0.1825167136251027,0.3686120498744935,1.3536098624622368,0.2063771729991272,0.3675832425296453,0.1692623105785952,0.2768208204791953,1.926011277492507,0.1908853369007827,0.31908131686165836,0.15862287921538554,11925.89480350565,2.4128682571616538,6024.8173298289075,0.9746431141056622,10.873480209332154,0.39247072250000886,128095.74021682043,272317.271306011,0.814270894148064,1.3214502761168554,671019.3119113822,6405.574275917108,156463.648302589,45798.955339407104,488530.9023602141,104057.80530984142,14.658805168661017,350931.2591754016,1.4815640801290662,0.6118932161378636,0.13350088605050328,0.4433896719428814,271127.81765698665,0.4552438759779173,3685.76466886263,6530.405510685835,4705.945458321326,26947.350415818146,16289.337417767692,7995.028610728662,28719.290546840413,20463.993337796073,14141.855655846823,199.40486194944833,2424.900330931166,192.69341517884462,1391.1661808432711,0.638097766174821,15171.210314400121,4831.716606892715,597.05026311033,2099.5581268903184,14803.314214201591,1451.9492516144546,0.24954543215330224,181.12952295527103,646.9715579202252,2.722466597384446e6
t128,185.59966342217712,0.0,0.28835973631369044,0.3258687602475715,0.14564679103130518,0.3011547009014135,0.13836923896942568,0.15070905029983614,1220.1351343556921,8885.25508117518,350.55979219565376,40.38730808778,790.7669261131009,448.5850400057734,0.0,0.2307990754247974,0.2575636621482557,0.0546404294439884,0.13791987431020275,0.188764597198419,1698.0122806280838,1052.5052097866762,285.68461653175507,384.478750527248,241.34705093456196,969.0335147207279,0.0,0.3089919879947468,0.28716988346800176,0.3077534854157416,0.20171524840266428,0.1628152299833733,0.1575331441551058,16816.32076846454,1114.1812707379543,38.53913476224,1756.870395903411,0.2794772159999435,0.31060140150960147,0.17029340857513875,16804.1056218334,1.2046516254468167,0.1960248057615091,0.3355433344864536,0.1632640837466746,0.2985576965407717,1.6220650720489387,0.18365641881647835,0.2911946313254456,0.15080281084635513,16593.253530071477,2.1152372874188856,4722.617082647929,1.428753302491697,12.601435999093459,0.5733196345238175,146021.4442167334,440487.1621376488,1.2092621684077256,2.1382338580859046,815632.242123743,8061.183901425289,183274.61332131745,64764.949799787646,504102.674766518,104650.38503062021,19.428687907315286,364141.7023618203,2.5820947620116232,0.5385360420099393,0.20434004417277538,0.5318287077570184,302499.6481552233,0.4030630602582068,5617.3019017333845,2753.0361381566886,3917.266002413626,18841.165030036653,5437.379194621998,2149.219167085791,21844.38205094867,17216.9919334964,3999.0560958590104,149.16818748222795,1945.615492191047,137.59131478228983,590.9596567076796,0.5848731684738242,9998.273480850165,4015.03262856284,556.3464406088176,2189.1659112947964,13102.17585528599,1821.0882755335479,0.2572746761142222,158.9186963188425,798.5602034161118,3.1253263864931487e6
t129,181.07558216930002,0.0,0.2769698571447772,0.3140722600448927,0.14316974810106112,0.2902092034861805,0.13413319462110365,0.14592107754655334,1220.1303761417917,8885.25100968939,342.1558180646337,40.323031995384,1116.3364410683093,297.55038340177265,0.0,0.21944159118345818,0.24600971429265264,0.053490369596225384,0.1321777625691474,0.17981099189379912,1698.0064137343313,1052.4984150415025,429.229419797196,384.22846658328604,318.128776077936,927.3366862292924,0.0,0.2874664130987854,0.2686635940563567,0.28460998649921554,0.19022464829372315,0.15332382576518996,0.14925727505221026,16816.32349533769,1114.167308055527,38.5389818265,2373.839432619012,0.265027667600619,0.2904751966810466,0.1586217982319727,10937.40819217221,1.1334157108204845,0.19000213492928494,0.3180515725243951,0.15564367942865737,0.2980974129078216,1.5005491566611664,0.17880571441293644,0.27525723910083794,0.14173029391928016,12340.906080798366,1.9648597555875262,1373.3515895153946,1.9665509565332244,13.386961328320625,0.7599724148995148,130586.35542853741,544178.0704693133,1.557779112541442,2.81386045017444,848994.2483020992,11684.825067774676,206823.49795130047,66453.01836730109,548493.3218582235,105959.83445271286,22.66415049382331,347775.1436699207,3.8300836166183845,0.694637028657519,0.29574661380724143,0.5420499250008898,361711.21899356914,0.8486674470135787,5990.052598218185,2199.760843170796,4293.177071893358,16502.701740229993,8414.452061722042,2270.711006262925,18747.578371535594,14374.005106811746,5142.202539168411,145.7010862253253,1629.023360244872,211.30816947240405,713.819086285019,0.7190551455502845,9133.736980617485,5069.156977901285,846.9550652873006,2426.186622945551,13623.035284890171,2397.9515862481117,0.30714797057623716,172.17291194872988,1254.5015768727947,3.3501652366603725e6
t130,186.39637466734902,0.0,0.2710108845266274,0.3082337830753059,0.14189509269467632,0.2847801415418534,0.13203917149451663,0.14341614982993373,1220.1305548273237,8885.251463236073,318.7818344402131,40.247317171656,1297.556175336301,266.97641847165477,0.0,0.21275721159700273,0.23923984900770523,0.05278676741459544,0.12862784671551858,0.17407368689236402,1698.0033568712422,1052.494525375661,683.1870727107787,383.99172981492,497.7259349674266,916.4053132421366,0.0,0.274928275912815,0.2579276172753831,0.2715971843162204,0.18346673425865512,0.1475788910424856,0.14390702631515914,16816.326529208458,1114.1656533174325,38.531589182714995,3015.27276850509,0.2569503459488692,0.27994098936295636,0.15838984502604692,11070.4785106282,1.1060743860890798,0.18692508595255264,0.30888562175067824,0.15885993549514998,0.292765068182233,1.4711011016986448,0.17516349649591445,0.2665433274913463,0.14348287024584652,6432.046871538834,1.9038288052790597,1679.3514327671467,2.513760018123375,14.283051479334608,0.9338637073035706,117176.83844393125,649611.79585271,1.8145541188437844,3.2905665930821346,853502.5906263549,15156.480758784452,236676.87521871945,80385.23234177163,547399.6454801122,121761.34794417628,24.10581737235149,328254.737696144,4.645897384421721,1.0944086941357938,0.35592535826618255,0.7089187885689795,481760.40415835567,1.4401623573999316,4378.857832625698,2539.0824780608136,4225.579261791043,17625.68213072989,13531.867874563151,4024.4794977288734,18391.932823864234,14045.520480857884,11077.208851868989,135.26434787235206,1626.285682062566,457.1791676796037,963.9112796890688,0.8390182858547993,9746.430162385912,7057.871566459264,1353.9928344184445,3117.4728612163017,15272.750767740388,3518.0297983916334,0.39559328059125004,266.7560897937184,1944.8426787184667,3.62466676713049e6
t131,212.9849382716164,0.0,0.2694716325623302,0.3072764520966159,0.14173931306172352,0.2839143669189035,0.13163547959433577,0.1428462060921899,1220.1352637435486,8885.253868044438,246.02642286967765,40.183505220743996,1562.0939848831495,260.5679649744453,0.0,0.20942945185223386,0.23607586314807325,0.05243840556901064,0.12665168113168696,0.1706701885267304,1697.9979319112554,1052.489628311626,839.2590407849074,383.777574454194,629.8744222661211,918.6468154581728,0.0,0.2685528637664626,0.25260994970132644,0.2653332995267016,0.17999989299581454,0.14439729681373373,0.1406906478159388,16816.330203721296,1114.1671923534745,38.539635801715,3360.530031414943,0.25268026731890525,0.27437613695460067,0.15495262357533132,14176.841241863289,1.1042668593825515,0.18614528079175788,0.30592278150938934,0.158149319923328,0.25735636053703204,1.4884786945308575,0.1729982172141949,0.26227578829669923,0.1411619336060717,3887.164772615423,1.8799068911384553,3318.4572377782783,2.8187465338709448,15.519105318198099,1.046514824942619,111438.47498774804,732844.0248844337,1.881476322398967,3.491027506530739,836290.3670862456,19452.801357028824,256074.0293469181,93972.89455393559,525460.7639041605,135602.05093492247,24.506628182813355,314378.5670922431,4.783340065055535,1.403093885987499,0.38299523050523343,0.8704697751733206,519197.96004409593,1.5673210841337484,4321.698736733591,4002.3673326925395,5037.942485954138,19956.163025376143,19214.327373500633,7232.650032418445,19652.90008971617,14633.169312132142,21757.254650408875,101.81975278708799,1901.5818463181201,1015.2407339246666,2208.847997163991,0.9919834093478226,13556.658304994304,11134.502129944807,1648.669266336243,3816.8651013712692,17086.94938670987,5022.384160312086,0.5312442310527512,341.9587639447287,2673.2758470292238,3.781760238548759e6
t132,306.2418603176242,0.0,0.27314788601433176,0.3124492182230203,0.1432102987131324,0.288701877932832,0.1331610397427057,0.144676961300721,1220.2563534853707,8885.380391680781,413.88894078638515,40.107790397016,2556.3145130760768,259.1124102303507,0.0,0.20890557815240232,0.23589764535500313,0.05240283018992422,0.12596168604276048,0.1691845049151789,1697.9941232258614,1052.4869413028653,992.3089406503204,383.53417675472,686.8580734200572,935.6979321399488,0.0,0.26815806993430785,0.2518403679425007,0.2652731425503884,0.17978974033002862,0.1433498049449455,0.13931971796163742,16816.33927308602,1114.1734085513585,38.53264398951,3667.0586348213915,0.2547489794540359,0.274909276401334,0.1499259977830938,22477.595020847006,1.1129061557649262,0.188306576219063,0.3105508060954163,0.15603325260059372,3.8521816968321123,1.5719261658642454,0.1716587327988328,0.2613936152918253,0.13609922172195105,3796.9325261035788,1.8637931702868626,5210.5212177470985,3.031584575837633,16.538350302541208,1.0914653263778913,119260.16017234794,759671.9137601536,1.9083807078104367,3.655218818118613,807787.2305270819,23020.69076557197,249593.3723551976,97552.64517078057,539908.1060958209,141493.4257691494,57.922284480544796,296261.516331762,4.52583086953754,1.4226546420516932,0.3713950327886624,0.9105468900234753,522905.60958946956,1.5856858139614638,5542.36038079276,6920.9000241712765,5423.64776244943,22739.94814972494,24959.205407320496,11355.055265270395,20871.378394188865,16390.254357949267,29567.112041524808,176.96677445319983,3217.204392585005,2227.802323140581,7480.797317621115,1.7757300534546654,15842.762577849024,13539.720231512632,1948.5994966834253,4260.399172587304,21031.180074931523,6738.891688421485,0.5858451536060935,397.16505051069277,3107.3848989590383,3.8538537063292805e6
t133,306.247624646758,0.0,0.27941922891386933,0.3205051612575069,0.1451032692614407,0.2960999836179037,0.13545649142400468,0.14743161721947268,1220.2638248685685,8885.381266423812,478.8939213217624,40.04351430462,2539.4887898135357,259.0324926522067,0.0,0.21182032707572104,0.23961891635205784,0.052670577664493366,0.12684444884238175,0.1700354307495172,1697.9938037716806,1052.4874384560114,1135.7512226707918,383.288868063986,693.8611834561616,938.4412171340612,0.0,0.270328015624044,0.25408286337382224,0.26801859696907976,0.18098320019281036,0.14378410456462132,0.13947809692594096,16816.341406093183,1114.1741231971562,38.53249105377,3675.254735170377,0.2562488398019118,0.2766808200291366,0.1548652165174624,28392.687795962345,1.126532046454154,0.19120299683492725,0.3176644014018542,0.16388261035246615,2.863917449561322,1.6179563657614677,0.17238484852089062,0.26546461634516477,0.14184211536981353,4066.480761531277,1.8828462894334175,9859.44180602932,3.02066383591007,15.999107498158251,1.1073082829189458,122456.560522994,751115.6992933579,1.9655957170564777,3.510857695927923,804758.2917579043,22869.338947973916,245227.34900073486,100896.47807972592,521017.7732204827,141291.38834086823,57.17609914801141,311461.19154199306,4.420785018863484,1.4409162071113115,0.3703760356504915,0.8996033455272797,518100.8360510644,1.6024739164623552,5480.191025153234,10399.85921720122,6618.526220539447,25955.10012268696,31115.141042272422,15399.150624954384,21776.14097016351,18690.658830848653,34045.88265551389,204.8041534151529,3262.697429571288,2622.741348684844,10626.710080508496,1.9313658816856947,16049.846053644165,14450.353337282886,2250.353891890257,4809.710426647655,26512.94874382209,7392.570002390767,0.6888235193796901,413.8336793711865,3773.7891399181917,3.8847469511852497e6
t134,306.2493948664634,0.0,0.29033549256128577,0.3343048879026841,0.1481415766201417,0.3086312718412307,0.13937312024264958,0.1520523781675518,1220.269919569319,8885.396135538665,599.3516375644901,39.96984086096399,2554.0453050297783,259.3616398945669,0.0,0.21845752404326702,0.24753856318432677,0.053275793574972356,0.12935586799246312,0.17324072893521963,1697.9978776321932,1052.4916023561698,1310.5318922928636,383.056123514916,743.7056228016427,939.5922367024552,0.0,0.27682816006021643,0.260007176035326,0.27543241417466463,0.184639861593985,0.14598389387737873,0.1413092477569674,16816.341995446925,1114.1746324189558,38.525098409985006,3473.66826612818,0.26055637057127684,0.2824967595509534,0.1560829548089354,26985.965283357225,1.138725083865251,0.1962606897836741,0.33065182894551653,0.16761244492286714,2.7088090270811627,1.6765175746541985,0.17517758951752843,0.2747495576404332,0.14385270972704167,5265.172918539108,1.9506529841321065,9640.083331296448,2.8251973123209906,14.24835924258768,1.0867060642612305,126989.70930574977,762253.8822243548,1.8982741748901242,3.151618028454488,826045.8547903016,23000.436230924817,244094.40720938036,93430.20071299179,480640.1587696531,136381.8759870042,55.22377178057812,298391.4608214693,4.9164856711569636,1.5659093033982987,0.38541485937608433,0.9393768968469315,508790.91547459905,1.8027135344640852,5179.534993607465,13897.144672635732,7080.071940564571,29336.810772149915,34167.314298377,19072.91870597825,22058.373420165794,19188.909467470592,35138.95598293777,256.38783822268897,3761.506855101502,3430.616524338258,11461.061589303554,2.156572340712874,16858.19730365347,14977.039966284368,2632.5803427275155,5382.466234173163,30801.570256533792,8369.14985885956,0.7308993850397503,428.44989264099047,4122.893750145749,3.8710506792986495e6
t135,306.25048597883057,0.0,0.30778095482046913,0.3565046373357358,0.15254641794484097,0.328552016397389,0.1457507824517327,0.1592069542013754,1220.2813485685012,8885.41355810042,898.0857884607267,39.90785888591999,2413.7855233595365,260.8928731241357,0.0,0.22986774927508719,0.2608606131939365,0.05429257078501626,0.13387343925555328,0.1792441211151433,1698.006900779411,1052.4998564100206,1406.0521392053165,382.816143068372,689.6551533543243,943.0410156658561,0.0,0.28869470721120183,0.2705249831190954,0.288790378890542,0.19133844601519376,0.15039562739914297,0.14506972729416778,16816.34039498152,1114.1759109349764,38.524945474245,3229.0410789608363,0.2685222591017198,0.29319106618831414,0.15560720474471942,31849.214454509554,1.165136119422083,0.20448614423307981,0.35286049545797155,0.16959172724744068,2.726639775375155,1.7890239019972056,0.18043429160118785,0.29142708772040865,0.1440015100270487,9711.444157058395,2.0995654176548784,6946.763302845658,2.5626866507583865,11.346079330974181,1.0111711280356883,120928.76673652364,734720.722432259,1.8096379425539215,2.799773012366042,832562.2146036427,21737.603325699693,232380.59361623696,89915.46208880811,448712.3498839595,134129.2988298404,52.71489331206659,277134.11829480255,4.586430227425953,1.4044683642778986,0.3666475380263943,0.8678320304902714,477950.0309617202,1.766515105719631,3928.2869008617013,15799.660699737364,7177.528615146071,32889.839475581975,36014.21344238123,23173.790690690686,24377.615788773015,17192.85850533295,35617.582839616996,384.30187882567003,4714.657786995556,3721.8061726163583,18547.832446137534,2.1580301403824995,18034.51576629342,16324.75411004747,2846.7989512409135,5714.718088284924,32328.87733437702,8966.22656291297,0.6921678813507859,416.54682828834893,4269.326440532933,3.772612663101686e6
t136,306.2538684378923,0.0,0.33673381143984515,0.394978703976195,0.15878986755891722,0.3621678161976759,0.15632381182491148,0.17030750938414507,1220.6681473179797,8885.867041259788,926.8769399055763,39.83214432545999,2147.1039801423126,280.8005474778936,0.0,0.2483301713243104,0.28223652223304396,0.055859996647026455,0.141102958140859,0.1889528190749817,1698.2672762441964,1052.7480367860119,1391.6631813498846,382.59662691819,591.5429764516108,955.1236528698546,0.0,0.30864252028464423,0.28773879051719115,0.3114619456681341,0.20253450140021134,0.1579946831826127,0.15136272856735253,16816.339421964294,1114.1817963645274,38.53434277572,2893.8253970684577,0.282215428497741,0.31249431090713287,0.16583810793388665,40373.24714916949,1.2307431390312715,0.21770096972138872,0.3912240403987955,0.18328282491267409,2.7332207878470385,2.0329460614314723,0.1891448179275324,0.319622745798956,0.1549962879812071,12555.678395085599,2.3974216852603893,8323.109306574364,2.2556580882225554,8.435856868625695,0.8490961681430109,105582.3537131153,673143.576367448,1.4427924696118228,2.1875390216038633,815875.6017538097,19336.542329313514,203433.41289955148,84124.11134566375,369316.6252459948,118572.93908109899,47.8635242042581,232697.225315132,4.735068902725642,1.3352245670697485,0.41607741070913934,0.869237778237252,430013.6152754264,1.4017628507078241,3364.9032761233266,17048.15109862617,6634.269663839332,31981.656592869287,34211.00701746141,25356.642606196932,26435.49445104622,14082.932987088454,36880.858769420774,396.6297468386134,5005.619559978761,3991.127433489967,16363.2990794599,1.8600054797359185,21956.133593309674,14751.746653526532,2835.7657644542846,5920.354336462469,31974.531279255316,9392.76784579092,0.6753598962209547,430.68417461930306,3874.296199130902,3.4670679892581026e6
t137,306.26929117022274,0.0,0.3982525864412071,0.4925899602711875,0.16803862257173122,0.43909162962763226,0.17568702940106168,0.1894651321607112,1830.0608459476657,13327.729181734727,1127.3154277723804,39.766037993928,1545.0668582045578,451.0279934921128,0.0,0.2821965521377585,0.3223784986720698,0.05831104333312886,0.15347300472378198,0.2056155677733995,2546.765925945713,1578.5129444984275,1350.0167074802994,382.376830378024,446.18550564332156,993.5213934988029,0.0,0.34347946732137485,0.31641469582281234,0.3520537063003667,0.22090689523598667,0.17096254319878806,0.16153604874092373,16816.634740142174,1114.4591711304568,38.535149686675005,2496.0176359105717,0.30494536783726867,0.34619885463168054,0.1740826228141588,49879.01011461079,1.3784069368027747,0.24086628904036306,0.47669306514020393,0.19658929809101833,2.8220105881788684,2.4545218491707446,0.20368650238893046,0.377524259061899,0.1637991273918388,14418.193719204826,2.8561447367530133,13576.35149460041,1.9506337594278547,5.837278767566258,0.6183146327094706,90368.85263187763,575550.2643835838,0.9916867601678997,1.566711157036904,771812.7096521001,13916.26095948602,156225.27711016426,64024.011975834044,307084.3529330327,85790.88783215304,38.5793802930495,179590.87724481925,3.5799224219183263,0.9802658619642726,0.3327307630676769,0.6814659171441486,365544.205666685,1.1318440801687477,2594.9841529773403,16703.19166254043,5981.288901821035,30751.081368149655,31931.490154928302,27932.977878015154,30018.333538062365,13346.647861180802,38270.227153977394,482.4508337723026,6021.689189205572,4267.5563992218595,11161.557728216569,1.7630377891302118,25482.504812276435,14130.117085877528,2758.003464349776,5552.858834282659,30819.18238774625,7969.60708432123,0.5369622161973255,410.7027129924583,3689.125191091137,3.0445220919106887e6
t138,306.7893520665106,0.0,1.378704986754572,20351.98390732068,0.21718564521651515,6278.571178546276,0.24525893545389568,0.2764143848969476,2439.805991861617,17770.003386503147,1342.0497717612477,39.692617550819996,559.8529226018231,843.5307218445713,0.0,0.44469415979990506,0.6436804546343166,0.06550280414159824,0.20113724280093578,0.2785218328540734,3395.505947432838,2104.5076601284086,1920.7995815760087,382.13291362328204,283.15097982698376,1121.4202859703692,0.0,0.43539821954046154,0.37758220902135975,0.4674534353391907,0.25651533548994737,0.19615477049126934,0.17991440635570072,25224.232908441183,1671.0206069911476,38.534996750935,1782.2053847635602,0.34846238577592265,0.4207620232932096,0.18559898034381667,46757.955294337895,1.6456671663606934,0.3778901546353046,45631.35037392578,0.3132391387103544,216693.90890814993,3.010009890964134,0.277281105853911,4.0489725996553565,0.23183601831065176,46958.083611394686,3.4540659306375825,24356.024016605104,1.3535920020799537,2.4832900447909743,0.345475347013515,58037.49306531289,422852.89652045886,0.42770384645391907,0.695517158875462,566744.8737676858,5041.125009460559,65033.46516246657,23243.465344787302,174651.96169937903,37995.76651496981,17.367393372222928,106984.13589956122,2.246210904458493,0.5476115925345443,0.17580608775224865,0.44114473257888975,187794.05978808698,0.6569007112745999,2423.3476098313886,18184.02326759231,5899.283450494108,34488.33682582069,30598.69610229305,31276.071305778252,40374.06675061804,19897.031803094847,42065.72405542436,574.7424221358401,7332.893590704629,3964.030235971935,7522.156055402844,1.7492291731428158,27075.15719450909,12142.341948653499,3595.6492498339985,6879.947992026957,31155.548335377647,8429.509412368858,0.6516868929267318,690.5786906831697,4287.459816544577,2.455538071673387e6
t139,306.7933478674536,0.0,1.808920505897919,31800.071853949426,0.22926836333661357,9810.471256658677,0.27379248047586113,0.30589380208476763,2439.81173757325,17770.00979712318,1406.0775844907646,39.628341195156,32.239665578848566,1236.0243715547138,0.0,0.5070814098322407,0.7568505612796785,0.06840257073916516,0.21738063672154573,0.30105778965358637,3395.5132396214285,2104.5151127842087,2100.070511240007,381.88154233363804,14.753927740242819,1503.2191346832249,0.0,16778.885990004208,868.6191885488531,27313.712569611576,0.43880523577034175,0.3177777619916854,0.29806162418667714,33632.10854895443,2227.8351074281377,38.527604357045,599.8680113033295,0.7778702045971858,5.062406476035702,0.4072735475092798,543321.7572923884,2.0015640068465577,0.4189115983741157,45631.68081889237,0.3816874494264131,585269.5253718758,3.0306539978392215,0.2984313242387667,4.349049243381497,0.27336178237646014,210302.36863416454,3.4696463362302996,27602.83655220455,0.5228923641112811,0.26028576923693164,0.06483211102737328,15085.066816231592,119803.34108741007,0.05690513763261919,0.09365611043774028,151391.7914950286,290.4855664094221,4847.844789524668,1356.1204131086508,32573.053785542037,3828.390510901766,1.4955381772830239,18439.354887474274,0.09357538940181791,0.018157656708869516,0.005161483770775937,0.016656537572092234,20764.02498283648,0.01779681538533326,221.5382212340937,20771.02665655068,6751.638730269617,37226.42983110548,24208.79956060433,33467.81061448329,60390.199635094075,29222.14839634746,42523.30111625473,602.1636783394287,10817.277155558537,4960.897093169143,8182.238829026549,1.8880524306467463,36325.82038046917,9128.877397592973,3931.2334440594013,7389.505243601152,27735.6292839126,9219.970805378987,0.6310976552840459,710.199182078399,4586.016953548547,2.3147121624136204e6
t140,306.7942151305922,0.0,1.9751194251448279,31800.280195062667,0.23750673512893677,9810.696868626457,0.2913416747412815,0.32307570814025294,2439.812786374904,17770.01107714791,1807.0097397126826,39.554668014768,0.0,1628.5054610309714,0.0,0.5423469879763831,0.8085792782641396,0.07042263330154311,0.22706376109710252,0.31385601907781246,3395.5129539998657,2104.514974452078,2021.7869333992053,381.660167765318,0.0,1503.2300757054195,0.0,26216.959074470124,1357.3164551836694,42677.592127226104,0.5122019904724768,0.36064512130027343,0.332421547276463,33632.11554395478,2227.841420346124,38.52785200299,0.0,0.8475474074644916,5.214732355772306,0.44297283938950094,740433.6034151261,2.0191539679909094,0.4415737666775801,45631.79742064427,0.39217443408525193,606971.6564020083,3.033423684071111,0.30986632427447375,4.4579821396118495,0.2792101963842475,218817.36640014488,3.4698883280600743,30332.828750404584,0.0,0.0,0.0,81.2000967127401,1538.762494736021,0.0,0.0,1816.1336042615203,0.0,0.0,0.0,1.3714750358887398,0.0,0.0,0.0,0.0,0.0,0.0,0.0,0.0,0.0,0.0,22939.105989702894,7853.310358900134,38230.35173793601,18776.112358463855,38930.54069162814,64034.200854414536,34542.51187439671,47039.67457554325,773.8703808086732,12896.903210310587,6112.958719301578,10861.787717832096,2.012554614091669,44294.45142998504,7190.397188221631,3784.6914604280832,7389.826875480185,27246.807849346038,10016.205404168428,0.6438054149659765,651.6727175455792,5213.201791121739,2.2355925853005713e6
t141,306.79440401141164,0.0,2.0627268909490084,31800.38794895666,0.2438549971918081,9810.817656256282,0.30349358130119125,0.3351737295999034,2439.813648851977,17770.012009716935,1905.3998497098125,39.490380075312,0.0,2020.9674363726986,0.0,0.5654292495575413,0.8385069157838275,0.07187263435798903,0.23350143656903685,0.3222118607746293,3395.5125617592835,2104.514586083053,1802.2083078180956,381.416251010576,0.0,1503.2317794177072,0.0,26217.119591843297,1357.481544552274,42677.764874227134,0.5541814782889364,0.3841127298349043,0.34969160951683226,33632.11639863247,2227.842494099652,38.5204596091,0.0,0.8795721240650785,5.26724237262622,0.4095393049796571,702848.984404728,2.0178414597625083,0.4560277922110535,45631.866369775176,0.35983545243368564,581465.1473160738,3.035662020385893,0.31793586059672696,4.519869084263735,0.25841990645995006,218535.48428322538,3.4698161506842053,24921.66015705697,0.0,0.0,0.0,0.0,0.0,0.0,0.0,0.0,0.0,0.0,0.0,0.0,0.0,0.0,0.0,0.0,0.0,0.0,0.0,0.0,0.0,0.0,22420.06066201837,7858.534538853983,40517.59714903342,13872.4696339063,40101.49988333515,63132.59345318613,33834.71950305597,46387.63375856228,816.0079345052274,13330.804083544068,5436.5749715195125,13558.711395255137,1.6939494683032152,46046.029350572746,7048.730782515581,3373.65177226846,6963.031405118816,27250.692146090725,9986.559558782998,0.5718102012620104,588.8102335295897,5606.600887136515,2.162995390094966e6
t142,306.79442216834957,0.0,2.1182883302958757,31800.45093323915,0.24880824743293922,9810.89155935475,0.3120385668580431,0.3440293002502327,2439.814371035745,17770.012750937552,1781.7695727755695,39.41697121599599,0.0,2413.3943865094616,0.0,0.5800548098515343,0.8561228388908785,0.07283483895363109,0.23755261205648864,0.3274138300450967,3395.5120621226465,2104.514079458353,1654.1882571647536,381.17148223746,0.0,1503.2286113109622,0.0,26217.197116104224,1357.5675333933957,42677.852781503316,0.5801229867601018,0.3989563514169212,0.36082079147210244,33632.11786997783,2227.8434196469875,38.52030667336,0.0,0.895295428796175,5.287661110880412,0.4762012678334042,665263.6197791565,2.0154941221497955,0.4652683155901623,45631.90789371513,0.4117375407396117,533587.2706684634,3.0376385206430014,0.32318397911019076,4.55409399696237,0.28966510378540467,202731.88076950784,3.4695199635710625,27475.60291869433,0.0,0.0,0.0,0.0,0.0,0.0,0.0,0.0,0.0,0.0,0.0,0.0,0.0,0.0,0.0,0.0,0.0,0.0,0.0,0.0,0.0,0.0,19669.326572220663,7944.737964711064,41092.24531657611,13142.349551153018,39773.19422809546,63796.38917852369,31965.161526584026,38820.526851633505,763.0607544097178,13297.54560216072,4850.4970300760715,19384.893238914494,1.5245298441725763,44806.2756763539,7236.945962588134,3096.567581346333,6529.995859875561,29278.932324770933,9472.199995046325,0.4669418242454693,538.0733871755268,5696.993348031014,2.057428106741136e6
t143,306.7944125803569,0.0,2.1543857738133254,31800.488768502542,0.2526154685942585,9810.937144043224,0.317808887383651,0.3504136070857445,2439.814946457354,17770.013331740578,1770.53189883669,39.35268327653999,0.0,2805.7274060618165,0.0,0.5876918434217027,0.8651564394543779,0.07335319436007683,0.2396567172742499,0.3301103787067947,3395.5114429199784,2104.513464163986,1468.1295092475748,380.95253771566803,0.0,1503.2280439779088,0.0,26217.24026293284,1357.6160854272125,42677.90040448008,0.5989451038978408,0.40908565026673455,0.36881501072989425,33632.11861924216,2227.84423746659,38.521113584314996,0.0,0.9046898875293533,5.296677841451023,0.4780917924059002,599830.1410490467,2.0153184302978873,0.47103921685985833,45631.930328427276,0.41371814004333607,474126.4875046756,3.0391008504517556,0.32628799030730427,4.5701823013937695,0.28949426770328346,177447.20621650634,3.469110155407957,31853.357867142615,0.0,0.0,0.0,0.0,0.0,0.0,0.0,0.0,0.0,0.0,0.0,0.0,0.0,0.0,0.0,0.0,0.0,0.0,0.0,0.0,0.0,0.0,17534.041576366897,8326.900956839332,44200.35361815977,15300.455561642111,37720.26250334358,62180.36072308654,29857.029798901098,31016.80812051473,758.2479881945703,12309.617659478714,4849.014872604399,23896.174258838128,1.0472094553894715,42631.26878720698,7234.440550559273,2748.2774854318536,5638.182937803025,29096.949418274507,8576.354037393292,0.3948370212439134,499.3939213661827,5706.01456857828,1.9007457724184645e6
t144,306.7944072844165,0.0,2.1757168104218145,31800.508341657427,0.25542720598619034,9810.961784830659,0.32125124116361103,0.3547528685054631,2439.8153763101645,17770.013769770496,1873.5155807570284,39.275150324004,0.0,3196.3803902127593,0.0,0.5887821091925929,0.8666733075273443,0.07344762145574288,0.23999545105406933,0.33057209451296155,3395.510697166903,2104.5127329662046,1322.5549602150102,380.716633772314,0.0,1503.2280029964943,0.0,26217.26098127845,1357.6380957641072,42677.92238115618,0.6104579834395993,0.415338148089771,0.374327946095254,33632.119232637546,2227.844946325247,38.530434417920006,0.0,0.9097507291447434,5.299812736787394,0.4272412013513049,528242.2863302024,2.016719751274785,0.47422734201783373,45631.93776261804,0.37540082346139236,425066.4621751412,3.040680582383855,0.3272440321488841,4.5711487966861615,0.2639024074886419,162598.08631121286,3.468439161751651,25649.1507494464,0.0,0.0,0.0,0.0,0.0,0.0,0.0,0.0,0.0,0.0,0.0,0.0,0.0,0.0,0.0,0.0,0.0,0.0,0.0,0.0,0.0,0.0,17621.704318580705,8723.531445440685,45488.82565445712,16513.047235868256,35173.216269783494,58567.84143465749,29016.43129668265,21794.375152960136,802.3528359614768,11156.124978113485,4641.740291004073,25834.048878391306,0.7344209507862909,39463.08100341823,7059.844661011407,2475.771219450316,5006.957526655702,28065.24185213272,8283.012162822482,0.3384290609335356,450.7257583577904,5508.005346517784,1.740957760711095e6
t145,306.7944059091414,0.0,2.185425927974216,31800.51329749659,0.2573235815254292,9810.970341592218,0.3225888824013661,0.357307870070028,2439.815659654581,17770.014062910606,2031.9414616354038,39.210862647816,0.0,2804.1171840303587,0.0,0.5836718334652233,0.8608046667115737,0.07313732028667179,0.23861951435367712,0.3288929600943894,3395.5098202101344,2104.511877996188,1100.1824615781143,380.469767081282,0.0,1503.228023154076,0.0,26217.262189620258,1357.6351685238888,42677.922974070345,0.615015379764964,0.41824072512869337,0.3778076997363962,33632.119849912415,2227.8455367973534,38.53035795005,0.0,0.9111258160603123,5.297598594693469,0.49207928767288267,464021.6533327715,2.020278436141084,0.4752759515462765,45631.932127314714,0.4232797351976005,391126.36025848176,3.042041619083705,0.32636164368558335,4.557143945546656,0.29105019122228093,151112.2937074533,3.4676243347679416,23878.417520412273,0.0,0.0,0.0,0.0,0.0,0.0,0.0,0.0,0.0,0.0,0.0,0.0,0.0,0.0,0.0,0.0,0.0,0.0,0.0,0.0,0.0,0.0,16791.494153036685,8304.745281224892,47129.332456068936,15306.796384693745,30423.673511724963,56670.465632850595,31260.43369027817,16961.793242185107,870.2019425136737,10850.431720689454,3755.238849071972,25957.846306807878,0.7256103373439149,34711.69312076885,7012.478030105864,2059.5040461967274,4348.374760761513,26979.255526820267,7783.982411550673,0.2860610236960348,470.12923010005306,5189.914738713019,1.6102759716526456e6
t146,306.79439731471314,0.0,2.1843662699665374,31800.50428589005,0.2583927272639751,9810.963947688408,0.32191921898913417,0.3581877274695115,2439.8157944117493,17770.014230465113,2028.4868512430621,39.141324881172,0.0,2411.710306733844,0.0,0.5718898220124088,0.846860713140598,0.07240912471458674,0.23545662775395218,0.3249817434235554,3395.508803908677,2104.510882562989,904.9532225303288,380.224998308166,0.0,1503.2280365526572,0.0,26217.24592782256,1357.6102795048012,42677.90467378733,0.6138056762657658,0.4180535840585713,0.37948142616195,33632.12040219516,2227.846022438062,38.522965306265,0.0,0.9093884442181994,5.289814482292228,0.4882559181247477,415256.85620510735,2.022737636129425,0.4742957382535824,45631.91296050494,0.4213821539839092,369353.07404832036,3.0433582969253323,0.32379955168930125,4.52576550938818,0.2868245284483497,145498.2884232304,3.466703764986354,21292.214232645438,0.0,0.0,0.0,0.0,0.0,0.0,0.0,0.0,0.0,0.0,0.0,0.0,0.0,0.0,0.0,0.0,0.0,0.0,0.0,0.0,0.0,0.0,14711.034760388331,8057.937314456884,47547.79828651689,13590.206257169368,26373.754589657558,56241.91353625264,34654.73988255495,16405.95242516365,868.7224343188233,9785.024326196693,3218.166481603851,26206.06489948496,0.7240466888625299,31081.065111250104,7152.607985239863,1694.044968049034,4162.227500096254,25716.794743294595,7450.937987106953,0.2824587462019666,494.98000256923586,4854.013959167025,1.5183762853100118e6
t147,306.79435422299827,0.0,2.1711737207612947,31800.479477301284,0.25866509354097345,9810.941656712443,0.3192201469953899,0.35743492528963045,2439.8157779142107,17770.014270411957,1708.5314183960852,39.075657417395995,0.0,2019.2578539150745,0.0,0.5523451319546258,0.8219896753294745,0.07123825254548977,0.23026770645410322,0.3185285513194408,3395.5076381094614,2104.5096557757693,863.632672790587,380.006053786374,0.0,1503.2280496231774,0.0,26217.207938698448,1357.5566438182996,42677.862475521266,0.6067738627054724,0.4148116602029611,0.37945660139802384,33632.12082468644,2227.8464081005977,38.522812370524996,0.0,0.9040378036447064,5.273723193492473,0.43120998561684604,384563.00132729905,2.024758709497719,0.47113850819863246,45631.87704011692,0.3793507888951524,354753.03008223703,3.045129539227318,0.3189238421741838,4.469584057696701,0.257058898251634,143500.57004185126,3.465508410443175,18181.566584253676,0.0,0.0,0.0,0.0,0.0,0.0,0.0,0.0,0.0,0.0,0.0,0.0,0.0,0.0,0.0,0.0,0.0,1.5016953780162134e-5,0.0,0.0,0.0,0.0,13126.438126914978,8072.843343397695,46151.82248071969,12168.178838257465,23695.691256510174,54470.046993833574,36320.54818652959,16360.42021554433,731.6950278209745,9719.614917977435,3063.9257963320083,26090.402171222227,0.6327327611373453,28389.397481874643,6677.19985931047,1616.6955598023198,4141.290667989246,24473.948057066766,7024.234124677195,0.29455691586136645,459.151809930267,4312.824057521641,1.4540177953223225e6
t148,306.79417966206887,0.0,2.1352113761944485,31800.43305271454,0.2581012347554862,9810.90063094133,0.314318610847816,0.3549484709404107,2439.8156079621795,17770.014076735828,1595.4111883240307,39.011381061731996,4.250917252719594,1626.7820774139757,0.0,0.5218649316254715,0.776557306075673,0.0695680750602968,0.22246116370303723,0.308698529715915,3395.5059773131893,2104.50779758733,706.5800035530264,379.75659348799,34.883736296761235,1503.2280399024464,0.0,26217.135105677607,1357.4524712984542,42677.78050764122,0.5931901288636646,0.4082512197614602,0.3775357490969615,33632.121029243535,2227.846697100418,38.52394364519,0.0,0.8940430731450763,5.24223376807801,0.4905251717086597,369828.35864392866,2.0264567894993686,0.46536080657379175,45631.81694565926,0.4238313779742968,354476.1247339101,3.047866585553291,0.3104450760849558,4.366956836212893,0.27925077490242667,143097.34763093645,3.4641488864801797,10094.03988493312,0.0,0.0,0.0,0.0,0.0,0.0,0.0,0.0,38.426608609124315,162.03785973925184,245.1397937708465,0.0,545.2885436310585,0.0006286617888540576,4.584247242158606,0.07017318540217327,0.04870672962307849,0.10349398484953753,0.059808323692574786,9363.94945770776,0.038404541830655704,591.1222082837593,10511.189191221982,8732.786878870691,45604.46139119836,11266.743998304823,23903.126230567963,50975.693783083625,35538.496125309706,15902.044768924497,683.2497544264425,8959.50893757736,2853.156397730152,24657.96118907003,0.4429556842050316,26452.277410436625,6530.17705831303,1322.703150729813,3695.8871642496656,23140.495721551593,6177.983179618697,0.2577512199157531,384.517737036465,3748.5616237654986,1.4248163670134281e6
t149,306.7933819256128,0.0,2.0044702514127577,31800.365941274464,0.25637608905024,9810.83423163472,0.30644020084512236,0.34942145966779575,2439.8152643673297,17770.013553408142,1579.20624403128,38.937960618624,209.57624356976763,1234.2915717781343,0.0,0.4666536415211563,0.6714355530037245,0.06719239807576027,0.2094130174006211,0.29093351321377353,3395.503839672895,2104.5064544765205,557.4116329898882,379.516073958322,331.10122014577183,1503.2272544159127,0.0,26216.981556637253,1356.924756051952,42677.60161234042,0.5693049597231584,0.39675140697149514,0.37084253218149654,33632.120774648516,2227.846885181043,38.52386717732,37.657922623381054,0.8767891458982312,5.176445297621458,0.4743302267423498,360889.1080134234,2.0269513448634915,0.454275873283332,45631.70088809079,0.4159188126289107,277442.65993078006,3.049742063935124,0.2931848696030806,4.0362066122714815,0.2626940396129746,11336.162614824527,3.4604996974393045,8294.974055193252,0.021806222840837605,0.5951737708808128,0.020130512653007172,3310.6261717581137,122.68016904848484,0.10913828536475205,0.21123571280397088,15191.93860086309,1887.2666348894275,15342.474676530328,7210.450631291233,14782.290885853856,21053.228703450306,2.600256737928745,35391.67702573843,0.935827161337558,0.6513524971875319,0.3943282538849921,0.5619555986756242,146878.52395477289,0.47840244008810245,4235.216630592087,7887.366468887291,8177.620531564774,42879.59304475216,8520.101421601283,24744.893111126443,47770.90208847973,33591.56912707652,15833.518979008246,676.3096578001416,7864.8249028553455,1615.7109263369416,24080.141505571457,0.4342949273287844,24504.529719053484,6209.763238517543,1043.4672818905563,3407.8366246820133,20548.718639826562,5475.0332848298285,0.21832071770240516,350.2531287973959,3294.823975512381,1.4371604339840433e6
t150,306.7704327944886,0.0,1.392125852377566,12086.470631122718,0.2418390031315992,3827.017699460078,0.2868752803330821,0.32307999021316003,2439.809182732786,17770.006166038573,1285.7116550580497,38.87185455036,786.9709639353753,841.7908789480873,0.0,0.34342579710585064,0.42889061696298003,0.06206983203243348,0.17547766841417772,0.24125930059858716,3395.3948344751784,2104.4023708915474,372.8364750862863,379.29712943653,734.4850111212966,1503.132845498905,0.0,25232.387595311855,488.7701231657795,42674.99872010689,0.5068020571678815,0.3634174782531647,0.3257114401149936,33632.11513056581,2227.841944625294,38.516474533534996,1175.6259316415192,0.8051224810219162,4.9789478146493735,0.33502788046347093,0.5334346044037932,2.0191176900863868,0.4026564705745809,45630.983742418,0.32227437858799013,0.24767959136074175,3.0287118560687163,0.23686312615148927,0.628237691829657,0.1855004846710815,0.15058013771002934,3.3294261502039038,7734.15774441742,1.0631400196870515,12.425084820022937,0.4624393553951245,39014.677113936064,116368.37853863928,0.6805999907309421,2.2039245536560084,258562.00543648397,7086.132228055817,38639.25969965745,23004.243300355694,108286.29276427919,69860.2933841276,11.060869436951382,188120.11221702053,2.898654705695073,1.4461190060099274,0.531108748595874,1.1763511971515432,385705.41963552084,1.3141140607469797,7964.270451184728,5403.060755387986,8080.282474018419,39807.8432432924,6701.961256712932,25319.235885412447,43965.3274243682,28230.874815170348,15511.601823492045,550.6113348911585,6700.130143202983,1339.1014820521705,22688.479233800794,0.40562211720215163,20641.118694155717,6100.0135395297275,697.9843076295851,2766.2232401961746,16057.721345538948,3933.2346732475175,0.10061752877416753,261.4983097161309,1993.4370012967884,1.7061268544905249e6
t151,306.76971328871736,0.0,1.336613954566594,12086.110456644124,0.23918078636906193,3826.9170464194617,0.27637527990748006,0.31607046089312274,2439.808584974422,17770.005223723914,1021.2046974032108,38.796139726632,738.6718461325528,449.32613119185595,0.0,0.2809742625315418,0.3500100911614723,0.05789368621469526,0.15415156300659746,0.21371146106476607,2546.663423208329,1578.4155305737995,96.30205262780301,379.045993474194,487.3801219560647,1503.1100807272367,0.0,10748.992491700003,2.0525099847774677,15932.400558628515,0.46186776059151047,0.33890571843711653,0.30859632580186874,33632.1096905299,2227.838459461815,38.516321597795006,3562.553643756296,0.7327042845889459,4.423488367705382,0.3245511657648309,0.20526350892391196,2.0097826640701846,0.3899605976247076,45630.80994275006,0.34185278033586713,0.2836184497942127,3.026562512627754,0.20508557348334905,0.41179621031997354,0.16785436613559568,0.061596824244623816,2.7846810736842365,4367.9664468217015,3.3385043357261726,29.098497806431034,1.1538280936504806,59300.38176785944,426802.7715224911,1.2769142188962397,3.3881716437331018,627903.7869991856,6651.231836348003,63954.713243066,30693.082568528065,223141.1289015081,101167.23524002702,18.613103373423208,311809.34999580786,2.307657366354071,1.0896001543638938,0.4086841742613299,0.8434879690083169,502366.8499940017,0.7732730607370091,5700.667557675174,2785.852285452302,6063.214597789142,29114.339782236617,3717.043419438437,17676.623281569126,34255.131515063,15212.36134575713,6439.903328332924,437.33078170271807,5350.606770636848,881.9137182848976,18091.54622262196,0.21323934635713182,14322.826504666644,3402.305835516509,181.70696660312348,1062.636176462259,9105.450037603065,1810.0092765145969,0.03873460337836368,70.07850662598122,944.7239011569327,2.6919108178337114e6
t152,306.76916555954057,0.0,1.3037508997395133,12086.042326183413,0.2364661340535752,3826.871893748008,0.26561740373853787,0.3093218260551005,2439.8078234430754,17770.004233894448,1024.8113682561702,38.735734990176,879.8612838147092,296.05319566721465,0.0,0.2612464692909077,0.32956718708320076,0.056294826169067336,0.14643876884329804,0.20404985138415319,1698.1932727822664,1052.6820213793685,82.65318664990092,378.802076719452,528.4215023775488,1503.1090381243182,0.0,10748.86676720024,1.818774710215178,15931.475538791516,0.43248408391766324,0.32378521057137594,0.30315220510426055,33632.10913913273,2227.838273095448,38.525642681295004,4935.228370045092,0.7018758283193328,4.243390343167599,0.3168028525569666,0.2658813313933131,2.009796000968185,0.37797740484556647,45630.654242061755,0.3364670451733908,0.28553339922678156,3.026050342084268,0.19531851621708027,0.3754737191065072,0.1618486333471638,0.06122080474803829,2.399078709116309,2614.34447414803,4.651758817649857,33.97006227191511,1.6617324885270528,74035.6944148001,631587.35162371,1.9127741333555979,4.141405020008658,680027.443852791,7922.506646987357,83240.7173044063,38767.471280422236,338226.4163551385,117855.5711556506,27.853706736894253,386444.7471916103,2.997937592289906,1.1678771510399582,0.534244586850446,0.8164547732157076,533027.7562187513,1.0230084871619571,4476.797400554172,460.1416048415505,5373.46227037635,23426.19203538394,1953.5840627734287,6148.14195915718,28498.198613659948,10449.383379707802,2629.0242182516436,438.8754102697686,4370.678706766228,974.9453395210281,16872.472104874774,0.2047919149792776,10442.813744929592,1703.245953967096,155.19327148084267,801.6187839790903,7653.14899147686,1532.931784743176,0.03569737673539956,62.13041636470924,1206.0392363422434,3.180538275020292e6
t153,306.76683686731013,0.0,1.256660866430229,12085.748785617057,0.2318067881024545,3826.763343377079,0.25140898426123376,0.3000687568382426,2439.804932464731,17770.004019504348,970.8247123372887,38.660484307931995,915.2980644651152,271.30075343657774,0.0,0.2538259127732932,0.32259463879056716,0.05556896868083105,0.1431549436933228,0.19988843200629317,1697.9883004256458,1052.4832295044823,98.06054778587216,378.57621841487,564.8160620020406,1503.1042900163056,0.0,10748.743213889851,1.6532648259677185,15930.94260240142,0.4011681685675589,0.3062858114384945,0.29656050310198234,33632.10146500197,2227.831085271221,38.51832650538,5744.156775192447,0.654275333388082,3.974981499570805,0.2827438522813367,0.28313566657092565,1.9923062526655022,0.35921999438210017,45630.3675016348,0.3021439776206158,0.25211416564385236,3.0192316494906533,0.19105387787819045,0.36275384035979086,0.1559039794554053,0.06281432432744037,2.2434942266938673,2348.929308192149,5.428223244844852,31.265526900368446,2.002181334198774,103914.59667231119,713129.0356584482,2.4931967624340197,5.43257727158122,698484.3574845833,8241.59100217064,104333.75824882172,48461.40191757066,455934.12009896,130544.54830881434,36.650514502120586,424444.700743536,3.451991258408141,1.2259369567033884,0.6630675763012366,0.844939372772229,550464.7772942681,1.2378175916011707,4895.542903172537,574.2317534334518,5619.258258186216,23503.584976557828,2263.077187666019,6586.5123068526855,26090.99656209358,8487.807487704931,4474.994099356377,415.75427671000335,3766.8216847578838,1302.6537475955736,16661.29845174558,0.34041902969537013,8533.420254090523,1266.5311398049857,184.2888914054045,883.9843387959942,9170.969129569334,1775.5654648899053,0.05673474412689218,47.35298352745766,1504.475213369036,3.526294700956171e6
t154,306.5791345551127,0.0,1.0738851020425575,12084.118264374354,0.2074382242236735,3826.2438332482457,0.22233872726939238,0.2623019649634777,2211.9458383734154,15948.593248478652,930.417199709353,38.596208215535995,1222.0122443296357,294.58267753645345,0.0,0.25476066257159335,0.32454847875963294,0.05556269742440783,0.14328470143500827,0.20004903205171906,1698.1830376764262,1052.6880507987128,167.1428012596062,378.33655090357604,581.7425075179844,1237.0061228483203,0.0,10748.327582459155,1.4055746027560747,15929.991871535482,0.34647544785688555,0.2695473676028372,0.2583049992314337,25224.337308644925,1671.103846565886,38.52637312438001,5240.1784570996915,0.44577698314922937,1.3991065981796356,0.23275891660673595,0.036375026040154336,1.715020003848258,0.29017298503739786,13689.336316718785,0.2539005157535529,0.04589207794412641,2.719993342478209,0.19054126799327833,0.3639854118129146,0.16055739410292516,0.06243774426833196,2.345345616347465,3751.5256289952476,3.0953607076383736,14.013599296622985,1.0467443877903901,131488.94297275145,761529.5054688433,1.573406045611777,3.1021195245858033,750144.5141842023,11004.842388080893,140689.335640502,49304.17811027778,568467.8203689866,131665.52638336873,42.342370581676036,420473.5232037364,3.6451388758635686,1.2589069336079057,0.7037953181350801,0.906690742892032,560773.8290823029,1.3168919305797742,5029.734568853173,700.5379679404368,4762.08486760281,24050.78952850498,2255.4466894989205,6996.821564690366,25962.815416537327,7895.738886524628,4935.848629115441,398.34519399445503,3172.564680999771,1902.6531761070935,18532.849589228237,0.37545850146401666,8003.3925462978,1367.361965498426,315.79954607640485,1319.2867579964175,12162.434292228292,2299.4318376224164,0.09243624390178845,95.45951530599426,1789.3836511860256,3.7778510726348124e6
t155,306.621683901406,0.0,1.0703615722999908,12084.11206777442,0.20672299228884808,3826.239488027131,0.22102120211967552,0.2610805280200808,2439.4408411848867,17769.504445457085,934.8468152131477,38.520493655075995,1304.9340967134247,445.7735511123839,0.0,0.26303876062597037,0.33397722349282116,0.056171702209452515,0.14624594659031734,0.20374527315207347,2546.6982424299404,1578.4489917952926,484.4018893416833,378.116181900526,971.4543148639311,1499.464726054167,0.0,10748.326465793536,1.4056835648164139,15929.992805296046,0.3483738201413439,0.2704224560168838,0.25966361743870126,25224.383611588502,1671.0687356499104,38.518980480595005,6366.324395844835,0.44580672549666256,1.3982538243634353,0.23354964072841436,0.037889383812203026,1.7246366704743854,0.28789432389673586,13689.327012230862,0.25146526457696117,0.03859686678592089,2.736844644570226,0.19332676376070834,0.3747342050773379,0.16124066158990902,0.047393940032397205,2.693406097287541,8989.109022936815,2.3773035585803837,16.736170470781044,0.8937144045485198,149059.10095948787,783512.7016934807,1.5695410191600292,2.3866570506999425,759405.9656377136,11750.960244957809,168138.87413989432,45237.058242189705,619819.9629156574,120015.52138461439,43.2365616722299,390377.8406474156,5.350249901172229,1.7502867248462337,0.8758682390356858,1.1812767235855495,544640.0218593937,1.541188533012889,9518.447081315715,1906.315531045978,5648.524488388239,28008.46931394235,3969.947616907022,9789.158890231052,32291.756970156828,11547.333822994264,9248.360315028498,400.27249549522907,3280.481499057902,2910.89392171095,21897.694417745122,0.6635520450992692,10599.920822133381,1807.503946076438,959.8051251013791,3035.8121793180117,22850.432028173003,4323.6052684287915,0.13524063016663437,228.97978491239283,3317.814690577236,3.908859535951435e6
t156,306.7669867000637,0.0,1.261707354681965,12085.950883682457,0.23190340923534097,3826.8133174866043,0.24911843460625724,0.299557867724422,2439.802255087322,17770.000291882763,840.4575930361887,38.458511416764,1075.3323801080812,832.3585907453881,0.0,0.30097698799346234,0.38680914861288995,0.0594153867789202,0.1625383826250271,0.22575940786868642,3395.4079477872738,2104.408393041772,892.1272475858615,377.888647097498,1081.1820459396374,1503.1076329006273,0.0,10748.73591749717,1.6238164487921036,15930.847898751392,0.4079453097318444,0.31124459737006616,0.3028441652142082,33632.10541424126,2227.8321148004425,38.51915190856501,6199.219260890814,0.6544102341892432,3.9242585501670453,0.28884329231312056,0.3071058759605714,2.007269369349843,0.3576831329558022,45630.40345593924,0.3024722417483807,0.30904655611048837,3.0163876446227196,0.21620111879594905,0.4686100803158098,0.17807995150010453,0.46439804508633553,3.3422337297646805,3540.435118554885,5.871013519463888,22.460660931512642,1.7359140138182558,152575.2384211908,760029.7748649302,2.958562869525459,6.042923867439549,734793.3748160822,9682.524602964102,190846.57521631208,42449.272930144456,606615.1306042791,111714.15954873727,44.043905398671505,367168.30084113346,5.94311863104689,2.1729751313780916,1.2088642482347567,1.4665909165349997,490849.8286674607,1.9488366993390085,9755.351149776188,3819.864420144622,6216.341626557093,32724.194438812206,5229.898645985302,12451.882549990485,39190.22656671177,19091.057366083907,12437.120645699311,359.922503314693,4170.752952681783,4244.670339431733,27852.96657891886,1.1632107875071922,14604.886677289172,2326.6295471533153,1670.0638115142992,4003.472080702321,26812.187162699185,5285.0197972523865,0.3191779390199088,460.534987392647,3634.8210558814426,3.8697032028659876e6
t157,306.76927539268087,0.0,1.2959114696734018,12085.936663857452,0.23585712933063194,3826.846548473862,0.261835107725229,0.3074844006141063,2439.803979250823,17769.999894989567,1260.4116930006837,38.380966880436,1189.7414123652823,1224.8047977398007,0.0,0.3301673517673237,0.4255230825040196,0.061194526536018375,0.1719836589578369,0.23862798526438336,3395.453675292782,2104.457308746506,1228.0000116450258,377.644730342756,985.761615098177,1503.1113507054808,0.0,10748.830684782999,1.7355571384386785,15931.12692580218,0.44229865615562497,0.3296601083861667,0.31357423384092986,33632.11064804671,2227.8390255053814,38.51183573265,6069.00840970468,0.6958990888292848,4.156155917682899,0.32336976189179784,0.28240189696202816,2.0190685118835825,0.3738005042337363,45630.561463864964,0.33612169115531054,0.2699012533652796,3.0243387276336744,0.22398783151836826,0.523339389610508,0.19350416450046662,0.5128424714812736,3.4009471437623513,397.03379707391866,5.743420332295569,20.693038769483554,1.5249902009778293,156588.5026110421,763222.6550367438,2.6260831227366954,5.6848303704679015,684448.662871731,10712.631817921085,178138.32985021203,39953.31924353777,612541.4153426472,110250.83066776788,44.71736069332219,359208.2558664982,5.223971444818357,1.9767794814720312,1.0943675693478423,1.348847916594124,420940.3658724877,1.9648723995655215,9600.758110601319,8337.524996885104,7698.855924487775,33513.47520444415,6676.71560580538,17166.49060650692,45971.61331688933,24949.108906395642,16128.70674492452,539.7760389256352,6526.669810107283,5009.205601801127,34289.17968828723,1.4309840820584323,19333.760137083766,2919.0484181628285,2298.8007108231072,4699.972723937774,29600.03797235428,5514.823496435508,0.45670365828935816,476.0506284113695,3461.959775603478,3.785246621917002e6
t158,306.76971921777414,0.0,1.3259329310966692,12086.047292402262,0.2385008634036187,3826.89807665213,0.2711649726414825,0.31348206422490804,2439.8033198605717,17769.999830265075,1734.518254624018,38.320561880712,1380.9499001431584,1617.3001893678947,0.0,0.36687663024370726,0.4783803092366706,0.06309021866202388,0.1824150182402832,0.2532653660022124,3395.4536318383193,2104.457128880244,1427.9690005019854,377.41278273545606,846.3941227985814,1503.1118347170493,0.0,10748.887851294692,1.8633727232716513,15931.372711814654,0.47409556956419124,0.3462755462357838,0.32330196212708934,33632.11123111386,2227.839193549546,38.51168279691,5919.844417818951,0.7181359286797566,4.259347867259328,0.3276781543913545,0.27099004955491185,2.0219825039847708,0.38411665204683687,45630.67869428616,0.33897632398192024,0.288027777649719,3.0263416742957836,0.2333866668250628,0.5931408294236236,0.20023257777399356,0.46409506029828185,3.4008893958214155,267.68250601932067,5.5992136862709305,17.567731910946122,1.3972462721901826,146333.1576874035,729143.3038398763,2.5344793351559094,4.627319767448654,638904.1120761229,12434.250757540967,162810.93191173123,39361.09643261041,614981.1743435283,103790.88766378131,43.071721080236436,327524.63426098117,3.8725354934793446,1.6765612173016395,0.8844983278097251,1.202430250666447,376654.24165482837,1.9503540114727325,8689.4830481685,12059.320045511178,7821.962156431774,34155.552210208276,8542.17958270702,22046.988496081256,56215.97846171529,24839.27480595181,20967.438315965257,742.821222571197,9673.50389348648,4696.920851026801,41999.665175583774,1.5305063454014483,20726.258244699795,3626.5724547794534,2673.1299189107376,5177.892007136489,31159.78389464065,5496.204951553734,0.5887563238572,487.6510596459072,2916.1081932072107,3.642014344402625e6
t159,306.7698545561348,0.0,1.35358550841728,12086.090573846228,0.2406563149904085,3826.938125752211,0.2793532068084963,0.31882849672227814,2439.802371795698,17769.9987378269,2020.3905420057242,38.244847320252,1492.431974982409,2009.812433522844,0.0,0.42367354683836506,0.5727359366193663,0.06538961788521204,0.19597134236755934,0.2724650229930625,3395.454417997186,2104.457929360972,1668.0475105937262,377.19467020418205,705.073392609924,1503.111835512868,0.0,10748.957555680068,2.0351539374968057,15931.689755512452,0.5099997373507055,0.36412129594163367,0.3337208475824409,33632.1116481795,2227.839371571184,38.504290153125005,5724.407285032554,0.7379999284155835,4.358983538732399,0.31212885368519255,0.260480724711659,2.0227266769362253,0.3925901886937679,45630.79573937494,0.31943843199108485,0.27915088200113497,3.025671748105753,0.24584458572612572,0.7085822473969984,0.20256667286406457,0.4759623707525339,3.403924943957098,209.85380796342872,5.410768604624477,13.497620786438059,1.3232420622372125,130429.76686332261,671539.1190708351,2.529432537715543,2.971203604864865,625767.2118609358,13438.04264031582,153767.21141824638,51996.051020875784,628351.9819210072,100420.83290426999,37.06099598664891,313262.5043441978,2.866544080479329,1.3882625640695014,0.7386274037721842,0.8426233627295263,335918.3375507442,1.9284398817980837,7269.555947542767,15145.610027736448,7890.081254739654,36050.36038605004,12211.700036652443,26090.538082379353,62094.30181497632,23652.72842696443,20503.642200967945,865.2518656884812,10068.945830050918,4374.994824476883,47689.161459805815,1.7305951316194423,24376.257680283677,2985.641788164309,3122.5413191279526,5769.279202180725,30180.132221120453,4205.170077781873,0.7133650964712019,566.1923680047142,2512.105785216539,3.5384999442937267e6
t160,306.7699899515291,0.0,1.3820499299093771,12086.141221584676,0.24263154227173672,3826.9824494445534,0.2872142537341895,0.32392236773518485,2439.8013174059956,17769.99767260827,2039.2600274094555,38.181035106071995,1238.6020060241804,2402.3332480657064,0.0,0.6030167448625947,2.2920495570829607,0.06974273272694054,0.22721161686250263,0.32010446940149534,3395.4895111617675,2104.4914756980543,1706.863175569459,376.949901431066,591.860549240625,1503.111840942132,0.0,10749.055126160063,2.307405741255078,15932.170841759413,0.5542318474724929,0.3844074949573669,0.34530056297785194,33632.112121984246,2227.839559091411,38.521810791365,4881.704141534453,0.7595465744252946,4.470283334403893,0.341292827144443,0.26428817958844514,2.023829131772031,0.4005321081965549,45630.92004003397,0.3462185590384626,0.27930734664768736,3.025059857074846,0.28656716324504145,2.2997536364012134,0.2614673539421603,0.5338851467561657,3.448179646444919,197.47655558990226,4.600929346112206,10.552405915544387,1.2067143376396705,120118.38395143455,615157.4031353422,1.8094044645250116,1.5028542516423447,602662.4634419575,11152.566781036396,128676.05816873832,44851.264158357044,611452.060792836,92548.16545469825,27.50164483058643,280851.38122752873,1.7334188889320337,1.1929897141764623,0.6310081765913835,0.5178496587356944,265060.10476468696,1.8523794167424705,4661.708936197714,15296.586109554193,8628.010238293933,34016.20860945499,12730.812552713713,27401.608324661836,58544.26558845014,19851.814861797055,21434.778946635095,873.3331101080445,11462.281887914884,3900.99316604145,50806.020559075965,1.834639157678468,26837.432579029588,3134.772058588269,3195.175697772316,6291.0073829856,27917.114838383473,4305.170025465104,0.713386583839772,522.8670969126571,2623.2313824521602,3.282165410572161e6
t161,306.7705761959163,0.0,1.4332195013736886,12086.389973809568,0.24471077397810787,3827.06876021853,0.29554408749088196,0.32961003437079994,2439.8001759942545,17769.99666902764,1876.2327293432563,38.105320545611995,826.3191116366611,2794.853908560526,0.0,0.9327919405357836,5376.678084312621,0.07439059124650038,0.26738428823757576,0.3926888536717708,3395.4988558606547,2104.5012238617683,1585.0293267687648,376.698246413462,344.99647858029863,1503.1123246266186,0.0,10749.246623525576,1669.2848373867912,15933.207006790242,0.6156285184550598,0.4102583285893923,0.36130441274984654,33632.11250971109,2227.839763388694,38.521657605730006,3884.1980295192834,0.7883995824996071,4.625562469079093,0.35338255021596343,0.2829862630426868,2.0264568696597833,0.4103631220728369,45631.06087060576,0.34828917744217414,0.2966469808182684,3.0261064048837425,0.3403447452766693,4.877435979460045,0.3722212538950546,64245.77981133276,3.461174908222421,1797.668422843442,3.6484825721752263,8.019547658928158,0.9572392505888043,114033.34178033867,544664.0428171718,1.1734279605399576,1.1084851374976583,497976.4619864747,7440.418604599528,89889.5547875131,26861.491162057097,499260.2580513384,69628.44827212651,15.963850921732734,189386.32520402604,1.217907510365236,0.6875505807804934,0.3966285410206591,0.2560740854864193,194231.71174315398,0.6150073335194733,2047.2340399294083,14201.834552211287,7280.4645583574975,28764.51978278835,15604.556814183421,28897.063577054465,54769.632252118114,19473.16234344018,21062.083509846292,803.5133249312369,9011.91360927649,2652.4264870124903,51431.335958072355,2.245140837934022,29951.72422614349,3407.912540738727,2967.102399920247,5730.305015745106,23617.038871556368,6002.288876943768,0.7111905772867261,621.3178274101901,2510.203070883854,2.800704226780433e6
t162,306.79364092176115,0.0,2.081598903146555,31800.408564771944,0.2589130664657624,9811.002437928275,0.313715376530279,0.3553180678859434,2439.8045059232013,17770.002073568827,1533.8658587009759,38.041032606155994,262.3185656883998,3187.3683874852627,0.0,1.0575176890163993,8398.13563925983,0.07659385216962349,0.2814753743493776,0.41417377929762533,3395.498267294207,2104.5006472591035,1355.2164186050431,376.47844987329603,110.80540743112914,1503.6589075832617,0.0,26217.748478654397,4636.343910237951,42678.20731243096,0.830894751940096,0.5015498746579432,0.5162073459441225,33632.12575922185,2227.850974580132,38.51434167971001,2532.7693481342476,0.9250825961409518,5.289369785907564,0.6065901023922364,96658.62045165466,2.0486831922445403,0.4614475001581554,45631.76954238996,0.37669037834273617,321845.93706146907,3.041979793597199,0.35465156256420927,5.041577580645525,0.34724489635109895,170105.63970459485,3.459571744512033,4455.707353005218,2.3792730654174523,3.152277954436399,0.3801744597207142,78395.5224642696,447222.0671051276,0.45215486913391356,0.5340670752329864,280667.23103496805,2362.156432363747,28603.71234376153,10975.689884946712,277301.3165513242,26854.426052088344,4.742585938686041,79314.61409513744,0.46729933297109283,0.1943435638325832,0.11349795993171168,0.07096839806463202,84972.76597707019,0.07762012753063567,630.3190354008326,14999.603571281277,6271.130557645256,26081.65525771473,18788.261373704605,30846.97738908466,51530.702169177486,16078.245508517139,21543.190426801015,656.8917003435531,7825.940240504027,2295.048818116723,46418.46046260761,2.290266081120811,28723.04601854489,4906.889499708245,2536.907066247636,5201.973192097227,19650.555743282916,5134.77797686086,0.5897761671659316,609.0453772086148,2234.6263162247583,2.4647329678372922e6
t163,306.7947890742837,0.0,2.239848828460057,31800.51245195808,0.26064034474572984,9811.086865205565,0.3206918910271192,0.3602135723925129,2439.803029827969,17770.000940302838,1326.4465117656862,37.965793770972,11.864243166897703,3579.872869753165,0.0,1.1223119773897874,8398.287156497792,0.07811630599285742,0.2902030523254962,0.42635259350091914,3395.497365686525,2104.4997351751276,1459.5803512368673,376.233777901484,4.53706364302975,1503.7326521353039,0.0,26217.879441127057,4636.692016221212,42678.39333559031,0.9085382420450938,0.5297571722304688,0.5537973552148431,33632.12557172746,2227.8509663272243,38.51418874397,521.3599875692175,0.9461835156285453,5.372529885724053,0.7154167608597671,650293.2744652936,2.0467617690769533,0.47197207518689904,45631.917928701034,0.4297902382804048,647995.5195520427,3.036656997002966,0.36118381104389846,5.084455542635223,0.40708870015372,235864.69917163026,3.45928604258872,3376.8385338849885,0.45261845458768357,0.14669807322251077,0.026146752070216592,19791.056124635274,131688.48647008033,0.019895721380293892,0.03313457307331891,68989.1886385203,106.99432383954206,1554.0558599671026,469.43332111658856,57231.82115405496,2442.353056329023,0.3036861005498049,10632.27458124208,0.013303268931895419,0.005140621649966422,0.002580477908661082,0.0022529492395111156,8283.616232314916,0.0017296806469813831,34.41649331595962,16255.580295257321,6819.323709697825,25180.325896038816,21041.325579757744,30141.825293015198,50834.70999125454,16380.854436528876,21335.713502182763,568.0600168936699,9376.452982552702,1614.7056282712308,41734.1647649182,2.875118885226981,28979.077425269,8713.729229047769,2732.2696613041117,4804.041621923299,23857.759033565653,4026.5942647385095,0.7297613193333463,556.3341621144285,2074.523492661157,2.3957268818619214e6
t164,306.7942509331208,0.0,2.439016526386104,31800.690686916278,0.2609296807536895,9811.290909156522,0.32513732465517686,0.3612665086537058,2439.801420122946,17769.99929203807,1503.4935379266046,37.905377187456,0.0,3972.3583615415228,0.0,1.1596040182055418,8398.36729175433,0.07913118438122785,0.29553828431217416,0.43327874070111616,3395.496165362873,2104.498510183424,1406.1330334497336,375.98932206361803,0.0,1503.9345135668893,0.0,26217.99930699231,4636.788883847438,42678.546179602105,0.9477274103706426,0.5386244946981662,0.5799614734523728,33632.125510117825,2227.8508259594346,38.507120463895006,0.0,0.9586749103587531,5.392764164835284,0.691811770226742,797785.7752234039,2.0473925299165177,0.4793465765107705,45631.894112055495,0.4314548584164932,677827.4612718207,3.0354850653656094,0.3649641596721444,5.112902083991891,0.4087395690917842,235415.62104266117,3.4576815460286534,5750.570929110363,0.0,0.0,0.0,82.83671726164788,1236.0217845298253,0.0,0.0,541.625656881076,0.0,0.0,0.0,59.64099897400377,0.0,0.0,0.0,0.0,0.0,0.0,0.0,0.0,0.0,0.0,22617.976068915283,6842.0435807275035,29185.57070679292,29123.49780496948,35871.33688833427,50971.452573189425,19225.009744961608,25955.070292980647,643.8843481352816,11468.470376814714,2219.4714432623014,51867.80182689235,3.4852638888794676,24253.864535194083,11125.063882914617,2632.2195754444697,4381.448143892406,22228.074752509536,2983.088372375284,0.9770655877960275,571.2775518728367,1491.5650545844449,2.314282469523006e6
t165,306.7949784604383,0.0,2.282430800222042,31800.570725010424,0.26005470981395856,9811.156080601468,0.3258430074978502,0.3619570069732699,2439.7990440970943,17769.99687572421,1166.8720835694835,37.829674210788,0.0,4364.792693901223,0.0,1.1772614165863844,8398.409412250257,0.07969158933403991,0.2979626653216474,0.43578467747910915,3395.494440360196,2104.4968106453057,1141.2454553698253,375.769525523452,0.0,1503.742707759375,0.0,26217.980220751655,4636.832080048538,42678.52220185153,0.982775171122154,0.5563292793888004,0.5740080424285576,33632.12455638653,2227.8503382132,38.506967528155,0.0,0.9664037926181253,5.435971604173882,0.6791843656352502,739858.5794369369,2.0458926287480637,0.4791824122513249,45632.00292565348,0.3820344543314478,646450.2425165762,3.035142678071198,0.3667727154961014,5.158594423270182,0.36178841418096463,232876.15177048766,3.4561536090454594,7102.626161606811,0.0,0.0,0.0,0.0,0.0,0.0,0.0,0.0,0.0,0.0,0.0,0.0,0.0,0.0,0.0,0.0,0.0,0.0,0.0,0.0,0.0,0.0,24907.96523783235,7048.106525986652,30495.02567790109,33751.92599285678,40032.36978431085,51686.78466223839,20772.01974704836,28614.623277020306,499.718911429893,10611.098772560295,3229.230645812229,58542.378880433345,3.4226111253649987,24344.09334513683,14239.623792227916,2136.366876041664,4136.23623039367,18038.81266023538,2999.2040781043274,0.9999721052812172,450.91536386146055,879.617021205624,2.2434186309688566e6
t166,306.7947161698339,0.0,2.2581321104069936,31800.539011761884,0.2583090422571743,9811.162697408585,0.3251474694591992,0.3603509305451651,2439.796532980734,17769.994270773263,997.0835479120103,37.763556295464,0.0,3981.7498521913863,0.0,1.184625207848962,8398.42835352839,0.07981561727172193,0.2983027327791081,0.4357202092840981,3395.492383314107,2104.4947700273387,957.134224170222,375.52560876871,0.0,1503.6828522561484,0.0,26217.982974775718,4636.860069981452,42678.5409878814,0.999768542679118,0.5624063726476386,0.5753251110174041,33632.12401542403,2227.8497436849543,38.50785090698,0.0,0.9691912226175105,5.431154628468828,0.7470497655128504,685830.5980248217,2.0449069563518614,0.47926647312681325,45631.99925865034,0.42376152376815324,590627.3101830555,3.036858999690842,0.36611283160388874,5.175500764472102,0.41141123530190626,219510.78788219497,3.4556542635100995,9575.439956535354,0.0,0.0,0.0,0.0,0.0,0.0,0.0,0.0,0.0,0.0,0.0,0.0,0.0,0.0,0.0,0.0,0.0,0.0,0.0,0.0,0.0,0.0,22980.686692324503,7409.923567044785,29594.966917887894,34088.73667479025,43779.52104001702,50489.36839799447,21343.709217835894,29575.223940972253,427.0034699161968,9078.183732421776,2682.7497432456466,61398.13658735254,2.821278547405336,24781.266077793374,14681.468102622794,1791.7222620580703,3395.0497877651014,14864.533258027544,4177.901815556964,0.8730931055138016,355.0051825648416,919.5229160288834,2.1223358958533537e6
t167,306.7946491189791,0.0,2.2441734558531716,31800.534553544254,0.25595847363020313,9811.158719440475,0.32277439474754577,0.35726604032511705,2439.7936509656097,17769.99091901313,1124.6963538916655,37.690147436147996,0.0,3589.3277275163036,0.0,1.1823315792273106,8398.428967739312,0.07950517584693025,0.29658802833794423,0.4330463449700863,3395.4898525469393,2104.4922790290566,1027.7374369932993,375.27319936853,0.0,1503.6679111304436,0.0,26217.98777932481,4636.874398707545,42678.5519883966,1.0105493272691064,0.5649472863142732,0.5764247055066697,33632.12307007705,2227.848959592878,38.51684762677,0.0,0.9711431406191213,5.426565633272749,0.7404274709297141,602570.2030367476,2.044490081292728,0.4781017522761819,45631.99055675354,0.4170157563613962,519621.2266678264,3.038894458581225,0.36266668133424246,5.16971836333289,0.4051099399798522,201429.49533251757,3.454164727204558,5094.089779151496,0.0,0.0,0.0,0.0,0.0,0.0,0.0,0.0,0.0,0.0,0.0,0.0,0.0,0.0,0.0,0.0,0.0,0.0,0.0,0.0,0.0,0.0,22721.36047680958,8017.981423726023,30479.76726609322,33170.69883552916,45395.313050799,47960.21226424719,21804.581025899464,28183.29330012646,481.65626419857676,7762.405973687823,2717.579612298831,63472.93243442483,2.610236547359494,26969.974102924127,14282.942229241542,1923.887041020003,3397.6613182897822,12286.07692514738,3742.549959501923,0.7911195377698228,450.70584317519246,740.0250402543377,1.9434588223907533e6
t168,306.79462042402736,0.0,2.2226949609257987,31800.515147581205,0.25284368903541277,9811.139363882961,0.31842771273410597,0.352475349729008,2439.7902888082463,17769.98699593518,1157.565772939569,37.625859759959994,0.0,3196.8453709442165,0.0,1.16843772874017,8398.40854658562,0.0787044360277204,0.2927130633468286,0.4275610835105644,3395.486707638219,2104.489244132304,876.8073319114199,375.02928261378804,0.0,1503.6675334956058,0.0,26217.98857936849,4636.878356022029,42678.55515625047,1.0138645549641334,0.5641561190637738,0.5754253518447571,33632.12195243915,2227.847962466808,38.509779346695,0.0,0.9720952169468394,5.425441738934459,0.6831763141212102,520289.1501830608,2.041342743692053,0.4758132963034592,45631.976702998574,0.3709744730215609,459272.6675839475,3.0361984807453495,0.3608499889401753,5.154263076720049,0.3553988903992167,180313.27878216852,3.4513278293902414,4023.8754450305737,0.0,0.0,0.0,0.0,0.0,0.0,0.0,0.0,0.0,0.0,0.0,0.0,0.0,0.0,0.0,0.0,0.0,0.0,0.0,0.0,0.0,0.0,20460.803788085745,8128.5128773461065,33186.0035832917,30497.32261427787,43593.55699193665,43944.62720075077,23446.058593291447,25886.233725662125,495.7333090539194,7007.345094908657,2510.325698877581,64385.69892532343,2.392197222775967,26956.2841511326,13733.788335128249,1641.3534664026024,3553.329253002467,10610.813582218381,3415.7103863531293,0.8036093776732076,411.0717988004695,641.6035776916616,1.766675969495987e6
