Resource,MIDAT_conventional_hydroelectric_1,MIDAT_hydroelectric_pumped_storage_1,MIDAT_natural_gas_fired_combined_cycle_1,MIDAT_natural_gas_fired_combined_cycle_2,MIDAT_natural_gas_fired_combined_cycle_3,MIDAT_natural_gas_fired_combined_cycle_4,MIDAT_natural_gas_fired_combustion_turbine_1,MIDAT_natural_gas_fired_combustion_turbine_2,MIDAT_nuclear_1,MIDAT_nuclear_2,MIDAT_onshore_wind_turbine_1,MIDAT_small_hydroelectric_1,MIDAT_solar_photovoltaic_1,NE_conventional_hydroelectric_1,NE_hydroelectric_pumped_storage_1,NE_natural_gas_fired_combined_cycle_1,NE_natural_gas_fired_combined_cycle_2,NE_natural_gas_fired_combined_cycle_3,NE_natural_gas_fired_combustion_turbine_1,NE_natural_gas_fired_combustion_turbine_2,NE_nuclear_1,NE_nuclear_2,NE_onshore_wind_turbine_1,NE_small_hydroelectric_1,NE_solar_photovoltaic_1,SE_conventional_hydroelectric_1,SE_hydroelectric_pumped_storage_1,SE_natural_gas_fired_combined_cycle_1,SE_natural_gas_fired_combined_cycle_2,SE_natural_gas_fired_combined_cycle_3,SE_natural_gas_fired_combined_cycle_4,SE_natural_gas_fired_combustion_turbine_1,SE_natural_gas_fired_combustion_turbine_2,SE_nuclear_1,SE_nuclear_2,SE_small_hydroelectric_1,SE_solar_photovoltaic_1,SE_naturalgas_ccccsavgcf_conservative_0,SE_naturalgas_ccavgcf_moderate_0,SE_naturalgas_ctavgcf_moderate_0,SE_battery_moderate_0,SE_nuclear_mid_0,MIDAT_naturalgas_ccccsavgcf_conservative_0,MIDAT_naturalgas_ccavgcf_moderate_0,MIDAT_naturalgas_ctavgcf_moderate_0,MIDAT_battery_moderate_0,MIDAT_nuclear_mid_0,NE_naturalgas_ccccsavgcf_conservative_0,NE_naturalgas_ccavgcf_moderate_0,NE_naturalgas_ctavgcf_moderate_0,NE_battery_moderate_0,NE_nuclear_mid_0,NE_offshorewind_class10_moderate_floating_1_1,SE_utilitypv_class1_moderate_70_0_2_1,SE_utilitypv_class1_moderate_70_0_2_2,SE_utilitypv_class1_moderate_70_0_2_3,SE_utilitypv_class1_moderate_70_0_2_4,SE_utilitypv_class1_moderate_70_0_2_5,SE_utilitypv_class1_moderate_70_0_2_6,SE_utilitypv_class1_moderate_70_0_2_7,SE_utilitypv_class1_moderate_70_0_2_8,MIDAT_utilitypv_class1_moderate_70_0_2_1,MIDAT_utilitypv_class1_moderate_70_0_2_2,MIDAT_utilitypv_class1_moderate_70_0_2_3,MIDAT_utilitypv_class1_moderate_70_0_2_4,MIDAT_utilitypv_class1_moderate_70_0_2_5,MIDAT_utilitypv_class1_moderate_70_0_2_6,MIDAT_utilitypv_class1_moderate_70_0_2_7,NE_utilitypv_class1_moderate_70_0_2_1,NE_utilitypv_class1_moderate_70_0_2_2,NE_utilitypv_class1_moderate_70_0_2_3,NE_utilitypv_class1_moderate_70_0_2_4,NE_utilitypv_class1_moderate_70_0_2_5,NE_utilitypv_class1_moderate_70_0_2_6,NE_utilitypv_class1_moderate_70_0_2_7,SE_landbasedwind_class4_moderate_70_1,SE_landbasedwind_class4_moderate_70_2,SE_landbasedwind_class4_moderate_70_3,SE_landbasedwind_class4_moderate_70_4,SE_landbasedwind_class4_moderate_70_5,SE_landbasedwind_class4_moderate_70_6,SE_landbasedwind_class4_moderate_70_7,SE_landbasedwind_class4_moderate_70_8,MIDAT_landbasedwind_class4_moderate_70_1,MIDAT_landbasedwind_class4_moderate_70_2,MIDAT_landbasedwind_class4_moderate_70_3,MIDAT_landbasedwind_class4_moderate_70_4,MIDAT_landbasedwind_class4_moderate_70_5,MIDAT_landbasedwind_class4_moderate_70_6,MIDAT_landbasedwind_class4_moderate_70_7,NE_landbasedwind_class4_moderate_70_1,NE_landbasedwind_class4_moderate_70_2,NE_landbasedwind_class4_moderate_70_3,NE_landbasedwind_class4_moderate_70_4,NE_landbasedwind_class4_moderate_70_5,NE_landbasedwind_class4_moderate_70_6,NE_landbasedwind_class4_moderate_70_7,Total
Zone,2,2,2,2,2,2,2,2,2,2,2,2,2,3,3,3,3,3,3,3,3,3,3,3,3,1,1,1,1,1,1,1,1,1,1,1,1,1,1,1,1,1,2,2,2,2,2,3,3,3,3,3,3,1,1,1,1,1,1,1,1,2,2,2,2,2,2,2,3,3,3,3,3,3,3,1,1,1,1,1,1,1,1,2,2,2,2,2,2,2,3,3,3,3,3,3,3,0
AnnualSum,0.0,0.0,1672.0944645945726,5631.7316969183275,9.389707626181645,2553.3219941697844,2135.9194061928124,2466.530706981934,0.019949299115919437,0.02411967111429484,0.0,0.0,0.0,0.0,0.0,5005.370473044758,3493.8375671720564,4.583834177282669,29.438079292290677,1515.7656865492308,0.02094856484287091,0.022323866613878494,0.0,0.0,0.0,0.0,0.0,6623.282889598949,4292.2116646474915,10554.78229117794,0.8932188157712174,2.604462589215656,15.036933205909726,0.029277288960667024,0.023710381644045597,0.0,0.0,0.9837893373232711,2.028672701022992,1.7217946314270778,0.0,0.04766252813880265,0.8496241342722739,11712.59700629777,1.7933001562605844,0.0,0.04600494574034195,0.7673173285069305,2.019201237800879,1.679843182986738,0.0,0.03634727043582616,0.0,0.0,0.0,0.0,0.0,0.0,0.0,0.0,0.0,0.0,0.0,0.0,0.0,0.0,0.0,0.0,0.0,0.0,0.0,0.0,0.0,0.0,0.0,0.0,0.0,0.0,0.0,0.0,0.0,0.0,0.0,0.0,0.0,0.0,0.0,0.0,0.0,0.0,0.0,0.0,0.0,0.0,0.0,0.0,0.0,57731.50596957848
t1,0.0,0.0,0.0006675276725796614,0.0001447016447067836,0.00022769052202763974,0.00014509614217221104,0.00037268261754161777,0.002772756484636589,4.561113457346942e-6,5.488697332802227e-6,0.0,0.0,0.0,0.0,0.0,0.0005545365535686339,0.00019633824256089612,0.0006081451666342486,0.0017639017883160789,0.0006702095695240199,4.842550132709679e-6,5.144767993238365e-6,0.0,0.0,0.0,0.0,0.0,8.529053283862292e-5,0.00024483043579733157,5.674306234832719e-5,0.00010127816637904815,0.00030254211674392653,0.0016720524128316944,3.275324321161993e-6,2.6114854458915737e-6,0.0,0.0,7.52265968357381e-5,7.568264234112897e-5,0.00019015329379911007,0.0,5.177970952449473e-6,0.00010677394686870997,0.00014260563758208323,0.00023507265647299469,0.0,8.796859802185217e-6,9.136993075699247e-5,0.00012172038340960115,0.0002251896704026806,0.0,7.715514729613975e-6,0.0,0.0,0.0,0.0,0.0,0.0,0.0,0.0,0.0,0.0,0.0,0.0,0.0,0.0,0.0,0.0,0.0,0.0,0.0,0.0,0.0,0.0,0.0,0.0,0.0,0.0,0.0,0.0,0.0,0.0,0.0,0.0,0.0,0.0,0.0,0.0,0.0,0.0,0.0,0.0,0.0,0.0,0.0,0.0,0.0,0.011897732173843769
t2,0.0,0.0,0.000806571365860858,0.00018392998986301054,0.0002455920210527657,0.00018441642356294464,0.00039889252314872614,0.0030555045587652586,4.992502296859295e-6,6.0270400914659045e-6,0.0,0.0,0.0,0.0,0.0,0.0006896684800361846,0.0002689078077951393,0.0006327369724873279,0.0019777236864343176,0.0007670407142706991,5.488672217856426e-6,5.833418944673653e-6,0.0,0.0,0.0,0.0,0.0,9.888815828402211e-5,0.000284005153073675,6.698359303460446e-5,0.00011514204780417448,0.00033230075416659083,0.0018329845529225432,3.4249171597090806e-6,2.7305892154037926e-6,0.0,0.0,7.721124091244143e-5,7.798994929170102e-5,0.00020590208276849661,0.0,5.394621020138297e-6,0.00011240783935581182,0.00016693306810769472,0.00025998926927420023,0.0,9.455148151811159e-6,9.975059281758148e-5,0.0001480789307382226,0.0002552289859198263,0.0,8.108374598143904e-6,0.0,0.0,0.0,0.0,0.0,0.0,0.0,0.0,0.0,0.0,0.0,0.0,0.0,0.0,0.0,0.0,0.0,0.0,0.0,0.0,0.0,0.0,0.0,0.0,0.0,0.0,0.0,0.0,0.0,0.0,0.0,0.0,0.0,0.0,0.0,0.0,0.0,0.0,0.0,0.0,0.0,0.0,0.0,0.0,0.0,0.01339623604544488
t3,0.0,0.0,0.0010305190803058563,0.0002569260827745401,0.00026911334491930457,0.0002568091155070561,0.0004388514378299323,0.0034574192433536053,5.5827963650590555e-6,6.748110655543066e-6,0.0,0.0,0.0,0.0,0.0,0.0009347186273923903,0.0004354984876709798,0.0006688000576682482,0.002312953233110566,0.0009277806289759359,6.418340409896e-6,6.810802377173581e-6,0.0,0.0,0.0,0.0,0.0,0.00012104195886464446,0.0003476994271025779,8.440192037533455e-5,0.00013491723861534796,0.00037337621690923154,0.0020405587698566915,3.6255469983234076e-6,2.883772178801698e-6,0.0,0.0,8.329709467927687e-5,8.47431811103927e-5,0.00020962634675396625,0.0,5.6333524414009345e-6,0.00012573471150052797,0.00021207276592233724,0.0002729170260880912,0.0,1.0206700244736436e-5,0.00011190108328544297,0.00020082132859268798,0.00027756205323441885,0.0,8.906560192483578e-6,0.0,0.0,0.0,0.0,0.0,0.0,0.0,0.0,0.0,0.0,0.0,0.0,0.0,0.0,0.0,0.0,0.0,0.0,0.0,0.0,0.0,0.0,0.0,0.0,0.0,0.0,0.0,0.0,0.0,0.0,0.0,0.0,0.0,0.0,0.0,0.0,0.0,0.0,0.0,0.0,0.0,0.0,0.0,0.0,0.0,0.0157268764442628
t4,0.0,0.0,0.0014443901820710373,0.0004317549126165231,0.00030155212930581634,0.00042371939573593434,0.000501315126694043,0.004079861642785293,6.3789551858673946e-6,7.735740651005617e-6,0.0,0.0,0.0,0.0,0.0,0.0015125227792277074,0.001146314981008165,0.0007261744747971876,0.0029153929480025334,0.0012343395525169752,7.789949345258531e-6,8.251554291283902e-6,0.0,0.0,0.0,0.0,0.0,0.00016027548837583777,0.0004614731122392301,0.00011603623953104708,0.00016392471329535293,0.00043017739306093673,0.0023207359059135607,3.889970977897171e-6,3.0796003724601225e-6,0.0,0.0,9.379700936724634e-5,9.85920365037406e-5,0.00023391227562758428,0.0,5.865817253379656e-6,0.0001485414148466329,0.0003055005598316024,0.0003230952608522147,0.0,1.110167461673733e-5,0.00013598538703729968,0.00034349287357805433,0.0003506656553609319,0.0,9.871239014268137e-6,0.0,0.0,0.0,0.0,0.0,0.0,0.0,0.0,0.0,0.0,0.0,0.0,0.0,0.0,0.0,0.0,0.0,0.0,0.0,0.0,0.0,0.0,0.0,0.0,0.0,0.0,0.0,0.0,0.0,0.0,0.0,0.0,0.0,0.0,0.0,0.0,0.0,0.0,0.0,0.0,0.0,0.0,0.0,0.0,0.0,0.020467507951890646
t5,0.0,0.0,0.0024688291196270674,0.0013638998769714672,0.0003509465809693999,0.0011576301598421087,0.0006150714809824059,0.005228499429790128,7.494607297211084e-6,9.179172430934355e-6,0.0,0.0,0.0,0.0,0.0,0.005452718307045524,18.990110894874622,0.0008322485539400061,0.004572788306008632,0.002204739284778219,9.634339412123047e-6,1.0176630387313839e-5,0.0,0.0,0.0,0.0,0.0,0.0002506649558435974,0.0007219907519437302,0.00019035325100821233,0.00021339834279450074,0.0005152490074065237,0.0027235512984682122,4.247949296085493e-6,3.333830869453244e-6,0.0,0.0,0.00011222098682755831,0.00012877808078172538,0.0002694594245112257,0.0,6.172908886997837e-6,0.0001935045615235629,0.0005993855338926888,0.00039865544869182906,0.0,1.224446445854926e-5,0.00020326059285397888,0.006671185449171066,0.000517102958848163,0.0,1.0738691461880886e-5,0.0,0.0,0.0,0.0,0.0,0.0,0.0,0.0,0.0,0.0,0.0,0.0,0.0,0.0,0.0,0.0,0.0,0.0,0.0,0.0,0.0,0.0,0.0,0.0,0.0,0.0,0.0,0.0,0.0,0.0,0.0,0.0,0.0,0.0,0.0,0.0,0.0,0.0,0.0,0.0,0.0,0.0,0.0,0.0,0.0,19.028140249213642
t6,0.0,0.0,0.011195714090244146,53.99274651423456,0.00044140643112090236,15.955573371068933,0.0009075200085026001,0.008481031550836378,8.809132178925496e-6,1.0990943007791342e-5,0.0,0.0,0.0,0.0,0.0,0.00082548849706243,0.00035281157622751966,0.0006603724538384255,0.002562703770971571,0.0010917697377352956,8.417304569851846e-6,8.909865364801068e-6,0.0,0.0,0.0,0.0,0.0,0.0006718788050774635,0.001895528615921083,0.0005029195834495513,0.0003167651572799689,0.0006616063662082484,0.0033619324056859646,4.732338959456967e-6,3.6475408203006714e-6,0.0,0.0,0.00015024758793554208,0.00022531438391761412,0.0002983523588065691,0.0,6.553890583029449e-6,0.00032675304084327586,79.63384720800654,0.0005151073202269372,0.0,1.3062045957381965e-5,0.00014214473230723034,0.00044118232757066984,0.00033304173068402453,0.0,1.009706946330305e-5,0.0,0.0,0.0,0.0,0.0,0.0,0.0,0.0,0.0,0.0,0.0,0.0,0.0,0.0,0.0,0.0,0.0,0.0,0.0,0.0,0.0,0.0,0.0,0.0,0.0,0.0,0.0,0.0,0.0,0.0,0.0,0.0,0.0,0.0,0.0,0.0,0.0,0.0,0.0,0.0,0.0,0.0,0.0,0.0,0.0,149.6186039059734
t7,0.0,0.0,0.0012091582329897563,0.00041757726919022326,0.00032167294488200354,0.0003198271022931358,0.0005128987167355134,0.004472010814413032,7.744432594975418e-6,9.584475646845827e-6,0.0,0.0,0.0,0.0,0.0,0.0005042360008849913,0.0002013219553740025,0.0005696929693736925,0.001972020117879929,0.000807421345620977,7.4373351308518425e-6,7.88610182788109e-6,0.0,0.0,0.0,0.0,0.0,42.3144600727368,24.98284320931196,25.31462142660057,0.0007166535066092527,0.001012926040902193,0.004612410001707043,5.522417745694409e-6,4.037696240629294e-6,0.0,0.0,0.00027102761752140653,0.0030241218819402507,0.00039706848030058954,0.0,7.037854141397084e-6,0.00018205137750700663,0.0005633265095622609,0.00036988317558953054,0.0,1.2512772012089557e-5,0.00011801255445058997,0.0002587554147728899,0.0002817251820336226,0.0,9.4862314688005e-6,0.0,0.0,0.0,0.0,0.0,0.0,0.0,0.0,0.0,0.0,0.0,0.0,0.0,0.0,0.0,0.0,0.0,0.0,0.0,0.0,0.0,0.0,0.0,0.0,0.0,0.0,0.0,0.0,0.0,0.0,0.0,0.0,0.0,0.0,0.0,0.0,0.0,0.0,0.0,0.0,0.0,0.0,0.0,0.0,0.0,92.63511175717869
t8,0.0,0.0,0.000718523275266883,0.00020760824197711906,0.0002625358726621958,0.00017474966467349393,0.0003932814881488927,0.003328560810965314,6.8660164026175285e-6,8.45189020583558e-6,0.0,0.0,0.0,0.0,0.0,0.00038445796740070495,0.00014851808605136765,0.0005136885354424321,0.001694461109152294,0.0006771482321073833,6.6509898165879635e-6,7.061321489081756e-6,0.0,0.0,0.0,0.0,0.0,9.679065655601258,0.004692941667963236,34.681346861477465,0.0002454733828920847,0.0006209663377416918,0.0034806437625749128,5.413256153316729e-6,4.033050406230774e-6,0.0,0.0,0.0001947154139212521,0.000811464102938978,0.0003278375110880382,0.0,7.0588768699135845e-6,0.0001378248625391202,0.00030692009540269266,0.0003055168252592457,0.0,1.1928609378924056e-5,0.00010469693474679886,0.0001952794989404002,0.0002513790661283828,0.0,8.90337261895497e-6,0.0,0.0,0.0,0.0,0.0,0.0,0.0,0.0,0.0,0.0,0.0,0.0,0.0,0.0,0.0,0.0,0.0,0.0,0.0,0.0,0.0,0.0,0.0,0.0,0.0,0.0,0.0,0.0,0.0,0.0,0.0,0.0,0.0,0.0,0.0,0.0,0.0,0.0,0.0,0.0,0.0,0.0,0.0,0.0,0.0,44.38065807720805
t9,0.0,0.0,0.0005459156084281361,0.00014583503590548478,0.00022719121138466922,0.00012680008104378035,0.0003390730526220192,0.0027959115504670386,6.153845787308908e-6,7.549528375221936e-6,0.0,0.0,0.0,0.0,0.0,0.000322271692202064,0.00012196214307895002,0.0004761200566255155,0.0015405032170697417,0.0006045140314715083,6.023656745453378e-6,6.402353159507253e-6,0.0,0.0,0.0,0.0,0.0,0.0006618049366201599,0.0011234323663518162,0.0004179030293934925,0.00015720147186963005,0.0004706938970433764,0.0028684976341384156,5.319662773319645e-6,4.01221699377604e-6,0.0,0.0,0.0001620768267405493,0.0005036344514781171,0.00027118430799327915,0.0,7.055178049767971e-6,0.00011674483191493339,0.00022562087996727198,0.000252075411542719,0.0,1.1374154477420345e-5,9.655052255102304e-5,0.00016388956096253227,0.00021719594508203306,0.0,8.37488426451675e-6,0.0,0.0,0.0,0.0,0.0,0.0,0.0,0.0,0.0,0.0,0.0,0.0,0.0,0.0,0.0,0.0,0.0,0.0,0.0,0.0,0.0,0.0,0.0,0.0,0.0,0.0,0.0,0.0,0.0,0.0,0.0,0.0,0.0,0.0,0.0,0.0,0.0,0.0,0.0,0.0,0.0,0.0,0.0,0.0,0.0,0.01501686923457455
t10,0.0,0.0,0.0004580920289009843,0.00011678790504206173,0.00020396685032384354,0.0001032468890142939,0.00031031487484022144,0.002498028930121713,5.582577356446055e-6,6.836202170942419e-6,0.0,0.0,0.0,0.0,0.0,0.0002850082132998587,0.00010629817387455593,0.0004498616098758746,0.0014476459679281556,0.0005598805347691435,5.509644035874043e-6,5.861546704935746e-6,0.0,0.0,0.0,0.0,0.0,0.00038856861542190744,0.0006920066473584363,0.00022753059588493936,0.00012106487150756228,0.00039335007839727516,0.00248905648819801,5.2358954871714864e-6,3.984060402434499e-6,0.0,0.0,0.0001440824549770995,0.0003808118633824614,0.00025329727362722557,0.0,7.0413188149810646e-6,0.00010487776707400232,0.0001867050097009739,0.00023643376942905582,0.0,1.086074237370634e-5,9.163879922736889e-5,0.00014596421826122534,0.00021056587022071543,0.0,7.908069888615741e-6,0.0,0.0,0.0,0.0,0.0,0.0,0.0,0.0,0.0,0.0,0.0,0.0,0.0,0.0,0.0,0.0,0.0,0.0,0.0,0.0,0.0,0.0,0.0,0.0,0.0,0.0,0.0,0.0,0.0,0.0,0.0,0.0,0.0,0.0,0.0,0.0,0.0,0.0,0.0,0.0,0.0,0.0,0.0,0.0,0.0,0.012663906357894073
t11,0.0,0.0,0.00040558069619501456,0.00010010422565138621,0.00018777544946796388,8.941904304991687e-5,0.000293852256469211,0.0023155341666656953,5.113130711679121e-6,6.254636949430408e-6,0.0,0.0,0.0,0.0,0.0,0.0002609322804145159,9.616900365731423e-5,0.0004314802568382998,0.0013889922258487166,0.0005309009012124308,5.079208866215402e-6,5.407827113454684e-6,0.0,0.0,0.0,0.0,0.0,0.00028265304035017823,0.0005207224830474686,0.00016193759387678034,0.00010149150957197581,0.0003471143609235146,0.002232605026543254,5.226409929312528e-6,4.013867061762229e-6,0.0,0.0,0.00013264429976074518,0.0003134021046275551,0.00024072544040315728,0.0,7.076647470627863e-6,9.779676787952888e-5,0.00016467835581857786,0.00022480075276637505,0.0,1.0378653390167823e-5,8.822648739594044e-5,0.00013487987641927406,0.00020480271347459524,0.0,7.490677490673823e-6,0.0,0.0,0.0,0.0,0.0,0.0,0.0,0.0,0.0,0.0,0.0,0.0,0.0,0.0,0.0,0.0,0.0,0.0,0.0,0.0,0.0,0.0,0.0,0.0,0.0,0.0,0.0,0.0,0.0,0.0,0.0,0.0,0.0,0.0,0.0,0.0,0.0,0.0,0.0,0.0,0.0,0.0,0.0,0.0,0.0,0.011405262377312708
t12,0.0,0.0,0.0003715500527734566,8.948862223211393e-5,0.00017607112469998396,8.052582202144744e-5,0.00028408428069504006,0.0021978491685647104,4.719550231838136e-6,5.770966444391679e-6,0.0,0.0,0.0,0.0,0.0,0.0002451523669914533,8.935982172122437e-5,0.0004195517540788356,0.0013507141410174822,0.0005113397016191516,4.713005745352762e-6,5.021324156445457e-6,0.0,0.0,0.0,0.0,0.0,0.0002271984024990575,0.00042904167134954607,0.00012903314996039268,8.966745349221656e-5,0.0003169212700791731,0.0020496017777152597,5.225736988856877e-6,4.044805138919926e-6,0.0,0.0,0.00012473484661451123,0.00027061063696023115,0.00021515703451471362,0.0,7.1144668197324136e-6,9.341549489662975e-5,0.0001510915223606235,0.00020204075243685835,0.0,9.936136116342658e-6,8.605126367375145e-5,0.00012776344070949505,0.00018723173762439998,0.0,7.121188487622337e-6,0.0,0.0,0.0,0.0,0.0,0.0,0.0,0.0,0.0,0.0,0.0,0.0,0.0,0.0,0.0,0.0,0.0,0.0,0.0,0.0,0.0,0.0,0.0,0.0,0.0,0.0,0.0,0.0,0.0,0.0,0.0,0.0,0.0,0.0,0.0,0.0,0.0,0.0,0.0,0.0,0.0,0.0,0.0,0.0,0.0,0.010568914491431262
t13,0.0,0.0,0.00034879582722676376,8.23284956568418e-5,0.00016748270133263706,7.451177729548491e-5,0.00027814014204008473,0.0021193945974665577,4.383890148579937e-6,5.360228470827711e-6,0.0,0.0,0.0,0.0,0.0,0.00023452806399689802,8.461936787892818e-5,0.0004117863645544747,0.0013250579876415796,0.0004977501900211194,4.397502400313406e-6,4.6880871910125275e-6,0.0,0.0,0.0,0.0,0.0,0.0001928073807316996,0.00037129194885527917,0.0001090754689711183,8.174979953450713e-5,0.0002958467327948377,0.001912242834604948,5.232772506294557e-6,4.071910774384309e-6,0.0,0.0,0.0001187941037481216,0.0002406789231825861,0.0002114789282785964,0.0,7.1532735994573785e-6,9.064370335320679e-5,0.00014226313472900926,0.00020089508055731316,0.0,9.530981289166657e-6,8.484747703567428e-5,0.00012306037468839037,0.0001888605091989584,0.0,6.798704789147497e-6,0.0,0.0,0.0,0.0,0.0,0.0,0.0,0.0,0.0,0.0,0.0,0.0,0.0,0.0,0.0,0.0,0.0,0.0,0.0,0.0,0.0,0.0,0.0,0.0,0.0,0.0,0.0,0.0,0.0,0.0,0.0,0.0,0.0,0.0,0.0,0.0,0.0,0.0,0.0,0.0,0.0,0.0,0.0,0.0,0.0,0.0100405492665448
t14,0.0,0.0,0.00033305915295091227,7.72502398495039e-5,0.00016105111306174717,7.02444831514329e-5,0.00027443680109016293,0.0020661434655202056,4.093989564980618e-6,5.0048592003935175e-6,0.0,0.0,0.0,0.0,0.0,0.00022743159233119578,8.127617728387906e-5,0.00040672427758574906,0.0013084214027822968,0.0004884359391741628,4.122568690746485e-6,4.397255811638413e-6,0.0,0.0,0.0,0.0,0.0,0.00016874953690421046,0.0003314571686713177,9.526875241605273e-5,7.591932567242115e-5,0.0002805604901944482,0.0018061710692899218,5.249193624550091e-6,4.100309839851982e-6,0.0,0.0,0.00011444647752224257,0.0002192440966579065,0.00020862878794945683,0.0,7.195897457287036e-6,8.88711737057079e-5,0.00013630888649480275,0.00019922418343636553,0.0,9.151649372456367e-6,8.392918841219333e-5,0.00011993074195068745,0.00018918685902176476,0.0,6.509375267647435e-6,0.0,0.0,0.0,0.0,0.0,0.0,0.0,0.0,0.0,0.0,0.0,0.0,0.0,0.0,0.0,0.0,0.0,0.0,0.0,0.0,0.0,0.0,0.0,0.0,0.0,0.0,0.0,0.0,0.0,0.0,0.0,0.0,0.0,0.0,0.0,0.0,0.0,0.0,0.0,0.0,0.0,0.0,0.0,0.0,0.0,0.009662196481910301
t15,0.0,0.0,0.0003220433603110928,7.356422978730163e-5,0.00015615636021376253,6.715437484970586e-5,0.0002721210824333053,0.002029551721215911,3.841138400048496e-6,4.694220462264529e-6,0.0,0.0,0.0,0.0,0.0,0.0002225956290250299,7.887511631483766e-5,0.0004034308885441874,0.0012971172592605644,0.00048179905901341984,3.879822313799038e-6,4.14012950864329e-6,0.0,0.0,0.0,0.0,0.0,0.00015120901734898702,0.0003023132155328813,8.526050982942041e-5,7.1600134453319e-5,0.0002687764793294907,0.0017216640328639693,5.271619658310457e-6,4.130358919588258e-6,0.0,0.0,0.00011073037829442,0.00020236106987362527,0.0001913464461338061,0.0,7.2424462929177146e-6,8.772323290064887e-5,0.0001321838032031761,0.00018444454036896545,0.0,8.800873670115287e-6,8.3455653318972e-5,0.00011783142965022064,0.00017665574824382235,0.0,6.250331829254998e-6,0.0,0.0,0.0,0.0,0.0,0.0,0.0,0.0,0.0,0.0,0.0,0.0,0.0,0.0,0.0,0.0,0.0,0.0,0.0,0.0,0.0,0.0,0.0,0.0,0.0,0.0,0.0,0.0,0.0,0.0,0.0,0.0,0.0,0.0,0.0,0.0,0.0,0.0,0.0,0.0,0.0,0.0,0.0,0.0,0.0,0.009340215713369784
t16,0.0,0.0,0.0003142825113004567,7.084683398960866e-5,0.00015238489501133833,6.488730549687474e-5,0.0002706550531384892,0.002003999021680274,3.6181911564013526e-6,4.4201402336925655e-6,0.0,0.0,0.0,0.0,0.0,0.00021907999986918995,7.706435007057139e-5,0.00040131158489684445,0.0012883655452317717,0.00047664260284526296,3.6641245868621875e-6,3.911832763905087e-6,0.0,0.0,0.0,0.0,0.0,0.00013795825244935497,0.00027985332528851346,7.769522353424703e-5,6.826028460209791e-5,0.0002591760986019649,0.0016545591513233873,5.2900206066954655e-6,4.153157790396029e-6,0.0,0.0,0.00010674084883020118,0.000188106993426838,0.00019174385597113292,0.0,7.283151635544047e-6,8.696430602056492e-5,0.00012927215688747558,0.0001875341758233076,0.0,8.474596767194716e-6,8.331343685386868e-5,0.00011620481386554984,0.00018079867881395803,0.0,6.015342267361774e-6,0.0,0.0,0.0,0.0,0.0,0.0,0.0,0.0,0.0,0.0,0.0,0.0,0.0,0.0,0.0,0.0,0.0,0.0,0.0,0.0,0.0,0.0,0.0,0.0,0.0,0.0,0.0,0.0,0.0,0.0,0.0,0.0,0.0,0.0,0.0,0.0,0.0,0.0,0.0,0.0,0.0,0.0,0.0,0.0,0.0,0.009134531863631199
t17,0.0,0.0,0.00030872964160073325,6.880337145296199e-5,0.00014943391637753007,6.319068745070504e-5,0.0002697000210840967,0.0019858523617535353,3.4202041679902174e-6,4.175538421338162e-6,0.0,0.0,0.0,0.0,0.0,0.0002164852456183982,7.569219968679998e-5,0.00039990936540732993,0.001281194810015534,0.00047260432658529896,3.4702491611376994e-6,3.7062800631963505e-6,0.0,0.0,0.0,0.0,0.0,0.000126704631781401,0.0002616856627625934,7.119499102725247e-5,6.501914762285138e-5,0.0002507205282759442,0.001595843637953691,5.257034355202234e-6,4.144058436049783e-6,0.0,0.0,0.00010168108440215745,0.00017564234200702223,0.00019155587015436685,0.0,7.261801904658779e-6,8.648220628334939e-5,0.00012719925933140353,0.00018910093679304563,0.0,8.162532937485777e-6,8.290882682258716e-5,0.00011504285066101227,0.00018309454154322345,0.0,5.792358269298185e-6,0.0,0.0,0.0,0.0,0.0,0.0,0.0,0.0,0.0,0.0,0.0,0.0,0.0,0.0,0.0,0.0,0.0,0.0,0.0,0.0,0.0,0.0,0.0,0.0,0.0,0.0,0.0,0.0,0.0,0.0,0.0,0.0,0.0,0.0,0.0,0.0,0.0,0.0,0.0,0.0,0.0,0.0,0.0,0.0,0.0,0.008960862522171181
t18,0.0,0.0,0.00030471521543033985,6.727825066139525e-5,0.00014710274452742572,6.193405880802793e-5,0.0002692358303211703,0.0019728525966408754,3.2419639673873853e-6,3.95623791713521e-6,0.0,0.0,0.0,0.0,0.0,0.0002149691144801045,7.477835067029277e-5,0.0003990272504778994,0.0012770852624109318,0.000470184327370645,3.2971508620431006e-6,3.522724130207661e-6,0.0,0.0,0.0,0.0,0.0,0.00012035884423445814,0.00024866468930990587,6.758343554609128e-5,6.34739925846825e-5,0.0002444150399010366,0.001544917354431891,5.44742408401864e-6,4.319206784211081e-6,0.0,0.0,0.00010268449742930232,0.00016937475786463216,0.00017837627272101794,0.0,7.49593836252505e-6,8.621715339451593e-5,0.00012582518859777442,0.0001773309684934352,0.0,7.868330557701726e-6,8.183412268299045e-5,0.00011437974480282851,0.00017249582664561147,0.0,5.596018796868737e-6,0.0,0.0,0.0,0.0,0.0,0.0,0.0,0.0,0.0,0.0,0.0,0.0,0.0,0.0,0.0,0.0,0.0,0.0,0.0,0.0,0.0,0.0,0.0,0.0,0.0,0.0,0.0,0.0,0.0,0.0,0.0,0.0,0.0,0.0,0.0,0.0,0.0,0.0,0.0,0.0,0.0,0.0,0.0,0.0,0.0,0.008801839885901379
t19,0.0,0.0,0.0003022642947938158,6.612713003303932e-5,0.00014529073837274536,6.100361453263022e-5,0.0002688597623473083,0.0019645142207212855,3.0785444662552678e-6,3.7562830253941097e-6,0.0,0.0,0.0,0.0,0.0,0.00021475250754422938,7.435947626176989e-5,0.00039847186427052924,0.0012776856807855928,0.00046983252434811695,3.139889060388809e-6,3.3550055883095647e-6,0.0,0.0,0.0,0.0,0.0,0.00012269791451503833,0.0002544055594676953,6.9852124696911e-5,6.509391722860783e-5,0.00024830926242378403,0.0015562760071208448,5.73289382267237e-6,4.557966335792052e-6,0.0,0.0,0.00010578404333234442,0.000175598390752694,0.00018495803230536413,0.0,7.749767331712974e-6,8.600724103867615e-5,0.00012482638001750867,0.00018201760313700326,0.0,7.596087580268097e-6,8.145126455482378e-5,0.00011422623597598092,0.0001780948511253695,0.0,5.415296426645638e-6,0.0,0.0,0.0,0.0,0.0,0.0,0.0,0.0,0.0,0.0,0.0,0.0,0.0,0.0,0.0,0.0,0.0,0.0,0.0,0.0,0.0,0.0,0.0,0.0,0.0,0.0,0.0,0.0,0.0,0.0,0.0,0.0,0.0,0.0,0.0,0.0,0.0,0.0,0.0,0.0,0.0,0.0,0.0,0.0,0.0,0.008837142375341146
t20,0.0,0.0,0.000300600875139123,6.526539320908729e-5,0.00014386088740323127,6.0318984113284144e-5,0.00026866925622105595,0.001958427317929356,2.927995484367101e-6,3.572628785818267e-6,0.0,0.0,0.0,0.0,0.0,0.00021469717887081177,7.404645593365958e-5,0.0003980786456064536,0.0012776851283890257,0.00046940543514984535,2.9941211489577036e-6,3.1987709857227985e-6,0.0,0.0,0.0,0.0,0.0,0.00012286736534457984,0.0002589517698121064,7.086268329213053e-5,6.557490351247146e-5,0.0002507563920560269,0.0015674958396748096,5.821839211116292e-6,4.635884257528204e-6,0.0,0.0,0.00010476892728599464,0.00017774331563140907,0.00019055362964819149,0.0,7.821857122533942e-6,8.582333660440415e-5,0.00012411355823582968,0.0001849142016640609,0.0,7.3309835439869364e-6,8.177274551721466e-5,0.000114075255591361,0.0001813190315455565,0.0,5.244324503840098e-6,0.0,0.0,0.0,0.0,0.0,0.0,0.0,0.0,0.0,0.0,0.0,0.0,0.0,0.0,0.0,0.0,0.0,0.0,0.0,0.0,0.0,0.0,0.0,0.0,0.0,0.0,0.0,0.0,0.0,0.0,0.0,0.0,0.0,0.0,0.0,0.0,0.0,0.0,0.0,0.0,0.0,0.0,0.0,0.0,0.0,0.008856196918424951
t21,0.0,0.0,0.00029958615339402195,6.464000638606953e-5,0.000142732179988548,5.983592128376075e-5,0.00026871878433465716,0.0019548299234357193,2.791724415692813e-6,3.4055588626032477e-6,0.0,0.0,0.0,0.0,0.0,0.00021476262139870917,7.383894932184645e-5,0.0003978189285050349,0.0012773579452635098,0.00046898043072702585,2.860649350353769e-6,3.055942975119978e-6,0.0,0.0,0.0,0.0,0.0,0.00012512609434875215,0.0002643297831732915,7.289344451035448e-5,6.663227086391091e-5,0.00025340321095774327,0.001581752829568329,6.007440266136527e-6,4.787622581311075e-6,0.0,0.0,0.00010799274558697095,0.0001842854635391031,0.00018191304344019287,0.0,7.993109599305449e-6,8.577895067011589e-5,0.0001237512404224081,0.0001742266695914244,0.0,7.078161405556074e-6,8.2212961724903e-5,0.00011402519091891313,0.00017114243874643214,0.0,5.085385633876866e-6,0.0,0.0,0.0,0.0,0.0,0.0,0.0,0.0,0.0,0.0,0.0,0.0,0.0,0.0,0.0,0.0,0.0,0.0,0.0,0.0,0.0,0.0,0.0,0.0,0.0,0.0,0.0,0.0,0.0,0.0,0.0,0.0,0.0,0.0,0.0,0.0,0.0,0.0,0.0,0.0,0.0,0.0,0.0,0.0,0.0,0.008855633777191705
t22,0.0,0.0,0.00029881826642445635,6.413298833897514e-5,0.00014181372493496781,5.944894095211361e-5,0.0002686795405348088,0.0019518630990767746,2.6653366881716887e-6,3.2509501807651808e-6,0.0,0.0,0.0,0.0,0.0,0.00021492331943781987,7.372196078315366e-5,0.00039766177717164773,0.0012767928779526003,0.0004685120224608166,2.737713020952631e-6,2.924683460591711e-6,0.0,0.0,0.0,0.0,0.0,0.00012799859038519602,0.00027068668851535054,7.533699043231049e-5,6.778916973804374e-5,0.00025634120635268027,0.0016004735077900071,6.235615858424499e-6,4.977459302886719e-6,0.0,0.0,0.00011015123601152163,0.00019068404336932811,0.0001897954105752619,0.0,8.193332796030428e-6,8.563190031648122e-5,0.000123442066544472,0.00017969647277750738,0.0,6.835255018595608e-6,8.27979619156396e-5,0.00011403030305991347,0.00017711922152261375,0.0,4.936985442691894e-6,0.0,0.0,0.0,0.0,0.0,0.0,0.0,0.0,0.0,0.0,0.0,0.0,0.0,0.0,0.0,0.0,0.0,0.0,0.0,0.0,0.0,0.0,0.0,0.0,0.0,0.0,0.0,0.0,0.0,0.0,0.0,0.0,0.0,0.0,0.0,0.0,0.0,0.0,0.0,0.0,0.0,0.0,0.0,0.0,0.0,0.008911100619143571
t23,0.0,0.0,0.0002981368805948644,6.36989573220433e-5,0.0001410499203828313,5.9118543984598854e-5,0.00026858026075998525,0.0019495218945858156,2.5494056868154697e-6,3.1079523864781094e-6,0.0,0.0,0.0,0.0,0.0,0.000215111717326805,7.363567279665982e-5,0.0003975440846679957,0.0012764036880140404,0.00046814485642118346,2.6241156082749806e-6,2.803591747645182e-6,0.0,0.0,0.0,0.0,0.0,0.00013185766460921508,0.0002784124002017249,7.844490720179464e-5,6.914856116164571e-5,0.0002597791141494977,0.0016246111344803019,6.502521072869117e-6,5.202513716882138e-6,0.0,0.0,0.00011260741200058954,0.0001983815252940744,0.00019706569438343363,0.0,8.415923735174804e-6,8.55583040727344e-5,0.00012314661487751805,0.00018306265930590417,0.0,6.603227476150802e-6,8.312642253805414e-5,0.00011403817153457011,0.00018064178682029045,0.0,4.794668838816308e-6,0.0,0.0,0.0,0.0,0.0,0.0,0.0,0.0,0.0,0.0,0.0,0.0,0.0,0.0,0.0,0.0,0.0,0.0,0.0,0.0,0.0,0.0,0.0,0.0,0.0,0.0,0.0,0.0,0.0,0.0,0.0,0.0,0.0,0.0,0.0,0.0,0.0,0.0,0.0,0.0,0.0,0.0,0.0,0.0,0.0,0.008973432769757279
t24,0.0,0.0,0.00029762415637395374,6.334580453924903e-5,0.0001404148421448629,5.885473480060453e-5,0.0002685282480328666,0.001947794129878307,2.442500826924472e-6,2.9757312364142207e-6,0.0,0.0,0.0,0.0,0.0,0.00021532039249990266,7.359115526469873e-5,0.0003974724671818775,0.0012761088253628345,0.00046784872707447364,2.518420187254323e-6,2.6910049714390422e-6,0.0,0.0,0.0,0.0,0.0,0.00013615020046878068,0.0002873701458359001,8.162084017998478e-5,7.027540193963983e-5,0.00026394624556730123,0.0016555433108286816,6.823596428825722e-6,5.476156606556679e-6,0.0,0.0,0.00011630874104452836,0.00020834719256097918,0.0001895526990003778,0.0,8.671049088418967e-6,8.550428470339485e-5,0.0001229338892291546,0.00017273806119549195,0.0,6.3850684189682345e-6,8.342198140123869e-5,0.0001140966337738913,0.00017069992783526518,0.0,4.660048706133464e-6,0.0,0.0,0.0,0.0,0.0,0.0,0.0,0.0,0.0,0.0,0.0,0.0,0.0,0.0,0.0,0.0,0.0,0.0,0.0,0.0,0.0,0.0,0.0,0.0,0.0,0.0,0.0,0.0,0.0,0.0,0.0,0.0,0.0,0.0,0.0,0.0,0.0,0.0,0.0,0.0,0.0,0.0,0.0,0.0,0.0,0.009008056615189178
t25,0.0,0.0,0.00029721939495850626,6.305288497063039e-5,0.0001398754405472357,5.864141503235604e-5,0.0002684863537272461,0.001946240955711827,2.3427007364307943e-6,2.8525386589464683e-6,0.0,0.0,0.0,0.0,0.0,0.0002155190512052118,7.358093168093433e-5,0.000397425330663293,0.001275768443749261,0.00046758767302556274,2.4199483865567534e-6,2.5862193385882766e-6,0.0,0.0,0.0,0.0,0.0,0.0001416825894847652,0.0002984959871776108,8.558597871260995e-5,7.163193344742903e-5,0.0002691652917506881,0.001694995167534095,7.212377522063676e-6,5.809990331917204e-6,0.0,0.0,0.00012073227975536915,0.00022080568588411673,0.00019978406737891034,0.0,8.966951649654553e-6,8.544649827415786e-5,0.0001227722855817988,0.00017839986977125376,0.0,6.178269354318175e-6,8.376169318499352e-5,0.00011417944367542319,0.00017683133447425262,0.0,4.5323921666178264e-6,0.0,0.0,0.0,0.0,0.0,0.0,0.0,0.0,0.0,0.0,0.0,0.0,0.0,0.0,0.0,0.0,0.0,0.0,0.0,0.0,0.0,0.0,0.0,0.0,0.0,0.0,0.0,0.0,0.0,0.0,0.0,0.0,0.0,0.0,0.0,0.0,0.0,0.0,0.0,0.0,0.0,0.0,0.0,0.0,0.0,0.009110569369504632
t26,0.0,0.0,0.0002968366999674045,6.277907300536765e-5,0.00013938886551175157,5.8441162550489316e-5,0.00026846508992497964,0.0019448891138396716,2.2483290923002895e-6,2.7358168579797276e-6,0.0,0.0,0.0,0.0,0.0,0.00021573844848612146,7.356886433974072e-5,0.00039737964542409265,0.001275897922990518,0.0004675837170432384,2.327685124331473e-6,2.488043921569607e-6,0.0,0.0,0.0,0.0,0.0,0.00014962333573832206,0.0003132383993588489,9.136305984801352e-5,7.374384480662894e-5,0.00027604332316361405,0.001746267657615016,7.600570139938401e-6,6.139828971851436e-6,0.0,0.0,0.0001267935349652999,0.00023699394350876278,0.00020983946462738002,0.0,9.25090088099512e-6,8.544438874956474e-5,0.00012261374447909422,0.0001819227987778164,0.0,5.974275518200847e-6,8.390967075048316e-5,0.00011424597314837685,0.00018045062290334798,0.0,4.407349532205519e-6,0.0,0.0,0.0,0.0,0.0,0.0,0.0,0.0,0.0,0.0,0.0,0.0,0.0,0.0,0.0,0.0,0.0,0.0,0.0,0.0,0.0,0.0,0.0,0.0,0.0,0.0,0.0,0.0,0.0,0.0,0.0,0.0,0.0,0.0,0.0,0.0,0.0,0.0,0.0,0.0,0.0,0.0,0.0,0.0,0.0,0.009236635165563317
t27,0.0,0.0,0.000296509326932842,6.252712119793169e-5,0.00013895043864478728,5.825913984711986e-5,0.00026847514829717305,0.0019436026539550394,2.1584923870603487e-6,2.6247333218396003e-6,0.0,0.0,0.0,0.0,0.0,0.00021600837869441324,7.357049457354464e-5,0.00039734230112271207,0.0012765403083589216,0.00046780612925745915,2.2403867357777296e-6,2.3951513629013073e-6,0.0,0.0,0.0,0.0,0.0,0.00016021258590661748,0.0003329509740974711,9.906445530178123e-5,7.643172682848415e-5,0.00028535576521023106,0.0018141157213809355,8.085162443753315e-6,6.551712537160405e-6,0.0,0.0,0.00013518411256422652,0.0002588692160355132,0.0002051089822714578,0.0,9.579100021508816e-6,8.544750604192829e-5,0.00012248950105436877,0.00017176687341448533,0.0,5.775731616789983e-6,8.411350216606655e-5,0.00011435261121130868,0.00017055225318312155,0.0,4.28627051840579e-6,0.0,0.0,0.0,0.0,0.0,0.0,0.0,0.0,0.0,0.0,0.0,0.0,0.0,0.0,0.0,0.0,0.0,0.0,0.0,0.0,0.0,0.0,0.0,0.0,0.0,0.0,0.0,0.0,0.0,0.0,0.0,0.0,0.0,0.0,0.0,0.0,0.0,0.0,0.0,0.0,0.0,0.0,0.0,0.0,0.0,0.009359303968495138
t28,0.0,0.0,0.0002961952452323427,6.227840544847749e-5,0.00013854472633610985,5.808087780689691e-5,0.0002684520741039706,0.001942009005689811,2.071215150689615e-6,2.5172932296515957e-6,0.0,0.0,0.0,0.0,0.0,0.00021633488095052078,7.358457751417708e-5,0.00039730139532048687,0.0012776206379812574,0.00046823663153976105,2.1570445487747587e-6,2.306451876997802e-6,0.0,0.0,0.0,0.0,0.0,0.0001753647173762309,0.0003610503293912913,0.0001102433250516493,8.023806236697321e-5,0.0002984860860291647,0.0019058397381591372,8.68604443846702e-6,7.058124822507361e-6,0.0,0.0,0.0001475530448543845,0.0002906485399004081,0.00022121768344737582,0.0,9.945084391146319e-6,8.539418747200186e-5,0.00012234219273331946,0.00017734943623620407,0.0,5.578533739789592e-6,8.448599750795951e-5,0.00011445055086528655,0.00017659504189168677,0.0,4.168379030767679e-6,0.0,0.0,0.0,0.0,0.0,0.0,0.0,0.0,0.0,0.0,0.0,0.0,0.0,0.0,0.0,0.0,0.0,0.0,0.0,0.0,0.0,0.0,0.0,0.0,0.0,0.0,0.0,0.0,0.0,0.0,0.0,0.0,0.0,0.0,0.0,0.0,0.0,0.0,0.0,0.0,0.0,0.0,0.0,0.0,0.0,0.009594385562435675
t29,0.0,0.0,0.0002958437220517027,6.200151407063943e-5,0.00013814770767222803,5.787853102123222e-5,0.0002684038560284134,0.0019402426962500188,1.9864326148503615e-6,2.412289202294631e-6,0.0,0.0,0.0,0.0,0.0,0.00021676545223761297,7.358720766625652e-5,0.0003972399009755594,0.0012797884817527707,0.00046909453230387733,2.0774404565288675e-6,2.221777284769091e-6,0.0,0.0,0.0,0.0,0.0,0.00019882378523705622,0.00040481967421324193,0.00012816957079577398,8.596566199718439e-5,0.0003181078320191165,0.0020351168542523846,9.432531569114444e-6,7.681589019843198e-6,0.0,0.0,0.00016705445045026154,0.00034172150408531187,0.00023886871181622523,0.0,1.0347562998968573e-5,8.535082188732992e-5,0.0001221333968912678,0.00018080301800025344,0.0,5.377640733961566e-6,8.483350383201287e-5,0.00011455587634025396,0.0001801715886239485,0.0,4.05044014720019e-6,0.0,0.0,0.0,0.0,0.0,0.0,0.0,0.0,0.0,0.0,0.0,0.0,0.0,0.0,0.0,0.0,0.0,0.0,0.0,0.0,0.0,0.0,0.0,0.0,0.0,0.0,0.0,0.0,0.0,0.0,0.0,0.0,0.0,0.0,0.0,0.0,0.0,0.0,0.0,0.0,0.0,0.0,0.0,0.0,0.0,0.009931077556499465
t30,0.0,0.0,0.0002954416016824274,6.168010767725458e-5,0.00013772902852361956,5.763973554361847e-5,0.0002682848574816703,0.0019381411344952166,1.903958612324969e-6,2.3090787962401053e-6,0.0,0.0,0.0,0.0,0.0,0.00021588062014724145,7.320960781947365e-5,0.0003971421131667762,0.001276580965013563,0.0004674291134569695,2.000923768611968e-6,2.1405930982583307e-6,0.0,0.0,0.0,0.0,0.0,0.00024081446045691752,0.00048326555865894184,0.00016306714968256504,9.545054796204521e-5,0.0003498921734890931,0.0022286211580390346,1.0381484513997167e-5,8.468930915768255e-6,0.0,0.0,0.00020180841712425323,0.0004418982985334372,0.00024355864532252927,0.0,1.0777400069239115e-5,8.53014629006058e-5,0.00012185986295089852,0.0001705267744575928,0.0,5.173561325830109e-6,8.496003100624611e-5,0.0001141419040290948,0.00017010347441421243,0.0,3.936778539102043e-6,0.0,0.0,0.0,0.0,0.0,0.0,0.0,0.0,0.0,0.0,0.0,0.0,0.0,0.0,0.0,0.0,0.0,0.0,0.0,0.0,0.0,0.0,0.0,0.0,0.0,0.0,0.0,0.0,0.0,0.0,0.0,0.0,0.0,0.0,0.0,0.0,0.0,0.0,0.0,0.0,0.0,0.0,0.0,0.0,0.0,0.010431521513674671
t31,0.0,0.0,0.000294361758083127,6.132832330035897e-5,0.00013721501856980717,5.736711470868336e-5,0.0002683019919113282,0.001933839876677811,1.8254151377104096e-6,2.210815894430868e-6,0.0,0.0,0.0,0.0,0.0,0.00021489093137626008,7.279500047963511e-5,0.0003970030507902017,0.0012732828992477495,0.0004656195151215081,1.9284225709234353e-6,2.0639785925130156e-6,0.0,0.0,0.0,0.0,0.0,0.0003463750315495699,0.0006709289704631673,0.0002715950145717877,0.00011369119634834042,0.00040877080262006425,0.002555233930112181,1.1223670228789058e-5,9.195964791754367e-6,0.0,0.0,0.00028444526511610456,0.0007930161780257383,0.0002829854792469464,0.0,1.1011284823272057e-5,8.534122250207308e-5,0.00012155531628605938,0.00017596039887694497,0.0,4.969480311492945e-6,8.505549434148935e-5,0.00011371594494887789,0.00017578504003880563,0.0,3.831291348664467e-6,0.0,0.0,0.0,0.0,0.0,0.0,0.0,0.0,0.0,0.0,0.0,0.0,0.0,0.0,0.0,0.0,0.0,0.0,0.0,0.0,0.0,0.0,0.0,0.0,0.0,0.0,0.0,0.0,0.0,0.0,0.0,0.0,0.0,0.0,0.0,0.0,0.0,0.0,0.0,0.0,0.0,0.0,0.0,0.0,0.0,0.01170872108901417
t32,0.0,0.0,0.0002930485629344805,6.0859896030930566e-5,0.00013660095946289188,5.699309359010646e-5,0.0002680357036789559,0.001928115758102545,1.751888274560525e-6,2.1175568587628987e-6,0.0,0.0,0.0,0.0,0.0,0.00021355705591490895,7.217498348639279e-5,0.0003968128195779802,0.001269319528546218,0.0004633238682253522,1.85946215465179e-6,1.9913675806678014e-6,0.0,0.0,0.0,0.0,0.0,0.00018523036325754437,0.000381737076985908,0.0001134177180762858,8.430478815319673e-5,0.00032809946882319965,0.0021199958104127416,1.016943369957662e-5,8.309388920323607e-6,0.0,0.0,0.0001898468473042665,0.0003126258507732781,0.00025167346677252905,0.0,1.0724638751377514e-5,8.527708320426985e-5,0.0001209916104210282,0.00017901094865725568,0.0,4.774829510316282e-6,8.443819753224816e-5,0.00011291188472382605,0.00017839560803692222,0.0,3.7218390254195757e-6,0.0,0.0,0.0,0.0,0.0,0.0,0.0,0.0,0.0,0.0,0.0,0.0,0.0,0.0,0.0,0.0,0.0,0.0,0.0,0.0,0.0,0.0,0.0,0.0,0.0,0.0,0.0,0.0,0.0,0.0,0.0,0.0,0.0,0.0,0.0,0.0,0.0,0.0,0.0,0.0,0.0,0.0,0.0,0.0,0.0,0.009932219357460918
t33,0.0,0.0,0.00029141313126922175,6.028393690553872e-5,0.00013585988515429654,5.652560965084992e-5,0.00026768193801673896,0.001920367176821588,1.6819286837571644e-6,2.0292634883591533e-6,0.0,0.0,0.0,0.0,0.0,0.0002121516483003723,7.147033457674956e-5,0.0003965056600775996,0.0012651118643187476,0.0004607761369893686,1.7933081868575754e-6,1.9215794889275363e-6,0.0,0.0,0.0,0.0,0.0,0.0001368285895345029,0.00028865390717595083,7.964255698580162e-5,7.045138217815533e-5,0.00028861180575909983,0.001874766407977406,9.243293950228495e-6,7.541919558523626e-6,0.0,0.0,0.00015318540385328406,0.00022075402691927484,0.0002177063066892994,0.0,1.0383706989946426e-5,8.516225413767347e-5,0.00012026329501992426,0.00016848961471121473,0.0,4.585680091428281e-6,8.385200340467285e-5,0.0001119841949244458,0.00016770425746650053,0.0,3.614569229659251e-6,0.0,0.0,0.0,0.0,0.0,0.0,0.0,0.0,0.0,0.0,0.0,0.0,0.0,0.0,0.0,0.0,0.0,0.0,0.0,0.0,0.0,0.0,0.0,0.0,0.0,0.0,0.0,0.0,0.0,0.0,0.0,0.0,0.0,0.0,0.0,0.0,0.0,0.0,0.0,0.0,0.0,0.0,0.0,0.0,0.0,0.009248998578485965
t34,0.0,0.0,0.0002893761496008549,5.95896895739383e-5,0.0001349534259253684,5.595434849599185e-5,0.00026716163124466843,0.0019096204487870833,1.61549479331596e-6,1.9460988594754765e-6,0.0,0.0,0.0,0.0,0.0,0.00021055833604152104,7.065771666870512e-5,0.00039604466305831525,0.001259619287634149,0.00045762755388143415,1.7301231717933743e-6,1.8548468897435428e-6,0.0,0.0,0.0,0.0,0.0,0.00011286930145551949,0.0002422204582873767,6.461998458143658e-5,6.237135128041661e-5,0.0002661587462565625,0.001718979175486661,8.434410513011648e-6,6.870173243075852e-6,0.0,0.0,0.000133586216939283,0.00018017350747022337,0.00021086054049914674,0.0,1.0022076821037604e-5,8.49609829767606e-5,0.00011927346616828946,0.00017282810645370838,0.0,4.403212836811016e-6,8.349864687975222e-5,0.00011084044611797079,0.00017210629815415116,0.0,3.512123161572816e-6,0.0,0.0,0.0,0.0,0.0,0.0,0.0,0.0,0.0,0.0,0.0,0.0,0.0,0.0,0.0,0.0,0.0,0.0,0.0,0.0,0.0,0.0,0.0,0.0,0.0,0.0,0.0,0.0,0.0,0.0,0.0,0.0,0.0,0.0,0.0,0.0,0.0,0.0,0.0,0.0,0.0,0.0,0.0,0.0,0.0,0.008886899040209124
t35,0.0,0.0,0.00028669620549219983,5.872007726101509e-5,0.0001338231224457906,5.52226890137579e-5,0.00026631547033392327,0.0018948804489987568,1.5525986939555288e-6,1.867671373447426e-6,0.0,0.0,0.0,0.0,0.0,0.00020857393209177622,6.964548322962107e-5,0.00039530281545365587,0.001252070529442741,0.0004536015626101034,1.6696613097912084e-6,1.7908288132990633e-6,0.0,0.0,0.0,0.0,0.0,9.872311967915322e-5,0.0002147058136689914,5.61746490114075e-5,5.7204387181761665e-5,0.00025245991220539875,0.0016138958967307517,7.81630446254518e-6,6.363626295253868e-6,0.0,0.0,0.0001214667639311169,0.00015739474949565544,0.00020485004178252462,0.0,9.696721555376438e-6,8.46010955496236e-5,0.00011789844310831449,0.0001750870619170413,0.0,4.224564997253553e-6,8.282030792125767e-5,0.00010933925230183175,0.00017403555205360165,0.0,3.411198485303049e-6,0.0,0.0,0.0,0.0,0.0,0.0,0.0,0.0,0.0,0.0,0.0,0.0,0.0,0.0,0.0,0.0,0.0,0.0,0.0,0.0,0.0,0.0,0.0,0.0,0.0,0.0,0.0,0.0,0.0,0.0,0.0,0.0,0.0,0.0,0.0,0.0,0.0,0.0,0.0,0.0,0.0,0.0,0.0,0.0,0.0,0.008633902558897998
t36,0.0,0.0,0.0002832083101779967,5.766003580083147e-5,0.00013242805008210556,5.431440830232186e-5,0.00026499310681291993,0.0018746990468864722,1.4929987180733212e-6,1.794102383290115e-6,0.0,0.0,0.0,0.0,0.0,0.00020611303214554063,6.843244210544165e-5,0.00039415898915723597,0.001241523262023972,0.0004483815948550681,1.6118216261638463e-6,1.7294841412870422e-6,0.0,0.0,0.0,0.0,0.0,8.936990970043585e-5,0.00019657831832282683,5.078781119089309e-5,5.362551207466815e-5,0.00024367971895420244,0.001539783336802401,7.281516779470645e-6,5.9185818053580784e-6,0.0,0.0,0.00011356404216145319,0.00014326316808745685,0.0001867017799686231,0.0,9.384010761510801e-6,8.404505608234194e-5,0.0001160580259246737,0.00016371785631842382,0.0,4.055288593534008e-6,8.229329935694538e-5,0.00010743292565946933,0.00016253250868605227,0.0,3.3141892961698217e-6,0.0,0.0,0.0,0.0,0.0,0.0,0.0,0.0,0.0,0.0,0.0,0.0,0.0,0.0,0.0,0.0,0.0,0.0,0.0,0.0,0.0,0.0,0.0,0.0,0.0,0.0,0.0,0.0,0.0,0.0,0.0,0.0,0.0,0.0,0.0,0.0,0.0,0.0,0.0,0.0,0.0,0.0,0.0,0.0,0.0,0.00839592754174563
t37,0.0,0.0,0.0002786781080090945,5.638467815218963e-5,0.00013073384394186408,5.320216892099845e-5,0.0002629154110735118,0.0018470974060094763,1.436994927249379e-6,1.7252713769366441e-6,0.0,0.0,0.0,0.0,0.0,0.00020296798016894186,6.697720150907506e-5,0.00039240893830906355,0.0012266131390467688,0.00044151870344984596,1.557124401992356e-6,1.671501315541086e-6,0.0,0.0,0.0,0.0,0.0,8.27631922728001e-5,0.0001839693705190731,4.710351158810255e-5,5.110406680921e-5,0.00023772046305922786,0.0014850588685909462,6.812680679447916e-6,5.524543736076032e-6,0.0,0.0,0.00010827320318661491,0.00013406291469538495,0.0001875144704592722,0.0,9.094127649688843e-6,8.320411185685442e-5,0.00011360849959749281,0.00016635117838180157,0.0,3.8974978894027115e-6,8.203418631412009e-5,0.00010497207835868172,0.00016514106191178394,0.0,3.2229800871400063e-6,0.0,0.0,0.0,0.0,0.0,0.0,0.0,0.0,0.0,0.0,0.0,0.0,0.0,0.0,0.0,0.0,0.0,0.0,0.0,0.0,0.0,0.0,0.0,0.0,0.0,0.0,0.0,0.0,0.0,0.0,0.0,0.0,0.0,0.0,0.0,0.0,0.0,0.0,0.0,0.0,0.0,0.0,0.0,0.0,0.0,0.00822732147825567
t38,0.0,0.0,0.0002727910190728966,5.484627380861572e-5,0.0001286695686582086,5.1833642877457564e-5,0.000259687677596718,0.0018102164284109468,1.385799078167802e-6,1.661138126354207e-6,0.0,0.0,0.0,0.0,0.0,0.00019887172329069235,6.519618604696305e-5,0.0003897049869213368,0.0012059784947143933,0.0004325699081189437,1.5059951721665545e-6,1.6173720450800818e-6,0.0,0.0,0.0,0.0,0.0,7.792772547104798e-5,0.00017500630671400024,4.4478669234118755e-5,4.9344986029468606e-5,0.0002333157615401649,0.0014424919777425943,6.4058433238791315e-6,5.184654452518067e-6,0.0,0.0,0.00010428377593726983,0.0001271816856126591,0.000186940552167526,0.0,8.831631111532714e-6,8.194000610524644e-5,0.00011040927408035915,0.00016688685405758633,0.0,3.7487925087679297e-6,8.139908607602147e-5,0.00010178822841996749,0.0001652305619512285,0.0,3.135735575431796e-6,0.0,0.0,0.0,0.0,0.0,0.0,0.0,0.0,0.0,0.0,0.0,0.0,0.0,0.0,0.0,0.0,0.0,0.0,0.0,0.0,0.0,0.0,0.0,0.0,0.0,0.0,0.0,0.0,0.0,0.0,0.0,0.0,0.0,0.0,0.0,0.0,0.0,0.0,0.0,0.0,0.0,0.0,0.0,0.0,0.0,0.008052468322050331
t39,0.0,0.0,0.0002653596337619852,5.304350848645365e-5,0.0001261712680649048,5.020136365075158e-5,0.0002547981903226067,0.0017618138837709,1.3379274106570505e-6,1.6006746479853287e-6,0.0,0.0,0.0,0.0,0.0,0.00019351662867699712,6.306469235293035e-5,0.0003856336402996544,0.0011774463057735746,0.00042103738659648565,1.4577102123385532e-6,1.5662442392279959e-6,0.0,0.0,0.0,0.0,0.0,7.39608252542571e-5,0.00016795396641435,4.234751450992054e-5,4.789407388113422e-5,0.0002295551021344443,0.0014091219725992663,6.0314273936078886e-6,4.8689142107997615e-6,0.0,0.0,0.0001007006878046899,0.00012174205361852374,0.00017318220320070525,0.0,8.580530506436609e-6,8.007232084269322e-5,0.0001063642591634697,0.00015405559054919963,0.0,3.6103691316026577e-6,8.061760500365593e-5,9.779275717710124e-5,0.00015222544526081265,0.0,3.0552035376238605e-6,0.0,0.0,0.0,0.0,0.0,0.0,0.0,0.0,0.0,0.0,0.0,0.0,0.0,0.0,0.0,0.0,0.0,0.0,0.0,0.0,0.0,0.0,0.0,0.0,0.0,0.0,0.0,0.0,0.0,0.0,0.0,0.0,0.0,0.0,0.0,0.0,0.0,0.0,0.0,0.0,0.0,0.0,0.0,0.0,0.0,0.007821781880461749
t40,0.0,0.0,0.00025621861678765877,5.098547428698679e-5,0.00012318845629310653,4.830821552647426e-5,0.0002475561773982002,0.0016993777104225124,1.2930545457030894e-6,1.5440838057027781e-6,0.0,0.0,0.0,0.0,0.0,0.0001862536344426119,6.039541758145842e-5,0.0003796712714626518,0.0011359898826321631,0.00040507533881045687,1.411773420633433e-6,1.5177177821389517e-6,0.0,0.0,0.0,0.0,0.0,7.022371433743174e-5,0.0001619441756700278,4.028125756938387e-5,4.635430251254953e-5,0.00022556939835012186,0.0013766401960693647,5.633868204432236e-6,4.553393931611176e-6,0.0,0.0,9.621725805198808e-5,0.00011661022454561067,0.00017546138968229695,0.0,8.285851283005052e-6,7.746792642218622e-5,0.00010140546235465384,0.00015379827004661283,0.0,3.482996825385591e-6,7.926678183672853e-5,9.243613649030674e-5,0.00015076838619059558,0.0,2.9764162110253958e-6,0.0,0.0,0.0,0.0,0.0,0.0,0.0,0.0,0.0,0.0,0.0,0.0,0.0,0.0,0.0,0.0,0.0,0.0,0.0,0.0,0.0,0.0,0.0,0.0,0.0,0.0,0.0,0.0,0.0,0.0,0.0,0.0,0.0,0.0,0.0,0.0,0.0,0.0,0.0,0.0,0.0,0.0,0.0,0.0,0.0,0.007588164231783778
t41,0.0,0.0,0.0002451127850336714,4.863600048073524e-5,0.00011967539972409345,4.611201364228445e-5,0.0002371447212316829,0.001621294746449892,1.2511957549566202e-6,1.490924692611707e-6,0.0,0.0,0.0,0.0,0.0,0.00017785348938565237,5.760974905794014e-5,0.00037120971336458155,0.0010826179413337019,0.00038615296288547455,1.3691487784057178e-6,1.4724277932392868e-6,0.0,0.0,0.0,0.0,0.0,6.871097702583363e-5,0.00015788410514553446,3.9531794733635785e-5,4.5916034399454604e-5,0.0002223497452836052,0.0013473236094948362,5.480829594718815e-6,4.428877961613745e-6,0.0,0.0,9.697773998483513e-5,0.0001146319170215337,0.00017671204514188278,0.0,8.248503060917246e-6,7.397291070993038e-5,9.552043795583502e-5,0.00015161471711721473,0.0,3.3600989423078177e-6,7.720069937385017e-5,8.700203244062215e-5,0.00014878100714606543,0.0,2.9066940639285326e-6,0.0,0.0,0.0,0.0,0.0,0.0,0.0,0.0,0.0,0.0,0.0,0.0,0.0,0.0,0.0,0.0,0.0,0.0,0.0,0.0,0.0,0.0,0.0,0.0,0.0,0.0,0.0,0.0,0.0,0.0,0.0,0.0,0.0,0.0,0.0,0.0,0.0,0.0,0.0,0.0,0.0,0.0,0.0,0.0,0.0,0.007327557996207078
t42,0.0,0.0,0.00023207321257505382,4.603565299551459e-5,0.0001155741422659229,4.364874655061419e-5,0.0002229767926158865,0.0015248575610163826,1.211303456270484e-6,1.440724615581821e-6,0.0,0.0,0.0,0.0,0.0,0.00016933221822335815,5.481911009017467e-5,0.0003594560076617693,0.001021363479924651,0.00036609812921687893,1.3299207286794218e-6,1.4303477272403339e-6,0.0,0.0,0.0,0.0,0.0,6.624943126114257e-5,0.00015339065578277955,3.816417747014335e-5,4.4822531254391524e-5,0.0002175428997884015,0.001316483532383173,5.254772737269197e-6,4.248544513326562e-6,0.0,0.0,9.328865961147725e-5,0.00011025521643884225,0.00016371846846192323,0.0,8.084139017795143e-6,6.956046849668594e-5,8.87553745130806e-5,0.00013688990501870802,0.0,3.246048730930517e-6,7.511718073559128e-5,8.11106256843597e-5,0.00013428290346570137,0.0,2.8448055821984454e-6,0.0,0.0,0.0,0.0,0.0,0.0,0.0,0.0,0.0,0.0,0.0,0.0,0.0,0.0,0.0,0.0,0.0,0.0,0.0,0.0,0.0,0.0,0.0,0.0,0.0,0.0,0.0,0.0,0.0,0.0,0.0,0.0,0.0,0.0,0.0,0.0,0.0,0.0,0.0,0.0,0.0,0.0,0.0,0.0,0.0,0.006974957690611899
t43,0.0,0.0,0.00023697710466730906,4.6777112951603226e-5,0.00011663126440607652,4.44074766182172e-5,0.00022662703089079467,0.001535978951126806,1.1816167781778798e-6,1.4044462085017863e-6,0.0,0.0,0.0,0.0,0.0,0.00018620561995088826,5.952248484266487e-5,0.00038074946061218045,0.001094236850164793,0.0003899510074722022,1.319488196222574e-6,1.4193261222744122e-6,0.0,0.0,0.0,0.0,0.0,6.591760149664871e-5,0.0001536060966517076,3.81580849733494e-5,4.487310245639818e-5,0.00021774043402849198,0.0013117187628628472,5.078249317129201e-6,4.1038056477191905e-6,0.0,0.0,9.331326512853677e-5,0.00011034855899904315,0.0001685375544689412,0.0,7.96480520299437e-6,7.073621030948442e-5,9.035115286982535e-5,0.00014126888959620944,0.0,3.1599410118080836e-6,7.749520852320866e-5,8.944567808868082e-5,0.00014545261555834986,0.0,2.821900415194735e-6,0.0,0.0,0.0,0.0,0.0,0.0,0.0,0.0,0.0,0.0,0.0,0.0,0.0,0.0,0.0,0.0,0.0,0.0,0.0,0.0,0.0,0.0,0.0,0.0,0.0,0.0,0.0,0.0,0.0,0.0,0.0,0.0,0.0,0.0,0.0,0.0,0.0,0.0,0.0,0.0,0.0,0.0,0.0,0.0,0.0,0.00716548115861528
t44,0.0,0.0,0.0002563730351842006,5.0258592594454456e-5,0.00012209556365557435,4.781044079323474e-5,0.00024354771869684072,0.0016345666803973347,1.1696747683161728e-6,1.3901122734599457e-6,0.0,0.0,0.0,0.0,0.0,0.00020255668805963225,6.405331712859645e-5,0.0003996194636557135,0.001148815312563294,0.00040818313871219934,1.3117953317945205e-6,1.4111361854458004e-6,0.0,0.0,0.0,0.0,0.0,6.593858931314297e-5,0.00015318683853254427,3.832336800040706e-5,4.506518893044133e-5,0.00021573703419779157,0.0013000049150996885,4.980327063993287e-6,4.018744174869716e-6,0.0,0.0,9.486779684192159e-5,0.0001104769144699573,0.00017117447113800804,0.0,7.920496478621146e-6,7.656130160204079e-5,9.908074995983353e-5,0.00015118634911791135,0.0,3.1030046147569605e-6,7.927093908781092e-5,9.735582865926632e-5,0.00015485928240155093,0.0,2.810259024901456e-6,0.0,0.0,0.0,0.0,0.0,0.0,0.0,0.0,0.0,0.0,0.0,0.0,0.0,0.0,0.0,0.0,0.0,0.0,0.0,0.0,0.0,0.0,0.0,0.0,0.0,0.0,0.0,0.0,0.0,0.0,0.0,0.0,0.0,0.0,0.0,0.0,0.0,0.0,0.0,0.0,0.0,0.0,0.0,0.0,0.0,0.00745908506870955
t45,0.0,0.0,0.00027536301069449665,5.36835415596656e-5,0.00012716913155714582,5.115856227498671e-5,0.00025625876979963006,0.0017159402784358018,1.1577079191617915e-6,1.3753619299130052e-6,0.0,0.0,0.0,0.0,0.0,0.00021853986809653028,6.846214180032183e-5,0.0004165757438807311,0.0011912273818775697,0.0004225277039717798,1.3032880483962614e-6,1.4019949713341648e-6,0.0,0.0,0.0,0.0,0.0,7.716804068129583e-5,0.00018507633514203224,4.701578026144989e-5,5.243977733159281e-5,0.00025219066324888074,0.0014753010435215,5.040438734682722e-6,4.065206585190458e-6,0.0,0.0,0.00011294931079016814,0.00013569246618396855,0.00017962638577425808,0.0,7.912599245613092e-6,8.175939766352467e-5,0.00010765900048113649,0.00014791849221925136,0.0,3.054514394699937e-6,8.09454224009502e-5,0.00010486056049258321,0.00015097128766326085,0.0,2.79624393972699e-6,0.0,0.0,0.0,0.0,0.0,0.0,0.0,0.0,0.0,0.0,0.0,0.0,0.0,0.0,0.0,0.0,0.0,0.0,0.0,0.0,0.0,0.0,0.0,0.0,0.0,0.0,0.0,0.0,0.0,0.0,0.0,0.0,0.0,0.0,0.0,0.0,0.0,0.0,0.0,0.0,0.0,0.0,0.0,0.0,0.0,0.008016587453573231
t46,0.0,0.0,0.0002940504055372776,5.7071612689981116e-5,0.00013188900207029787,5.446528304809712e-5,0.0002658567419617716,0.0017845403576758204,1.1457622109581294e-6,1.3604569417738714e-6,0.0,0.0,0.0,0.0,0.0,0.00023409300059960538,7.273243586892513e-5,0.0004318049246838308,0.0012248178475590375,0.0004341001268297559,1.2942155488223819e-6,1.3922748417443585e-6,0.0,0.0,0.0,0.0,0.0,7.640915219833834e-5,0.00018240286804362818,4.648070219981927e-5,5.197273894492188e-5,0.00024548567454043727,0.0014534073040507309,4.84076029143628e-6,3.892979176544563e-6,0.0,0.0,0.00011086194043104557,0.00013285589917406718,0.00018367606862524787,0.0,7.800022212609437e-6,8.62120134303514e-5,0.00011603376898831688,0.00015672334115655502,0.0,3.008030206178213e-6,8.265334122909703e-5,0.00011171635660863943,0.0001596596435257392,0.0,2.7803974484091992e-6,0.0,0.0,0.0,0.0,0.0,0.0,0.0,0.0,0.0,0.0,0.0,0.0,0.0,0.0,0.0,0.0,0.0,0.0,0.0,0.0,0.0,0.0,0.0,0.0,0.0,0.0,0.0,0.0,0.0,0.0,0.0,0.0,0.0,0.0,0.0,0.0,0.0,0.0,0.0,0.0,0.0,0.0,0.0,0.0,0.0,0.008209487450549812
t47,0.0,0.0,0.00031229665117764674,6.039650423732331e-5,0.00013621170032790945,5.770124820464521e-5,0.00027323087724401263,0.0018431402054757348,1.133894068826292e-6,1.3451456442035965e-6,0.0,0.0,0.0,0.0,0.0,0.00024879845021441853,7.672413326214625e-5,0.0004451693661231846,0.0012520181690148654,0.0004436842825460399,1.2848023275311085e-6,1.3822076825687297e-6,0.0,0.0,0.0,0.0,0.0,7.552114388792008e-5,0.00018024806772200624,4.5736914187993675e-5,5.13660869426139e-5,0.00024132925322955693,0.00143971459828591,4.6605776115618e-6,3.7432421567428903e-6,0.0,0.0,0.00010916320649317728,0.00013067775426500966,0.00018619149432959057,0.0,7.673720884095366e-6,8.975817076696123e-5,0.00012370394249093454,0.00016458992270689736,0.0,2.961135778299156e-6,8.378931379954312e-5,0.00011723041915144787,0.0001670261173459656,0.0,2.761327442073749e-6,0.0,0.0,0.0,0.0,0.0,0.0,0.0,0.0,0.0,0.0,0.0,0.0,0.0,0.0,0.0,0.0,0.0,0.0,0.0,0.0,0.0,0.0,0.0,0.0,0.0,0.0,0.0,0.0,0.0,0.0,0.0,0.0,0.0,0.0,0.0,0.0,0.0,0.0,0.0,0.0,0.0,0.0,0.0,0.0,0.0,0.00838236404702936
t48,0.0,0.0,0.00032971505954560793,6.360833568230493e-5,0.00014007614638274937,6.0814759609085394e-5,0.0002790395164648926,0.0018938998945366612,1.1221938760737385e-6,1.3300249852755668e-6,0.0,0.0,0.0,0.0,0.0,0.0002618477319577391,8.02854674859919e-5,0.00045616263330176777,0.0012742014197912733,0.00045164036658174283,1.2749422895123442e-6,1.3716293559915912e-6,0.0,0.0,0.0,0.0,0.0,7.491412634352009e-5,0.000178721953136283,4.524930307205811e-5,5.0988078666930006e-5,0.0002387174291096076,0.001430556328679351,4.48961181807281e-6,3.6048520919076313e-6,0.0,0.0,0.0001073333210407122,0.00012869978497991478,0.0001751072422918997,0.0,7.541612007128695e-6,9.24893370398884e-5,0.00013076733557235056,0.00015884080160406388,0.0,2.916529913564046e-6,8.470619419718192e-5,0.00012196999000492316,0.00016066320002875402,0.0,2.7404544557436775e-6,0.0,0.0,0.0,0.0,0.0,0.0,0.0,0.0,0.0,0.0,0.0,0.0,0.0,0.0,0.0,0.0,0.0,0.0,0.0,0.0,0.0,0.0,0.0,0.0,0.0,0.0,0.0,0.0,0.0,0.0,0.0,0.0,0.0,0.0,0.0,0.0,0.0,0.0,0.0,0.0,0.0,0.0,0.0,0.0,0.0,0.008497407607900524
t49,0.0,0.0,0.0003454773461241332,6.660131303551683e-5,0.00014339172676801581,6.369814781576004e-5,0.0002838173518966,0.001938493111446508,1.1107110004792122e-6,1.3155109238273346e-6,0.0,0.0,0.0,0.0,0.0,0.000271908112158555,8.316640505163856e-5,0.0004636366563712993,0.001292412368214209,0.0004582242974607146,1.264630860468138e-6,1.3604970267159694e-6,0.0,0.0,0.0,0.0,0.0,7.445646896609407e-5,0.00017741852343054927,4.489491374656569e-5,5.070153886282497e-5,0.00023712727888693187,0.0014245948340923722,4.339782813674211e-6,3.489015835073752e-6,0.0,0.0,0.00010624949795899272,0.00012711176111523245,0.00018063676417648289,0.0,7.426080570752279e-6,9.470043225738975e-5,0.0001376331469433167,0.00016645134909889074,0.0,2.875914659968187e-6,8.56070642819971e-5,0.0001261351530999718,0.0001680333525682917,0.0,2.7184481516468807e-6,0.0,0.0,0.0,0.0,0.0,0.0,0.0,0.0,0.0,0.0,0.0,0.0,0.0,0.0,0.0,0.0,0.0,0.0,0.0,0.0,0.0,0.0,0.0,0.0,0.0,0.0,0.0,0.0,0.0,0.0,0.0,0.0,0.0,0.0,0.0,0.0,0.0,0.0,0.0,0.0,0.0,0.0,0.0,0.0,0.0,0.008638479507671461
t50,0.0,0.0,0.0003596363903535333,6.935833135444545e-5,0.00014615542729010526,6.633324717626413e-5,0.00028804754155885244,0.001979001547724955,1.099925951720352e-6,1.3016432082279675e-6,0.0,0.0,0.0,0.0,0.0,0.0002800590237076941,8.552587585241352e-5,0.00046891981651654523,0.0013080815150134336,0.00046385587662263787,1.2538298931219305e-6,1.3487928912153853e-6,0.0,0.0,0.0,0.0,0.0,7.39145034498491e-5,0.00017615385074184464,4.443218847107631e-5,5.0302358457434464e-5,0.00023628120849067196,0.0014213890867524224,4.1978817735918684e-6,3.3817388151541787e-6,0.0,0.0,0.00010551844033371745,0.00012604063978653154,0.00018412413365268283,0.0,7.307027563924197e-6,9.67247897823124e-5,0.00014452988762347766,0.00017327745545147352,0.0,2.8369359692037883e-6,8.614706498697743e-5,0.000129865853334222,0.00017420995331319557,0.0,2.6935063103665374e-6,0.0,0.0,0.0,0.0,0.0,0.0,0.0,0.0,0.0,0.0,0.0,0.0,0.0,0.0,0.0,0.0,0.0,0.0,0.0,0.0,0.0,0.0,0.0,0.0,0.0,0.0,0.0,0.0,0.0,0.0,0.0,0.0,0.0,0.0,0.0,0.0,0.0,0.0,0.0,0.0,0.0,0.0,0.0,0.0,0.0,0.008763307290175295
t51,0.0,0.0,0.00037308901124230023,7.199033659346907e-5,0.00014846950242307561,6.883366563064862e-5,0.00029216766585357646,0.0020171248928997276,1.0890970689318733e-6,1.2880728550738798e-6,0.0,0.0,0.0,0.0,0.0,0.00028694046682968804,8.748970484006433e-5,0.00047293534684745143,0.0013220316093902104,0.00046868476707004233,1.2424986730124833e-6,1.336501119877307e-6,0.0,0.0,0.0,0.0,0.0,7.366512579410714e-5,0.00017502083060656182,4.42411171405624e-5,5.010230634523711e-5,0.00023602214858748562,0.0014206970241721322,4.062642202164942e-6,3.280168474933707e-6,0.0,0.0,0.00010516036049123904,0.00012547481117036448,0.00017398105939715777,0.0,7.1838204615986974e-6,9.867617818621573e-5,0.0001517397428470389,0.00016612780555568888,0.0,2.799537911883942e-6,8.673473924203286e-5,0.00013328949584628474,0.00016641307868695392,0.0,2.6670776220999137e-6,0.0,0.0,0.0,0.0,0.0,0.0,0.0,0.0,0.0,0.0,0.0,0.0,0.0,0.0,0.0,0.0,0.0,0.0,0.0,0.0,0.0,0.0,0.0,0.0,0.0,0.0,0.0,0.0,0.0,0.0,0.0,0.0,0.0,0.0,0.0,0.0,0.0,0.0,0.0,0.0,0.0,0.0,0.0,0.0,0.0,0.008842052210078893
t52,0.0,0.0,0.00038647053222736855,7.456765258442555e-5,0.0001504144517450304,7.127699654330626e-5,0.0002965816383695935,0.002054438433393455,1.0779621785725647e-6,1.2746553799600844e-6,0.0,0.0,0.0,0.0,0.0,0.000293018839671947,8.913484760759268e-5,0.00047636366120204824,0.0013350588942956595,0.00047288674084707265,1.2302981773511588e-6,1.3231816428638696e-6,0.0,0.0,0.0,0.0,0.0,7.353957412392833e-5,0.00017452075235861194,4.418293174039024e-5,5.00294037603182e-5,0.00023627045862522304,0.0014222208228865973,3.936936534460058e-6,3.186570852442417e-6,0.0,0.0,0.00010512069222486742,0.0001252846320354069,0.00018018288131021456,0.0,7.061022644921254e-6,0.00010073279962445416,0.00015947534426853085,0.00017314716277048005,0.0,2.763931568728893e-6,8.771829368596428e-5,0.0001364550546868549,0.0001730497558701072,0.0,2.6392812204523693e-6,0.0,0.0,0.0,0.0,0.0,0.0,0.0,0.0,0.0,0.0,0.0,0.0,0.0,0.0,0.0,0.0,0.0,0.0,0.0,0.0,0.0,0.0,0.0,0.0,0.0,0.0,0.0,0.0,0.0,0.0,0.0,0.0,0.0,0.0,0.0,0.0,0.0,0.0,0.0,0.0,0.0,0.0,0.0,0.0,0.0,0.008966637088659201
t53,0.0,0.0,0.0004003849709619545,7.713151313357487e-5,0.0001520461075891069,7.371218432389946e-5,0.0003018682053164052,0.002093181179733284,1.0667659031572468e-6,1.261257291326133e-6,0.0,0.0,0.0,0.0,0.0,0.0002987009030801306,9.048456660637012e-5,0.00047973269961221817,0.001348857153612222,0.00047695905383265236,1.2175265334198558e-6,1.309210556085432e-6,0.0,0.0,0.0,0.0,0.0,7.348748380786421e-5,0.00017459436477870895,4.419348048379519e-5,5.002181776115833e-5,0.00023710908246894608,0.001426253237961015,3.819814717712691e-6,3.100550709937082e-6,0.0,0.0,0.0001054612393807211,0.00012545151057356653,0.00018437091133460234,0.0,6.9380035908085785e-6,0.0001031828633227763,0.00016807146141443162,0.00017948892451367666,0.0,2.7282726313407894e-6,8.868188866681497e-5,0.0001394835365915512,0.00017862618398112965,0.0,2.6086796878989516e-6,0.0,0.0,0.0,0.0,0.0,0.0,0.0,0.0,0.0,0.0,0.0,0.0,0.0,0.0,0.0,0.0,0.0,0.0,0.0,0.0,0.0,0.0,0.0,0.0,0.0,0.0,0.0,0.0,0.0,0.0,0.0,0.0,0.0,0.0,0.0,0.0,0.0,0.0,0.0,0.0,0.0,0.0,0.0,0.0,0.0,0.009095586606464263
t54,0.0,0.0,0.0004157038354309449,7.977869263771038e-5,0.00015343724562478026,7.624476320792235e-5,0.0003088179368644045,0.0021365367697385542,1.0558537433494281e-6,1.2481047832557134e-6,0.0,0.0,0.0,0.0,0.0,0.0003027277803139084,9.11256969538659e-5,0.0004835894378112745,0.0013603096904631943,0.00047932400650303595,1.2042834822294166e-6,1.2949316127051689e-6,0.0,0.0,0.0,0.0,0.0,7.3615144020992e-5,0.0001753355889191469,4.4392734372822865e-5,5.019455671497251e-5,0.00023872866507585513,0.001433235550488226,3.6600066059767995e-6,2.970141138026438e-6,0.0,0.0,0.00010627370425539158,0.0001261586161789893,0.00017499985198394177,0.0,6.7670974542037e-6,0.000106390244523059,0.00017817129490018522,0.00017168623698150492,0.0,2.6958711679019563e-6,8.94461925237014e-5,0.00014174129092934677,0.0001696983250762223,0.0,2.575800064921193e-6,0.0,0.0,0.0,0.0,0.0,0.0,0.0,0.0,0.0,0.0,0.0,0.0,0.0,0.0,0.0,0.0,0.0,0.0,0.0,0.0,0.0,0.0,0.0,0.0,0.0,0.0,0.0,0.0,0.0,0.0,0.0,0.0,0.0,0.0,0.0,0.0,0.0,0.0,0.0,0.0,0.0,0.0,0.0,0.0,0.0,0.009191135942546523
t55,0.0,0.0,0.00041329778368853445,7.914530395236834e-5,0.00015157272035291772,7.558945442231203e-5,0.00030523868988706945,0.002108691459402876,1.0415917461954976e-6,1.2307889012092396e-6,0.0,0.0,0.0,0.0,0.0,0.000294152608544105,8.84078476037323e-5,0.00047816911716905974,0.0013330156901526,0.0004691171877484075,1.1867186291839806e-6,1.2761048831113425e-6,0.0,0.0,0.0,0.0,0.0,7.386625328369561e-5,0.00017675296978092746,4.4731266602882724e-5,5.0521503376538436e-5,0.00024133749220681133,0.001444109688578027,3.501889846503774e-6,2.843086290789316e-6,0.0,0.0,0.00010757177198244672,0.00012730362151087564,0.0001822135891750009,0.0,6.588035595508717e-6,0.00010562821351318143,0.00017741274853212252,0.00017461607516287456,0.0,2.6577292421478695e-6,8.806096408019573e-5,0.00013686695502632378,0.00017188015662697822,0.0,2.5360293474324143e-6,0.0,0.0,0.0,0.0,0.0,0.0,0.0,0.0,0.0,0.0,0.0,0.0,0.0,0.0,0.0,0.0,0.0,0.0,0.0,0.0,0.0,0.0,0.0,0.0,0.0,0.0,0.0,0.0,0.0,0.0,0.0,0.0,0.0,0.0,0.0,0.0,0.0,0.0,0.0,0.0,0.0,0.0,0.0,0.0,0.0,0.009122133106844947
t56,0.0,0.0,0.0004117474547353462,7.845823529233469e-5,0.00014947208679454865,7.491417052507844e-5,0.00030404677319290324,0.00208580195802679,1.0279533050210154e-6,1.2139326251556116e-6,0.0,0.0,0.0,0.0,0.0,0.00028589158244473267,8.559585641570883e-5,0.00047358346096388124,0.0013077791174486307,0.00045911562042698806,1.1695129100194606e-6,1.2577558784463295e-6,0.0,0.0,0.0,0.0,0.0,7.20224619292201e-5,0.00017236528532793097,4.343563225824488e-5,4.953401855009876e-5,0.00023703025634241428,0.0014202221751607427,3.3681069250177716e-6,2.73966492920461e-6,0.0,0.0,0.00010479272719433651,0.00012326814303969603,0.00018326446914075257,0.0,6.420537223690425e-6,0.00010577676024860436,0.00017741967677834366,0.00017689448137974423,0.0,2.619255765596882e-6,8.662651770930643e-5,0.0001321806943464996,0.0001730349734630268,0.0,2.495812881655129e-6,0.0,0.0,0.0,0.0,0.0,0.0,0.0,0.0,0.0,0.0,0.0,0.0,0.0,0.0,0.0,0.0,0.0,0.0,0.0,0.0,0.0,0.0,0.0,0.0,0.0,0.0,0.0,0.0,0.0,0.0,0.0,0.0,0.0,0.0,0.0,0.0,0.0,0.0,0.0,0.0,0.0,0.0,0.0,0.0,0.0,0.008996587121579712
t57,0.0,0.0,0.00041071448932164403,7.769520585308952e-5,0.00014707056349288157,7.419757739259368e-5,0.0003050126895477569,0.0020658590636025323,1.0145789394375551e-6,1.1973791631086416e-6,0.0,0.0,0.0,0.0,0.0,0.0002775936517464934,8.267760199543044e-5,0.00046945094706956193,0.0012822249841728116,0.00044873150059071256,1.1523975929770084e-6,1.2395064089507368e-6,0.0,0.0,0.0,0.0,0.0,7.042232174931251e-5,0.00016874281407263053,4.23944409013264e-5,4.8765042759762776e-5,0.00023405285138089152,0.001400669007996451,3.238319254692128e-6,2.640423652804887e-6,0.0,0.0,0.00010252283306799521,0.00011980980782591958,0.00017099411360891107,0.0,6.242064489273926e-6,0.00010680337790271398,0.00017815581394672227,0.00016527364986834053,0.0,2.5817046947664556e-6,8.535844145825772e-5,0.00012755668832596184,0.00016058472354050864,0.0,2.455963174528332e-6,0.0,0.0,0.0,0.0,0.0,0.0,0.0,0.0,0.0,0.0,0.0,0.0,0.0,0.0,0.0,0.0,0.0,0.0,0.0,0.0,0.0,0.0,0.0,0.0,0.0,0.0,0.0,0.0,0.0,0.0,0.0,0.0,0.0,0.0,0.0,0.0,0.0,0.0,0.0,0.0,0.0,0.0,0.0,0.0,0.0,0.008845096540561752
t58,0.0,0.0,0.00040989250043900016,7.683725425552467e-5,0.0001443325075922504,7.341906725477682e-5,0.00030827637635605197,0.0020476227444028603,1.0012031883626393e-6,1.1811759614115303e-6,0.0,0.0,0.0,0.0,0.0,0.00026899008662201873,7.965663998666312e-5,0.0004654964576836097,0.0012545784516790185,0.0004375822947094406,1.135004403640834e-6,1.220867858675072e-6,0.0,0.0,0.0,0.0,0.0,6.880058506660888e-5,0.00016529117163570253,4.140038109454639e-5,4.805225693415936e-5,0.00023156633927545606,0.001382374094611172,3.113117737621662e-6,2.54296820438328e-6,0.0,0.0,0.00010065364855375119,0.00011673092456578396,0.000174359792418853,0.0,6.0584909185366606e-6,0.00010867230679976965,0.00017960215803787609,0.000167546176107636,0.0,2.544590215233812e-6,8.428902603369766e-5,0.0001228833910816697,0.00016175131531057335,0.0,2.4169235124399255e-6,0.0,0.0,0.0,0.0,0.0,0.0,0.0,0.0,0.0,0.0,0.0,0.0,0.0,0.0,0.0,0.0,0.0,0.0,0.0,0.0,0.0,0.0,0.0,0.0,0.0,0.0,0.0,0.0,0.0,0.0,0.0,0.0,0.0,0.0,0.0,0.0,0.0,0.0,0.0,0.0,0.0,0.0,0.0,0.0,0.0,0.008741872290508776
t59,0.0,0.0,0.0004085735250890642,7.589681753798794e-5,0.00014127302148677316,7.253990886007764e-5,0.00031466981298541554,0.0020340028850578755,9.84708736303807e-7,1.1612122066656423e-6,0.0,0.0,0.0,0.0,0.0,0.00025980085944623523,7.649473704375782e-5,0.00046140531796252194,0.0012238761381825694,0.00042558020341398395,1.1174888888474739e-6,1.202008596251646e-6,0.0,0.0,0.0,0.0,0.0,6.712669150438737e-5,0.00016194925522371002,4.039633702532558e-5,4.7338025560700806e-5,0.0002293721725079295,0.001364121166133577,2.9926064719958293e-6,2.4470890162669685e-6,0.0,0.0,9.883220755533814e-5,0.00011337007655028359,0.00017553337939734187,0.0,5.873272272936072e-6,0.00011151683043758103,0.00018216650379251242,0.00016921693345662428,0.0,2.496152456590706e-6,8.305822486443379e-5,0.00011809255905965682,0.00016187505915757702,0.0,2.3768454191136773e-6,0.0,0.0,0.0,0.0,0.0,0.0,0.0,0.0,0.0,0.0,0.0,0.0,0.0,0.0,0.0,0.0,0.0,0.0,0.0,0.0,0.0,0.0,0.0,0.0,0.0,0.0,0.0,0.0,0.0,0.0,0.0,0.0,0.0,0.0,0.0,0.0,0.0,0.0,0.0,0.0,0.0,0.0,0.0,0.0,0.0,0.008638730033358213
t60,0.0,0.0,0.0002937634180731918,5.28527775415342e-5,0.00012266763170715812,5.19881414709754e-5,0.00026342886376252923,0.001714968965381754,9.574089275208524e-7,1.1286430482607705e-6,0.0,0.0,0.0,0.0,0.0,0.0002497786946811599,7.32133940822603e-5,0.0004568902079287486,0.0011889288629033487,0.00041253124009961694,1.1000675696144509e-6,1.1832543730769514e-6,0.0,0.0,0.0,0.0,0.0,6.533434943013284e-5,0.00015844378523839023,3.932059440275519e-5,4.657941692948309e-5,0.00022704867927346526,0.0013462633554694023,2.8648078346875687e-6,2.338911919237972e-6,0.0,0.0,9.654313292111705e-5,0.00010963542517048773,0.00016324972503742191,0.0,5.671890153998508e-6,9.138897531950632e-5,0.0001356061672679622,0.00014234532502284004,0.0,2.4315579328267935e-6,8.157288244170311e-5,0.00011313173913239822,0.0001489467095284779,0.0,2.3376781056895316e-6,0.0,0.0,0.0,0.0,0.0,0.0,0.0,0.0,0.0,0.0,0.0,0.0,0.0,0.0,0.0,0.0,0.0,0.0,0.0,0.0,0.0,0.0,0.0,0.0,0.0,0.0,0.0,0.0,0.0,0.0,0.0,0.0,0.0,0.0,0.0,0.0,0.0,0.0,0.0,0.0,0.0,0.0,0.0,0.0,0.0,0.007866436680082734
t61,0.0,0.0,0.00021770327586642614,3.9070448031452016e-5,0.00010664252813346945,3.8456737815466254e-5,0.00022659032173112195,0.0014797469726809047,9.305794826196682e-7,1.0966066590363038e-6,0.0,0.0,0.0,0.0,0.0,0.0002362821572139367,6.825353618939112e-5,0.00045160245108434864,0.001148633668874548,0.00039820716848182374,1.0826710157444837e-6,1.1645305245586968e-6,0.0,0.0,0.0,0.0,0.0,6.308064766362915e-5,0.00015463736888908058,3.794709235232846e-5,4.548681377435443e-5,0.00022421671530947093,0.0013232933595055997,2.7145394238272687e-6,2.217714305177694e-6,0.0,0.0,9.285189809522653e-5,0.00010499806458178003,0.0001654177187619331,0.0,5.4412414811695545e-6,7.670324625832152e-5,0.0001083671309529779,0.0001308468561000588,0.0,2.3685246205518778e-6,7.953256975429924e-5,0.00010789295493592573,0.00014833345498087676,0.0,2.2999270627245337e-6,0.0,0.0,0.0,0.0,0.0,0.0,0.0,0.0,0.0,0.0,0.0,0.0,0.0,0.0,0.0,0.0,0.0,0.0,0.0,0.0,0.0,0.0,0.0,0.0,0.0,0.0,0.0,0.0,0.0,0.0,0.0,0.0,0.0,0.0,0.0,0.0,0.0,0.0,0.0,0.0,0.0,0.0,0.0,0.0,0.0,0.007294111492594161
t62,0.0,0.0,0.00016808147282906452,3.0317967422672005e-5,9.319996095271772e-5,2.9677565946165756e-5,0.0001957166158883933,0.0012904424335123711,9.051798625422837e-7,1.0659270295994676e-6,0.0,0.0,0.0,0.0,0.0,0.00022150203028346518,6.261666606758937e-5,0.00044479935766967665,0.0011031378698478007,0.0003827190351568849,1.0663306079103455e-6,1.1471789621740243e-6,0.0,0.0,0.0,0.0,0.0,6.230287273406732e-5,0.00015181329884569032,3.754913752086788e-5,4.530292676271775e-5,0.00022201405574473026,0.0012983669179513027,2.6669071452569074e-6,2.178316576200836e-6,0.0,0.0,9.397689165268356e-5,0.00010237104006391823,0.0001664085227106539,0.0,5.3593139153434704e-6,6.042322407779997e-5,6.899069814145987e-5,0.00012072290997387791,0.0,2.3066408743738256e-6,7.717541579611872e-5,0.00010230104553971434,0.00014679057261145749,0.0,2.263466977119042e-6,0.0,0.0,0.0,0.0,0.0,0.0,0.0,0.0,0.0,0.0,0.0,0.0,0.0,0.0,0.0,0.0,0.0,0.0,0.0,0.0,0.0,0.0,0.0,0.0,0.0,0.0,0.0,0.0,0.0,0.0,0.0,0.0,0.0,0.0,0.0,0.0,0.0,0.0,0.0,0.0,0.0,0.0,0.0,0.0,0.0,0.006797679767654382
t63,0.0,0.0,0.00014427990047293155,2.5894910247763106e-5,8.643828261009184e-5,2.5245037753017102e-5,0.00018919440925221296,0.0012437590682309668,8.922706718833763e-7,1.0498147222695356e-6,0.0,0.0,0.0,0.0,0.0,0.0002059856250553374,5.699686943623763e-5,0.0004357158851759101,0.001051433010494319,0.0003656134584534354,1.0497023745989548e-6,1.129416376336741e-6,0.0,0.0,0.0,0.0,0.0,6.035129543750322e-5,0.00014775863013180416,3.63948859784765e-5,4.4392929411609426e-5,0.00021803373464947696,0.0012680689807247213,2.580242456840725e-6,2.1088053904586958e-6,0.0,0.0,9.038855911966108e-5,9.644244930896378e-5,0.00015323594194408194,0.0,5.208740555120242e-6,5.2789739964060334e-5,5.167086808400449e-5,0.00010902776370274254,0.0,2.2675189110058572e-6,7.330451221130857e-5,8.433509151129157e-5,0.0001330948327542607,0.0,2.227530092173191e-6,0.0,0.0,0.0,0.0,0.0,0.0,0.0,0.0,0.0,0.0,0.0,0.0,0.0,0.0,0.0,0.0,0.0,0.0,0.0,0.0,0.0,0.0,0.0,0.0,0.0,0.0,0.0,0.0,0.0,0.0,0.0,0.0,0.0,0.0,0.0,0.0,0.0,0.0,0.0,0.0,0.0,0.0,0.0,0.0,0.0,0.006468360713666877
t64,0.0,0.0,0.0001229526888878249,2.20815557018779e-5,7.951582179752993e-5,2.140229611816747e-5,0.00017525223934720108,0.0011682194111747493,8.804382992675457e-7,1.0349471134864736e-6,0.0,0.0,0.0,0.0,0.0,0.00019003837646902055,5.165003789160113e-5,0.00042356352198578653,0.0009927449936376243,0.0003465208812790361,1.0330747114845494e-6,1.1116257907261838e-6,0.0,0.0,0.0,0.0,0.0,5.828198470319608e-5,0.00014265219692924773,3.505144630773117e-5,4.3235382454908464e-5,0.00021224236373714323,0.0012307062222982534,2.4931364806873894e-6,2.036663366171444e-6,0.0,0.0,8.64175690655061e-5,8.963387620529671e-5,0.0001529644080048814,0.0,5.064785683973112e-6,4.483787181076409e-5,3.956996737641947e-5,0.00010374435329723004,0.0,2.234349945484175e-6,6.821166139814979e-5,6.819046418758946e-5,0.000129908729611889,0.0,2.192762388294551e-6,0.0,0.0,0.0,0.0,0.0,0.0,0.0,0.0,0.0,0.0,0.0,0.0,0.0,0.0,0.0,0.0,0.0,0.0,0.0,0.0,0.0,0.0,0.0,0.0,0.0,0.0,0.0,0.0,0.0,0.0,0.0,0.0,0.0,0.0,0.0,0.0,0.0,0.0,0.0,0.0,0.0,0.0,0.0,0.0,0.0,0.0061176721054582005
t65,0.0,0.0,0.00010291112198207688,1.8692309295699915e-5,7.201899910778126e-5,1.798809208460567e-5,0.00015284470486698747,0.0010209830966472972,8.686666027397423e-7,1.01967766294339e-6,0.0,0.0,0.0,0.0,0.0,0.0001738700997900393,4.659941410617689e-5,0.0004075748190907832,0.0009254680402932338,0.0003247700553278738,1.0168798746594653e-6,1.0942377443515277e-6,0.0,0.0,0.0,0.0,0.0,5.585691204706459e-5,0.00013636201119860086,3.3409395387945723e-5,4.166635457643283e-5,0.00020434864158075844,0.001185788737359253,2.4147441390507856e-6,1.9725969933215104e-6,0.0,0.0,8.204922634127255e-5,8.159379306045389e-5,0.000151011404687918,0.0,4.933577724756701e-6,3.7217553682961336e-5,3.101404130452643e-5,9.672863299094227e-5,0.0,2.2011707490730823e-6,6.250747761578262e-5,5.562012906555502e-5,0.00012561525439195068,0.0,2.1578530140019373e-6,0.0,0.0,0.0,0.0,0.0,0.0,0.0,0.0,0.0,0.0,0.0,0.0,0.0,0.0,0.0,0.0,0.0,0.0,0.0,0.0,0.0,0.0,0.0,0.0,0.0,0.0,0.0,0.0,0.0,0.0,0.0,0.0,0.0,0.0,0.0,0.0,0.0,0.0,0.0,0.0,0.0,0.0,0.0,0.0,0.0,0.0056621897223888724
t66,0.0,0.0,0.00011494096986283606,2.1189225390411162e-5,7.870050192904421e-5,2.031634277611299e-5,0.00018520220998237514,0.0012142698380859529,8.994851800360651e-7,1.0606196508603074e-6,0.0,0.0,0.0,0.0,0.0,0.00015718302553056334,4.165175977399222e-5,0.0003870075422423172,0.0008412017118976149,0.0002962557752571191,1.0006375528202062e-6,1.0768262733488288e-6,0.0,0.0,0.0,0.0,0.0,5.3201463273471215e-5,0.00012903977460180748,3.1548594200226766e-5,3.975713456769392e-5,0.00019396441219967403,0.0011320807576383337,2.34069195842887e-6,1.9112061386048675e-6,0.0,0.0,7.652199089385844e-5,7.156167324876276e-5,0.00013642327010528942,0.0,4.8101317546674794e-6,4.33847961763539e-5,3.662468276403168e-5,0.0001207650246502185,0.0,2.2846778778356226e-6,5.566978645108985e-5,4.5643474606005256e-5,0.00010921479329468767,0.0,2.124501128767053e-6,0.0,0.0,0.0,0.0,0.0,0.0,0.0,0.0,0.0,0.0,0.0,0.0,0.0,0.0,0.0,0.0,0.0,0.0,0.0,0.0,0.0,0.0,0.0,0.0,0.0,0.0,0.0,0.0,0.0,0.0,0.0,0.0,0.0,0.0,0.0,0.0,0.0,0.0,0.0,0.0,0.0,0.0,0.0,0.0,0.0,0.005650829308915212
t67,0.0,0.0,0.00012368481512882047,2.3014067517887006e-5,8.69859702037402e-5,2.2004642759421772e-5,0.00020618519613729687,0.001379470980502097,9.310960070759752e-7,1.0995976357459224e-6,0.0,0.0,0.0,0.0,0.0,0.00018222220726319565,4.729330251020508e-5,0.0004238772724177693,0.0009263032111660575,0.0003237561804449278,1.0184042311432333e-6,1.0952257212339534e-6,0.0,0.0,0.0,0.0,0.0,5.196479259489417e-5,0.0001252761595222578,3.070528181550004e-5,3.882728956384349e-5,0.0001872721109870834,0.0010981227982908902,2.276830387971664e-6,1.857676020596804e-6,0.0,0.0,7.300960408508506e-5,6.165139875412864e-5,0.00013615407362906824,0.0,4.706674803284706e-6,4.750882321679575e-5,4.03815367354959e-5,0.00014597417346155967,0.0,2.3839127954696125e-6,6.284014818193169e-5,5.182735865186957e-5,0.00012366549552682673,0.0,2.1675716961965337e-6,0.0,0.0,0.0,0.0,0.0,0.0,0.0,0.0,0.0,0.0,0.0,0.0,0.0,0.0,0.0,0.0,0.0,0.0,0.0,0.0,0.0,0.0,0.0,0.0,0.0,0.0,0.0,0.0,0.0,0.0,0.0,0.0,0.0,0.0,0.0,0.0,0.0,0.0,0.0,0.0,0.0,0.0,0.0,0.0,0.0,0.006037515880367367
t68,0.0,0.0,0.00013084383624799108,2.4544594500797885e-5,9.652705709972482e-5,2.3426455778250725e-5,0.0002275550762200694,0.0015325451136722385,9.645597713836419e-7,1.140772728902227e-6,0.0,0.0,0.0,0.0,0.0,0.00020784004785059435,5.2729177812695784e-5,0.0004592292288512468,0.0009908192657899879,0.0003420948697084986,1.0360019715243508e-6,1.1136590528291111e-6,0.0,0.0,0.0,0.0,0.0,4.9702474922982674e-5,0.00011961805625870412,2.917788793880784e-5,3.705099748411296e-5,0.00017579597635023088,0.0010283582397305564,2.2121224507680034e-6,1.804957525864139e-6,0.0,0.0,6.790374362388952e-5,5.197398529183363e-5,0.0001333020051841736,0.0,4.616552149154846e-6,5.069501123268589e-5,4.3489282198801934e-5,0.0001659952575145625,0.0,2.4722677429087106e-6,6.824482906116035e-5,5.701942723960823e-5,0.00013844178926709195,0.0,2.2003308657657626e-6,0.0,0.0,0.0,0.0,0.0,0.0,0.0,0.0,0.0,0.0,0.0,0.0,0.0,0.0,0.0,0.0,0.0,0.0,0.0,0.0,0.0,0.0,0.0,0.0,0.0,0.0,0.0,0.0,0.0,0.0,0.0,0.0,0.0,0.0,0.0,0.0,0.0,0.0,0.0,0.0,0.0,0.0,0.0,0.0,0.0,0.006322484911090398
t69,0.0,0.0,0.0001374129289584115,2.6172394568585622e-5,0.00010959386205792551,2.4725042168302204e-5,0.00025267399764575314,0.0016894066256349705,1.0009827253371491e-6,1.1853488887080338e-6,0.0,0.0,0.0,0.0,0.0,0.00024010338416995163,5.9156047710371936e-5,0.0004939204564168062,0.0010549500108720854,0.00036043980412398685,1.0538730388786171e-6,1.1323380427983062e-6,0.0,0.0,0.0,0.0,0.0,0.0001429425808357309,0.00033201653963948905,9.366517518791251e-5,7.866879971224697e-5,0.0003741409666751554,0.0020045906020986905,2.4385542688733494e-6,1.9867829367376134e-6,0.0,0.0,0.00024079128199594406,0.0010381402210986334,0.00030171536202958923,0.0,4.951079814637491e-6,5.327126011152258e-5,4.603848512053573e-5,0.0001691096334721402,0.0,2.5690211819677804e-6,7.270668011892146e-5,6.043038341043177e-5,0.00014097332182253297,0.0,2.232227856917787e-6,0.0,0.0,0.0,0.0,0.0,0.0,0.0,0.0,0.0,0.0,0.0,0.0,0.0,0.0,0.0,0.0,0.0,0.0,0.0,0.0,0.0,0.0,0.0,0.0,0.0,0.0,0.0,0.0,0.0,0.0,0.0,0.0,0.0,0.0,0.0,0.0,0.0,0.0,0.0,0.0,0.0,0.0,0.0,0.0,0.0,0.009616306056411483
t70,0.0,0.0,0.00014261201693409396,2.899179427342125e-5,0.00012314332153958167,2.5844626011734413e-5,0.0002775009085240265,0.0017992715047025361,1.0391751437142147e-6,1.2322557905189495e-6,0.0,0.0,0.0,0.0,0.0,0.0002820291761498545,6.692740377484702e-5,0.0005281017236549955,0.0011223400643279458,0.0003802323832711749,1.072545313946297e-6,1.1519371767806445e-6,0.0,0.0,0.0,0.0,0.0,0.00014448394751763552,0.0003028767845123108,8.34277616209334e-5,7.39163258802278e-5,0.0003300135990095133,0.0018829756975846394,2.4075559424230084e-6,1.9636161144702786e-6,0.0,0.0,0.00019427346585671135,0.0005648807661646437,0.0002687131149572285,0.0,4.919122951379987e-6,5.448236863166604e-5,4.66022202706162e-5,0.00017509047259168102,0.0,2.6702595917350947e-6,7.638325064063623e-5,6.282485342442078e-5,0.00015331279102326722,0.0,2.266249925778275e-6,0.0,0.0,0.0,0.0,0.0,0.0,0.0,0.0,0.0,0.0,0.0,0.0,0.0,0.0,0.0,0.0,0.0,0.0,0.0,0.0,0.0,0.0,0.0,0.0,0.0,0.0,0.0,0.0,0.0,0.0,0.0,0.0,0.0,0.0,0.0,0.0,0.0,0.0,0.0,0.0,0.0,0.0,0.0,0.0,0.0,0.009209975060801089
t71,0.0,0.0,0.00014728760311694513,3.308878065003819e-5,0.00013937865529413808,2.6886972296945067e-5,0.0003059149464884406,0.0018938917551106014,1.080258546311355e-6,1.2825418440061325e-6,0.0,0.0,0.0,0.0,0.0,0.0003391549284569154,7.669313462389292e-5,0.0005613154715572885,0.0011963558559548372,0.00040232067191766003,1.091156380803487e-6,1.1712976067044918e-6,0.0,0.0,0.0,0.0,0.0,0.000125792103632379,0.00027214401275301397,7.309852778128604e-5,6.807680146568542e-5,0.0002941052332593267,0.0017476384416946747,2.2956502162408607e-6,1.8711466581015912e-6,0.0,0.0,0.0001617752346942598,0.00046059689988249965,0.0002451283454603931,0.0,4.761874356761123e-6,5.560517918214531e-5,4.689083033406541e-5,0.00018290099491177872,0.0,2.777907710796221e-6,7.945863375704081e-5,6.448308822109669e-5,0.00016761517683795896,0.0,2.2987778476053928e-6,0.0,0.0,0.0,0.0,0.0,0.0,0.0,0.0,0.0,0.0,0.0,0.0,0.0,0.0,0.0,0.0,0.0,0.0,0.0,0.0,0.0,0.0,0.0,0.0,0.0,0.0,0.0,0.0,0.0,0.0,0.0,0.0,0.0,0.0,0.0,0.0,0.0,0.0,0.0,0.0,0.0,0.0,0.0,0.0,0.0,0.009186228890502638
t72,0.0,0.0,0.00015412918722797304,3.6989925298197635e-5,0.00015733304899823256,2.82182557634798e-5,0.0003412800334215441,0.0019909813436478313,1.1246123942274227e-6,1.336996302299628e-6,0.0,0.0,0.0,0.0,0.0,0.0004203587770173432,8.922520872794607e-5,0.0005922603324532581,0.0012797576037477786,0.00042740095550725294,1.1103901843092642e-6,1.1913453145256824e-6,0.0,0.0,0.0,0.0,0.0,0.00011487075730020427,0.0002524990534351172,6.725746842047261e-5,6.457296068321891e-5,0.0002731509465590773,0.0016569883412888484,2.2169132872208456e-6,1.8063458850287768e-6,0.0,0.0,0.00014572525899091978,0.0003692405254321718,0.00021531487563959277,0.0,4.652970593549804e-6,5.691970063455733e-5,4.7236742459205234e-5,0.00017788258737515028,0.0,2.893604759119649e-6,8.258236114655612e-5,6.665912658190221e-5,0.00016810825451594696,0.0,2.3326337248312932e-6,0.0,0.0,0.0,0.0,0.0,0.0,0.0,0.0,0.0,0.0,0.0,0.0,0.0,0.0,0.0,0.0,0.0,0.0,0.0,0.0,0.0,0.0,0.0,0.0,0.0,0.0,0.0,0.0,0.0,0.0,0.0,0.0,0.0,0.0,0.0,0.0,0.0,0.0,0.0,0.0,0.0,0.0,0.0,0.0,0.0,0.009295609444718892
t73,0.0,0.0,0.00016553415925311244,4.091581094317686e-5,0.0001822524672788442,3.031770315515136e-5,0.00039004689900569266,0.0021165555551613566,1.173213587781129e-6,1.396993768598889e-6,0.0,0.0,0.0,0.0,0.0,0.000519786318616195,0.00010512008051439881,0.0006177161085220725,0.001374956662611258,0.0004561091336939772,1.130133521803262e-6,1.2119442741559117e-6,0.0,0.0,0.0,0.0,0.0,0.00010650044248894625,0.00023709504853539136,6.276614274727482e-5,6.182705272408838e-5,0.00026031215313115284,0.001593787776823438,2.153500537544379e-6,1.7579262189544257e-6,0.0,0.0,0.0001326483646700823,0.00025248608972703576,0.00021093659449761932,0.0,4.5661367698274776e-6,5.884596524163428e-5,4.773243384377239e-5,0.0001826803056101008,0.0,3.0240654621166625e-6,8.633240458288904e-5,7.035514797807886e-5,0.00018138124137531377,0.0,2.3664181957839184e-6,0.0,0.0,0.0,0.0,0.0,0.0,0.0,0.0,0.0,0.0,0.0,0.0,0.0,0.0,0.0,0.0,0.0,0.0,0.0,0.0,0.0,0.0,0.0,0.0,0.0,0.0,0.0,0.0,0.0,0.0,0.0,0.0,0.0,0.0,0.0,0.0,0.0,0.0,0.0,0.0,0.0,0.0,0.0,0.0,0.0,0.009563778395068619
t74,0.0,0.0,0.00018239674601571105,4.4704247153172505e-5,0.00021972248092330145,3.341167887827895e-5,0.00046559132761761604,0.0023146512886319456,1.226567950991833e-6,1.4630165220014931e-6,0.0,0.0,0.0,0.0,0.0,0.0006881270088895904,0.00012958068335100712,0.000641654976947947,0.001486851619644371,0.0004899687682922343,1.1506938358081273e-6,1.2334157637047905e-6,0.0,0.0,0.0,0.0,0.0,9.921432698018489e-5,0.00022309421318989005,5.8643752460432505e-5,5.9188059977421816e-5,0.00025234279436162175,0.0015494822940183368,2.095033026580699e-6,1.7150862903663916e-6,0.0,0.0,0.00012398762175624254,0.00020569997812050386,0.0002068469933569771,0.0,4.481660599462178e-6,6.201558991121358e-5,4.850720642367542e-5,0.00019197362466625382,0.0,3.166036939416213e-6,9.112987705568288e-5,7.70252551209953e-5,0.00019908761784054245,0.0,2.3999433765733946e-6,0.0,0.0,0.0,0.0,0.0,0.0,0.0,0.0,0.0,0.0,0.0,0.0,0.0,0.0,0.0,0.0,0.0,0.0,0.0,0.0,0.0,0.0,0.0,0.0,0.0,0.0,0.0,0.0,0.0,0.0,0.0,0.0,0.0,0.0,0.0,0.0,0.0,0.0,0.0,0.0,0.0,0.0,0.0,0.0,0.0,0.010163831485890056
t75,0.0,0.0,0.00020735920819544285,4.7446427745460274e-5,0.00028355202337306375,3.8056335677610236e-5,0.0006020595478952487,0.0026761522213012397,1.284949666734226e-6,1.5360023429799951e-6,0.0,0.0,0.0,0.0,0.0,0.0010356663689288102,0.00017104056741146177,0.0006676215646266378,0.0016218210350600175,0.0005302839054573008,1.171964506236291e-6,1.2555992168270085e-6,0.0,0.0,0.0,0.0,0.0,9.27554680610802e-5,0.00020932505174260405,5.46098152472041e-5,5.640259038379554e-5,0.0002474956948758913,0.0015188823875729957,2.041452320112014e-6,1.6768980175283682e-6,0.0,0.0,0.00011895120745482144,0.00018008978614658663,0.00019013795509689667,0.0,4.399751271615918e-6,6.762579616036531e-5,5.114237336693554e-5,0.00019116010818687627,0.0,3.3221262538592194e-6,9.809883974669709e-5,9.025265001517762e-5,0.0002036476968637506,0.0,2.43737859000677e-6,0.0,0.0,0.0,0.0,0.0,0.0,0.0,0.0,0.0,0.0,0.0,0.0,0.0,0.0,0.0,0.0,0.0,0.0,0.0,0.0,0.0,0.0,0.0,0.0,0.0,0.0,0.0,0.0,0.0,0.0,0.0,0.0,0.0,0.0,0.0,0.0,0.0,0.0,0.0,0.0,0.0,0.0,0.0,0.0,0.0,0.011270762748779872
t76,0.0,0.0,0.00024678258080673015,4.6495040045474655e-5,0.0004203322790787501,4.543866785524016e-5,0.0009255460050533421,0.0034604312106602374,1.348671881870453e-6,1.6175335266831599e-6,0.0,0.0,0.0,0.0,0.0,0.002145097525696507,0.0002470170194300118,0.000700010089128001,0.0017900161889225377,0.0005783981854854405,1.193860030589106e-6,1.278394781130263e-6,0.0,0.0,0.0,0.0,0.0,8.812061763574214e-5,0.0002003988416658909,5.186203269951109e-5,5.453226011021038e-5,0.00024480367215801233,0.0014984068896720004,1.993417815769631e-6,1.643518816564813e-6,0.0,0.0,0.0001156742071139424,0.0001645863999105356,0.00019247223576315307,0.0,4.321535824929975e-6,7.673832461843803e-5,5.810319269249502e-5,0.00021116259894072328,0.0,3.486147330469074e-6,0.00010939959072869166,0.00012316067448320568,0.0002279716756839447,0.0,2.479609902581944e-6,0.0,0.0,0.0,0.0,0.0,0.0,0.0,0.0,0.0,0.0,0.0,0.0,0.0,0.0,0.0,0.0,0.0,0.0,0.0,0.0,0.0,0.0,0.0,0.0,0.0,0.0,0.0,0.0,0.0,0.0,0.0,0.0,0.0,0.0,0.0,0.0,0.0,0.0,0.0,0.0,0.0,0.0,0.0,0.0,0.0,0.014042320695949358
t77,0.0,0.0,0.00031886808831666673,4.346832209812002e-5,0.0009724862609450215,5.9216529168223126e-5,0.0025543945648872123,0.006029672306992452,1.4187639344483565e-6,1.711437199149137e-6,0.0,0.0,0.0,0.0,0.0,18.90572185943925,0.00040698134912912887,0.0007458060430036242,0.0020349295372285793,0.0006482593015855427,1.217553235228425e-6,1.3027639290336198e-6,0.0,0.0,0.0,0.0,0.0,8.51110650194726e-5,0.0001951126268067317,5.0353898441588694e-5,5.3597475060026624e-5,0.00024385200616982463,0.0014862173213066744,1.926438506259099e-6,1.5900568599099704e-6,0.0,0.0,0.0001139419156787305,0.00015498710023406542,0.0001934830495210136,0.0,4.2175879725595644e-6,9.293516221037538e-5,7.356848359439806e-5,0.0002619976650234424,0.0,3.679450333919302e-6,0.00013037216273539161,0.0002276430664296695,0.0002728097692682286,0.0,2.545888166394058e-6,0.0,0.0,0.0,0.0,0.0,0.0,0.0,0.0,0.0,0.0,0.0,0.0,0.0,0.0,0.0,0.0,0.0,0.0,0.0,0.0,0.0,0.0,0.0,0.0,0.0,0.0,0.0,0.0,0.0,0.0,0.0,0.0,0.0,0.0,0.0,0.0,0.0,0.0,0.0,0.0,0.0,0.0,0.0,0.0,0.0,18.923191534450243
t78,0.0,0.0,0.0005065735905500709,5.4715790556752827e-5,0.12752140535984272,0.00010729618921044188,40.5038783088268,19.544216557121434,1.498921341376291e-6,1.8381570016881315e-6,0.0,0.0,0.0,0.0,0.0,29.000605239647033,0.0003616088266728142,0.0007529766856773422,0.0020589301232487984,0.0006521701271234764,1.2279287961257058e-6,1.3131728191729831e-6,0.0,0.0,0.0,0.0,0.0,8.297190262749236e-5,0.0001923806992099387,4.9501478169872634e-5,5.3140741801115755e-5,0.0002444834658013848,0.001481012724431696,1.8671487735322483e-6,1.5427936922861424e-6,0.0,0.0,0.00011336742934121572,0.0001492051055154894,0.0001811258567851087,0.0,4.121243400931447e-6,0.00013371430732357666,0.00013742587805309298,0.0004098655431024243,0.0,4.050041113162632e-6,0.00013785309752972595,0.0002707526125466894,0.00025593294053951265,0.0,2.559110904963324e-6,0.0,0.0,0.0,0.0,0.0,0.0,0.0,0.0,0.0,0.0,0.0,0.0,0.0,0.0,0.0,0.0,0.0,0.0,0.0,0.0,0.0,0.0,0.0,0.0,0.0,0.0,0.0,0.0,0.0,0.0,0.0,0.0,0.0,0.0,0.0,0.0,0.0,0.0,0.0,0.0,0.0,0.0,0.0,0.0,0.0,89.18462853458877
t79,0.0,0.0,0.00042710337717115116,5.10618375138564e-5,0.013325815914621994,9.200143865589854e-5,0.3932130048883595,12.543856795899849,1.5219368538431495e-6,1.8666515438177664e-6,0.0,0.0,0.0,0.0,0.0,0.03766039304326425,0.0003702072837912773,0.0007839536738791686,0.0021249649163255523,0.0006626020241116957,1.2353452602986792e-6,1.3201214370044527e-6,0.0,0.0,0.0,0.0,0.0,8.180041067860199e-5,0.00019202853196247452,4.9344213951739436e-5,5.3272282069816595e-5,0.0002468089094613579,0.001482383618029362,1.8128133710461795e-6,1.5000949975077863e-6,0.0,0.0,0.00011396898594956024,0.00014631645869993658,0.0001861368221596915,0.0,4.025301971831366e-6,0.00011054982287132624,0.00010828646581406244,0.0003057432654332423,0.0,4.083955240918834e-6,0.00015542273560088888,0.00036272550290946754,0.00027110652144330473,0.0,2.55856296448133e-6,0.0,0.0,0.0,0.0,0.0,0.0,0.0,0.0,0.0,0.0,0.0,0.0,0.0,0.0,0.0,0.0,0.0,0.0,0.0,0.0,0.0,0.0,0.0,0.0,0.0,0.0,0.0,0.0,0.0,0.0,0.0,0.0,0.0,0.0,0.0,0.0,0.0,0.0,0.0,0.0,0.0,0.0,0.0,0.0,0.0,12.996453723628218
t80,0.0,0.0,0.0003849446677958159,4.677280494920911e-5,0.001726245457044063,7.712855579667118e-5,0.00229054115412183,0.02585778632669103,1.54605270622269e-6,1.8947960158977227e-6,0.0,0.0,0.0,0.0,0.0,0.00041025169960764725,0.00010585123205691775,0.0005740926548401246,0.0012156639682736484,0.00041064471796211136,1.1785356971641349e-6,1.2608168884758594e-6,0.0,0.0,0.0,0.0,0.0,7.706265523751252e-5,0.00018234983749235061,4.646134897983312e-5,5.125618969634357e-5,0.00023935107142365462,0.001430593266036463,1.7516082691465972e-6,1.4517994447343989e-6,0.0,0.0,0.0001085578697309878,0.0001357074651450253,0.00018377208339069795,0.0,3.911953315972493e-6,9.975656605910928e-5,9.711745312182077e-5,0.0002659718309822514,0.0,4.118340675971847e-6,8.773137773386543e-5,0.00011083304465659944,0.00018236142998587335,0.0,2.4528074755983057e-6,0.0,0.0,0.0,0.0,0.0,0.0,0.0,0.0,0.0,0.0,0.0,0.0,0.0,0.0,0.0,0.0,0.0,0.0,0.0,0.0,0.0,0.0,0.0,0.0,0.0,0.0,0.0,0.0,0.0,0.0,0.0,0.0,0.0,0.0,0.0,0.0,0.0,0.0,0.0,0.0,0.0,0.0,0.0,0.0,0.0,0.03641837343930064
t81,0.0,0.0,0.0003582938812085596,5.438200410127957e-5,0.0010237231554329849,6.966663491756234e-5,0.0013108984083884682,0.013223806504588436,1.5711147782420281e-6,1.9238736643240728e-6,0.0,0.0,0.0,0.0,0.0,0.00023885913571707957,6.734078750279864e-5,0.0004580643059148434,0.0009252356448071367,0.0003230597179847563,1.1357155923677512e-6,1.2150344558607267e-6,0.0,0.0,0.0,0.0,0.0,7.314118742252026e-5,0.00017494444884691855,4.421448272835511e-5,4.964423318537767e-5,0.00023385500195001924,0.0013858886114617058,1.7084364598847778e-6,1.4173760522038316e-6,0.0,0.0,0.00010450827894115324,0.00012823724711484997,0.00016856122162366404,0.0,3.824107767524266e-6,9.359098386294941e-5,9.165067357520469e-5,0.00022601375157139145,0.0,4.155618322203668e-6,6.659896987073513e-5,6.926829248997584e-5,0.00013828780588757587,0.0,2.376782560517293e-6,0.0,0.0,0.0,0.0,0.0,0.0,0.0,0.0,0.0,0.0,0.0,0.0,0.0,0.0,0.0,0.0,0.0,0.0,0.0,0.0,0.0,0.0,0.0,0.0,0.0,0.0,0.0,0.0,0.0,0.0,0.0,0.0,0.0,0.0,0.0,0.0,0.0,0.0,0.0,0.0,0.0,0.0,0.0,0.0,0.0,0.02112106343074943
t82,0.0,0.0,0.00033867770323578233,5.234660660660873e-5,0.0007541485785670574,6.46203909978571e-5,0.000944878233966985,0.009063021763431342,1.5968480861558414e-6,1.9541542224101317e-6,0.0,0.0,0.0,0.0,0.0,0.00021606529803708678,5.75176215110022e-5,0.00044606576678770375,0.0008787153617896268,0.00030878012008823,1.1269084008839434e-6,1.205966124380861e-6,0.0,0.0,0.0,0.0,0.0,6.971914937666098e-5,0.00016872508715970748,4.234974111384745e-5,4.8257142485944256e-5,0.0002290767769858086,0.0013434369061757383,1.665094372087949e-6,1.3820631203467684e-6,0.0,0.0,0.00010103251446686997,0.00012205211952592348,0.00016872175530176258,0.0,3.73220501531971e-6,8.945259305451723e-5,8.826491429250585e-5,0.00021418174423195604,0.0,4.196876927358063e-6,6.414696545707798e-5,5.919658492058206e-5,0.00013467232845083124,0.0,2.3537610052843842e-6,0.0,0.0,0.0,0.0,0.0,0.0,0.0,0.0,0.0,0.0,0.0,0.0,0.0,0.0,0.0,0.0,0.0,0.0,0.0,0.0,0.0,0.0,0.0,0.0,0.0,0.0,0.0,0.0,0.0,0.0,0.0,0.0,0.0,0.0,0.0,0.0,0.0,0.0,0.0,0.0,0.0,0.0,0.0,0.0,0.0,0.016087337645293243
t83,0.0,0.0,0.00032208799923052133,5.038636805947384e-5,0.0006086193417705241,6.0752527350858975e-5,0.0007521423571118494,0.0069698470632769405,1.623716790310214e-6,1.9856551336081867e-6,0.0,0.0,0.0,0.0,0.0,0.0002128596229902211,5.76265335616988e-5,0.0004601823936773741,0.0009136751204487677,0.00032080485407295597,1.1410336150844077e-6,1.221131540208471e-6,0.0,0.0,0.0,0.0,0.0,6.654480801672173e-5,0.00016302479807481912,4.065362963071024e-5,4.692639845752489e-5,0.00022422804997892652,0.0013020754757881831,1.6185962915535433e-6,1.3435245817600933e-6,0.0,0.0,9.745672401172474e-5,0.00011653235658437452,0.00016690289773283677,0.0,3.6329958220045008e-6,8.671696712235219e-5,8.592739344459992e-5,0.00020744487512877054,0.0,4.241867763665608e-6,6.96413312297909e-5,6.894173881150902e-5,0.00014412470923971758,0.0,2.3798082545331536e-6,0.0,0.0,0.0,0.0,0.0,0.0,0.0,0.0,0.0,0.0,0.0,0.0,0.0,0.0,0.0,0.0,0.0,0.0,0.0,0.0,0.0,0.0,0.0,0.0,0.0,0.0,0.0,0.0,0.0,0.0,0.0,0.0,0.0,0.0,0.0,0.0,0.0,0.0,0.0,0.0,0.0,0.0,0.0,0.0,0.0,0.013635314664596474
t84,0.0,0.0,0.0003061243470913346,4.8935366336498895e-5,0.0005165931267392496,5.745499400691686e-5,0.0006323645713634585,0.005702083926500654,1.6524492211775713e-6,2.018737135604177e-6,0.0,0.0,0.0,0.0,0.0,0.00019307223623654405,5.2511450515189125e-5,0.00046845031762244714,0.0009026844889220707,0.0003190283384549523,1.1485033764849645e-6,1.2286227392918323e-6,0.0,0.0,0.0,0.0,0.0,6.298910351466693e-5,0.00015708445111240705,3.8693876426574717e-5,4.516993192263412e-5,0.00021839952858226938,0.0012551650044730525,1.549629721752472e-6,1.2899394705078667e-6,0.0,0.0,9.248136513550218e-5,0.00011071887664741824,0.00015149903510690806,0.0,3.4909956528760002e-6,8.459410897049597e-5,8.372526231083767e-5,0.00018724840195264808,0.0,4.291415535046275e-6,7.025003814184514e-5,6.665656330194813e-5,0.0001357914254967807,0.0,2.3896140835354514e-6,0.0,0.0,0.0,0.0,0.0,0.0,0.0,0.0,0.0,0.0,0.0,0.0,0.0,0.0,0.0,0.0,0.0,0.0,0.0,0.0,0.0,0.0,0.0,0.0,0.0,0.0,0.0,0.0,0.0,0.0,0.0,0.0,0.0,0.0,0.0,0.0,0.0,0.0,0.0,0.0,0.0,0.0,0.0,0.0,0.0,0.011978830043821581
t85,0.0,0.0,0.0002887635751797933,4.745654313156011e-5,0.0004527805810685673,5.4423019466638314e-5,0.0005501813590203482,0.004847883351037416,1.6833184026193254e-6,2.0541308077275725e-6,0.0,0.0,0.0,0.0,0.0,0.00017372220432504626,4.743886210413081e-5,0.00047302856167460766,0.0008857732390728659,0.000315561655727868,1.1570785477378846e-6,1.2377123610713831e-6,0.0,0.0,0.0,0.0,0.0,6.082895154347044e-5,0.00015169266753092416,3.787805236578904e-5,4.417051752758302e-5,0.0002124076653070607,0.0012049425469789423,1.5416977979752868e-6,1.278957728326948e-6,0.0,0.0,9.213473196152441e-5,0.00010765671030058135,0.00015098863003769523,0.0,3.4636585037803968e-6,8.254266191817761e-5,8.103209941037942e-5,0.00018407434841150313,0.0,4.343642832319416e-6,6.805519234853388e-5,5.854466677754139e-5,0.0001374858672918135,0.0,2.401965710820697e-6,0.0,0.0,0.0,0.0,0.0,0.0,0.0,0.0,0.0,0.0,0.0,0.0,0.0,0.0,0.0,0.0,0.0,0.0,0.0,0.0,0.0,0.0,0.0,0.0,0.0,0.0,0.0,0.0,0.0,0.0,0.0,0.0,0.0,0.0,0.0,0.0,0.0,0.0,0.0,0.0,0.0,0.0,0.0,0.0,0.0,0.010830610424212739
t86,0.0,0.0,0.00027106468519973653,4.582833585444431e-5,0.0004057267384456956,5.126926118862237e-5,0.0004895747902512723,0.004229713001353222,1.716215261176414e-6,2.090123595491581e-6,0.0,0.0,0.0,0.0,0.0,0.0001553511072940773,4.299132024369414e-5,0.0004741076358803395,0.0008629813561404541,0.000310395431616744,1.165454833362328e-6,1.2466561007537954e-6,0.0,0.0,0.0,0.0,0.0,5.485878374329916e-5,0.0001410633730985214,3.4447408394709e-5,4.2349154415278006e-5,0.00020387991150690976,0.0011483484650990318,1.5109202484248457e-6,1.2531258482461531e-6,0.0,0.0,8.71929682161574e-5,0.00010196747700987697,0.00014748534052365,0.0,3.3853969250182277e-6,8.011620291002548e-5,7.720459581468737e-5,0.0001817452353964288,0.0,4.389818687102548e-6,6.382106034507937e-5,4.96487171502604e-5,0.00013762155538758728,0.0,2.4131461839743345e-6,0.0,0.0,0.0,0.0,0.0,0.0,0.0,0.0,0.0,0.0,0.0,0.0,0.0,0.0,0.0,0.0,0.0,0.0,0.0,0.0,0.0,0.0,0.0,0.0,0.0,0.0,0.0,0.0,0.0,0.0,0.0,0.0,0.0,0.0,0.0,0.0,0.0,0.0,0.0,0.0,0.0,0.0,0.0,0.0,0.0,0.009909924770163354
t87,0.0,0.0,0.0002538105519617405,4.374871375333954e-5,0.000369490313739172,4.812789549637828e-5,0.00044285627215855664,0.0037594182051472248,1.7510610901207868e-6,2.1284855394083607e-6,0.0,0.0,0.0,0.0,0.0,0.00013851432691519772,3.8658302111449906e-5,0.00046940329223136906,0.0008336457754264175,0.00030275888772244214,1.1736986614498221e-6,1.2554559804974943e-6,0.0,0.0,0.0,0.0,0.0,4.8798884070653946e-5,0.00012874032502838058,3.077180056194119e-5,4.018679481162251e-5,0.00019280032625335842,0.001084592150710039,1.4795543647376846e-6,1.2275565725107385e-6,0.0,0.0,7.94843530506523e-5,9.34924553073206e-5,0.0001318599442419365,0.0,3.3110606758212905e-6,7.696360067563868e-5,7.169504238929284e-5,0.00016574791097139939,0.0,4.444347492359031e-6,5.834930373659894e-5,4.187797214986733e-5,0.00012453395594951732,0.0,2.4250098937303362e-6,0.0,0.0,0.0,0.0,0.0,0.0,0.0,0.0,0.0,0.0,0.0,0.0,0.0,0.0,0.0,0.0,0.0,0.0,0.0,0.0,0.0,0.0,0.0,0.0,0.0,0.0,0.0,0.0,0.0,0.0,0.0,0.0,0.0,0.0,0.0,0.0,0.0,0.0,0.0,0.0,0.0,0.0,0.0,0.0,0.0,0.009089523586842143
t88,0.0,0.0,0.00023731999695246288,4.1295169952813125e-5,0.00034065793919538993,4.5229879137353346e-5,0.00040593841758237753,0.003387317245396118,1.7881155112472073e-6,2.1704139114884853e-6,0.0,0.0,0.0,0.0,0.0,0.00012319166548284643,3.440450575470569e-5,0.00045540210114657017,0.0007828873568545027,0.0002826796849749206,1.1819678238246149e-6,1.2644018968232783e-6,0.0,0.0,0.0,0.0,0.0,4.319317727090953e-5,0.00011568153846717973,2.7222697110366663e-5,3.758800997269488e-5,0.0001789694634618383,0.0010138882398779895,1.4471164627731953e-6,1.1999810033631541e-6,0.0,0.0,6.867004580049555e-5,7.544017965885598e-5,0.00012684948154021594,0.0,3.2382609565589234e-6,7.34745089606253e-5,6.54843404070568e-5,0.00016328581232787542,0.0,4.508775010077093e-6,5.2300267161063885e-5,3.529097987838703e-5,0.00011811540407119772,0.0,2.438726090086853e-6,0.0,0.0,0.0,0.0,0.0,0.0,0.0,0.0,0.0,0.0,0.0,0.0,0.0,0.0,0.0,0.0,0.0,0.0,0.0,0.0,0.0,0.0,0.0,0.0,0.0,0.0,0.0,0.0,0.0,0.0,0.0,0.0,0.0,0.0,0.0,0.0,0.0,0.0,0.0,0.0,0.0,0.0,0.0,0.0,0.0,0.008351015867063055
t89,0.0,0.0,0.00022158751540171851,3.850678902123327e-5,0.00031711531449077823,4.2503268929947826e-5,0.0003758751595431368,0.0030838560540953496,1.8274775233810271e-6,2.2153448020280142e-6,0.0,0.0,0.0,0.0,0.0,0.00013247495248147777,3.681954702694552e-5,0.0005021857831600356,0.0008595519478726189,0.00031741107000444926,1.2236345619506337e-6,1.3090937215846265e-6,0.0,0.0,0.0,0.0,0.0,3.822186600772008e-5,0.00010265440971136475,2.3987251835916357e-5,3.46396212208855e-5,0.0001626572446061849,0.0009360572404340702,1.4168740078350616e-6,1.174710308904971e-6,0.0,0.0,5.775679084661624e-5,5.966591162856526e-5,0.00012076215005388346,0.0,3.170735408747798e-6,6.974836370794866e-5,5.901836187165446e-5,0.00016137040594027362,0.0,4.579600421624646e-6,5.596593945917377e-5,3.8511984009192655e-5,0.00014340022106749164,0.0,2.509931345898509e-6,0.0,0.0,0.0,0.0,0.0,0.0,0.0,0.0,0.0,0.0,0.0,0.0,0.0,0.0,0.0,0.0,0.0,0.0,0.0,0.0,0.0,0.0,0.0,0.0,0.0,0.0,0.0,0.0,0.0,0.0,0.0,0.0,0.0,0.0,0.0,0.0,0.0,0.0,0.0,0.0,0.0,0.0,0.0,0.0,0.0,0.008011732566530587
t90,0.0,0.0,0.00020627378857848702,3.5365549712408e-5,0.0002970752747063983,3.980487615938277e-5,0.0003494935539547157,0.0028257048968415173,1.8684497234452988e-6,2.260877920063431e-6,0.0,0.0,0.0,0.0,0.0,0.00014171939726262612,3.9228569340488055e-5,0.0005471678710478645,0.0009344278779670882,0.0003526205271569806,1.2696506249036399e-6,1.3579555275331883e-6,0.0,0.0,0.0,0.0,0.0,3.350356381349337e-5,8.976069522911279e-5,2.0982213772127685e-5,3.12795665181336e-5,0.00014408311229145162,0.0008447861910573755,1.3858549197137402e-6,1.148360936896916e-6,0.0,0.0,4.800681557796791e-5,4.693625907576463e-5,0.00010400644133229912,0.0,3.1060835734574184e-6,6.556886519802387e-5,5.348423341790239e-5,0.00014530441834536471,0.0,4.651613959455261e-6,5.942687974552356e-5,4.073643490804111e-5,0.00015423009770444305,0.0,2.593931820293961e-6,0.0,0.0,0.0,0.0,0.0,0.0,0.0,0.0,0.0,0.0,0.0,0.0,0.0,0.0,0.0,0.0,0.0,0.0,0.0,0.0,0.0,0.0,0.0,0.0,0.0,0.0,0.0,0.0,0.0,0.0,0.0,0.0,0.0,0.0,0.0,0.0,0.0,0.0,0.0,0.0,0.0,0.0,0.0,0.0,0.0,0.007670620749720743
t91,0.0,0.0,0.00021561005998791275,3.679881519044301e-5,0.000309547699191076,4.181513095835958e-5,0.0003682752685966681,0.003060170673063828,1.9430586766646355e-6,2.348283833297375e-6,0.0,0.0,0.0,0.0,0.0,0.00014960013756276712,4.137213878461154e-5,0.0005913482576444778,0.0010115197369090275,0.00038461712892596617,1.3187039692792889e-6,1.409842024076834e-6,0.0,0.0,0.0,0.0,0.0,3.280911621003335e-5,8.861508525002246e-5,2.0551621592973925e-5,3.34668962893126e-5,0.00015045002766911542,0.0008596468581609177,1.3992506549069502e-6,1.1573548768156245e-6,0.0,0.0,4.721715315158228e-5,4.318368063195942e-5,0.00010724162381766331,0.0,3.1164479989225093e-6,6.803187345516955e-5,5.6377941828450135e-5,0.00015731086309090067,0.0,4.795014334215501e-6,6.18401447589432e-5,4.1630365386727323e-5,0.00016783776121360867,0.0,2.6798900998959806e-6,0.0,0.0,0.0,0.0,0.0,0.0,0.0,0.0,0.0,0.0,0.0,0.0,0.0,0.0,0.0,0.0,0.0,0.0,0.0,0.0,0.0,0.0,0.0,0.0,0.0,0.0,0.0,0.0,0.0,0.0,0.0,0.0,0.0,0.0,0.0,0.0,0.0,0.0,0.0,0.0,0.0,0.0,0.0,0.0,0.0,0.008167053905790592
t92,0.0,0.0,0.00022473247602195753,3.8505220244161984e-5,0.0003236288376694056,4.4182141260162006e-5,0.0003896484072198045,0.003333780124547428,2.0246602451882738e-6,2.444859983954211e-6,0.0,0.0,0.0,0.0,0.0,0.00015691860458792636,4.3523796858736524e-5,0.0006348038995286113,0.0010969091421967707,0.0004134480048607903,1.3719930180505666e-6,1.4660317330658206e-6,0.0,0.0,0.0,0.0,0.0,3.7199409632409896e-5,0.00010225269356560986,2.3474864183278752e-5,3.950432838261237e-5,0.00016884694793215094,0.0009449979851708316,1.4463377784494103e-6,1.1929221687246225e-6,0.0,0.0,5.2590373243723414e-5,4.832086822962709e-5,0.00012354254678056728,0.0,3.206368232396988e-6,7.010525492113435e-5,5.755760143169677e-5,0.00017123701407124843,0.0,4.9436352310475855e-6,6.347094624788632e-5,4.173409354334365e-5,0.00017845104263979888,0.0,2.7701008290484565e-6,0.0,0.0,0.0,0.0,0.0,0.0,0.0,0.0,0.0,0.0,0.0,0.0,0.0,0.0,0.0,0.0,0.0,0.0,0.0,0.0,0.0,0.0,0.0,0.0,0.0,0.0,0.0,0.0,0.0,0.0,0.0,0.0,0.0,0.0,0.0,0.0,0.0,0.0,0.0,0.0,0.0,0.0,0.0,0.0,0.0,0.0088442335341916
t93,0.0,0.0,0.00023489575609780467,4.077754461071634e-5,0.00034020872312196936,4.7270875705190816e-5,0.00041441995925172223,0.0036634916287669617,2.1162784247388987e-6,2.5528677220723397e-6,0.0,0.0,0.0,0.0,0.0,0.00016423026688074392,4.581527276759621e-5,0.0006771058417093503,0.0011930334272365383,0.00043849369746346337,1.4302381312329608e-6,1.5272305143391424e-6,0.0,0.0,0.0,0.0,0.0,4.239618205796197e-5,0.00011667151476423602,2.7121330987872266e-5,4.648556081337879e-5,0.00018577091951893604,0.0010270949145914767,1.5005109612702608e-6,1.234879927654875e-6,0.0,0.0,5.7403302179763795e-5,5.163996297311041e-5,0.00012885161462878602,0.0,3.3077553748697504e-6,7.199556869988629e-5,5.7611244487391054e-5,0.0001710182514804805,0.0,5.107495937912754e-6,6.457118097137187e-5,4.140523997305137e-5,0.0001733727025982305,0.0,2.8671888172031865e-6,0.0,0.0,0.0,0.0,0.0,0.0,0.0,0.0,0.0,0.0,0.0,0.0,0.0,0.0,0.0,0.0,0.0,0.0,0.0,0.0,0.0,0.0,0.0,0.0,0.0,0.0,0.0,0.0,0.0,0.0,0.0,0.0,0.0,0.0,0.0,0.0,0.0,0.0,0.0,0.0,0.0,0.0,0.0,0.0,0.0,0.009544796930149285
t94,0.0,0.0,0.00024748117244901804,4.332169128446653e-5,0.00036003996055588737,5.1059763011408837e-5,0.00044346850633694164,0.004070592373171566,2.220076164746103e-6,2.675346763150069e-6,0.0,0.0,0.0,0.0,0.0,0.00017268793009108662,4.851762184513165e-5,0.0007168751311216835,0.0013049792511264436,0.00046127957695443164,1.4945509030243212e-6,1.5945617940647642e-6,0.0,0.0,0.0,0.0,0.0,4.8444469278251694e-5,0.00013342466390180605,3.150649818565971e-5,5.5489747393584755e-5,0.00020387154454496178,0.0011161311554122998,1.5582713709574662e-6,1.2805269207646284e-6,0.0,0.0,6.130964496698556e-5,5.4474192685313086e-5,0.00014307222947657736,0.0,3.413775090441651e-6,7.394513192009099e-5,5.77858402483607e-5,0.0001838241424028587,0.0,5.29058332149311e-6,6.549767959960692e-5,4.1082356478150496e-5,0.00017787936764341114,0.0,2.9730126899311847e-6,0.0,0.0,0.0,0.0,0.0,0.0,0.0,0.0,0.0,0.0,0.0,0.0,0.0,0.0,0.0,0.0,0.0,0.0,0.0,0.0,0.0,0.0,0.0,0.0,0.0,0.0,0.0,0.0,0.0,0.0,0.0,0.0,0.0,0.0,0.0,0.0,0.0,0.0,0.0,0.0,0.0,0.0,0.0,0.0,0.0,0.010390542347104558
t95,0.0,0.0,0.00026456837839850515,4.667567324320948e-5,0.000384318310525161,5.601284240196373e-5,0.00047846064221722596,0.0045921605461794425,2.337821229697611e-6,2.813967162495325e-6,0.0,0.0,0.0,0.0,0.0,0.00018406823958789785,5.1989492371006176e-5,0.0007510118397583788,0.0014412338947268131,0.00048534965110403987,1.5659173188250137e-6,1.6690725244789276e-6,0.0,0.0,0.0,0.0,0.0,5.626072865592924e-5,0.00015421306290958238,3.739355211045609e-5,6.82005694160892e-5,0.00022485017170399116,0.0012195314317819022,1.6423630354182306e-6,1.3474331326690166e-6,0.0,0.0,6.566055288641633e-5,5.701944571135178e-5,0.00015925055260149128,0.0,3.5448838388290815e-6,7.630545288046636e-5,5.835241347761411e-5,0.00020034653569996354,0.0,5.491133171915652e-6,6.643941899609988e-5,4.090364795216681e-5,0.00018393026820133214,0.0,3.0870083364560455e-6,0.0,0.0,0.0,0.0,0.0,0.0,0.0,0.0,0.0,0.0,0.0,0.0,0.0,0.0,0.0,0.0,0.0,0.0,0.0,0.0,0.0,0.0,0.0,0.0,0.0,0.0,0.0,0.0,0.0,0.0,0.0,0.0,0.0,0.0,0.0,0.0,0.0,0.0,0.0,0.0,0.0,0.0,0.0,0.0,0.0,0.01142800691524928
t96,0.0,0.0,0.0002896266598073878,5.163928245325904e-5,0.0004149090232392535,6.289557894808117e-5,0.0005221005658759394,0.005289029537516574,2.4713442861973984e-6,2.9718598189550623e-6,0.0,0.0,0.0,0.0,0.0,0.00020064819582981178,5.6786745156587585e-5,0.000783290717714051,0.0016141878074457199,0.0005156223183933702,1.644225549330407e-6,1.7502861046145745e-6,0.0,0.0,0.0,0.0,0.0,6.449076013083034e-5,0.00017982008754492093,4.404751225827185e-5,8.416041806560989e-5,0.0002486473420423692,0.0013398023069300191,1.6767212881444362e-6,1.3752024232158344e-6,0.0,0.0,6.60634697794309e-5,5.925513360026901e-5,0.00016121596925657946,0.0,3.6320116471044655e-6,7.95806388618675e-5,5.9796230863223776e-5,0.0002031835589655921,0.0,5.716103065156766e-6,6.815624029392799e-5,4.144341206504589e-5,0.0001769815899978384,0.0,3.2081439009250128e-6,0.0,0.0,0.0,0.0,0.0,0.0,0.0,0.0,0.0,0.0,0.0,0.0,0.0,0.0,0.0,0.0,0.0,0.0,0.0,0.0,0.0,0.0,0.0,0.0,0.0,0.0,0.0,0.0,0.0,0.0,0.0,0.0,0.0,0.0,0.0,0.0,0.0,0.0,0.0,0.0,0.0,0.0,0.0,0.0,0.0,0.012701827001119477
t97,0.0,0.0,0.0003287389492515956,5.9492298961930575e-5,0.00045483269022044385,7.294813894815025e-5,0.0005786202493716938,0.006272789133720379,2.6234041085537633e-6,3.1532462556473127e-6,0.0,0.0,0.0,0.0,0.0,0.0002266060764472702,6.388780774574985e-5,0.0008170004697956901,0.0018481578990658064,0.0005605319354755646,1.7316881227089706e-6,1.840630190614867e-6,0.0,0.0,0.0,0.0,0.0,7.405377387322606e-5,0.00020352128307667966,5.086429540468094e-5,0.00010182716664083272,0.0002781645446681629,0.0014868032920670722,1.741063888431846e-6,1.4289397065355127e-6,0.0,0.0,6.938476224946305e-5,6.388143373222591e-5,0.00017654446290838043,0.0,3.7558088227932533e-6,8.45871329498476e-5,6.311277924320431e-5,0.00022535493201923266,0.0,5.96796808319026e-6,7.10769519294557e-5,4.281261618254055e-5,0.00018228816068212463,0.0,3.3413376401732634e-6,0.0,0.0,0.0,0.0,0.0,0.0,0.0,0.0,0.0,0.0,0.0,0.0,0.0,0.0,0.0,0.0,0.0,0.0,0.0,0.0,0.0,0.0,0.0,0.0,0.0,0.0,0.0,0.0,0.0,0.0,0.0,0.0,0.0,0.0,0.0,0.0,0.0,0.0,0.0,0.0,0.0,0.0,0.0,0.0,0.0,0.014483467323450051
t98,0.0,0.0,0.00039211021190541307,7.345810883218198e-5,0.0005093520366944615,8.843011020549973e-5,0.0006561986953766294,0.007776282400122744,2.8002292050639847e-6,3.364599091543383e-6,0.0,0.0,0.0,0.0,0.0,0.00026784543657734693,7.471577161743164e-5,0.0008559403956817001,0.0021930904517624295,0.0006353991593028312,1.8299295914508542e-6,1.9415947275992904e-6,0.0,0.0,0.0,0.0,0.0,8.718042152415965e-5,0.0002389030366747615,6.036313656321868e-5,0.00012371826106443663,0.00031638727734864064,0.0016757984251267758,1.7915217059715322e-6,1.4710020655316724e-6,0.0,0.0,7.393717195161688e-5,7.09806825337146e-5,0.00019588598486610512,0.0,3.8694203700380815e-6,9.28226536742987e-5,7.065231073835502e-5,0.0002596004716210479,0.0,6.2519346283406835e-6,7.57566528425182e-5,4.592151852036205e-5,0.0001922791176035197,0.0,3.4874049647053833e-6,0.0,0.0,0.0,0.0,0.0,0.0,0.0,0.0,0.0,0.0,0.0,0.0,0.0,0.0,0.0,0.0,0.0,0.0,0.0,0.0,0.0,0.0,0.0,0.0,0.0,0.0,0.0,0.0,0.0,0.0,0.0,0.0,0.0,0.0,0.0,0.0,0.0,0.0,0.0,0.0,0.0,0.0,0.0,0.0,0.0,0.017129817537082443
t99,0.0,0.0,0.0005067417770038478,0.00011180993228694836,0.0005890332882187535,0.00011507635695725665,0.0007714082465607972,0.010371645114408733,3.008077764961441e-6,3.614408490530422e-6,0.0,0.0,0.0,0.0,0.0,0.00033902674340125167,9.282139947559803e-5,0.0009057204023547757,0.0027705749699457687,0.0007756237852814599,1.942035355481824e-6,2.0565616372360312e-6,0.0,0.0,0.0,0.0,0.0,0.00010694183726831367,0.0002969762654620866,7.47817931401383e-5,0.00015765417993643868,0.0003683684863514549,0.0019312101326030592,1.8517979222032918e-6,1.5218471738755169e-6,0.0,0.0,8.085055728869669e-5,8.305275757712208e-5,0.0002031135397604364,0.0,3.993738757613057e-6,0.00010709196851036892,8.623420130028318e-5,0.0002886518289843012,0.0,6.5747234889727026e-6,8.377296376552067e-5,5.371141197500998e-5,0.00019406569278201998,0.0,3.6534428433112885e-6,0.0,0.0,0.0,0.0,0.0,0.0,0.0,0.0,0.0,0.0,0.0,0.0,0.0,0.0,0.0,0.0,0.0,0.0,0.0,0.0,0.0,0.0,0.0,0.0,0.0,0.0,0.0,0.0,0.0,0.0,0.0,0.0,0.0,0.0,0.0,0.0,0.0,0.0,0.0,0.0,0.0,0.0,0.0,0.0,0.0,0.02149417626603462
t100,0.0,0.0,0.0007709843534956626,0.000195885862163999,0.0007188033446223297,0.00017425622180942298,0.0009655863694335532,0.015977486390005305,3.2550266160411287e-6,3.913020262532404e-6,0.0,0.0,0.0,0.0,0.0,0.0004848462062066741,0.00012969709452675262,0.0009757997857460879,0.003985853709231386,0.0010987669926089366,2.0697480602525654e-6,2.1870739123542707e-6,0.0,0.0,0.0,0.0,0.0,0.00014349800235683309,0.00041017107216521155,0.0001007151161338199,0.00021929094153413781,0.00044457802874565077,0.0022988028053749043,1.919559648049613e-6,1.579070942059029e-6,0.0,0.0,9.3173558345934e-5,0.00010561381055890146,0.0002322754553477636,0.0,4.125769794338492e-6,0.0001338214924012532,0.00012044325838875448,0.00037266691576235604,0.0,6.947013176243658e-6,9.743077569013592e-5,7.219256210594239e-5,0.0002226089908628974,0.0,3.840587403489778e-6,0.0,0.0,0.0,0.0,0.0,0.0,0.0,0.0,0.0,0.0,0.0,0.0,0.0,0.0,0.0,0.0,0.0,0.0,0.0,0.0,0.0,0.0,0.0,0.0,0.0,0.0,0.0,0.0,0.0,0.0,0.0,0.0,0.0,0.0,0.0,0.0,0.0,0.0,0.0,0.0,0.0,0.0,0.0,0.0,0.0,0.030575085985439968
t101,0.0,0.0,0.002005311075027706,0.0005754264157333672,0.000977546287310538,0.0004557849003862012,0.001385944137512864,0.03788521942378033,3.5539215204275417e-6,4.276244611916268e-6,0.0,0.0,0.0,0.0,0.0,0.0009650670385149338,0.00025216959475947496,0.0010856798338204213,0.008738123260163192,0.0024624974998917093,2.21686070459034e-6,2.3366453675301902e-6,0.0,0.0,0.0,0.0,0.0,0.00022663516151631406,0.0007344773214038265,0.00017981272133563758,0.0003669145606022023,0.0005706503876310688,0.0028770686547886525,1.9935716975581502e-6,1.641230248920637e-6,0.0,0.0,0.00011565775086609609,0.00015669768284787129,0.00027998894645608896,0.0,4.262935912363023e-6,0.00019764981113945136,0.00022835385504904997,0.0005741259169336553,0.0,7.376262599559994e-6,0.00012279629827220798,0.00012245517147354572,0.0002961440347832014,0.0,4.044221802231938e-6,0.0,0.0,0.0,0.0,0.0,0.0,0.0,0.0,0.0,0.0,0.0,0.0,0.0,0.0,0.0,0.0,0.0,0.0,0.0,0.0,0.0,0.0,0.0,0.0,0.0,0.0,0.0,0.0,0.0,0.0,0.0,0.0,0.0,0.0,0.0,0.0,0.0,0.0,0.0,0.0,0.0,0.0,0.0,0.0,0.0,0.0638698996364647
t102,0.0,0.0,31.98479753003029,53.99309710963075,0.0019462728233505208,32.99538751779834,0.0036489946861648433,14.711959865304785,3.917204190679276e-6,4.724765254045623e-6,0.0,0.0,0.0,0.0,0.0,18.73126926228542,16.282821810160595,0.0012897415302956694,0.29305245139105074,28.85222211916943,2.385068739456795e-6,2.5064777998355087e-6,0.0,0.0,0.0,0.0,0.0,0.002371631069652926,0.012972963951102106,0.0021974583555736675,0.0011700915011096217,0.0008314808736849081,0.0039296945633599,2.0751477328014886e-6,1.7092830023544774e-6,0.0,0.0,0.00016806569235125484,0.0004154666259836768,0.00033692443068252973,0.0,4.408651553700465e-6,0.000547838532477944,79.63446514577792,0.0015448561534403998,0.0,7.780343026290265e-6,0.00018660600638706646,0.0003965955013213836,0.0005412856645988564,0.0,4.274788720266889e-6,0.0,0.0,0.0,0.0,0.0,0.0,0.0,0.0,0.0,0.0,0.0,0.0,0.0,0.0,0.0,0.0,0.0,0.0,0.0,0.0,0.0,0.0,0.0,0.0,0.0,0.0,0.0,0.0,0.0,0.0,0.0,0.0,0.0,0.0,0.0,0.0,0.0,0.0,0.0,0.0,0.0,0.0,0.0,0.0,0.0,277.51360256124013
t103,0.0,0.0,0.004262776381581782,0.003887425124035069,0.0006766190988253079,0.0018666051821675858,0.0008590551543740886,0.007199451926865876,3.5944340092271046e-6,4.330028240983332e-6,0.0,0.0,0.0,0.0,0.0,29.24529318063427,6.678172896847205,0.0009780744564255365,0.012688592172869833,0.116766736548188,2.373386800040043e-6,2.4970808620948296e-6,0.0,0.0,0.0,0.0,0.0,23.00535713398025,24.97149829643542,47.421951390249575,0.0008263381772729462,0.0008565105821660428,0.004081448649623238,2.11930267897691e-6,1.7485961413124346e-6,0.0,0.0,0.00019873384315712564,0.0009931450928717435,0.0003411092475976672,0.0,4.4820998857687935e-6,0.0002550522161820202,0.0008742564525186665,0.0006526704007962169,0.0,7.390851768160911e-6,0.00014042594608083407,0.0002340641335156218,0.0003788107885068045,0.0,4.2534986248974036e-6,0.0,0.0,0.0,0.0,0.0,0.0,0.0,0.0,0.0,0.0,0.0,0.0,0.0,0.0,0.0,0.0,0.0,0.0,0.0,0.0,0.0,0.0,0.0,0.0,0.0,0.0,0.0,0.0,0.0,0.0,0.0,0.0,0.0,0.0,0.0,0.0,0.0,0.0,0.0,0.0,0.0,0.0,0.0,0.0,0.0,131.48132358900136
t104,0.0,0.0,0.0009956732520979283,0.00029404623162027137,0.0003924721105307355,0.00024983661706312236,0.0004946981353250543,0.004086472914002645,3.28386004559934e-6,3.953255642285725e-6,0.0,0.0,0.0,0.0,0.0,0.002606552804251842,0.0017658534988247816,0.0008216857031777252,0.005372275623013891,0.003326561988337194,2.3633873021166593e-6,2.4891077246871844e-6,0.0,0.0,0.0,0.0,0.0,0.0019167057605626477,0.002212882709768049,12.567755131783201,0.00028921913829762445,0.0006095389274554293,0.0032681030737163955,2.1171596275262006e-6,1.7510582294250848e-6,0.0,0.0,0.00016655308158555892,0.0005204300686675528,0.0002990708259762514,0.0,4.4715777613412355e-6,0.00015947528203306865,0.00033690883229401124,0.00040274590028416946,0.0,6.979955341008756e-6,0.00011921508213630376,0.00018405337883533053,0.0003151593047126087,0.0,4.232135578264185e-6,0.0,0.0,0.0,0.0,0.0,0.0,0.0,0.0,0.0,0.0,0.0,0.0,0.0,0.0,0.0,0.0,0.0,0.0,0.0,0.0,0.0,0.0,0.0,0.0,0.0,0.0,0.0,0.0,0.0,0.0,0.0,0.0,0.0,0.0,0.0,0.0,0.0,0.0,0.0,0.0,0.0,0.0,0.0,0.0,0.0,12.598992963525024
t105,0.0,0.0,0.0006203423240442318,0.00016137469428611695,0.00028740507667727896,0.00014333026564179597,0.00038116255609570724,0.003060916481057008,3.01635987288322e-6,3.6304650469699203e-6,0.0,0.0,0.0,0.0,0.0,0.0015161139316913963,0.0008225890000558187,0.0007279663739810285,0.003710018283008057,0.00202481446752443,2.355694872093035e-6,2.4832162954087494e-6,0.0,0.0,0.0,0.0,0.0,0.0005901656751932413,0.0011394791116380362,0.000631263891216499,0.00019060314149961678,0.0004936029258159139,0.0027873004065204817,2.1098248083490164e-6,1.7467938602115896e-6,0.0,0.0,0.00015194429917958334,0.00039085018916958954,0.00025528027068625464,0.0,4.451929312794953e-6,0.0001245738679244827,0.00022383392649991064,0.00028997679897711613,0.0,6.601540163093201e-6,0.00010751137777090814,0.00015883546558528774,0.00026161604285685294,0.0,4.215025175453161e-6,0.0,0.0,0.0,0.0,0.0,0.0,0.0,0.0,0.0,0.0,0.0,0.0,0.0,0.0,0.0,0.0,0.0,0.0,0.0,0.0,0.0,0.0,0.0,0.0,0.0,0.0,0.0,0.0,0.0,0.0,0.0,0.0,0.0,0.0,0.0,0.0,0.0,0.0,0.0,0.0,0.0,0.0,0.0,0.0,0.0,0.021283481694003903
t106,0.0,0.0,0.0004710465937345029,0.00011388651103062866,0.00023194052504801264,0.00010334203713376144,0.0003272355056407358,0.0025425698925871936,2.792526253649894e-6,3.3613135643709407e-6,0.0,0.0,0.0,0.0,0.0,0.0010884871257644734,0.0005316752511474231,0.0006661936971088668,0.002937919152967211,0.0015099196067877752,2.350121848665285e-6,2.4793379356099033e-6,0.0,0.0,0.0,0.0,0.0,0.0003532583765744279,0.0007922268954617778,0.000337089502045488,0.00014949355324440436,0.00042770498353126495,0.0024650646948185654,2.096114640833442e-6,1.7372169715982957e-6,0.0,0.0,0.00014432351708888898,0.0003240568998392942,0.0002433827305221419,0.0,4.4197747538130515e-6,0.00010647564746651508,0.0001738121880996061,0.00024793794767850614,0.0,6.260648497565984e-6,0.00010051282963173956,0.00014267982038300528,0.0002451534470264409,0.0,4.2033291921576515e-6,0.0,0.0,0.0,0.0,0.0,0.0,0.0,0.0,0.0,0.0,0.0,0.0,0.0,0.0,0.0,0.0,0.0,0.0,0.0,0.0,0.0,0.0,0.0,0.0,0.0,0.0,0.0,0.0,0.0,0.0,0.0,0.0,0.0,0.0,0.0,0.0,0.0,0.0,0.0,0.0,0.0,0.0,0.0,0.0,0.0,0.01680708931602092
t107,0.0,0.0,0.0003887565010020842,8.925067469512891e-5,0.00019727027796227412,8.20884577119792e-5,0.00029604168812552627,0.0022230855690500728,2.6022663438034375e-6,3.131804920675497e-6,0.0,0.0,0.0,0.0,0.0,0.0008597195555570046,0.00039234022201424794,0.0006231266537420318,0.0024873192612646327,0.0012306395084447398,2.346781556197132e-6,2.477587393715414e-6,0.0,0.0,0.0,0.0,0.0,0.00025320565744255157,0.0006196423293661299,0.00022972195662813237,0.00012728833375886089,0.00038674843494787927,0.002234969355705722,2.0901246779505427e-6,1.7327419886144794e-6,0.0,0.0,0.00014047201960613791,0.00028211963200532665,0.00023489498009041996,0.0,4.385089862974806e-6,9.538820805345702e-5,0.00014487359506718417,0.0002202272794199227,0.0,5.951597609074513e-6,9.57089635507945e-5,0.0001304344152833728,0.00023387195587654564,0.0,4.193114959094239e-6,0.0,0.0,0.0,0.0,0.0,0.0,0.0,0.0,0.0,0.0,0.0,0.0,0.0,0.0,0.0,0.0,0.0,0.0,0.0,0.0,0.0,0.0,0.0,0.0,0.0,0.0,0.0,0.0,0.0,0.0,0.0,0.0,0.0,0.0,0.0,0.0,0.0,0.0,0.0,0.0,0.0,0.0,0.0,0.0,0.0,0.01432811659568426
t108,0.0,0.0,0.0003351577004179066,7.398591627935445e-5,0.00017320857516554193,6.87085725492832e-5,0.00027486088105086316,0.0019973139184724957,2.438059953382338e-6,2.9343633247767535e-6,0.0,0.0,0.0,0.0,0.0,0.0007170856365383935,0.000311261934167704,0.0005923580431846514,0.0021908840590981883,0.0010543761513623193,2.3460192404166474e-6,2.4784595581998592e-6,0.0,0.0,0.0,0.0,0.0,0.00019606520444574876,0.0005284063637443445,0.0001733264097853093,0.00011339769922078849,0.00035550102445754,0.0020684816301439353,2.0489732813678577e-6,1.7073847694213649e-6,0.0,0.0,0.00013579181624952247,0.0002506375135862818,0.00020880926461236372,0.0,4.290539348669748e-6,8.758495021581591e-5,0.00012546916310116936,0.00018630602541608416,0.0,5.676375461033273e-6,9.22768812322126e-5,0.00011999128948162438,0.00020937981376224554,0.0,4.18787576743211e-6,0.0,0.0,0.0,0.0,0.0,0.0,0.0,0.0,0.0,0.0,0.0,0.0,0.0,0.0,0.0,0.0,0.0,0.0,0.0,0.0,0.0,0.0,0.0,0.0,0.0,0.0,0.0,0.0,0.0,0.0,0.0,0.0,0.0,0.0,0.0,0.0,0.0,0.0,0.0,0.0,0.0,0.0,0.0,0.0,0.0,0.012668734488446388
t109,0.0,0.0,0.00029609808406231707,6.341454082859254e-5,0.00015524492589668538,5.9317867884952234e-5,0.0002575978848802403,0.001818854185070372,2.2956930348172646e-6,2.7625965750727178e-6,0.0,0.0,0.0,0.0,0.0,0.0006193750271257001,0.0002584232745276562,0.0005706601054782353,0.0019803191482073708,0.000932385016040399,2.349027328341903e-6,2.483776874549781e-6,0.0,0.0,0.0,0.0,0.0,0.0001071588220487895,0.0002616798430837965,7.147886256534719e-5,7.14448405365193e-5,0.00025288604177213227,0.0015494964532023084,2.012724691645085e-6,1.6727909723135773e-6,0.0,0.0,0.00010036649688184598,0.00014723336724199165,0.00017614302379727933,0.0,4.22092386981211e-6,8.121357524029168e-5,0.00011094299112458645,0.00017390792980675888,0.0,5.429016678603283e-6,8.931116426742464e-5,0.00011012650299038957,0.00020575118974720268,0.0,4.190616259469135e-6,0.0,0.0,0.0,0.0,0.0,0.0,0.0,0.0,0.0,0.0,0.0,0.0,0.0,0.0,0.0,0.0,0.0,0.0,0.0,0.0,0.0,0.0,0.0,0.0,0.0,0.0,0.0,0.0,0.0,0.0,0.0,0.0,0.0,0.0,0.0,0.0,0.0,0.0,0.0,0.0,0.0,0.0,0.0,0.0,0.0,0.010548248330593809
t110,0.0,0.0,0.00026509160032123257,5.548864644732324e-5,0.00014100045703771484,5.217611980117543e-5,0.0002407815311649836,0.0016638898242925819,2.170653794393563e-6,2.610501615348506e-6,0.0,0.0,0.0,0.0,0.0,0.0005471395081468703,0.00022083518216634883,0.0005545286194071075,0.0018206041385277797,0.0008414617470024125,2.3533731926272804e-6,2.490553768655932e-6,0.0,0.0,0.0,0.0,0.0,9.16971241738524e-5,0.0002424658828909762,6.279604990383631e-5,6.984015053416713e-5,0.0002488777208387978,0.0014960899000986138,2.0229642723410836e-6,1.6834971182551276e-6,0.0,0.0,0.00010195188221094258,0.00014197650683549904,0.00017739768965978908,0.0,4.200985920013153e-6,7.513132634982472e-5,9.899473783189113e-5,0.00016305846706651624,0.0,5.203668235066872e-6,8.665049218134905e-5,9.962693961679692e-5,0.00020269263186119252,0.0,4.191756385110999e-6,0.0,0.0,0.0,0.0,0.0,0.0,0.0,0.0,0.0,0.0,0.0,0.0,0.0,0.0,0.0,0.0,0.0,0.0,0.0,0.0,0.0,0.0,0.0,0.0,0.0,0.0,0.0,0.0,0.0,0.0,0.0,0.0,0.0,0.0,0.0,0.0,0.0,0.0,0.0,0.0,0.0,0.0,0.0,0.0,0.0,0.009789172830671388
t111,0.0,0.0,0.0002389878658818406,4.9266499302968734e-5,0.00012911468880684763,4.648446065908751e-5,0.00022277756830287146,0.0015190792893478558,2.059407502534284e-6,2.476599704304646e-6,0.0,0.0,0.0,0.0,0.0,0.000492475903272579,0.00019333324690502758,0.0005417121542930397,0.00169699336652822,0.0007722069599072988,2.3604315727364245e-6,2.4998467025913294e-6,0.0,0.0,0.0,0.0,0.0,7.583060473241274e-5,0.0002112402141457113,5.170221810208378e-5,6.554967879240559e-5,0.00023676735450838985,0.001413037896169707,2.0192615634541595e-6,1.681669384592544e-6,0.0,0.0,9.682475301627861e-5,0.0001288922930770271,0.00016123454981140708,0.0,4.163890006847881e-6,6.899199383807761e-5,8.849038099031155e-5,0.00014208671113847136,0.0,5.001250133536542e-6,8.426302586334917e-5,8.93670790016135e-5,0.00018561412241928593,0.0,4.19865248134843e-6,0.0,0.0,0.0,0.0,0.0,0.0,0.0,0.0,0.0,0.0,0.0,0.0,0.0,0.0,0.0,0.0,0.0,0.0,0.0,0.0,0.0,0.0,0.0,0.0,0.0,0.0,0.0,0.0,0.0,0.0,0.0,0.0,0.0,0.0,0.0,0.0,0.0,0.0,0.0,0.0,0.0,0.0,0.0,0.0,0.0,0.009028785887866115
t112,0.0,0.0,0.0002287465682096847,4.660453060315495e-5,0.00012379527798430092,4.40976410789699e-5,0.0002167488031794765,0.0014614718749045225,1.981125404409429e-6,2.382861338006455e-6,0.0,0.0,0.0,0.0,0.0,0.0004494619516539434,0.00017232782128914233,0.0005305151094181496,0.001597133721687349,0.0007171841894045957,2.370290012411717e-6,2.512021343971e-6,0.0,0.0,0.0,0.0,0.0,5.466629332979383e-5,0.00014755491883308995,3.4814019005046684e-5,4.94959737357276e-5,0.00018852986401165535,0.0011690744438064417,1.9467503449204673e-6,1.622137845707228e-6,0.0,0.0,7.23966982878487e-5,8.410438481696454e-5,0.00014144214781178512,0.0,4.036919224642093e-6,6.675257541653838e-5,8.439700396489312e-5,0.00013999973472575043,0.0,4.846930401690687e-6,8.185938003756742e-5,7.913309107255701e-5,0.00018513534317219775,0.0,4.210397851230783e-6,0.0,0.0,0.0,0.0,0.0,0.0,0.0,0.0,0.0,0.0,0.0,0.0,0.0,0.0,0.0,0.0,0.0,0.0,0.0,0.0,0.0,0.0,0.0,0.0,0.0,0.0,0.0,0.0,0.0,0.0,0.0,0.0,0.0,0.0,0.0,0.0,0.0,0.0,0.0,0.0,0.0,0.0,0.0,0.0,0.0,0.008193352795208136
t113,0.0,0.0,0.00021607648371715693,4.382520109073366e-5,0.00011824791911291789,4.1531890597149345e-5,0.00020426094279214836,0.0013787928345105312,1.9113071873228e-6,2.300877675679054e-6,0.0,0.0,0.0,0.0,0.0,0.000414164517109007,0.00015555637626054236,0.0005194928585897881,0.0015120534940813064,0.0006713769247863151,2.3824851819536888e-6,2.526506264177304e-6,0.0,0.0,0.0,0.0,0.0,4.872794399879961e-5,0.0001350896024548873,3.1304806806188756e-5,4.768051224913087e-5,0.00018240254025358774,0.0011260601219860924,1.944613328286847e-6,1.6203062985679006e-6,0.0,0.0,6.641140926305381e-5,6.972831649892178e-5,0.0001408234807547025,0.0,4.00827022549921e-6,6.299094369814856e-5,7.859891001638775e-5,0.00013694357223830518,0.0,4.712574321098157e-6,7.91523224664099e-5,6.92479122002113e-5,0.00018443934401579895,0.0,4.224087217719838e-6,0.0,0.0,0.0,0.0,0.0,0.0,0.0,0.0,0.0,0.0,0.0,0.0,0.0,0.0,0.0,0.0,0.0,0.0,0.0,0.0,0.0,0.0,0.0,0.0,0.0,0.0,0.0,0.0,0.0,0.0,0.0,0.0,0.0,0.0,0.0,0.0,0.0,0.0,0.0,0.0,0.0,0.0,0.0,0.0,0.0,0.007760612209248528
t114,0.0,0.0,0.0002339990270443638,4.694570640566154e-5,0.00012331693726884454,4.467138328129119e-5,0.0002214180398332569,0.0014696311590540099,1.9234010356501797e-6,2.3174751627339025e-6,0.0,0.0,0.0,0.0,0.0,0.00043430471337359657,0.00016769818049344778,0.0005293540915345204,0.0015353314843399727,0.0006824138226194619,2.4323437564490976e-6,2.580365682017554e-6,0.0,0.0,0.0,0.0,0.0,4.3700852581463096e-5,0.00012304127630334284,2.8243929538421204e-5,4.534833809731478e-5,0.00017423272151752666,0.0010804558652982728,1.940946119565917e-6,1.6164166605585271e-6,0.0,0.0,5.9734445478772124e-5,5.794587365807963e-5,0.00012791843537533694,0.0,3.983905697351589e-6,6.846632463709443e-5,8.356048002016699e-5,0.00013556727604263332,0.0,4.725647850870305e-6,8.095842643726677e-5,7.395753353138527e-5,0.00017770353227587981,0.0,4.2841943059119965e-6,0.0,0.0,0.0,0.0,0.0,0.0,0.0,0.0,0.0,0.0,0.0,0.0,0.0,0.0,0.0,0.0,0.0,0.0,0.0,0.0,0.0,0.0,0.0,0.0,0.0,0.0,0.0,0.0,0.0,0.0,0.0,0.0,0.0,0.0,0.0,0.0,0.0,0.0,0.0,0.0,0.0,0.0,0.0,0.0,0.0,0.007875724552312493
t115,0.0,0.0,0.00025805298765690167,5.161468182583394e-5,0.00013067876208987765,4.918733272625442e-5,0.0002396353310022389,0.001579901133630773,1.948882655139975e-6,2.348757330383138e-6,0.0,0.0,0.0,0.0,0.0,0.0004563567921380154,0.00018215547658533045,0.0005382039939618848,0.0015604267785838527,0.0006948401172940669,2.4863597927838103e-6,2.638174618799316e-6,0.0,0.0,0.0,0.0,0.0,3.918742549435005e-5,0.00010919565497285831,2.5135551023435277e-5,4.2332721810755725e-5,0.00016404636565143073,0.001025471376216123,1.9353206655601804e-6,1.610437237244257e-6,0.0,0.0,5.277267009870876e-5,4.831294422570765e-5,0.00012366316048284827,0.0,3.961785650010494e-6,7.505563438465221e-5,9.190127496060326e-5,0.0001469011490890962,0.0,4.778689790288341e-6,8.261028333662113e-5,7.994559739634605e-5,0.0001861483098014671,0.0,4.3521372083126065e-6,0.0,0.0,0.0,0.0,0.0,0.0,0.0,0.0,0.0,0.0,0.0,0.0,0.0,0.0,0.0,0.0,0.0,0.0,0.0,0.0,0.0,0.0,0.0,0.0,0.0,0.0,0.0,0.0,0.0,0.0,0.0,0.0,0.0,0.0,0.0,0.0,0.0,0.0,0.0,0.0,0.0,0.0,0.0,0.0,0.0,0.008059794051388555
t116,0.0,0.0,0.00028413389305072777,5.7007152906651125e-5,0.00013831821715137993,5.431951314957706e-5,0.00025551124576843125,0.0016867490096892745,1.9756997233067724e-6,2.3825602256916336e-6,0.0,0.0,0.0,0.0,0.0,0.00048173276156683175,0.00019992402816310168,0.0005463890796843105,0.0015909547043837192,0.0007103694008365399,2.5467294065567262e-6,2.702655055056609e-6,0.0,0.0,0.0,0.0,0.0,4.378576663666635e-5,0.00012430688680909564,2.862534531721913e-5,4.827373992753112e-5,0.0001821660333697535,0.0011164576595259028,2.0019020452340724e-6,1.660895404140428e-6,0.0,0.0,5.759299345817178e-5,5.3743236362014505e-5,0.00013988371065636954,0.0,4.056753279512527e-6,8.121643827186218e-5,0.00010256163181491517,0.00015856172047928622,0.0,4.830088165320459e-6,8.38991390459333e-5,8.572053845213174e-5,0.00019489458241292226,0.0,4.427740992987273e-6,0.0,0.0,0.0,0.0,0.0,0.0,0.0,0.0,0.0,0.0,0.0,0.0,0.0,0.0,0.0,0.0,0.0,0.0,0.0,0.0,0.0,0.0,0.0,0.0,0.0,0.0,0.0,0.0,0.0,0.0,0.0,0.0,0.0,0.0,0.0,0.0,0.0,0.0,0.0,0.0,0.0,0.0,0.0,0.0,0.0,0.008533683453188126
t117,0.0,0.0,0.00031315573724156583,6.329905862799228e-5,0.00014633520108120473,6.0229350056782005e-5,0.00026953801099261913,0.0017957178181821879,2.00484214046591e-6,2.4191524701699722e-6,0.0,0.0,0.0,0.0,0.0,0.0005110868401578476,0.00022190666582362563,0.0005541670953320312,0.0016278795280973112,0.0007295908156132068,2.6144632982060486e-6,2.775100518528585e-6,0.0,0.0,0.0,0.0,0.0,4.874169197713161e-5,0.00013820750042680766,3.2062285935404476e-5,5.484641790222837e-5,0.00020064736321290306,0.0012131653639868157,2.0781637440984558e-6,1.7203130947308646e-6,0.0,0.0,6.169096466673915e-5,5.767957066408381e-5,0.0001440447731591925,0.0,4.16497987122259e-6,8.678870719631074e-5,0.00011422252581658434,0.00015730735764284725,0.0,4.885316202376365e-6,8.493177624388439e-5,9.146705642219813e-5,0.00018877285850266786,0.0,4.51200120714996e-6,0.0,0.0,0.0,0.0,0.0,0.0,0.0,0.0,0.0,0.0,0.0,0.0,0.0,0.0,0.0,0.0,0.0,0.0,0.0,0.0,0.0,0.0,0.0,0.0,0.0,0.0,0.0,0.0,0.0,0.0,0.0,0.0,0.0,0.0,0.0,0.0,0.0,0.0,0.0,0.0,0.0,0.0,0.0,0.0,0.0,0.008994656667509121
t118,0.0,0.0,0.00034552656940152606,7.065959161628645e-5,0.00015475355545206343,6.703568475107351e-5,0.00028236226496342444,0.001909442042360321,2.0359938763387144e-6,2.457560794974619e-6,0.0,0.0,0.0,0.0,0.0,0.0005456811679678794,0.00024970653412449375,0.0005617565561770474,0.0016729333368165355,0.0007534448633935222,2.689969792562791e-6,2.855907200279283e-6,0.0,0.0,0.0,0.0,0.0,5.455750271516588e-5,0.00015477828996993405,3.6174097810872875e-5,6.275936293079689e-5,0.00022122743255727556,0.0013224872859218468,2.1641418275368117e-6,1.789314576562018e-6,0.0,0.0,6.532838669348878e-5,6.048952860344255e-5,0.00015899970500845868,0.0,4.2824710994548655e-6,9.154355265869707e-5,0.000125941209392832,0.0001697962980248865,0.0,4.943708147114903e-6,8.594140403719285e-5,9.77013822510931e-5,0.00019951675122186524,0.0,4.604735320606744e-6,0.0,0.0,0.0,0.0,0.0,0.0,0.0,0.0,0.0,0.0,0.0,0.0,0.0,0.0,0.0,0.0,0.0,0.0,0.0,0.0,0.0,0.0,0.0,0.0,0.0,0.0,0.0,0.0,0.0,0.0,0.0,0.0,0.0,0.0,0.0,0.0,0.0,0.0,0.0,0.0,0.0,0.0,0.0,0.0,0.0,0.009548368159457452
t119,0.0,0.0,0.00038206478063148295,7.932161291572029e-5,0.00016365941442276973,7.490076256374172e-5,0.00029475721905663187,0.0020322338602228466,2.0705169144705006e-6,2.4985292721520972e-6,0.0,0.0,0.0,0.0,0.0,0.0005873911169185435,0.0002857901803233028,0.0005693848380887693,0.0017294316380897013,0.0007836304700765477,2.7747676382108763e-6,2.94678958842187e-6,0.0,0.0,0.0,0.0,0.0,6.235569580927778e-5,0.0001759729377425309,4.1846494134759754e-5,7.308894026593989e-5,0.0002457491121173119,0.0014550865128836225,2.29165343600591e-6,1.891222431824225e-6,0.0,0.0,7.042834230551e-5,6.330851018843986e-5,0.0001774793191155353,0.0,4.442202325557112e-6,9.606382666112729e-5,0.00014680845521854163,0.0001827949205960572,0.0,5.0040107850005365e-6,8.679484469779166e-5,0.00010515461092110749,0.0002110523330268891,0.0,4.703613945137843e-6,0.0,0.0,0.0,0.0,0.0,0.0,0.0,0.0,0.0,0.0,0.0,0.0,0.0,0.0,0.0,0.0,0.0,0.0,0.0,0.0,0.0,0.0,0.0,0.0,0.0,0.0,0.0,0.0,0.0,0.0,0.0,0.0,0.0,0.0,0.0,0.0,0.0,0.0,0.0,0.0,0.0,0.0,0.0,0.0,0.0,0.010205174055331282
t120,0.0,0.0,0.00042308121163333256,8.952293549623973e-5,0.00017315154924056245,8.398743254707682e-5,0.00030761010757533947,0.002169359894323764,2.1057663879281147e-6,2.5407784423918733e-6,0.0,0.0,0.0,0.0,0.0,0.0006389986582460908,0.000334453439664973,0.0005773060208813995,0.00180075496029195,0.0008220393722516857,2.867936243879552e-6,3.0463570447488637e-6,0.0,0.0,0.0,0.0,0.0,7.100226019996904e-5,0.00020311366507488215,4.84921242069235e-5,8.476620728853662e-5,0.00027441483420279013,0.0016169948428127695,2.3555757818107127e-6,1.9423754734582077e-6,0.0,0.0,7.195347508899272e-5,6.470174179172271e-5,0.00018192650065497262,0.0,4.534818435654463e-6,0.00010063024923071661,0.000175780441258154,0.00018184442278049327,0.0,5.067276942161288e-6,8.85457703846225e-5,0.00011492413570938874,0.00020743775701538008,0.0,4.8076374026045235e-6,0.0,0.0,0.0,0.0,0.0,0.0,0.0,0.0,0.0,0.0,0.0,0.0,0.0,0.0,0.0,0.0,0.0,0.0,0.0,0.0,0.0,0.0,0.0,0.0,0.0,0.0,0.0,0.0,0.0,0.0,0.0,0.0,0.0,0.0,0.0,0.0,0.0,0.0,0.0,0.0,0.0,0.0,0.0,0.0,0.0,0.010936062532007365
t121,0.0,0.0,0.0004733045727480087,0.0001024177677909216,0.0001836026659572103,9.522422503017618e-5,0.0003219336984338775,0.002329138824977951,2.1422622230419765e-6,2.5846862458129606e-6,0.0,0.0,0.0,0.0,0.0,0.0007056090731271824,0.0004037691903943415,0.000586786056027278,0.0018931326742722672,0.0008723268940496009,2.971788410942294e-6,3.1573668173146057e-6,0.0,0.0,0.0,0.0,0.0,8.427507515745143e-5,0.00023936482036413797,5.852670761491087e-5,0.00010065017871101615,0.00031121367777102714,0.0018256173857340945,2.422859824460549e-6,1.9950637037603085e-6,0.0,0.0,7.756773266979035e-5,6.86560996640918e-5,0.00020391110359403893,0.0,4.640898388812455e-6,0.00010590369127893978,0.00021647287054610636,0.00019799010849856034,0.0,5.133430157133804e-6,9.138349760233565e-5,0.0001286828233104624,0.00022396653976010565,0.0,4.919188191405599e-6,0.0,0.0,0.0,0.0,0.0,0.0,0.0,0.0,0.0,0.0,0.0,0.0,0.0,0.0,0.0,0.0,0.0,0.0,0.0,0.0,0.0,0.0,0.0,0.0,0.0,0.0,0.0,0.0,0.0,0.0,0.0,0.0,0.0,0.0,0.0,0.0,0.0,0.0,0.0,0.0,0.0,0.0,0.0,0.0,0.0,0.01193139549904857
t122,0.0,0.0,0.0005384757668334518,0.00011967924112449887,0.00019557913084519124,0.0001099387051876724,0.0003394130505013045,0.002525623109332368,2.181867045884888e-6,2.6312361053398558e-6,0.0,0.0,0.0,0.0,0.0,0.0007966407692498601,0.0005101000568483822,0.0005994817272414384,0.002018192603493936,0.0009412870727309412,3.0894088363358256e-6,3.2832693436497897e-6,0.0,0.0,0.0,0.0,0.0,0.00010460781134364268,0.00029566103123329976,7.380708425011273e-5,0.00012132935649248002,0.0003611852936026629,0.0021116946601784066,2.5145894085899107e-6,2.070899437638706e-6,0.0,0.0,8.616995984302994e-5,7.58116072392012e-5,0.00023475250310954593,0.0,4.772802969081158e-6,0.00011276397299324982,0.00027328174018363064,0.00021568374857527483,0.0,5.20335774587568e-6,9.50600926707903e-5,0.00014935734882779285,0.00024314468676887377,0.0,5.038385683282124e-6,0.0,0.0,0.0,0.0,0.0,0.0,0.0,0.0,0.0,0.0,0.0,0.0,0.0,0.0,0.0,0.0,0.0,0.0,0.0,0.0,0.0,0.0,0.0,0.0,0.0,0.0,0.0,0.0,0.0,0.0,0.0,0.0,0.0,0.0,0.0,0.0,0.0,0.0,0.0,0.0,0.0,0.0,0.0,0.0,0.0,0.013279507947276718
t123,0.0,0.0,0.0006291877956656077,0.00014467885861665512,0.00020993217227183115,0.00013073094448042938,0.00036264592590488676,0.002782638338425185,2.224316509585783e-6,2.680634754386742e-6,0.0,0.0,0.0,0.0,0.0,0.000931689578382685,0.0006938261542150736,0.0006179699651310328,0.002196455466881553,0.0010414368597924935,3.2225767343452845e-6,3.425873156229881e-6,0.0,0.0,0.0,0.0,0.0,0.0001403868865397402,0.0003963551109021117,0.00010180896868428663,0.000152647388848226,0.00043429437639810756,0.002535303867957817,2.620709504487856e-6,2.1605600611226935e-6,0.0,0.0,0.00010074373386925205,9.027136915053679e-5,0.00025737477033259724,0.0,4.917544780485785e-6,0.00012239915147738882,0.0003718684744031003,0.00021918200550283338,0.0,5.279333902124152e-6,0.0001006100905642039,0.00018305248226750768,0.0002484874011651972,0.0,5.169430463909132e-6,0.0,0.0,0.0,0.0,0.0,0.0,0.0,0.0,0.0,0.0,0.0,0.0,0.0,0.0,0.0,0.0,0.0,0.0,0.0,0.0,0.0,0.0,0.0,0.0,0.0,0.0,0.0,0.0,0.0,0.0,0.0,0.0,0.0,0.0,0.0,0.0,0.0,0.0,0.0,0.0,0.0,0.0,0.0,0.0,0.0,0.015227679117697016
t124,0.0,0.0,0.0007689786469260902,0.00018534143365226625,0.00022804459287815846,0.00016349199025433321,0.0003965124852637434,0.003146928539246462,2.2689283018993356e-6,2.7330077886042155e-6,0.0,0.0,0.0,0.0,0.0,0.0011601215764843996,0.001087610559096057,0.0006465045639012093,0.0024722494334002724,0.00120115280491321,3.3743268429356603e-6,3.588347580645076e-6,0.0,0.0,0.0,0.0,0.0,0.00022173096628226954,0.0006297631430709844,0.0001687718297854414,0.00020822575525032482,0.0005552975089887921,0.0032421247690113332,2.7397969412583457e-6,2.260239522662425e-6,0.0,0.0,0.0001298618124811433,0.00012277819131115353,0.0003211087312412159,0.0,5.071637077299195e-6,0.00013708034396627146,0.0005856420372771561,0.00024708199137643853,0.0,5.362179513846735e-6,0.00010930502682280413,0.0002439295338668906,0.00028510324524624615,0.0,5.314771358182791e-6,0.0,0.0,0.0,0.0,0.0,0.0,0.0,0.0,0.0,0.0,0.0,0.0,0.0,0.0,0.0,0.0,0.0,0.0,0.0,0.0,0.0,0.0,0.0,0.0,0.0,0.0,0.0,0.0,0.0,0.0,0.0,0.0,0.0,0.0,0.0,0.0,0.0,0.0,0.0,0.0,0.0,0.0,0.0,0.0,0.0,0.018697454746922
t125,0.0,0.0,0.0010266922327431631,0.00026716297276058263,0.0002523778583624336,0.00022611803351201093,0.00045247234130592605,0.0037317126674646884,2.315898486486648e-6,2.788396839641044e-6,0.0,0.0,0.0,0.0,0.0,0.0016618810692213258,0.0026512545805184584,0.0006933484278583553,0.0029663727135161274,0.001503516733158363,3.5487963743482555e-6,3.7752058713613672e-6,0.0,0.0,0.0,0.0,0.0,0.00061252800703902,0.00174725268603167,0.0005126724913321681,0.0003383711735237433,0.000808995118488412,0.0047266028935240316,2.8707182853393888e-6,2.3687812280902926e-6,0.0,0.0,0.00020542007677216197,0.00022835841553269838,0.000450022185710462,0.0,5.2329694438592064e-6,0.0001625916076322789,0.001204239695184252,0.00028186335020652923,0.0,5.449321853064884e-6,0.00012314690297999983,0.0003746290184182862,0.0003375567925152872,0.0,5.4726464199733525e-6,0.0,0.0,0.0,0.0,0.0,0.0,0.0,0.0,0.0,0.0,0.0,0.0,0.0,0.0,0.0,0.0,0.0,0.0,0.0,0.0,0.0,0.0,0.0,0.0,0.0,0.0,0.0,0.0,0.0,0.0,0.0,0.0,0.0,0.0,0.0,0.0,0.0,0.0,0.0,0.0,0.0,0.0,0.0,0.0,0.0,0.0275809827801146
t126,0.0,0.0,0.0017730634686434687,0.0006191769203510072,0.0002889274207479349,0.00043975231345810855,0.0005667447851497682,0.004928702364339643,2.3494951043597037e-6,2.827615670834995e-6,0.0,0.0,0.0,0.0,0.0,0.004463103096516927,25.026408772268542,0.0007794751349750076,0.00421279410701827,0.0023960162192041123,3.704172288578111e-6,3.943244380452994e-6,0.0,0.0,0.0,0.0,0.0,51.99617773340789,24.991672325177817,59.99743248170019,0.001251252287866234,0.0019419080563937764,0.011479246428878454,2.9993179514355734e-6,2.471830450881643e-6,0.0,0.0,0.0009144578397812007,0.0072918208543047945,0.0008169410161558103,0.0,5.330830171031844e-6,0.0002201665312545454,65.33207386335108,0.0003114267274825259,0.0,5.470223631626198e-6,0.0001500983461964519,0.006459634367335021,0.00041258656219277795,0.0,5.562320506672197e-6,0.0,0.0,0.0,0.0,0.0,0.0,0.0,0.0,0.0,0.0,0.0,0.0,0.0,0.0,0.0,0.0,0.0,0.0,0.0,0.0,0.0,0.0,0.0,0.0,0.0,0.0,0.0,0.0,0.0,0.0,0.0,0.0,0.0,0.0,0.0,0.0,0.0,0.0,0.0,0.0,0.0,0.0,0.0,0.0,0.0,227.39551712980395
t127,0.0,0.0,0.0008585659058197781,0.00022503599197670635,0.00024225301683703716,0.00019295584162258456,0.0004215637842194431,0.0035408035833813163,2.239785563365516e-6,2.6977059082188876e-6,0.0,0.0,0.0,0.0,0.0,0.0007426629602166704,0.00026823423921965944,0.000633750851119526,0.0024896096368441,0.0011273567829002816,3.4271910400487693e-6,3.6503093358040178e-6,0.0,0.0,0.0,0.0,0.0,0.00042401005810092506,0.0006709487223802345,0.00023117603126900552,0.00017310695964351048,0.0005930808186706347,0.003944259399473645,2.813796412770766e-6,2.325096141343954e-6,0.0,0.0,0.0002822546292785364,0.0004398907184640892,0.0004353732375719487,0.0,5.1060904427442726e-6,0.0001548352411097105,0.0004964477707913497,0.0002702086827098663,0.0,5.307221034319138e-6,0.00012108880258132097,0.0003968955619667305,0.0003109770895439555,0.0,5.318903963794692e-6,0.0,0.0,0.0,0.0,0.0,0.0,0.0,0.0,0.0,0.0,0.0,0.0,0.0,0.0,0.0,0.0,0.0,0.0,0.0,0.0,0.0,0.0,0.0,0.0,0.0,0.0,0.0,0.0,0.0,0.0,0.0,0.0,0.0,0.0,0.0,0.0,0.0,0.0,0.0,0.0,0.0,0.0,0.0,0.0,0.0,0.019720232417554977
t128,0.0,0.0,0.000592947632404747,0.00014472004467544274,0.00020922857739623285,0.00012850760575778482,0.00035057736961313326,0.002846943991141701,2.1330997585412173e-6,2.57056653174326e-6,0.0,0.0,0.0,0.0,0.0,0.00046596478513379893,0.0001678129602407348,0.000553362150681611,0.0019300380742520362,0.0008128702367828953,3.1819679903568032e-6,3.3904308472926083e-6,0.0,0.0,0.0,0.0,0.0,0.00023208466860321294,0.00040689552006665115,0.00012843961517401573,0.00010735450155766118,0.00040445047255584335,0.002725703617340161,2.645808267379882e-6,2.192706103101662e-6,0.0,0.0,0.00018913104367120396,0.0002697272874355984,0.0003271783752456095,0.0,4.8803675732382025e-6,0.00012423630685361357,0.0002790353094196624,0.0002404224087569711,0.0,5.127073793143217e-6,0.00010618149494634788,0.00024018112195983517,0.00026349668586970624,0.0,5.082333300993753e-6,0.0,0.0,0.0,0.0,0.0,0.0,0.0,0.0,0.0,0.0,0.0,0.0,0.0,0.0,0.0,0.0,0.0,0.0,0.0,0.0,0.0,0.0,0.0,0.0,0.0,0.0,0.0,0.0,0.0,0.0,0.0,0.0,0.0,0.0,0.0,0.0,0.0,0.0,0.0,0.0,0.0,0.0,0.0,0.0,0.0,0.014278696211702004
t129,0.0,0.0,0.0004716008921072926,0.00010967312525450385,0.0001862907807398073,9.912335189201044e-5,0.00031332829423219485,0.002462562045984716,2.0342815968498166e-6,2.452100611001777e-6,0.0,0.0,0.0,0.0,0.0,0.0003613913967156288,0.00012875665364855949,0.000502282337872301,0.0016567221705214308,0.0006694902833880054,2.9682570068889307e-6,3.163378351114546e-6,0.0,0.0,0.0,0.0,0.0,0.00015346352318042588,0.0002971385933803415,8.457072844148905e-5,8.140288889644159e-5,0.00032594167241771304,0.002173850196240543,2.497554551144948e-6,2.0734300577627307e-6,0.0,0.0,0.00015026249533712512,0.00020064316354228878,0.0002552890446877719,0.0,4.669729268310981e-6,0.00010776016788308627,0.00020547484198314315,0.0002049707180391826,0.0,4.951319282554479e-6,9.743097127887343e-5,0.0001836416385984208,0.00022022226827495486,0.0,4.861144701886074e-6,0.0,0.0,0.0,0.0,0.0,0.0,0.0,0.0,0.0,0.0,0.0,0.0,0.0,0.0,0.0,0.0,0.0,0.0,0.0,0.0,0.0,0.0,0.0,0.0,0.0,0.0,0.0,0.0,0.0,0.0,0.0,0.0,0.0,0.0,0.0,0.0,0.0,0.0,0.0,0.0,0.0,0.0,0.0,0.0,0.0,0.011732955439965767
t130,0.0,0.0,0.0004005931172751854,8.964771078048292e-5,0.00016921414761391526,8.199543334955736e-5,0.000291164583739401,0.0022154502315381093,1.9448359915893543e-6,2.3453977193086384e-6,0.0,0.0,0.0,0.0,0.0,0.00030574412551339177,0.00010745989717591084,0.00046706986503571404,0.0014982874871640676,0.0005879092385432375,2.7847120360345524e-6,2.968304259727141e-6,0.0,0.0,0.0,0.0,0.0,0.00011762512042100161,0.00024186715732823108,6.542071608198786e-5,6.783387574221453e-5,0.0002846888372386278,0.0018605992018806317,2.3630940107310398e-6,1.9625675599196828e-6,0.0,0.0,0.00012914330006149965,0.00016554688680678174,0.00022965601569794317,0.0,4.4706230279327355e-6,9.760654179664402e-5,0.0001680330411904879,0.00019407338259152631,0.0,4.785277771062701e-6,9.184040037805978e-5,0.0001541908975946613,0.0002068943695472322,0.0,4.6548102843928136e-6,0.0,0.0,0.0,0.0,0.0,0.0,0.0,0.0,0.0,0.0,0.0,0.0,0.0,0.0,0.0,0.0,0.0,0.0,0.0,0.0,0.0,0.0,0.0,0.0,0.0,0.0,0.0,0.0,0.0,0.0,0.0,0.0,0.0,0.0,0.0,0.0,0.0,0.0,0.0,0.0,0.0,0.0,0.0,0.0,0.0,0.010317835204747203
t131,0.0,0.0,0.0003527034227903549,7.642953359268409e-5,0.00015576666955641083,7.05329079121203e-5,0.0002760767608904156,0.002037290491822394,1.8632481190536877e-6,2.2483268199760226e-6,0.0,0.0,0.0,0.0,0.0,0.0002705388750467317,9.365121353026731e-5,0.00044150571072644414,0.0013956527827777932,0.0005350999306454727,2.6257558536084815e-6,2.7994960272026714e-6,0.0,0.0,0.0,0.0,0.0,9.705842192768373e-5,0.0002087381437842558,5.46959908024125e-5,5.945315153198909e-5,0.0002598493284249076,0.0016593464239904878,2.2242935178045154e-6,1.8476694379062288e-6,0.0,0.0,0.00011562768758285396,0.00014436244289060994,0.00021094649285241144,0.0,4.255593171072431e-6,9.075100755468393e-5,0.00014495383743482075,0.0001845369362534417,0.0,4.627649458004984e-6,8.761778370964606e-5,0.00013609318941678204,0.00019599374654676602,0.0,4.4580662281557774e-6,0.0,0.0,0.0,0.0,0.0,0.0,0.0,0.0,0.0,0.0,0.0,0.0,0.0,0.0,0.0,0.0,0.0,0.0,0.0,0.0,0.0,0.0,0.0,0.0,0.0,0.0,0.0,0.0,0.0,0.0,0.0,0.0,0.0,0.0,0.0,0.0,0.0,0.0,0.0,0.0,0.0,0.0,0.0,0.0,0.0,0.009382222982627624
t132,0.0,0.0,0.0003171148783751789,6.691630781952575e-5,0.00014470854575702197,6.218754973601071e-5,0.0002640008215891675,0.0018948603007973614,1.7890783471351247e-6,2.1609526664869565e-6,0.0,0.0,0.0,0.0,0.0,0.0002453842442310505,8.369781386452102e-5,0.0004224449692263371,0.0013203171388656689,0.0004966516658704048,2.486326810695216e-6,2.6515003249359878e-6,0.0,0.0,0.0,0.0,0.0,8.305293343704862e-5,0.00018640095794618245,4.744791327484219e-5,5.343037163475379e-5,0.00024289179976553664,0.0015128555716505598,2.0933585639705383e-6,1.743178669679366e-6,0.0,0.0,0.00010481695980834726,0.0001294832473595431,0.00018250133938598978,0.0,4.047249290131227e-6,8.551849798692527e-5,0.00012880744640245977,0.00016351179637367282,0.0,4.482340498797925e-6,8.42901021718932e-5,0.00012360091614827248,0.0001746636229243298,0.0,4.283417407554153e-6,0.0,0.0,0.0,0.0,0.0,0.0,0.0,0.0,0.0,0.0,0.0,0.0,0.0,0.0,0.0,0.0,0.0,0.0,0.0,0.0,0.0,0.0,0.0,0.0,0.0,0.0,0.0,0.0,0.0,0.0,0.0,0.0,0.0,0.0,0.0,0.0,0.0,0.0,0.0,0.0,0.0,0.0,0.0,0.0,0.0,0.008647295114981992
t133,0.0,0.0,0.00029240484460933263,6.00572968986364e-5,0.00013642069181179025,5.653624926115965e-5,0.0002566992494447367,0.0017959465549833328,1.724067414796997e-6,2.0849756726564575e-6,0.0,0.0,0.0,0.0,0.0,0.00022485311340129062,7.553033671192541e-5,0.00040833562416218403,0.0012530819682461988,0.0004634846178751763,2.362895929888369e-6,2.521280680986455e-6,0.0,0.0,0.0,0.0,0.0,7.473486672539507e-5,0.000171510515602422,4.343374377220936e-5,5.0102972506024775e-5,0.0002312040250846687,0.001400506915398727,2.0494272063416745e-6,1.699881144938949e-6,0.0,0.0,0.00010160746371797029,0.00012150437736926033,0.00017618430230820995,0.0,3.9588653727957515e-6,8.22800783063007e-5,0.00011881032565905098,0.00015955037561682202,0.0,4.350808655783625e-6,8.042712652493305e-5,0.00011306847173394909,0.00016962521699631796,0.0,4.123271939505923e-6,0.0,0.0,0.0,0.0,0.0,0.0,0.0,0.0,0.0,0.0,0.0,0.0,0.0,0.0,0.0,0.0,0.0,0.0,0.0,0.0,0.0,0.0,0.0,0.0,0.0,0.0,0.0,0.0,0.0,0.0,0.0,0.0,0.0,0.0,0.0,0.0,0.0,0.0,0.0,0.0,0.0,0.0,0.0,0.0,0.0,0.00814277679874572
t134,0.0,0.0,0.0002698282820824333,5.425178773299833e-5,0.00012883531298905142,5.1716503462695325e-5,0.00024758058846996315,0.001696190513897939,1.6639893328829676e-6,2.014230877066647e-6,0.0,0.0,0.0,0.0,0.0,0.00020790130263186884,6.882229893136877e-5,0.0003965259789768587,0.0011909729002052417,0.00043460202031916413,2.252221509207798e-6,2.4048448073385585e-6,0.0,0.0,0.0,0.0,0.0,6.651547211631923e-5,0.00015895237816664553,3.9266765089959404e-5,4.6944891525119614e-5,0.0002203981480161719,0.0013056775753383404,1.974018917693785e-6,1.6380074489169834e-6,0.0,0.0,9.516007300532102e-5,0.00011287470152304003,0.0001686350590014181,0.0,3.820795905059137e-6,7.870095194547449e-5,0.00010990268041724256,0.00015478613684038895,0.0,4.226700490949217e-6,7.656966335390051e-5,0.0001041176407712437,0.00016371358298516335,0.0,3.971960141846467e-6,0.0,0.0,0.0,0.0,0.0,0.0,0.0,0.0,0.0,0.0,0.0,0.0,0.0,0.0,0.0,0.0,0.0,0.0,0.0,0.0,0.0,0.0,0.0,0.0,0.0,0.0,0.0,0.0,0.0,0.0,0.0,0.0,0.0,0.0,0.0,0.0,0.0,0.0,0.0,0.0,0.0,0.0,0.0,0.0,0.0,0.007673409979226293
t135,0.0,0.0,0.00024864297556953253,4.928653901669845e-5,0.00012164933932911944,4.748168970121758e-5,0.0002358936112478475,0.0015919739350857495,1.6080925916748415e-6,1.948825447583335e-6,0.0,0.0,0.0,0.0,0.0,0.00019306241960213605,6.314108567356153e-5,0.00038508133189803706,0.0011286172148849622,0.00040812602671168324,2.15322166788193e-6,2.300604762339605e-6,0.0,0.0,0.0,0.0,0.0,5.9709673027196684e-5,0.00014763943962018357,3.5572782855786725e-5,4.4148781470007884e-5,0.00020920520825424004,0.0012193840955556554,1.9011190526154082e-6,1.5759154041044097e-6,0.0,0.0,8.907978742867271e-5,0.00010535487566593361,0.00014932080061559028,0.0,3.6938683962572605e-6,7.401394398518222e-5,9.655899203047965e-5,0.0001384063419621123,0.0,4.110227105287878e-6,7.217687556348777e-5,9.346457566495413e-5,0.00014621250017394404,0.0,3.8345588169436915e-6,0.0,0.0,0.0,0.0,0.0,0.0,0.0,0.0,0.0,0.0,0.0,0.0,0.0,0.0,0.0,0.0,0.0,0.0,0.0,0.0,0.0,0.0,0.0,0.0,0.0,0.0,0.0,0.0,0.0,0.0,0.0,0.0,0.0,0.0,0.0,0.0,0.0,0.0,0.0,0.0,0.0,0.0,0.0,0.0,0.0,0.00717633127583866
t136,0.0,0.0,0.0002281871074777467,4.4903977675126e-5,0.00011464746300742637,4.361852802045904e-5,0.00022076722628682003,0.0014803965472808352,1.5562425034712183e-6,1.8882862281228384e-6,0.0,0.0,0.0,0.0,0.0,0.00017918919827057596,5.8030202414864673e-5,0.00037241811971334553,0.0010618141824583968,0.00038197449457514216,2.06378101145658e-6,2.2062472061295076e-6,0.0,0.0,0.0,0.0,0.0,5.3848705618667036e-5,0.00013666340965178675,3.219453930306562e-5,4.1357209662369264e-5,0.00019656560233759763,0.0011365844558789671,1.8309741883627998e-6,1.5147772978780799e-6,0.0,0.0,7.97491933495026e-5,9.017928882518637e-5,0.00014336811393027537,0.0,3.5745786084343385e-6,6.84364957633493e-5,8.368816208849362e-5,0.00013366030808492467,0.0,4.00177493586544e-6,6.70149443516491e-5,8.305842329249032e-5,0.00014075304567873507,0.0,3.708458921248098e-6,0.0,0.0,0.0,0.0,0.0,0.0,0.0,0.0,0.0,0.0,0.0,0.0,0.0,0.0,0.0,0.0,0.0,0.0,0.0,0.0,0.0,0.0,0.0,0.0,0.0,0.0,0.0,0.0,0.0,0.0,0.0,0.0,0.0,0.0,0.0,0.0,0.0,0.0,0.0,0.0,0.0,0.0,0.0,0.0,0.0,0.006695414065898768
t137,0.0,0.0,0.00020798713940781434,4.091730021640109e-5,0.0001076959893482211,3.998454698261382e-5,0.00020217170004780747,0.0013593086695519638,1.5077584829809842e-6,1.8314991762740799e-6,0.0,0.0,0.0,0.0,0.0,0.00016535151399572795,5.3321621701979706e-5,0.0003572344619329063,0.0009855273608429665,0.00035442106013886334,1.9832251802892408e-6,2.120414430395668e-6,0.0,0.0,0.0,0.0,0.0,4.857318292801577e-5,0.00012551855392636837,2.900032257133732e-5,3.834738590566507e-5,0.0001819791874401482,0.0010542214486626868,1.768847362892528e-6,1.4612379812831933e-6,0.0,0.0,6.95140357842502e-5,7.548551371467448e-5,0.00013682643940768588,0.0,3.469315146765062e-6,6.214741176574245e-5,7.205996178006693e-5,0.0001283202455368012,0.0,3.899640311893601e-6,6.151418769212247e-5,7.360685414104145e-5,0.00013502841775813655,0.0,3.6070270460390156e-6,0.0,0.0,0.0,0.0,0.0,0.0,0.0,0.0,0.0,0.0,0.0,0.0,0.0,0.0,0.0,0.0,0.0,0.0,0.0,0.0,0.0,0.0,0.0,0.0,0.0,0.0,0.0,0.0,0.0,0.0,0.0,0.0,0.0,0.0,0.0,0.0,0.0,0.0,0.0,0.0,0.0,0.0,0.0,0.0,0.0,0.006187713478300822
t138,0.0,0.0,0.0001870723171202002,3.694897580530909e-5,0.00010052346018895942,3.622146097625051e-5,0.00018059230866191692,0.001218964641265028,1.4630557344695198e-6,1.7794979810323224e-6,0.0,0.0,0.0,0.0,0.0,0.00015045404870378095,4.849466487074587e-5,0.0003383953355057746,0.0008923234356151084,0.0003223548006076108,1.9116430741190245e-6,2.044069383149583e-6,0.0,0.0,0.0,0.0,0.0,4.3860354073284076e-5,0.00011413775587461543,2.6046570365613024e-5,3.519280396188821e-5,0.0001653529177474665,0.0009695332726118306,1.712108449482933e-6,1.4124609073028924e-6,0.0,0.0,5.997216099761418e-5,6.302161436753484e-5,0.00011952415014219032,0.0,3.371907298557006e-6,5.523238703951405e-5,6.088742409918149e-5,0.00011248030190798588,0.0,3.812726686547963e-6,5.5111451865836084e-5,6.362992394490001e-5,0.00011754512422339097,0.0,3.5147980567698733e-6,0.0,0.0,0.0,0.0,0.0,0.0,0.0,0.0,0.0,0.0,0.0,0.0,0.0,0.0,0.0,0.0,0.0,0.0,0.0,0.0,0.0,0.0,0.0,0.0,0.0,0.0,0.0,0.0,0.0,0.0,0.0,0.0,0.0,0.0,0.0,0.0,0.0,0.0,0.0,0.0,0.0,0.0,0.0,0.0,0.0,0.0055948959301149615
t139,0.0,0.0,0.0002105345092114393,4.08244804039306e-5,0.00010811169377772267,3.997970829275682e-5,0.00020453175735715137,0.0013448615525481354,1.498059453829373e-6,1.8219946443750636e-6,0.0,0.0,0.0,0.0,0.0,0.00017352585459116986,5.5018708486656835e-5,0.00037052311511871745,0.0009884135807428827,0.0003548542277292024,1.9629319495619107e-6,2.0981303308847547e-6,0.0,0.0,0.0,0.0,0.0,3.9044022766575925e-5,0.0001020745236710099,2.3023536741873904e-5,3.1599727305955235e-5,0.0001469150703144602,0.0008732099914153175,1.6577481835348986e-6,1.3639384648373935e-6,0.0,0.0,5.082808314802957e-5,5.199403897867094e-5,0.00011163820543596935,0.0,3.282331286935968e-6,6.234401410462156e-5,6.901524833316119e-5,0.00012320844457646058,0.0,3.872611951446913e-6,6.177874917912972e-5,7.295032683509971e-5,0.000130455173585119,0.0,3.573678344503694e-6,0.0,0.0,0.0,0.0,0.0,0.0,0.0,0.0,0.0,0.0,0.0,0.0,0.0,0.0,0.0,0.0,0.0,0.0,0.0,0.0,0.0,0.0,0.0,0.0,0.0,0.0,0.0,0.0,0.0,0.0,0.0,0.0,0.0,0.0,0.0,0.0,0.0,0.0,0.0,0.0,0.0,0.0,0.0,0.0,0.0,0.00586238976926113
t140,0.0,0.0,0.00023241821210024302,4.533967001316359e-5,0.0001156442220845957,4.446440036629475e-5,0.00022336142052514402,0.0014468775814810632,1.5376186755038611e-6,1.8714485858018816e-6,0.0,0.0,0.0,0.0,0.0,0.00019736533874939092,6.187875598406978e-5,0.0004011404951232122,0.0010645586994333064,0.00038103467205079277,2.0247375521396322e-6,2.1629625837062813e-6,0.0,0.0,0.0,0.0,0.0,4.4354128057563254e-5,0.00011813490854719507,2.717965878355465e-5,3.712776651459744e-5,0.00016780897511975743,0.0009574977279917413,1.694447580614769e-6,1.3909456341438984e-6,0.0,0.0,5.768066809498917e-5,6.011532078445643e-5,0.00012558881923402352,0.0,3.321207675594521e-6,6.913008832464038e-5,7.748758007655717e-5,0.00013426792550401545,0.0,3.9601823665624565e-6,6.787310855233367e-5,8.25768327533704e-5,0.00014305185401751594,0.0,3.6648545821103684e-6,0.0,0.0,0.0,0.0,0.0,0.0,0.0,0.0,0.0,0.0,0.0,0.0,0.0,0.0,0.0,0.0,0.0,0.0,0.0,0.0,0.0,0.0,0.0,0.0,0.0,0.0,0.0,0.0,0.0,0.0,0.0,0.0,0.0,0.0,0.0,0.0,0.0,0.0,0.0,0.0,0.0,0.0,0.0,0.0,0.0,0.006405587235503766
t141,0.0,0.0,0.0002574626374712539,5.077388474976197e-5,0.0001233409176915827,4.994924068146071e-5,0.00023989675942018865,0.0015435138608390988,1.5809180910728803e-6,1.924508127159703e-6,0.0,0.0,0.0,0.0,0.0,0.00022462555029106995,6.993157784136894e-5,0.0004310199051958556,0.00113422340066786,0.00040538821438044175,2.0928456282036835e-6,2.2346231754845702e-6,0.0,0.0,0.0,0.0,0.0,5.047852438700753e-5,0.00013689674203725004,3.136064271068313e-5,4.278826311566294e-5,0.00018348297044935326,0.0010256348696695361,1.738222701549929e-6,1.4241341801992225e-6,0.0,0.0,6.381671050597026e-5,6.714713944344877e-5,0.00012763229502639088,0.0,3.384938590770738e-6,7.549179695424289e-5,8.672381562721795e-5,0.00013362793954293652,0.0,4.0549991698557015e-6,7.312915417482565e-5,9.334942674761763e-5,0.00014365005449166318,0.0,3.7672261365921616e-6,0.0,0.0,0.0,0.0,0.0,0.0,0.0,0.0,0.0,0.0,0.0,0.0,0.0,0.0,0.0,0.0,0.0,0.0,0.0,0.0,0.0,0.0,0.0,0.0,0.0,0.0,0.0,0.0,0.0,0.0,0.0,0.0,0.0,0.0,0.0,0.0,0.0,0.0,0.0,0.0,0.0,0.0,0.0,0.0,0.0,0.006887538709914638
t142,0.0,0.0,0.00028707182091914664,5.74766773634646e-5,0.0001312342794582724,5.677562797162966e-5,0.0002551173172504905,0.0016388780679736257,1.6272586173694222e-6,1.9806475106208767e-6,0.0,0.0,0.0,0.0,0.0,0.00025665389803022394,7.9616601433624e-5,0.00046026970433745497,0.0012027862433195851,0.0004300512818587483,2.166982018860136e-6,2.312869404886074e-6,0.0,0.0,0.0,0.0,0.0,5.872236338354283e-5,0.00016142527262934963,3.709685972006595e-5,4.976411200290372e-5,0.00019857223133373485,0.0010932774872082452,1.8110024540028125e-6,1.479990127324531e-6,0.0,0.0,7.077378765904952e-5,7.419704332251351e-5,0.000139261925879782,0.0,3.476179875744639e-6,8.107997444883613e-5,9.642410216660776e-5,0.0001438820206077426,0.0,4.155762766256753e-6,7.763870420873297e-5,0.00010526190819885047,0.00015633319154571859,0.0,3.8798528439200294e-6,0.0,0.0,0.0,0.0,0.0,0.0,0.0,0.0,0.0,0.0,0.0,0.0,0.0,0.0,0.0,0.0,0.0,0.0,0.0,0.0,0.0,0.0,0.0,0.0,0.0,0.0,0.0,0.0,0.0,0.0,0.0,0.0,0.0,0.0,0.0,0.0,0.0,0.0,0.0,0.0,0.0,0.0,0.0,0.0,0.0,0.0074225330498509275
t143,0.0,0.0,0.00032257645872950776,6.589964050550038e-5,0.00013929916397372957,6.541252608707396e-5,0.0002696248388224804,0.0017348649074768062,1.676663539791987e-6,2.0395817022634e-6,0.0,0.0,0.0,0.0,0.0,0.00029455412469342983,9.134851798680313e-5,0.0004884009010025938,0.0012735567559404987,0.00045649705278223083,2.2466633235241987e-6,2.396785377994825e-6,0.0,0.0,0.0,0.0,0.0,6.807571515585588e-5,0.00019379908241063241,4.398381311135635e-5,5.718970591213603e-5,0.00021300938328703853,0.0011601373630956372,1.8261486873117787e-6,1.4927946505355317e-6,0.0,0.0,7.319627967982433e-5,7.863564803535462e-5,0.00015106024134395934,0.0,3.5067758824990646e-6,8.518612547697489e-5,0.00010318739434001165,0.0001545119554303364,0.0,4.260667931835178e-6,8.12693113004231e-5,0.00011507421815369281,0.00016938367432644565,0.0,3.998047077591149e-6,0.0,0.0,0.0,0.0,0.0,0.0,0.0,0.0,0.0,0.0,0.0,0.0,0.0,0.0,0.0,0.0,0.0,0.0,0.0,0.0,0.0,0.0,0.0,0.0,0.0,0.0,0.0,0.0,0.0,0.0,0.0,0.0,0.0,0.0,0.0,0.0,0.0,0.0,0.0,0.0,0.0,0.0,0.0,0.0,0.0,0.00797317892723368
t144,0.0,0.0,0.00036430153053074177,7.646502621924728e-5,0.00014740876011869772,7.6322953444126e-5,0.00028389762261157994,0.001833196205908691,1.7295020379955466e-6,2.1020051310701996e-6,0.0,0.0,0.0,0.0,0.0,0.0003385964657925476,0.00010561365684137761,0.000514039526938763,0.0013498122351462167,0.0004861238267530375,2.333742708742017e-6,2.4886736524549356e-6,0.0,0.0,0.0,0.0,0.0,8.16407900523733e-5,0.0002411212705685837,5.420199075590802e-5,6.647538432868353e-5,0.0002284321706995958,0.0012288814892522924,1.8714203261190471e-6,1.5311946665191388e-6,0.0,0.0,7.699684448810013e-5,8.258516973166814e-5,0.00015063088825628245,0.0,3.5809126831899254e-6,8.866858077389661e-5,0.00011112364181264658,0.00015259973196142217,0.0,4.372006613264222e-6,8.468252596598806e-5,0.0001269287766944731,0.00016921542094508344,0.0,4.125999914686243e-6,0.0,0.0,0.0,0.0,0.0,0.0,0.0,0.0,0.0,0.0,0.0,0.0,0.0,0.0,0.0,0.0,0.0,0.0,0.0,0.0,0.0,0.0,0.0,0.0,0.0,0.0,0.0,0.0,0.0,0.0,0.0,0.0,0.0,0.0,0.0,0.0,0.0,0.0,0.0,0.0,0.0,0.0,0.0,0.0,0.0,0.008544097944326066
t145,0.0,0.0,0.00040140090627589585,8.701031013683731e-5,0.00015526295153105285,8.660083232605448e-5,0.0002984635393971377,0.0019359589364082443,1.7858856874900418e-6,2.168415074837867e-6,0.0,0.0,0.0,0.0,0.0,0.0003815672139096645,0.00012110618439580509,0.0005338123041934856,0.0014350601412445707,0.0005203127202150558,2.428702289322561e-6,2.5889948569314975e-6,0.0,0.0,0.0,0.0,0.0,0.00010044141988258222,0.00031424108880927644,6.877343720736653e-5,7.71181535965488e-5,0.0002454285466476294,0.0013017089910765146,1.9006423192098077e-6,1.55444427329525e-6,0.0,0.0,8.07070578216006e-5,8.737231801811944e-5,0.00016272161467816693,0.0,3.6379373710193675e-6,9.197259724336218e-5,0.00012129067988044853,0.00016364462309000205,0.0,4.492043065665778e-6,8.835572437360793e-5,0.0001423923034514325,0.00018454817654694802,0.0,4.2637508706520905e-6,0.0,0.0,0.0,0.0,0.0,0.0,0.0,0.0,0.0,0.0,0.0,0.0,0.0,0.0,0.0,0.0,0.0,0.0,0.0,0.0,0.0,0.0,0.0,0.0,0.0,0.0,0.0,0.0,0.0,0.0,0.0,0.0,0.0,0.0,0.0,0.0,0.0,0.0,0.0,0.0,0.0,0.0,0.0,0.0,0.0,0.009212093588165835
t146,0.0,0.0,0.0004466561628979519,0.00010094603307473141,0.0001631680002813231,9.997162799360228e-5,0.00031393809107276087,0.0020465903332889768,1.8468782522560082e-6,2.239463296070176e-6,0.0,0.0,0.0,0.0,0.0,0.00043360784771069995,0.00014124290869582592,0.0005514327743750034,0.0015357276478678906,0.0005616563948259277,2.533086694026635e-6,2.699401090885068e-6,0.0,0.0,0.0,0.0,0.0,0.00012167670391203412,0.0003876987337875225,8.470740579254491e-5,8.639503414466002e-5,0.00026468217320538414,0.001381018039063609,1.9365628027441068e-6,1.5847511185254014e-6,0.0,0.0,8.489089222045042e-5,9.42911316914341e-5,0.00017586707514127072,0.0,3.7026911911342476e-6,9.55850663265605e-5,0.0001353938748270618,0.00017544584427904526,0.0,4.620162338187583e-6,9.288359194729646e-5,0.00016455182456437064,0.000201261767524874,0.0,4.410290751094401e-6,0.0,0.0,0.0,0.0,0.0,0.0,0.0,0.0,0.0,0.0,0.0,0.0,0.0,0.0,0.0,0.0,0.0,0.0,0.0,0.0,0.0,0.0,0.0,0.0,0.0,0.0,0.0,0.0,0.0,0.0,0.0,0.0,0.0,0.0,0.0,0.0,0.0,0.0,0.0,0.0,0.0,0.0,0.0,0.0,0.0,0.009966860268047736
t147,0.0,0.0,0.0005041132418685643,0.00012036478586333881,0.00017137034536187154,0.0001181732355669356,0.0003311393908715634,0.002169410767664961,1.9126683666744823e-6,2.3159062694899856e-6,0.0,0.0,0.0,0.0,0.0,0.0005033861691208442,0.00016987410959897582,0.0005700414671272157,0.0016621914525830203,0.0006145269936663014,2.648236459183505e-6,2.8213030840954214e-6,0.0,0.0,0.0,0.0,0.0,0.00015495416855469058,0.000510281542334032,0.00011050436498761412,9.700821157012477e-5,0.0002871757059127283,0.0014698311006816841,1.976767578093967e-6,1.619448349098419e-6,0.0,0.0,9.128053586128855e-5,0.00010605197576003334,0.00017550453802249263,0.0,3.772094752357302e-6,9.99251244099473e-5,0.00015672186641389727,0.00017351553361851955,0.0,4.758897790367186e-6,9.924232102427197e-5,0.00020021481779504448,0.00020430346177099853,0.0,4.569161191454116e-6,0.0,0.0,0.0,0.0,0.0,0.0,0.0,0.0,0.0,0.0,0.0,0.0,0.0,0.0,0.0,0.0,0.0,0.0,0.0,0.0,0.0,0.0,0.0,0.0,0.0,0.0,0.0,0.0,0.0,0.0,0.0,0.0,0.0,0.0,0.0,0.0,0.0,0.0,0.0,0.0,0.0,0.0,0.0,0.0,0.0,0.010897501711851774
t148,0.0,0.0,0.0005801066156282265,0.00014934960957750006,0.0001801263823615071,0.00014436761849704328,0.0003511983223856907,0.002310099515694274,1.9834277647326114e-6,2.3983615797870493e-6,0.0,0.0,0.0,0.0,0.0,0.0006082662169528088,0.00021558214017021996,0.0005931596948583897,0.0018348308025184603,0.0006875632026239963,2.7753863639884543e-6,2.955753072130283e-6,0.0,0.0,0.0,0.0,0.0,0.0002150886434471654,0.0007567939041039495,0.00015889419635948206,0.0001101443759474284,0.0003144624039744911,0.001571916099262939,2.0201184847566e-6,1.6571054694082462e-6,0.0,0.0,0.00010049332017468852,0.00012711709122879066,0.00019076032175377022,0.0,3.843953812800626e-6,0.00010545763382765951,0.0001916968913603056,0.00018687952285191507,0.0,4.910327904958892e-6,0.00010892572173735278,0.0002672184431067131,0.0002294984871243166,0.0,4.741416669052878e-6,0.0,0.0,0.0,0.0,0.0,0.0,0.0,0.0,0.0,0.0,0.0,0.0,0.0,0.0,0.0,0.0,0.0,0.0,0.0,0.0,0.0,0.0,0.0,0.0,0.0,0.0,0.0,0.0,0.0,0.0,0.0,0.0,0.0,0.0,0.0,0.0,0.0,0.0,0.0,0.0,0.0,0.0,0.0,0.0,0.0,0.0123172830286507
t149,0.0,0.0,0.0006846475073948754,0.00019741698663712623,0.0001897108338903429,0.0001850825693101649,0.0003760060900619163,0.0024778934107524252,2.060564022562091e-6,2.4878401722832395e-6,0.0,0.0,0.0,0.0,0.0,0.0007976077487438415,0.00030485735058961524,0.0006259053614808289,0.002100109774492092,0.0007992443175995726,2.9161512549013677e-6,3.10492546416487e-6,0.0,0.0,0.0,0.0,0.0,0.00036484397772180977,0.0015337285690970313,0.0002889158740941705,0.00012862000000204968,0.0003493036986470815,0.0016931752631279286,2.0658741412064966e-6,1.6970602945115615e-6,0.0,0.0,0.00011508780076275177,0.00017112015752595176,0.00020863253567081832,0.0,3.9166350685979465e-6,0.00011309495282089201,0.00025876861935300214,0.00020174247345370922,0.0,5.075815619724233e-6,0.00012499291476794305,0.00043463486691204257,0.0002605478633951858,0.0,4.927020201740678e-6,0.0,0.0,0.0,0.0,0.0,0.0,0.0,0.0,0.0,0.0,0.0,0.0,0.0,0.0,0.0,0.0,0.0,0.0,0.0,0.0,0.0,0.0,0.0,0.0,0.0,0.0,0.0,0.0,0.0,0.0,0.0,0.0,0.0,0.0,0.0,0.0,0.0,0.0,0.0,0.0,0.0,0.0,0.0,0.0,0.0,0.015013943404544861
t150,0.0,0.0,0.0008313048634214462,0.0002940077547285203,0.00020059834048388262,0.00025587765319757524,0.0004089308090945728,0.0026903842833686216,2.144948700891004e-6,2.5860635583885487e-6,0.0,0.0,0.0,0.0,0.0,0.001231196267910298,0.0005457950541266234,0.000677987034769873,0.0025875502332273446,0.0010053157454060788,3.0785483806994895e-6,3.2760517161407867e-6,0.0,0.0,0.0,0.0,0.0,0.0016499267142064229,3.0728898386999512,0.0027127714860957232,0.00015686571196006576,0.000397069255539001,0.0018441594362428248,2.1224852083248453e-6,1.7489535804055683e-6,0.0,0.0,0.00014123493435728773,0.00030656175651733506,0.0002132113105450173,0.0,4.005984394611891e-6,0.00012436604329848258,0.0004400095495941766,0.00020216486300097237,0.0,5.255702735545571e-6,0.00015658392957387929,0.0046769918103375455,0.00028740163889169157,0.0,5.136100188352366e-6,0.0,0.0,0.0,0.0,0.0,0.0,0.0,0.0,0.0,0.0,0.0,0.0,0.0,0.0,0.0,0.0,0.0,0.0,0.0,0.0,0.0,0.0,0.0,0.0,0.0,0.0,0.0,0.0,0.0,0.0,0.0,0.0,0.0,0.0,0.0,0.0,0.0,0.0,0.0,0.0,0.0,0.0,0.0,0.0,0.0,3.0969574600183094
t151,0.0,0.0,0.0008310276562765932,0.0002601419530973119,0.0002025185114853257,0.000236816405744042,0.00040671924899206454,0.0027066389050441697,2.205236676156328e-6,2.655568117640434e-6,0.0,0.0,0.0,0.0,0.0,0.0008909572472978717,0.0003640427579473217,0.0006472317302525893,0.0023671354011266695,0.0009143715907453287,3.0247734225523207e-6,3.2206872516514564e-6,0.0,0.0,0.0,0.0,0.0,0.001041415543006526,4.228121291361636,22.416267146587852,0.00016078691002011192,0.00041251217601152775,0.001878020831415614,2.1633529738892752e-6,1.785533584969405e-6,0.0,0.0,0.0001535411018773846,0.0003941431619978691,0.0002246353987403765,0.0,4.06663889843654e-6,0.00012467700066340736,0.0003984278635658762,0.00020956075902933468,0.0,5.374976254188196e-6,0.00014850141804759792,0.001017608740214464,0.00028020104042250833,0.0,5.0779639428298375e-6,0.0,0.0,0.0,0.0,0.0,0.0,0.0,0.0,0.0,0.0,0.0,0.0,0.0,0.0,0.0,0.0,0.0,0.0,0.0,0.0,0.0,0.0,0.0,0.0,0.0,0.0,0.0,0.0,0.0,0.0,0.0,0.0,0.0,0.0,0.0,0.0,0.0,0.0,0.0,0.0,0.0,0.0,0.0,0.0,0.0,26.660689646033635
t152,0.0,0.0,0.0008275925734524528,0.00023619442381107403,0.00020496681043111133,0.00022097972697136857,0.00041172850980515256,0.00274511517236134,2.2698711038508793e-6,2.7303538723779424e-6,0.0,0.0,0.0,0.0,0.0,0.0004861456519765063,0.0001779290216770934,0.0005555524351546873,0.0018011074194127237,0.0006838308941823517,2.879923084566052e-6,3.068377485065702e-6,0.0,0.0,0.0,0.0,0.0,0.0005966001640383453,0.0022617040105023783,0.0021337964629413197,0.00015090367826036026,0.0004025182677164539,0.0018532085637836101,2.1802737888675713e-6,1.803860243870019e-6,0.0,0.0,0.00015571812624742162,0.00036267100260009203,0.000227323617837551,0.0,4.0901446085914866e-6,0.00012778033491113547,0.0003879404686287701,0.0002182370036331968,0.0,5.497415829460269e-6,0.00011599407082503166,0.0002937302494296252,0.00023513275708227682,0.0,4.92538871933671e-6,0.0,0.0,0.0,0.0,0.0,0.0,0.0,0.0,0.0,0.0,0.0,0.0,0.0,0.0,0.0,0.0,0.0,0.0,0.0,0.0,0.0,0.0,0.0,0.0,0.0,0.0,0.0,0.0,0.0,0.0,0.0,0.0,0.0,0.0,0.0,0.0,0.0,0.0,0.0,0.0,0.0,0.0,0.0,0.0,0.0,0.017903847026409413
t153,0.0,0.0,0.0008281904167393603,0.0002190168203642081,0.00020805335405875249,0.00020869754324955147,0.00042583572191536435,0.002813515904887074,2.3390908979767803e-6,2.811078367315372e-6,0.0,0.0,0.0,0.0,0.0,0.000346569903035569,0.00012054051797364214,0.0004964814416117854,0.0015043416004778046,0.000561068515386948,2.739872425932799e-6,2.9211695544073707e-6,0.0,0.0,0.0,0.0,0.0,0.0004333604574707402,0.0015559369065455166,0.0010952449127536858,0.00014722079763985197,0.00040076664560155983,0.0018436941732656162,2.1971424327842355e-6,1.819742511032807e-6,0.0,0.0,0.0001618657300767053,0.0003576820211972938,0.00021454899744414798,0.0,4.110382497477868e-6,0.0001335024317627186,0.0003911162926212967,0.0002105196519971467,0.0,5.627946257548617e-6,9.809304366399626e-5,0.00018211219989188755,0.00019206929258544497,0.0,4.771215940695243e-6,0.0,0.0,0.0,0.0,0.0,0.0,0.0,0.0,0.0,0.0,0.0,0.0,0.0,0.0,0.0,0.0,0.0,0.0,0.0,0.0,0.0,0.0,0.0,0.0,0.0,0.0,0.0,0.0,0.0,0.0,0.0,0.0,0.0,0.0,0.0,0.0,0.0,0.0,0.0,0.0,0.0,0.0,0.0,0.0,0.0,0.015179382935102837
t154,0.0,0.0,0.0008245987530178727,0.00018855500489962183,0.00021175314402695366,0.00018383804057362662,0.0004373739305099215,0.002906121204864287,2.4068142398054886e-6,2.894352684541956e-6,0.0,0.0,0.0,0.0,0.0,0.00027356480983682484,9.207384267599045e-5,0.00045343108719363883,0.0013139414068320749,0.00048255997874516345,2.6102687868981034e-6,2.7848139110985944e-6,0.0,0.0,0.0,0.0,0.0,0.0003204466022700932,0.0012376261271541753,0.0006246561378987592,0.00014376047903798356,0.00039505551282923595,0.001844919956994215,2.2009782687146694e-6,1.8234017870908894e-6,0.0,0.0,0.0001693970634936137,0.000343950475092972,0.00022078772002257621,0.0,4.100998742822898e-6,0.00014007835989367137,0.0003812475100446886,0.00021983971037364694,0.0,5.738131727580813e-6,8.647182183708391e-5,0.0001346116070599052,0.00017523274784047473,0.0,4.6241994064103395e-6,0.0,0.0,0.0,0.0,0.0,0.0,0.0,0.0,0.0,0.0,0.0,0.0,0.0,0.0,0.0,0.0,0.0,0.0,0.0,0.0,0.0,0.0,0.0,0.0,0.0,0.0,0.0,0.0,0.0,0.0,0.0,0.0,0.0,0.0,0.0,0.0,0.0,0.0,0.0,0.0,0.0,0.0,0.0,0.0,0.0,0.013835076994574036
t155,0.0,0.0,0.00045521953874240164,9.887408923098914e-5,0.00017455993509437432,9.596435024732023e-5,0.0003060470997315054,0.002132989360910557,2.308160206549092e-6,2.7797337308392237e-6,0.0,0.0,0.0,0.0,0.0,0.00022720252918400022,7.475550703801781e-5,0.0004188757326467759,0.001172246389736822,0.0004257604121320433,2.493956794793723e-6,2.662180380738221e-6,0.0,0.0,0.0,0.0,0.0,0.00011648489800236885,0.00029202823781949907,8.126621891050137e-5,7.464307929572391e-5,0.00025278633221273395,0.0013891930542180818,2.0945552085303307e-6,1.7352253816601836e-6,0.0,0.0,0.00010216591326917351,0.00014413657720965028,0.0001783636080358491,0.0,3.963359957886829e-6,9.878513060887559e-5,0.00016234054231929344,0.0001867698484282917,0.0,5.593744013543408e-6,7.740474675562743e-5,0.00010745032759796157,0.00016142885913391633,0.0,4.485449987299526e-6,0.0,0.0,0.0,0.0,0.0,0.0,0.0,0.0,0.0,0.0,0.0,0.0,0.0,0.0,0.0,0.0,0.0,0.0,0.0,0.0,0.0,0.0,0.0,0.0,0.0,0.0,0.0,0.0,0.0,0.0,0.0,0.0,0.0,0.0,0.0,0.0,0.0,0.0,0.0,0.0,0.0,0.0,0.0,0.0,0.0,0.009035858684174196
t156,0.0,0.0,0.0003150650633024235,6.645408513405409e-5,0.00014844911142913668,6.440935385924297e-5,0.00023543674761535873,0.001684151209657737,2.2156522744275912e-6,2.6696251113423385e-6,0.0,0.0,0.0,0.0,0.0,0.0001910174620535559,6.210036192940754e-5,0.00038724956724838107,0.0010393866983401101,0.00037605904676447054,2.3873225385687524e-6,2.5495952098575493e-6,0.0,0.0,0.0,0.0,0.0,7.157425709848831e-5,0.00016946684096783555,4.352805126513142e-5,5.0769655434623996e-5,0.00018827836345294998,0.0011168023602760788,2.0097616976929544e-6,1.664771834301717e-6,0.0,0.0,7.324988954147465e-5,9.170037962302425e-5,0.00014080700665172145,0.0,3.843123131677151e-6,7.596086208710366e-5,0.00010202686665567663,0.00015069164131315218,0.0,5.437944171632277e-6,6.858951141558663e-5,8.76065588244151e-5,0.00013694684087244504,0.0,4.35622026921367e-6,0.0,0.0,0.0,0.0,0.0,0.0,0.0,0.0,0.0,0.0,0.0,0.0,0.0,0.0,0.0,0.0,0.0,0.0,0.0,0.0,0.0,0.0,0.0,0.0,0.0,0.0,0.0,0.0,0.0,0.0,0.0,0.0,0.0,0.0,0.0,0.0,0.0,0.0,0.0,0.0,0.0,0.0,0.0,0.0,0.0,0.0071649118090523
t157,0.0,0.0,0.00031489282112475515,6.327183511172406e-5,0.00015084993221384487,6.186938079720929e-5,0.00024169068813027715,0.001718004711619685,2.2777723941431956e-6,2.7397799137828243e-6,0.0,0.0,0.0,0.0,0.0,0.00018977021788897755,6.0370223233502904e-5,0.00039234100833113303,0.0010462733761914828,0.0003749540386999322,2.3649460034520104e-6,2.5262144815691735e-6,0.0,0.0,0.0,0.0,0.0,6.57702487394432e-5,0.0001627266300717234,4.080797450051775e-5,5.120606793847858e-5,0.00019205560425015726,0.0011157825090336918,1.999541343754111e-6,1.6592281847699662e-6,0.0,0.0,7.419510385481458e-5,9.129341367992725e-5,0.0001470252197575936,0.0,3.817436036035113e-6,7.820466274617474e-5,9.981409343236043e-5,0.0001562432776240203,0.0,5.534609419586036e-6,6.981000484695881e-5,8.56936734416446e-5,0.00013941833391063814,0.0,4.3229987984493044e-6,0.0,0.0,0.0,0.0,0.0,0.0,0.0,0.0,0.0,0.0,0.0,0.0,0.0,0.0,0.0,0.0,0.0,0.0,0.0,0.0,0.0,0.0,0.0,0.0,0.0,0.0,0.0,0.0,0.0,0.0,0.0,0.0,0.0,0.0,0.0,0.0,0.0,0.0,0.0,0.0,0.0,0.0,0.0,0.0,0.0,0.0072115775777462105
t158,0.0,0.0,0.00031511096995427126,6.149639285730086e-5,0.0001527286023028441,6.0665118646071845e-5,0.0002489032431580968,0.0017480440839627198,2.3500404189387186e-6,2.8208781410437147e-6,0.0,0.0,0.0,0.0,0.0,0.00018604412531637458,5.8288477654759267e-5,0.00039452675144290933,0.0010322071558379609,0.0003684507937436516,2.3571013452270357e-6,2.518933033061733e-6,0.0,0.0,0.0,0.0,0.0,6.114991409261653e-5,0.00015567609948591537,3.843006250503155e-5,5.201654289106293e-5,0.00019274886643631955,0.0011091790423054524,2.0719798332068114e-6,1.7143747023851215e-6,0.0,0.0,7.675126838403524e-5,9.002480863982485e-5,0.00015129548968224535,0.0,3.903215025853683e-6,8.042481146123428e-5,9.773124830068512e-5,0.00016250794485349958,0.0,5.661474302193306e-6,6.855220715455427e-5,7.841620120961268e-5,0.00014027163312488542,0.0,4.331525784000145e-6,0.0,0.0,0.0,0.0,0.0,0.0,0.0,0.0,0.0,0.0,0.0,0.0,0.0,0.0,0.0,0.0,0.0,0.0,0.0,0.0,0.0,0.0,0.0,0.0,0.0,0.0,0.0,0.0,0.0,0.0,0.0,0.0,0.0,0.0,0.0,0.0,0.0,0.0,0.0,0.0,0.0,0.0,0.0,0.0,0.0,0.007209371377989846
t159,0.0,0.0,0.0003149004360192386,5.985911301373988e-5,0.00015445595187205824,5.9585084586153883e-5,0.00025392924703183614,0.0017707329226151034,2.428578804669385e-6,2.909169666033568e-6,0.0,0.0,0.0,0.0,0.0,0.00017962186575581386,5.57672027294738e-5,0.00039322597718825114,0.000998457929451683,0.0003562129742376327,2.34878766658059e-6,2.5109542181385144e-6,0.0,0.0,0.0,0.0,0.0,5.593916725442439e-5,0.00014757627837694832,3.5443543294504714e-5,5.1731859295245565e-5,0.0001911172183832382,0.0010972406499327938,2.109366433844674e-6,1.7480387840654747e-6,0.0,0.0,7.362009101260811e-5,8.112367103903702e-5,0.00014159794151372555,0.0,3.9393288091310905e-6,8.178725280621985e-5,9.335757269513682e-5,0.0001557371529185013,0.0,5.797986977352256e-6,6.56518255609095e-5,6.944124276738927e-5,0.00012856792905904186,0.0,4.3403168702312436e-6,0.0,0.0,0.0,0.0,0.0,0.0,0.0,0.0,0.0,0.0,0.0,0.0,0.0,0.0,0.0,0.0,0.0,0.0,0.0,0.0,0.0,0.0,0.0,0.0,0.0,0.0,0.0,0.0,0.0,0.0,0.0,0.0,0.0,0.0,0.0,0.0,0.0,0.0,0.0,0.0,0.0,0.0,0.0,0.0,0.0,0.007094814628640756
t160,0.0,0.0,0.0003142091517588098,5.8257983026305174e-5,0.00015603285609850316,5.852030550933605e-5,0.00025642963749792833,0.0017860136460422346,2.512778731790612e-6,3.0036584539808016e-6,0.0,0.0,0.0,0.0,0.0,0.00017078529582814574,5.2807295850325335e-5,0.0003873722547997891,0.0009443519044894746,0.0003377331621323554,2.3407979106425964e-6,2.503152047149023e-6,0.0,0.0,0.0,0.0,0.0,5.1344420242748296e-5,0.00013910144431928634,3.269261353226164e-5,5.098556466297231e-5,0.0001876458079605314,0.0010798445986577672,2.141331661695898e-6,1.773934367083453e-6,0.0,0.0,6.916315695884386e-5,7.143739678204005e-5,0.0001427708396392538,0.0,3.97092021823869e-6,8.211936262659292e-5,8.725412971265409e-5,0.00016134205302711517,0.0,5.9362730609946305e-6,6.144657072639685e-5,6.0110620407155424e-5,0.00012643219824618637,0.0,4.353828374412765e-6,0.0,0.0,0.0,0.0,0.0,0.0,0.0,0.0,0.0,0.0,0.0,0.0,0.0,0.0,0.0,0.0,0.0,0.0,0.0,0.0,0.0,0.0,0.0,0.0,0.0,0.0,0.0,0.0,0.0,0.0,0.0,0.0,0.0,0.0,0.0,0.0,0.0,0.0,0.0,0.0,0.0,0.0,0.0,0.0,0.0,0.006954740945361002
t161,0.0,0.0,0.000313012824966603,5.667751119709507e-5,0.00015743530140068367,5.745210223140335e-5,0.0002566847080351412,0.0017943359795344726,2.6026366891096707e-6,3.105381807892754e-6,0.0,0.0,0.0,0.0,0.0,0.00017866095182320605,5.384662295966393e-5,0.0004004847375197107,0.0009619069492059774,0.0003444986617913704,2.4145742201735585e-6,2.580710827579104e-6,0.0,0.0,0.0,0.0,0.0,4.715710222567862e-5,0.00013048177470483313,3.0134074116971674e-5,4.97039946949144e-5,0.00018264199035878927,0.0010573236678321925,2.174920554675059e-6,1.7999865374918626e-6,0.0,0.0,6.42108473029645e-5,6.242604446106054e-5,0.00014310585392794017,0.0,4.004094904174831e-6,8.131474420494397e-5,8.00303174033949e-5,0.00016673749959795028,0.0,6.06645433389236e-6,6.247607266436118e-5,5.618652760388936e-5,0.00013203885833973364,0.0,4.485333387848348e-6,0.0,0.0,0.0,0.0,0.0,0.0,0.0,0.0,0.0,0.0,0.0,0.0,0.0,0.0,0.0,0.0,0.0,0.0,0.0,0.0,0.0,0.0,0.0,0.0,0.0,0.0,0.0,0.0,0.0,0.0,0.0,0.0,0.0,0.0,0.0,0.0,0.0,0.0,0.0,0.0,0.0,0.0,0.0,0.0,0.0,0.0069501998133677835
t162,0.0,0.0,0.0003109602782969595,5.512982489129129e-5,0.00015839572676284536,5.639865266114752e-5,0.0002547813066286603,0.001792458694013307,2.6981106469985095e-6,3.2151992799494928e-6,0.0,0.0,0.0,0.0,0.0,0.00020304172964476233,6.0348897130691084e-5,0.00043402727546582633,0.001039000992458524,0.00037119807760952714,2.569396452150052e-6,2.7449357185419994e-6,0.0,0.0,0.0,0.0,0.0,4.344831325797112e-5,0.0001204289248409009,2.7870546716679645e-5,4.799057211677651e-5,0.00017613881233163048,0.0010274242549247023,2.2104277412028832e-6,1.8261908471379198e-6,0.0,0.0,5.826563337903837e-5,5.3720405078587285e-5,0.00013013032867697125,0.0,4.033487267789192e-6,7.941576103877762e-5,7.228440233898739e-5,0.0001581607338125047,0.0,6.196112523737006e-6,6.79075910073932e-5,6.222702215311636e-5,0.00013419570116483752,0.0,4.7233623201853326e-6,0.0,0.0,0.0,0.0,0.0,0.0,0.0,0.0,0.0,0.0,0.0,0.0,0.0,0.0,0.0,0.0,0.0,0.0,0.0,0.0,0.0,0.0,0.0,0.0,0.0,0.0,0.0,0.0,0.0,0.0,0.0,0.0,0.0,0.0,0.0,0.0,0.0,0.0,0.0,0.0,0.0,0.0,0.0,0.0,0.0,0.007025567681200108
t163,0.0,0.0,0.0003354870861697323,6.0344009740585193e-5,0.0001653052467522418,6.171841997646328e-5,0.0002688822996916537,0.0018901920065858091,2.852277518877493e-6,3.3987831646156916e-6,0.0,0.0,0.0,0.0,0.0,0.00022958051478555073,6.810836285133575e-5,0.0004649673680658619,0.0011103432229532635,0.0003963828644524205,2.7455038033375292e-6,2.931282842609771e-6,0.0,0.0,0.0,0.0,0.0,4.720717913402612e-5,0.0001332050017682888,3.0502640673383666e-5,5.341135976539235e-5,0.0001901622965636817,0.001095494183021053,2.3103955025467347e-6,1.9025677213052672e-6,0.0,0.0,6.176953850847301e-5,5.7930015519785004e-5,0.0001422826932072802,0.0,4.16095255832946e-6,8.307307993765316e-5,7.824137451474487e-5,0.000170183901297319,0.0,6.433489902835208e-6,7.261425108449253e-5,6.864771758115847e-5,0.0001465569072028429,0.0,4.976034289737893e-6,0.0,0.0,0.0,0.0,0.0,0.0,0.0,0.0,0.0,0.0,0.0,0.0,0.0,0.0,0.0,0.0,0.0,0.0,0.0,0.0,0.0,0.0,0.0,0.0,0.0,0.0,0.0,0.0,0.0,0.0,0.0,0.0,0.0,0.0,0.0,0.0,0.0,0.0,0.0,0.0,0.0,0.0,0.0,0.0,0.0,0.007514304829108687
t164,0.0,0.0,0.000365529515475708,6.672182718535964e-5,0.0001733648889365423,6.819340259182902e-5,0.0002825592377077984,0.0019932141067918884,3.028117361815379e-6,3.6090003435532893e-6,0.0,0.0,0.0,0.0,0.0,0.0002611170723106965,7.790174446805683e-5,0.0004938033839393167,0.0011853723173774267,0.00042397689497805966,2.950436033149314e-6,3.1477211651141703e-6,0.0,0.0,0.0,0.0,0.0,5.104909116361795e-5,0.00014483470954947732,3.3063833595827136e-5,5.8801129297505226e-5,0.00020451496086670417,0.001168496136291704,2.4225429587592476e-6,1.9868257149788157e-6,0.0,0.0,6.461835508804771e-5,6.162111253421274e-5,0.00015575325781539895,0.0,4.287848990986122e-6,8.625657271380613e-5,8.67046954535863e-5,0.00018247539718225172,0.0,6.6877964816792145e-6,7.652350772059381e-5,7.442023804457328e-5,0.00016030950188133345,0.0,5.264129477404674e-6,0.0,0.0,0.0,0.0,0.0,0.0,0.0,0.0,0.0,0.0,0.0,0.0,0.0,0.0,0.0,0.0,0.0,0.0,0.0,0.0,0.0,0.0,0.0,0.0,0.0,0.0,0.0,0.0,0.0,0.0,0.0,0.0,0.0,0.0,0.0,0.0,0.0,0.0,0.0,0.0,0.0,0.0,0.0,0.0,0.0,0.008034581309488763
t165,0.0,0.0,0.00039846771796275067,7.616980902939905e-5,0.00018199466038525738,7.639440389803916e-5,0.00029780199106168616,0.0021059186076455966,3.233206910420444e-6,3.856284769507636e-6,0.0,0.0,0.0,0.0,0.0,0.0002993085902659873,9.064227229890012e-5,0.0005207137248714029,0.0012679035671413767,0.000456048991123206,3.1922254297860194e-6,3.402893462646219e-6,0.0,0.0,0.0,0.0,0.0,5.541807937256872e-5,0.00015754278559020751,3.539363655486464e-5,6.409924019386351e-5,0.0002172766325479698,0.0012520021476761856,2.5556091079610756e-6,2.086321554815086e-6,0.0,0.0,6.64569288964719e-5,6.800551186957674e-5,0.0001526166134544258,0.0,4.437769909071139e-6,8.937976340024804e-5,9.389360600958948e-5,0.0001807358058708476,0.0,6.993285094534392e-6,7.975400976322716e-5,7.962715508057428e-5,0.00016172186493792557,0.0,5.599207738110035e-6,0.0,0.0,0.0,0.0,0.0,0.0,0.0,0.0,0.0,0.0,0.0,0.0,0.0,0.0,0.0,0.0,0.0,0.0,0.0,0.0,0.0,0.0,0.0,0.0,0.0,0.0,0.0,0.0,0.0,0.0,0.0,0.0,0.0,0.0,0.0,0.0,0.0,0.0,0.0,0.0,0.0,0.0,0.0,0.0,0.0,0.008560644920879
t166,0.0,0.0,0.00044157787142909925,8.664937308840582e-5,0.00019127877618081273,8.669470263917684e-5,0.00031269081619408044,0.0022320780023546965,3.471351389038521e-6,4.1452832513350924e-6,0.0,0.0,0.0,0.0,0.0,0.0003444115671353457,0.00010711407690171714,0.0005454441538688855,0.0013584365037421938,0.0004928365219777909,3.4790661395253798e-6,3.706254844034349e-6,0.0,0.0,0.0,0.0,0.0,6.123645769393106e-5,0.00017349608927611383,3.926849218895259e-5,7.169925470784919e-5,0.00023423673661822965,0.001337866490227623,2.7434526940929104e-6,2.2291534028036436e-6,0.0,0.0,6.971317230655154e-5,7.098739409516525e-5,0.00016414898611716885,0.0,4.648203088202211e-6,9.232998468074074e-5,0.00010201294677777671,0.00019517506176690871,0.0,7.340429336421711e-6,8.254144264256646e-5,8.512443540600455e-5,0.0001771820735449609,0.0,5.9878472889009e-6,0.0,0.0,0.0,0.0,0.0,0.0,0.0,0.0,0.0,0.0,0.0,0.0,0.0,0.0,0.0,0.0,0.0,0.0,0.0,0.0,0.0,0.0,0.0,0.0,0.0,0.0,0.0,0.0,0.0,0.0,0.0,0.0,0.0,0.0,0.0,0.0,0.0,0.0,0.0,0.0,0.0,0.0,0.0,0.0,0.0,0.009193982424997103
t167,0.0,0.0,0.0004949559990169306,9.97749681835008e-5,0.00020160938217465035,9.991693043665745e-5,0.00032882315469373965,0.002377717307900459,3.7543951347781496e-6,4.49066475158809e-6,0.0,0.0,0.0,0.0,0.0,0.0003965063544252531,0.0001268524869715319,0.0005670019833664057,0.0014635330940807256,0.0005373473844851658,3.825644393308455e-6,4.072846097344622e-6,0.0,0.0,0.0,0.0,0.0,6.661640322733729e-5,0.00019169105912301374,4.31426809733512e-5,7.934514888494783e-5,0.00025267664182592863,0.0014318350450350068,2.8683581356785206e-6,2.318169750854969e-6,0.0,0.0,6.921108764636786e-5,7.109607608805561e-5,0.00017716890875297937,0.0,4.7623950154167e-6,9.552756099419415e-5,0.00011168511244489935,0.00021135398337816878,0.0,7.743995341323932e-6,8.530702029035916e-5,9.256216689876538e-5,0.00019497680279837422,0.0,6.44106088467956e-6,0.0,0.0,0.0,0.0,0.0,0.0,0.0,0.0,0.0,0.0,0.0,0.0,0.0,0.0,0.0,0.0,0.0,0.0,0.0,0.0,0.0,0.0,0.0,0.0,0.0,0.0,0.0,0.0,0.0,0.0,0.0,0.0,0.0,0.0,0.0,0.0,0.0,0.0,0.0,0.0,0.0,0.0,0.0,0.0,0.0,0.009908512273601741
t168,0.0,0.0,0.0005658877876560687,0.00011772487223351285,0.00021341882632424673,0.00011800042079762581,0.00034774621355973713,0.0025489239543503676,4.103579611024024e-6,4.919886000795832e-6,0.0,0.0,0.0,0.0,0.0,0.00046173343570831283,0.0001538282232196121,0.000586553329268919,0.001591496912339319,0.0005939497983063226,4.260549275350796e-6,4.534895641127946e-6,0.0,0.0,0.0,0.0,0.0,7.436377608165012e-5,0.00021373690466188055,4.865562194456327e-5,8.903797172388862e-5,0.0002746076240038273,0.0015371342143801448,3.066222139407868e-6,2.4617585889554252e-6,0.0,0.0,7.153759300496753e-5,7.270481243245393e-5,0.00017663163513002947,0.0,4.969778856382994e-6,9.952456019158625e-5,0.00012385270305120314,0.00021273705171420674,0.0,8.232633096550404e-6,8.783390039809285e-5,0.0001034130457469148,0.00019972472655449528,0.0,7.0040589401558576e-6,0.0,0.0,0.0,0.0,0.0,0.0,0.0,0.0,0.0,0.0,0.0,0.0,0.0,0.0,0.0,0.0,0.0,0.0,0.0,0.0,0.0,0.0,0.0,0.0,0.0,0.0,0.0,0.0,0.0,0.0,0.0,0.0,0.0,0.0,0.0,0.0,0.0,0.0,0.0,0.0,0.0,0.0,0.0,0.0,0.0,0.010728313276933701
