Resource,MIDAT_conventional_hydroelectric_1,MIDAT_hydroelectric_pumped_storage_1,MIDAT_natural_gas_fired_combined_cycle_1,MIDAT_natural_gas_fired_combined_cycle_2,MIDAT_natural_gas_fired_combined_cycle_3,MIDAT_natural_gas_fired_combined_cycle_4,MIDAT_natural_gas_fired_combustion_turbine_1,MIDAT_natural_gas_fired_combustion_turbine_2,MIDAT_nuclear_1,MIDAT_nuclear_2,MIDAT_onshore_wind_turbine_1,MIDAT_small_hydroelectric_1,MIDAT_solar_photovoltaic_1,NE_conventional_hydroelectric_1,NE_hydroelectric_pumped_storage_1,NE_natural_gas_fired_combined_cycle_1,NE_natural_gas_fired_combined_cycle_2,NE_natural_gas_fired_combined_cycle_3,NE_natural_gas_fired_combustion_turbine_1,NE_natural_gas_fired_combustion_turbine_2,NE_nuclear_1,NE_nuclear_2,NE_onshore_wind_turbine_1,NE_small_hydroelectric_1,NE_solar_photovoltaic_1,SE_conventional_hydroelectric_1,SE_hydroelectric_pumped_storage_1,SE_natural_gas_fired_combined_cycle_1,SE_natural_gas_fired_combined_cycle_2,SE_natural_gas_fired_combined_cycle_3,SE_natural_gas_fired_combined_cycle_4,SE_natural_gas_fired_combustion_turbine_1,SE_natural_gas_fired_combustion_turbine_2,SE_nuclear_1,SE_nuclear_2,SE_small_hydroelectric_1,SE_solar_photovoltaic_1,SE_naturalgas_ccccsavgcf_conservative_0,SE_naturalgas_ccavgcf_moderate_0,SE_naturalgas_ctavgcf_moderate_0,SE_battery_moderate_0,SE_nuclear_mid_0,MIDAT_naturalgas_ccccsavgcf_conservative_0,MIDAT_naturalgas_ccavgcf_moderate_0,MIDAT_naturalgas_ctavgcf_moderate_0,MIDAT_battery_moderate_0,MIDAT_nuclear_mid_0,NE_naturalgas_ccccsavgcf_conservative_0,NE_naturalgas_ccavgcf_moderate_0,NE_naturalgas_ctavgcf_moderate_0,NE_battery_moderate_0,NE_nuclear_mid_0,NE_offshorewind_class10_moderate_floating_1_1,SE_utilitypv_class1_moderate_70_0_2_1,SE_utilitypv_class1_moderate_70_0_2_2,SE_utilitypv_class1_moderate_70_0_2_3,SE_utilitypv_class1_moderate_70_0_2_4,SE_utilitypv_class1_moderate_70_0_2_5,SE_utilitypv_class1_moderate_70_0_2_6,SE_utilitypv_class1_moderate_70_0_2_7,SE_utilitypv_class1_moderate_70_0_2_8,MIDAT_utilitypv_class1_moderate_70_0_2_1,MIDAT_utilitypv_class1_moderate_70_0_2_2,MIDAT_utilitypv_class1_moderate_70_0_2_3,MIDAT_utilitypv_class1_moderate_70_0_2_4,MIDAT_utilitypv_class1_moderate_70_0_2_5,MIDAT_utilitypv_class1_moderate_70_0_2_6,MIDAT_utilitypv_class1_moderate_70_0_2_7,NE_utilitypv_class1_moderate_70_0_2_1,NE_utilitypv_class1_moderate_70_0_2_2,NE_utilitypv_class1_moderate_70_0_2_3,NE_utilitypv_class1_moderate_70_0_2_4,NE_utilitypv_class1_moderate_70_0_2_5,NE_utilitypv_class1_moderate_70_0_2_6,NE_utilitypv_class1_moderate_70_0_2_7,SE_landbasedwind_class4_moderate_70_1,SE_landbasedwind_class4_moderate_70_2,SE_landbasedwind_class4_moderate_70_3,SE_landbasedwind_class4_moderate_70_4,SE_landbasedwind_class4_moderate_70_5,SE_landbasedwind_class4_moderate_70_6,SE_landbasedwind_class4_moderate_70_7,SE_landbasedwind_class4_moderate_70_8,MIDAT_landbasedwind_class4_moderate_70_1,MIDAT_landbasedwind_class4_moderate_70_2,MIDAT_landbasedwind_class4_moderate_70_3,MIDAT_landbasedwind_class4_moderate_70_4,MIDAT_landbasedwind_class4_moderate_70_5,MIDAT_landbasedwind_class4_moderate_70_6,MIDAT_landbasedwind_class4_moderate_70_7,NE_landbasedwind_class4_moderate_70_1,NE_landbasedwind_class4_moderate_70_2,NE_landbasedwind_class4_moderate_70_3,NE_landbasedwind_class4_moderate_70_4,NE_landbasedwind_class4_moderate_70_5,NE_landbasedwind_class4_moderate_70_6,NE_landbasedwind_class4_moderate_70_7,Total
Zone,2,2,2,2,2,2,2,2,2,2,2,2,2,3,3,3,3,3,3,3,3,3,3,3,3,1,1,1,1,1,1,1,1,1,1,1,1,1,1,1,1,1,2,2,2,2,2,3,3,3,3,3,3,1,1,1,1,1,1,1,1,2,2,2,2,2,2,2,3,3,3,3,3,3,3,1,1,1,1,1,1,1,1,2,2,2,2,2,2,2,3,3,3,3,3,3,3,0
AnnualSum,0.0,0.0,1672.094448149572,5631.731479764592,9.38968295863489,2553.3219132209742,2135.9193897477858,2466.530706981931,0.019948428912817916,0.024034977584327915,0.0,0.0,0.0,0.0,0.0,5005.370456599806,3493.8375898881136,4.583636836908893,29.43788195191693,1515.7656372141355,0.020940504292459097,0.022322763396634374,0.0,0.0,0.0,0.0,0.0,6623.282881377078,4292.211639979912,10554.782273566692,0.8932105932556429,2.6044379216689357,15.036916760878581,0.029116696715015225,0.023707303872741066,0.0,0.0,0.9837893373232706,2.0286727010229955,1.7217891497500286,0.0,0.04766252813880796,0.8496241342722738,11712.597017849124,1.793294674583535,0.0,0.046004945740332585,0.7673173285069308,2.019201237800882,1.6798377013096915,0.0,0.03634727043579125,0.0,0.0,0.0,0.0,0.0,0.0,0.0,0.0,0.0,0.0,0.0,0.0,0.0,0.0,0.0,0.0,0.0,0.0,0.0,0.0,0.0,0.0,0.0,0.0,0.0,0.0,0.0,0.0,0.0,0.0,0.0,0.0,0.0,0.0,0.0,0.0,0.0,0.0,0.0,0.0,0.0,0.0,0.0,0.0,0.0,57731.50481304664
t1,0.0,0.0,0.0003225672778159873,6.711673322455517e-5,0.00013682610667756546,6.818120161410742e-5,0.0002605665112891437,0.0017114016765963302,1.299766035447201e-6,1.5799861915165917e-6,0.0,0.0,0.0,0.0,0.0,0.0002619769326634387,8.336542530067979e-5,0.0004672100654043092,0.0011243016843884147,0.00038992665848139974,1.4738452802026267e-6,1.5770946097567781e-6,0.0,0.0,0.0,0.0,0.0,6.954622844815146e-5,0.0002090564494288547,4.914830353828968e-5,8.701032799679259e-5,0.00023768491537908739,0.0013180173952146597,1.7481328463598916e-6,1.47816706194837e-6,0.0,0.0,6.992502302330558e-5,7.058722650046746e-5,0.00016469358010143232,0.0,3.724205273429691e-6,8.448046700279461e-5,9.901192551639602e-5,0.000141915659041873,0.0,3.7952636968207134e-6,7.86170208796094e-5,7.698016291072506e-5,0.00014306856115711033,0.0,2.9577700156695317e-6,0.0,0.0,0.0,0.0,0.0,0.0,0.0,0.0,0.0,0.0,0.0,0.0,0.0,0.0,0.0,0.0,0.0,0.0,0.0,0.0,0.0,0.0,0.0,0.0,0.0,0.0,0.0,0.0,0.0,0.0,0.0,0.0,0.0,0.0,0.0,0.0,0.0,0.0,0.0,0.0,0.0,0.0,0.0,0.0,0.0,0.007812817750606632
t2,0.0,0.0,0.0002872518537676595,5.873742828772242e-5,0.00012872258604232164,5.908997473350271e-5,0.00024731758880369465,0.0016226182010128287,1.2850132641392093e-6,1.556360748208031e-6,0.0,0.0,0.0,0.0,0.0,0.00022411245384985613,7.054945936658704e-5,0.000431846764580131,0.0010538375665585676,0.0003649449564812463,1.4405185693944327e-6,1.5452683747494703e-6,0.0,0.0,0.0,0.0,0.0,6.359977146019112e-5,0.00018847900881425341,4.444104758456171e-5,7.718576015479054e-5,0.0002202757464780237,0.0012303274016939685,1.7193504056553754e-6,1.4523780057746913e-6,0.0,0.0,6.9331848529884e-5,6.934577639543418e-5,0.00015906526952736604,0.0,3.6624006766418047e-6,8.204613046455049e-5,9.39040876071441e-5,0.00013757123206447765,0.0,3.7361516101460983e-6,7.346376998736082e-5,7.134543733559046e-5,0.0001362434376334368,0.0,3.001824963330841e-6,0.0,0.0,0.0,0.0,0.0,0.0,0.0,0.0,0.0,0.0,0.0,0.0,0.0,0.0,0.0,0.0,0.0,0.0,0.0,0.0,0.0,0.0,0.0,0.0,0.0,0.0,0.0,0.0,0.0,0.0,0.0,0.0,0.0,0.0,0.0,0.0,0.0,0.0,0.0,0.0,0.0,0.0,0.0,0.0,0.0,0.007285053825833191
t3,0.0,0.0,0.0002572720007837666,5.1796296246038595e-5,0.0001206619229459236,5.170601470110127e-5,0.00023221943419966017,0.0015280474377825973,1.2614954276196297e-6,1.5283399848068163e-6,0.0,0.0,0.0,0.0,0.0,0.0001936245936190009,6.079035059924966e-5,0.0003963876647362804,0.0009802453013825567,0.0003404965842475492,1.3992756010837527e-6,1.5023012300904987e-6,0.0,0.0,0.0,0.0,0.0,5.7747833440699506e-5,0.00016993949941647505,3.986328019057426e-5,6.823801973203411e-5,0.0002042922823016185,0.0011470024214413274,1.6843252024576e-6,1.415541766664183e-6,0.0,0.0,6.761979716214473e-5,6.767510011646955e-5,0.00015773400241787024,0.0,3.6153141973311455e-6,7.6150044221068e-5,8.491893387191322e-5,0.00013684903853539683,0.0,3.678506797228411e-6,6.810322697790874e-5,6.516790445690598e-5,0.0001334260224787748,0.0,2.922677825548357e-6,0.0,0.0,0.0,0.0,0.0,0.0,0.0,0.0,0.0,0.0,0.0,0.0,0.0,0.0,0.0,0.0,0.0,0.0,0.0,0.0,0.0,0.0,0.0,0.0,0.0,0.0,0.0,0.0,0.0,0.0,0.0,0.0,0.0,0.0,0.0,0.0,0.0,0.0,0.0,0.0,0.0,0.0,0.0,0.0,0.0,0.006776982786037736
t4,0.0,0.0,0.00023169134394101514,4.60856054492898e-5,0.00011280653168202395,4.574023505621395e-5,0.00021549249540977466,0.0014338137972541903,1.2355255802455982e-6,1.498930606620022e-6,0.0,0.0,0.0,0.0,0.0,0.0001685731820414737,5.317693509957959e-5,0.00036090231243366945,0.0009025951752616459,0.00031368615489701555,1.3578758929326677e-6,1.4579292490356348e-6,0.0,0.0,0.0,0.0,0.0,5.2574652744970104e-5,0.00015392593340818214,3.59645934189007e-5,6.050553597449952e-5,0.0001897130880552626,0.0010741576752686121,1.6459984780561591e-6,1.373224106909716e-6,0.0,0.0,6.509619433831745e-5,6.504895232617264e-5,0.00014246231495848919,0.0,3.5479641932009473e-6,6.919837759314761e-5,7.59422829156049e-5,0.00012302790861158124,0.0,3.600849163726608e-6,6.17522274168604e-5,5.873760889231123e-5,0.0001178422030571941,0.0,2.8602968291683425e-6,0.0,0.0,0.0,0.0,0.0,0.0,0.0,0.0,0.0,0.0,0.0,0.0,0.0,0.0,0.0,0.0,0.0,0.0,0.0,0.0,0.0,0.0,0.0,0.0,0.0,0.0,0.0,0.0,0.0,0.0,0.0,0.0,0.0,0.0,0.0,0.0,0.0,0.0,0.0,0.0,0.0,0.0,0.0,0.0,0.0,0.006249091911605894
t5,0.0,0.0,0.00020908309183666253,4.1290394040514335e-5,0.00010510805736481892,4.0837350778066284e-5,0.000196234230484063,0.0013325895579526425,1.2088863625365294e-6,1.4685280674175145e-6,0.0,0.0,0.0,0.0,0.0,0.00014240027416746837,4.665485488471642e-5,0.0003244993465230785,0.0007966058507206368,0.0002766811055859579,1.3199496807443665e-6,1.417743250773908e-6,0.0,0.0,0.0,0.0,0.0,4.801457668713833e-5,0.00013989256752036346,3.267067838408787e-5,5.399832209993083e-5,0.00017607969353043235,0.0010051398476609282,1.6247074832049477e-6,1.3503463630535625e-6,0.0,0.0,6.175464598271586e-5,6.142247130022656e-5,0.0001353199420824104,0.0,3.4951970296324936e-6,6.181030380424964e-5,6.754569389154241e-5,0.00011684891472651905,0.0,3.5187535410474254e-6,5.394709916289657e-5,5.15487058808211e-5,0.00010873811703822693,0.0,2.8170199554057317e-6,0.0,0.0,0.0,0.0,0.0,0.0,0.0,0.0,0.0,0.0,0.0,0.0,0.0,0.0,0.0,0.0,0.0,0.0,0.0,0.0,0.0,0.0,0.0,0.0,0.0,0.0,0.0,0.0,0.0,0.0,0.0,0.0,0.0,0.0,0.0,0.0,0.0,0.0,0.0,0.0,0.0,0.0,0.0,0.0,0.0,0.005704936825824932
t6,0.0,0.0,0.00018470679003760001,3.712632655204153e-5,9.733132303433047e-5,3.670541443028997e-5,0.0001717791719109541,0.0012024260277994484,1.1852138547434992e-6,1.4435186539171351e-6,0.0,0.0,0.0,0.0,0.0,0.00015712393696857841,5.126427649701892e-5,0.0003449284237526304,0.0009012948254897244,0.00031111866273090627,1.3508507981264496e-6,1.450850573457965e-6,0.0,0.0,0.0,0.0,0.0,4.3854143154899404e-5,0.00012725612766575198,2.9731589116477037e-5,4.8335182971977566e-5,0.00016279918563396118,0.0009389651694494081,1.5949188954660922e-6,1.3212567327493441e-6,0.0,0.0,5.760312921740781e-5,5.654259208703719e-5,0.00013209985045830347,0.0,3.4225198377539204e-6,5.4131923871810984e-5,5.935700800083031e-5,0.00011352075608620245,0.0,3.4658162886312912e-6,6.0612139725039476e-5,6.230224818742596e-5,0.00012438028104276453,0.0,2.887829187394356e-6,0.0,0.0,0.0,0.0,0.0,0.0,0.0,0.0,0.0,0.0,0.0,0.0,0.0,0.0,0.0,0.0,0.0,0.0,0.0,0.0,0.0,0.0,0.0,0.0,0.0,0.0,0.0,0.0,0.0,0.0,0.0,0.0,0.0,0.0,0.0,0.0,0.0,0.0,0.0,0.0,0.0,0.0,0.0,0.0,0.0,0.00558541928069506
t7,0.0,0.0,0.0002040688786766525,4.066714221464188e-5,0.00010385038886100666,4.005042365165888e-5,0.00019435502804724333,0.0013430742508545555,1.2114999495723286e-6,1.47779120574916e-6,0.0,0.0,0.0,0.0,0.0,0.00016939319822089526,5.4973736296013163e-5,0.0003606393862249053,0.0009859455447685976,0.00034048685331650126,1.382124099441179e-6,1.4845361581148098e-6,0.0,0.0,0.0,0.0,0.0,3.899726259525292e-5,0.00011150238579915833,2.5486889058564435e-5,4.2294070840126746e-5,0.00014535801119238824,0.0008651178277614867,1.5538801145240639e-6,1.2907432172741915e-6,0.0,0.0,5.1656465147524896e-5,4.9319330635254784e-5,0.00011330967937941282,0.0,3.345507979518244e-6,6.113822704048691e-5,7.030058335293075e-5,0.00011707618745743224,0.0,3.5214032612149957e-6,6.625645537093505e-5,7.352346903653325e-5,0.00012701516115497583,0.0,2.9603854791410467e-6,0.0,0.0,0.0,0.0,0.0,0.0,0.0,0.0,0.0,0.0,0.0,0.0,0.0,0.0,0.0,0.0,0.0,0.0,0.0,0.0,0.0,0.0,0.0,0.0,0.0,0.0,0.0,0.0,0.0,0.0,0.0,0.0,0.0,0.0,0.0,0.0,0.0,0.0,0.0,0.0,0.0,0.0,0.0,0.0,0.0,0.0058140847084196855
t8,0.0,0.0,0.0002211499659246193,4.382665875357447e-5,0.00010899801870988514,4.289809207321177e-5,0.00021417228045009023,0.001460614376056051,1.2397470727633017e-6,1.5140098823151472e-6,0.0,0.0,0.0,0.0,0.0,0.0001799475966965494,5.8320873150416414e-5,0.0003723364321544672,0.0010558880054473139,0.0003658787071883632,1.4149777352698247e-6,1.5197264903250281e-6,0.0,0.0,0.0,0.0,0.0,4.378454800927551e-5,0.0001247224210512263,2.8733807039663326e-5,4.594204577869284e-5,0.00015938007386734446,0.000929014623359618,1.5729897855944207e-6,1.3047558858970652e-6,0.0,0.0,6.003217489278185e-5,5.921656306708645e-5,0.00012299149680344287,0.0,3.374621970076598e-6,6.750631445336756e-5,8.116761775461114e-5,0.00012673234035428092,0.0,3.582467620504013e-6,7.125246171621005e-5,8.545813083863061e-5,0.00013658080328216585,0.0,3.0408049138691618e-6,0.0,0.0,0.0,0.0,0.0,0.0,0.0,0.0,0.0,0.0,0.0,0.0,0.0,0.0,0.0,0.0,0.0,0.0,0.0,0.0,0.0,0.0,0.0,0.0,0.0,0.0,0.0,0.0,0.0,0.0,0.0,0.0,0.0,0.0,0.0,0.0,0.0,0.0,0.0,0.0,0.0,0.0,0.0,0.0,0.0,0.006285110530229554
t9,0.0,0.0,0.0002368873305779894,4.682930846176829e-5,0.00011384766104837288,4.54911070141141e-5,0.0002303204494765149,0.0015627074952342713,1.268992984844471e-6,1.5507365666670125e-6,0.0,0.0,0.0,0.0,0.0,0.0001887198068925082,6.12898889181176e-5,0.0003806619121258875,0.0011126617160437445,0.00038755631156782937,1.4496895652897077e-6,1.5565469665801027e-6,0.0,0.0,0.0,0.0,0.0,4.8309274512302885e-5,0.00013853360793437006,3.211989118898926e-5,4.923301469328203e-5,0.0001724573203301683,0.0009826632858832456,1.5741792680283577e-6,1.301802498664002e-6,0.0,0.0,6.909934478269772e-5,7.135289211397337e-5,0.00013578580273262666,0.0,3.377075412201314e-6,7.301762729638217e-5,9.224486849173548e-5,0.00014035918048375823,0.0,3.6465639332070185e-6,7.537362471675734e-5,9.670475465421617e-5,0.00015019161096681887,0.0,3.1252236259078124e-6,0.0,0.0,0.0,0.0,0.0,0.0,0.0,0.0,0.0,0.0,0.0,0.0,0.0,0.0,0.0,0.0,0.0,0.0,0.0,0.0,0.0,0.0,0.0,0.0,0.0,0.0,0.0,0.0,0.0,0.0,0.0,0.0,0.0,0.0,0.0,0.0,0.0,0.0,0.0,0.0,0.0,0.0,0.0,0.0,0.0,0.006713269898963832
t10,0.0,0.0,0.00025096803468255415,4.963896044474723e-5,0.00011823589297355688,4.7803534974125244e-5,0.00024257078583521423,0.001649898110235079,1.2996486902023613e-6,1.5883851706530288e-6,0.0,0.0,0.0,0.0,0.0,0.00019570254406099758,6.383488623004702e-5,0.0003863698994688701,0.0011571714396178647,0.0004056409822265294,1.4859432734124887e-6,1.5949766214939843e-6,0.0,0.0,0.0,0.0,0.0,5.30183330770057e-5,0.00015314253688436855,3.577263328948503e-5,5.215916994909516e-5,0.00018484813559319335,0.0010328408245734704,1.5779907989285118e-6,1.3018764076427886e-6,0.0,0.0,7.881003752986101e-5,8.646718955393017e-5,0.00013517008630468898,0.0,3.3826142784681063e-6,7.736978888680913e-5,0.00010229131819749387,0.00013998097811001177,0.0,3.715025684739873e-6,7.785926109792471e-5,0.00010123644687849142,0.00014833804976897697,0.0,3.210330246171982e-6,0.0,0.0,0.0,0.0,0.0,0.0,0.0,0.0,0.0,0.0,0.0,0.0,0.0,0.0,0.0,0.0,0.0,0.0,0.0,0.0,0.0,0.0,0.0,0.0,0.0,0.0,0.0,0.0,0.0,0.0,0.0,0.0,0.0,0.0,0.0,0.0,0.0,0.0,0.0,0.0,0.0,0.0,0.0,0.0,0.0,0.007046296651616105
t11,0.0,0.0,0.0002629915913743846,5.221504970581517e-5,0.0001220753199765013,4.9831446380336954e-5,0.0002513366252515585,0.0017217640802487096,1.3318897373589131e-6,1.627790985412115e-6,0.0,0.0,0.0,0.0,0.0,0.00020112827847166157,6.598683842254735e-5,0.0003901926309899123,0.0011910593702227801,0.00042040873508370847,1.5241237308443606e-6,1.6355096373512853e-6,0.0,0.0,0.0,0.0,0.0,5.785763831032011e-5,0.00016815542713249443,3.960360080447079e-5,5.4653839175087824e-5,0.00019633179792060212,0.0010809150001841994,1.5886259052841188e-6,1.3092157353315047e-6,0.0,0.0,8.811979962202036e-5,0.00010282835962821123,0.00014214388302238566,0.0,3.400938318952252e-6,8.012005396830255e-5,0.00010717483702992619,0.000147908387663777,0.0,3.789769651186859e-6,7.977151352232681e-5,0.0001047676474748406,0.0001556729742468347,0.0,3.2978668621962995e-6,0.0,0.0,0.0,0.0,0.0,0.0,0.0,0.0,0.0,0.0,0.0,0.0,0.0,0.0,0.0,0.0,0.0,0.0,0.0,0.0,0.0,0.0,0.0,0.0,0.0,0.0,0.0,0.0,0.0,0.0,0.0,0.0,0.0,0.0,0.0,0.0,0.0,0.0,0.0,0.0,0.0,0.0,0.0,0.0,0.0,0.007354520456397634
t12,0.0,0.0,0.00027248996768794166,5.443686358323144e-5,0.00012533839187895245,5.155842761129333e-5,0.0002573471606103659,0.0017791178865830264,1.3657593933848713e-6,1.668966697499226e-6,0.0,0.0,0.0,0.0,0.0,0.00020524533339909192,6.777015764745615e-5,0.0003927054376364334,0.0012163947149650069,0.0004323172088143402,1.5641690067793489e-6,1.6779840121376457e-6,0.0,0.0,0.0,0.0,0.0,6.353287128581037e-5,0.0001844381134397596,4.4141469242005003e-5,5.761089751444009e-5,0.00020685804659067468,0.0011267815985867493,1.5999025454215583e-6,1.3175986943068993e-6,0.0,0.0,9.416055961357365e-5,0.00010825162695532653,0.0001537903860673009,0.0,3.4234166024474206e-6,8.19628065871432e-5,0.00011105466748639126,0.00016004249438020192,0.0,3.869785458418204e-6,8.107869793037658e-5,0.00010748241741636414,0.00016715331609234516,0.0,3.3856657742607267e-6,0.0,0.0,0.0,0.0,0.0,0.0,0.0,0.0,0.0,0.0,0.0,0.0,0.0,0.0,0.0,0.0,0.0,0.0,0.0,0.0,0.0,0.0,0.0,0.0,0.0,0.0,0.0,0.0,0.0,0.0,0.0,0.0,0.0,0.0,0.0,0.0,0.0,0.0,0.0,0.0,0.0,0.0,0.0,0.0,0.0,0.007622934767790258
t13,0.0,0.0,0.0002791461436326839,5.603961726265111e-5,0.00012801255750494024,5.29759562976221e-5,0.0002613418632519882,0.0018236050687686438,1.4013589108439676e-6,1.7123270542260307e-6,0.0,0.0,0.0,0.0,0.0,0.00020836999414832881,6.921882498255882e-5,0.0003943375951157469,0.0012349527753447486,0.00044173264467811977,1.6061230579959924e-6,1.7224172807550642e-6,0.0,0.0,0.0,0.0,0.0,6.838335260742511e-5,0.0001994132030827295,4.810358230856396e-5,6.0307942446474875e-5,0.0002164270502792859,0.0011709719733427062,1.6113525034771196e-6,1.326888154646361e-6,0.0,0.0,9.874839458719984e-5,0.00011333251930436767,0.00015057223629441117,0.0,3.4514885729856105e-6,8.320019002562625e-5,0.00011408345716943737,0.0001558809383566383,0.0,3.952850412533799e-6,8.177209274696941e-5,0.00010954171157885152,0.0001613418355735693,0.0,3.4711607708655767e-6,0.0,0.0,0.0,0.0,0.0,0.0,0.0,0.0,0.0,0.0,0.0,0.0,0.0,0.0,0.0,0.0,0.0,0.0,0.0,0.0,0.0,0.0,0.0,0.0,0.0,0.0,0.0,0.0,0.0,0.0,0.0,0.0,0.0,0.0,0.0,0.0,0.0,0.0,0.0,0.0,0.0,0.0,0.0,0.0,0.0,0.007802069487410618
t14,0.0,0.0,0.0002840014684866657,5.739683862871597e-5,0.00013021015194815977,5.4154096517724406e-5,0.00026396211626921937,0.001857181227645714,1.4388750366938769e-6,1.7589454356576791e-6,0.0,0.0,0.0,0.0,0.0,0.00021060184754827382,7.034525007393743e-5,0.00039539838591699024,0.001247590584733504,0.00044867416359089824,1.6499550931255912e-6,1.7688081613883802e-6,0.0,0.0,0.0,0.0,0.0,7.05558714564702e-5,0.0002086447691112705,5.007043251167412e-5,6.204949556934007e-5,0.00022504555538255155,0.0012131611903158346,1.6228489799363683e-6,1.3365980628513395e-6,0.0,0.0,0.00010353095764514751,0.0001188372195246455,0.0001564022646054627,0.0,3.482014683286587e-6,8.40248737261992e-5,0.0001164209812037546,0.00016172990591293023,0.0,4.041474570545345e-6,8.238643931399666e-5,0.000111003517400059,0.00016648555770323512,0.0,3.556620977253162e-6,0.0,0.0,0.0,0.0,0.0,0.0,0.0,0.0,0.0,0.0,0.0,0.0,0.0,0.0,0.0,0.0,0.0,0.0,0.0,0.0,0.0,0.0,0.0,0.0,0.0,0.0,0.0,0.0,0.0,0.0,0.0,0.0,0.0,0.0,0.0,0.0,0.0,0.0,0.0,0.0,0.0,0.0,0.0,0.0,0.0,0.007970521303743114
t15,0.0,0.0,0.00028762063488787777,5.853099998561893e-5,0.00013199396804358494,5.5120862799395515e-5,0.0002656920756021932,0.0018821890157363851,1.4782188118971007e-6,1.8082706129205984e-6,0.0,0.0,0.0,0.0,0.0,0.0002122836211441566,7.122517430512781e-5,0.0003960862835908168,0.0012567425168062971,0.0004541047480345628,1.696166706248752e-6,1.8177585513897322e-6,0.0,0.0,0.0,0.0,0.0,7.318419678923466e-5,0.00021831235963207306,5.241359170992525e-5,6.399778396065376e-5,0.00023317006105276082,0.0012538971572772434,1.6348520793331278e-6,1.347025548023759e-6,0.0,0.0,0.00010733317356960446,0.00012415935045073805,0.00016749785207341734,0.0,3.5132561971231405e-6,8.456341964925595e-5,0.00011817887051554689,0.00017205932217704103,0.0,4.133927321718007e-6,8.272529070459144e-5,0.00011203716962118226,0.00017604783482321338,0.0,3.6409791928238897e-6,0.0,0.0,0.0,0.0,0.0,0.0,0.0,0.0,0.0,0.0,0.0,0.0,0.0,0.0,0.0,0.0,0.0,0.0,0.0,0.0,0.0,0.0,0.0,0.0,0.0,0.0,0.0,0.0,0.0,0.0,0.0,0.0,0.0,0.0,0.0,0.0,0.0,0.0,0.0,0.0,0.0,0.0,0.0,0.0,0.0,0.008132237789963977
t16,0.0,0.0,0.0002903254355502178,5.94483275418778e-5,0.00013342511215258925,5.588599801556825e-5,0.0002668289162095336,0.0019005921061879614,1.5196431305289983e-6,1.8604203201341955e-6,0.0,0.0,0.0,0.0,0.0,0.00021381477023966545,7.198894647183438e-5,0.00039652387879266394,0.001264527374035386,0.0004589077379362513,1.7445060928357662e-6,1.8687583267241855e-6,0.0,0.0,0.0,0.0,0.0,7.597351651923614e-5,0.00022839031332430774,5.495659619592903e-5,6.607932399723788e-5,0.00024111768275104085,0.001293694519118816,1.651076433079342e-6,1.3618917655293517e-6,0.0,0.0,0.00011020993863865702,0.00012890010221814916,0.00016239086635937622,0.0,3.5484033952779877e-6,8.491892980536928e-5,0.00011948941258455774,0.00016493432847885102,0.0,4.230619885910434e-6,8.28395932278314e-5,0.00011297813095793062,0.0001677682850150165,0.0,3.72416279290703e-6,0.0,0.0,0.0,0.0,0.0,0.0,0.0,0.0,0.0,0.0,0.0,0.0,0.0,0.0,0.0,0.0,0.0,0.0,0.0,0.0,0.0,0.0,0.0,0.0,0.0,0.0,0.0,0.0,0.0,0.0,0.0,0.0,0.0,0.0,0.0,0.0,0.0,0.0,0.0,0.0,0.0,0.0,0.0,0.0,0.0,0.008228419624468783
t17,0.0,0.0,0.00029240585106951475,6.019930023251113e-5,0.00013457815694973505,5.6502727499922014e-5,0.00026759920328670744,0.0019139821172224733,1.5629856742968863e-6,1.915535220912285e-6,0.0,0.0,0.0,0.0,0.0,0.00021526695742604413,7.263944409131371e-5,0.0003968188899678878,0.0012712836830474496,0.00046286726556633194,1.795700259438089e-6,1.9228411633717763e-6,0.0,0.0,0.0,0.0,0.0,7.952181789628332e-5,0.00023958647881582457,5.8683726984753735e-5,6.904206740895595e-5,0.00025004302675743685,0.0013322320048268132,1.6854291253689759e-6,1.3957043177714424e-6,0.0,0.0,0.00011658901105741595,0.0001359842316647073,0.0001683282536707497,0.0,3.603717886907404e-6,8.513280784837376e-5,0.00012048918436880724,0.00016928564641544299,0.0,4.334079696591892e-6,8.323817587722349e-5,0.00011370230591408493,0.00017162802537498413,0.0,3.8133442502424803e-6,0.0,0.0,0.0,0.0,0.0,0.0,0.0,0.0,0.0,0.0,0.0,0.0,0.0,0.0,0.0,0.0,0.0,0.0,0.0,0.0,0.0,0.0,0.0,0.0,0.0,0.0,0.0,0.0,0.0,0.0,0.0,0.0,0.0,0.0,0.0,0.0,0.0,0.0,0.0,0.0,0.0,0.0,0.0,0.0,0.0,0.00835965969883665
t18,0.0,0.0,0.00029404870624888374,6.0776326487190584e-5,0.00013552643928943194,5.696692918062306e-5,0.0002679280497838273,0.0019238890030866046,1.6091697863476328e-6,1.9728570432440983e-6,0.0,0.0,0.0,0.0,0.0,0.00021614731421123893,7.308507754542414e-5,0.0003970027123265244,0.0012756487972716605,0.00046554133248392123,1.8488568563118502e-6,1.978725469367639e-6,0.0,0.0,0.0,0.0,0.0,8.145408103204129e-5,0.00024875989623803505,6.047269810047012e-5,7.0342447748476e-5,0.000257996270058015,0.0013693988062220988,1.6588939785713604e-6,1.363878771721782e-6,0.0,0.0,0.00011749109522962633,0.00013999401947811265,0.00017944707137371193,0.0,3.575123449896389e-6,8.518650144519554e-5,0.00012114320862349472,0.00017827586239689173,0.0,4.443317035868013e-6,8.444563897825446e-5,0.00011418086989457065,0.0001800192196335306,0.0,3.898329591400667e-6,0.0,0.0,0.0,0.0,0.0,0.0,0.0,0.0,0.0,0.0,0.0,0.0,0.0,0.0,0.0,0.0,0.0,0.0,0.0,0.0,0.0,0.0,0.0,0.0,0.0,0.0,0.0,0.0,0.0,0.0,0.0,0.0,0.0,0.0,0.0,0.0,0.0,0.0,0.0,0.0,0.0,0.0,0.0,0.0,0.0,0.008477517526350585
t19,0.0,0.0,0.000294840714985781,6.125147029629309e-5,0.0001362773047253335,5.733279812264116e-5,0.00026826294391110224,0.0019302049853610031,1.6594672182477587e-6,2.032919660230202e-6,0.0,0.0,0.0,0.0,0.0,0.00021585907676014806,7.316642501942892e-5,0.00039711144232216773,0.0012748634763767946,0.0004655174479002283,1.9050638173018359e-6,2.0379950442505676e-6,0.0,0.0,0.0,0.0,0.0,7.959097614038731e-5,0.0002419621443338512,5.802202697620546e-5,6.815009239338076e-5,0.00025308354679554046,0.0013607304811234441,1.6210879947194822e-6,1.333104019271366e-6,0.0,0.0,0.00011249913091047974,0.0001354058740850947,0.00016787177954510871,0.0,3.5346444226802517e-6,8.524335895682863e-5,0.00012163455547270738,0.00016934118311892393,0.0,4.554115589483003e-6,8.503847374598109e-5,0.0001141201055055281,0.00016997147790554174,0.0,3.985369638334091e-6,0.0,0.0,0.0,0.0,0.0,0.0,0.0,0.0,0.0,0.0,0.0,0.0,0.0,0.0,0.0,0.0,0.0,0.0,0.0,0.0,0.0,0.0,0.0,0.0,0.0,0.0,0.0,0.0,0.0,0.0,0.0,0.0,0.0,0.0,0.0,0.0,0.0,0.0,0.0,0.0,0.0,0.0,0.0,0.0,0.0,0.008420017060194443
t20,0.0,0.0,0.00029533077636561194,6.161992524232977e-5,0.000136889730559033,5.760881458459157e-5,0.00026840259194062157,0.001934716076318664,1.7138224564650185e-6,2.096538904679071e-6,0.0,0.0,0.0,0.0,0.0,0.00021563224664608463,7.323629431417067e-5,0.0003971984705742242,0.0012743483190196532,0.00046555620527735474,1.9657276315601637e-6,2.1025752444249124e-6,0.0,0.0,0.0,0.0,0.0,7.897697212666382e-5,0.00023741438460685345,5.725106476903787e-5,6.76186911294245e-5,0.00025005854826880064,0.0013504044501610837,1.6490535755562947e-6,1.3521448075809472e-6,0.0,0.0,0.00011139030839292837,0.00013308913347388838,0.00016873310614063313,0.0,3.563519807580592e-6,8.532236094161605e-5,0.00012195854149154079,0.00017288232786286854,0.0,4.673034984833103e-6,8.4933009326859e-5,0.0001141259695886677,0.00017326001045951013,0.0,4.075727742920004e-6,0.0,0.0,0.0,0.0,0.0,0.0,0.0,0.0,0.0,0.0,0.0,0.0,0.0,0.0,0.0,0.0,0.0,0.0,0.0,0.0,0.0,0.0,0.0,0.0,0.0,0.0,0.0,0.0,0.0,0.0,0.0,0.0,0.0,0.0,0.0,0.0,0.0,0.0,0.0,0.0,0.0,0.0,0.0,0.0,0.0,0.008411150474738316
t21,0.0,0.0,0.00029552249480273854,6.188612125414816e-5,0.00013740239767841855,5.7796597752506896e-5,0.0002682716291774276,0.0019373947229439992,1.7706569928862655e-6,2.1632597091499786e-6,0.0,0.0,0.0,0.0,0.0,0.00021544530949064783,7.328192935731072e-5,0.00039726458348857265,0.001274285437280885,0.0004657839469060471,2.0296007583907986e-6,2.1706295756456427e-6,0.0,0.0,0.0,0.0,0.0,7.788607847794478e-5,0.00023206258113324792,5.5974888443632936e-5,6.660115450233109e-5,0.00024698456372252873,0.0013361413555829868,1.656670345577417e-6,1.360854161770235e-6,0.0,0.0,0.00010887125180832249,0.00013021854599577808,0.00017469983387618306,0.0,3.5720551078987053e-6,8.530393321339826e-5,0.0001221032313625472,0.00018123174115718154,0.0,4.798237229067513e-6,8.468845869277598e-5,0.00011411808591301388,0.00018129623321669645,0.0,4.167946416063766e-6,0.0,0.0,0.0,0.0,0.0,0.0,0.0,0.0,0.0,0.0,0.0,0.0,0.0,0.0,0.0,0.0,0.0,0.0,0.0,0.0,0.0,0.0,0.0,0.0,0.0,0.0,0.0,0.0,0.0,0.0,0.0,0.0,0.0,0.0,0.0,0.0,0.0,0.0,0.0,0.0,0.0,0.0,0.0,0.0,0.0,0.008406207017527721
t22,0.0,0.0,0.0002957621911280552,6.213656409038342e-5,0.00013787843700102285,5.7973967042508214e-5,0.00026827028462780947,0.0019399541181380523,1.8315486291491763e-6,2.234266726853113e-6,0.0,0.0,0.0,0.0,0.0,0.00021525105661394497,7.330275544580373e-5,0.00039730984517775687,0.0012745433808372191,0.00046614603723560405,2.096695377536212e-6,2.2420038801765903e-6,0.0,0.0,0.0,0.0,0.0,7.65671940556812e-5,0.00022614638689316858,5.455124060232048e-5,6.542668542079328e-5,0.0002437317638673091,0.0013205194180175338,1.6601616237201066e-6,1.3648919935485935e-6,0.0,0.0,0.00010636035190018834,0.00012696254198092376,0.00016358692138604522,0.0,3.575786883534282e-6,8.539205635927693e-5,0.00012225083831519695,0.00017141992288770977,0.0,4.927830676030326e-6,8.428008168152146e-5,0.00011408576698267647,0.0001708814404671951,0.0,4.261025178387334e-6,0.0,0.0,0.0,0.0,0.0,0.0,0.0,0.0,0.0,0.0,0.0,0.0,0.0,0.0,0.0,0.0,0.0,0.0,0.0,0.0,0.0,0.0,0.0,0.0,0.0,0.0,0.0,0.0,0.0,0.0,0.0,0.0,0.0,0.0,0.0,0.0,0.0,0.0,0.0,0.0,0.0,0.0,0.0,0.0,0.0,0.008344885459124637
t23,0.0,0.0,0.0002960713883283916,6.239146317011657e-5,0.0001383426478850799,5.815939838676029e-5,0.00026832815834228413,0.0019419763860208416,1.895372887064173e-6,2.309476566204604e-6,0.0,0.0,0.0,0.0,0.0,0.0002150401806446697,7.331633167249057e-5,0.00039735778432429067,0.0012747793967913222,0.0004664550845284563,2.1674056925563326e-6,2.317169866180672e-6,0.0,0.0,0.0,0.0,0.0,7.496984530708151e-5,0.00021952260689648285,5.2976775456726605e-5,6.406376240491619e-5,0.0002401018170805868,0.0013015589009462603,1.661984131941591e-6,1.3663429380877897e-6,0.0,0.0,0.00010396302457209948,0.00012346170824477853,0.00016354624782728488,0.0,3.57663064324819e-6,8.544839958386251e-5,0.0001224435358030079,0.00017462619180878903,0.0,5.061835178104925e-6,8.410514777898009e-5,0.00011405056512042407,0.00017391994609581812,0.0,4.358615240616894e-6,0.0,0.0,0.0,0.0,0.0,0.0,0.0,0.0,0.0,0.0,0.0,0.0,0.0,0.0,0.0,0.0,0.0,0.0,0.0,0.0,0.0,0.0,0.0,0.0,0.0,0.0,0.0,0.0,0.0,0.0,0.0,0.0,0.0,0.0,0.0,0.0,0.0,0.0,0.0,0.0,0.0,0.0,0.0,0.0,0.0,0.008315691528165808
t24,0.0,0.0,0.0002963632139436776,6.263465735859129e-5,0.00013880353148360355,5.8334845944439574e-5,0.00026839097152445954,0.001943643990051901,1.9630311991685755e-6,2.3905686334024767e-6,0.0,0.0,0.0,0.0,0.0,0.00021476686097287632,7.331557001828211e-5,0.0003974051463447237,0.0012751237725860424,0.0004667996274065694,2.2427800562707664e-6,2.397330121515424e-6,0.0,0.0,0.0,0.0,0.0,7.28623614753014e-5,0.0002115341167498517,5.098877235588812e-5,6.215053833430623e-5,0.00023593012827351106,0.0012791240269053423,1.6606645960954862e-6,1.3638304051535394e-6,0.0,0.0,0.00010160804833180662,0.00011993923035641923,0.00016836892566093116,0.0,3.5707072289456716e-6,8.549341841874101e-5,0.0001226138177184345,0.00018281643622573027,0.0,5.198604347785948e-6,8.388569204808502e-5,0.00011399687693050239,0.0001817604233018319,0.0,4.459997676889823e-6,0.0,0.0,0.0,0.0,0.0,0.0,0.0,0.0,0.0,0.0,0.0,0.0,0.0,0.0,0.0,0.0,0.0,0.0,0.0,0.0,0.0,0.0,0.0,0.0,0.0,0.0,0.0,0.0,0.0,0.0,0.0,0.0,0.0,0.0,0.0,0.0,0.0,0.0,0.0,0.0,0.0,0.0,0.0,0.0,0.0,0.008293902514987078
t25,0.0,0.0,0.0002966452675865825,6.287966764530703e-5,0.0001392677964696657,5.851081630825835e-5,0.000268444781768585,0.001945137347956973,2.03541301329332e-6,2.477575624437187e-6,0.0,0.0,0.0,0.0,0.0,0.00021444805921973716,7.331236381993238e-5,0.000397460686087008,0.0012754270838185346,0.0004671083607733642,2.3230734884733968e-6,2.482657487544327e-6,0.0,0.0,0.0,0.0,0.0,7.040300183495514e-5,0.0002020049124570058,4.871336455921177e-5,5.973185702028364e-5,0.00023102446660441432,0.0012526597060757232,1.6549744777624068e-6,1.3560234951335013e-6,0.0,0.0,9.893188221212787e-5,0.00011607796678134382,0.0001566415018408245,0.0,3.5552245781431777e-6,8.555942528325453e-5,0.00012277332916794338,0.00017273329083324456,0.0,5.340112836955028e-6,8.356640123195935e-5,0.00011393897121842234,0.00017120092101992473,0.0,4.565962156947075e-6,0.0,0.0,0.0,0.0,0.0,0.0,0.0,0.0,0.0,0.0,0.0,0.0,0.0,0.0,0.0,0.0,0.0,0.0,0.0,0.0,0.0,0.0,0.0,0.0,0.0,0.0,0.0,0.0,0.0,0.0,0.0,0.0,0.0,0.0,0.0,0.0,0.0,0.0,0.0,0.0,0.0,0.0,0.0,0.0,0.0,0.008210394246753277
t26,0.0,0.0,0.00029696438394700964,6.315383949934527e-5,0.00013974703344078973,5.871161331900672e-5,0.00026846512788536323,0.0019464311459719043,2.1129810034907304e-6,2.5715354211176058e-6,0.0,0.0,0.0,0.0,0.0,0.00021410649872622792,7.33248768184757e-5,0.0003975480994802827,0.0012753900255491654,0.00046718098579589997,2.4095080380131067e-6,2.5746844116763126e-6,0.0,0.0,0.0,0.0,0.0,6.728255006748762e-5,0.00018932896346050894,4.565264274804201e-5,5.6575785953176015e-5,0.0002250807595629406,0.0012216063711820082,1.6627138576548953e-6,1.3608891640901246e-6,0.0,0.0,9.561098144106702e-5,0.00011177802208078211,0.00015521930184690455,0.0,3.5677163503367705e-6,8.559843131858835e-5,0.0001229689716145111,0.0001758182511678496,0.0,5.4902839887700806e-6,8.339726778307137e-5,0.00011386700051469414,0.00017416157643591356,0.0,4.681536857677797e-6,0.0,0.0,0.0,0.0,0.0,0.0,0.0,0.0,0.0,0.0,0.0,0.0,0.0,0.0,0.0,0.0,0.0,0.0,0.0,0.0,0.0,0.0,0.0,0.0,0.0,0.0,0.0,0.0,0.0,0.0,0.0,0.0,0.0,0.0,0.0,0.0,0.0,0.0,0.0,0.0,0.0,0.0,0.0,0.0,0.0,0.008151402356703842
t27,0.0,0.0,0.00029735386426329454,6.346178113952525e-5,0.00014027462730231618,5.8938389387013814e-5,0.00026848965063273504,0.001947934629562601,2.1962325440241427e-6,2.672664943966115e-6,0.0,0.0,0.0,0.0,0.0,0.00021376458913913076,7.336081252674512e-5,0.000397674945215072,0.0012750396773586006,0.0004670380494531548,2.502903264726821e-6,2.6741568063027317e-6,0.0,0.0,0.0,0.0,0.0,6.381172850723807e-5,0.00017564643509631174,4.237754240226692e-5,5.303543201504811e-5,0.0002178898152862766,0.001185559393089315,1.6645223454127172e-6,1.3595177058152855e-6,0.0,0.0,9.167693830026807e-5,0.00010691691316439628,0.00015819538679747282,0.0,3.5647898692903597e-6,8.564085713411148e-5,0.0001231846392894497,0.00018397966675364814,0.0,5.645750188285798e-6,8.311420133372411e-5,0.00011380583488584463,0.00018197818645772075,0.0,4.804035636641713e-6,0.0,0.0,0.0,0.0,0.0,0.0,0.0,0.0,0.0,0.0,0.0,0.0,0.0,0.0,0.0,0.0,0.0,0.0,0.0,0.0,0.0,0.0,0.0,0.0,0.0,0.0,0.0,0.0,0.0,0.0,0.0,0.0,0.0,0.0,0.0,0.0,0.0,0.0,0.0,0.0,0.0,0.0,0.0,0.0,0.0,0.008097228559797748
t28,0.0,0.0,0.00029789650506488544,6.382949854887052e-5,0.000140883404702204,5.921309967933278e-5,0.0002685467055838841,0.00194985259740649,2.2869214807163134e-6,2.7825119853138086e-6,0.0,0.0,0.0,0.0,0.0,0.00021345125267958198,7.343734100976571e-5,0.0003978608455030266,0.001273953375179769,0.00046662140552003207,2.604726143207817e-6,2.782652236884309e-6,0.0,0.0,0.0,0.0,0.0,6.014832128826667e-5,0.00016186657662155293,3.9086639740478154e-5,4.932405120723824e-5,0.0002091376317082823,0.0011437103956071647,1.6641976589025492e-6,1.3564961983210425e-6,0.0,0.0,8.66374495886787e-5,0.0001003595376051315,0.00014535335956385713,0.0,3.55693712259728e-6,8.573912392685536e-5,0.000123480119212499,0.0001738317802141944,0.0,5.808452670979597e-6,8.256595893439307e-5,0.00011377268140033379,0.0001714610452392353,0.0,4.935207659441718e-6,0.0,0.0,0.0,0.0,0.0,0.0,0.0,0.0,0.0,0.0,0.0,0.0,0.0,0.0,0.0,0.0,0.0,0.0,0.0,0.0,0.0,0.0,0.0,0.0,0.0,0.0,0.0,0.0,0.0,0.0,0.0,0.0,0.0,0.0,0.0,0.0,0.0,0.0,0.0,0.0,0.0,0.0,0.0,0.0,0.0,0.007979798805892368
t29,0.0,0.0,0.00029864897097093093,6.429131790416808e-5,0.00014158946254838988,5.956670727092011e-5,0.00026861424354373035,0.0019520963199432353,2.385477096090531e-6,2.9022036015193025e-6,0.0,0.0,0.0,0.0,0.0,0.0002131907433525395,7.35842521995139e-5,0.00039814480061850353,0.0012715450850782344,0.00046576531885289465,2.716756603184109e-6,2.9018128034221103e-6,0.0,0.0,0.0,0.0,0.0,5.6448028115694416e-5,0.00014843308072846225,3.591453394381695e-5,4.561076466346368e-5,0.0001984279730537544,0.001095314498483347,1.6640511841503446e-6,1.3540737152696154e-6,0.0,0.0,8.088606164796393e-5,9.332536909180956e-5,0.00014193083435641443,0.0,3.5539456132520467e-6,8.5851066633785e-5,0.00012388878420027829,0.00017703395303249325,0.0,5.9835434480031175e-6,8.200719208020465e-5,0.00011376277649608058,0.00017450210687394404,0.0,5.079789410864062e-6,0.0,0.0,0.0,0.0,0.0,0.0,0.0,0.0,0.0,0.0,0.0,0.0,0.0,0.0,0.0,0.0,0.0,0.0,0.0,0.0,0.0,0.0,0.0,0.0,0.0,0.0,0.0,0.0,0.0,0.0,0.0,0.0,0.0,0.0,0.0,0.0,0.0,0.0,0.0,0.0,0.0,0.0,0.0,0.0,0.0,0.00788891589916033
t30,0.0,0.0,0.00029974076846592463,6.488334504059638e-5,0.00014243942268842312,6.0029093728381824e-5,0.0002687771467299682,0.0019550456877156907,2.492304835491607e-6,3.0321097496650223e-6,0.0,0.0,0.0,0.0,0.0,0.00021414318099979287,7.41383030980598e-5,0.0003985841060344926,0.0012743478830564753,0.00046721127564309107,2.8402833426004575e-6,3.0326913803652794e-6,0.0,0.0,0.0,0.0,0.0,5.26432807528217e-5,0.0001351133381831956,3.2770919478794827e-5,4.18156214195691e-5,0.00018523017144130152,0.0010392214381614682,1.662845312957733e-6,1.3509865394117576e-6,0.0,0.0,7.459065914248967e-5,8.603580869628867e-5,0.00014201458665664995,0.0,3.552755627975385e-6,8.599359239095263e-5,0.00012445675532998053,0.000185472507217706,0.0,6.170221298095039e-6,8.164283532739386e-5,0.00011427772987657909,0.00018258426777036302,0.0,5.236182266359828e-6,0.0,0.0,0.0,0.0,0.0,0.0,0.0,0.0,0.0,0.0,0.0,0.0,0.0,0.0,0.0,0.0,0.0,0.0,0.0,0.0,0.0,0.0,0.0,0.0,0.0,0.0,0.0,0.0,0.0,0.0,0.0,0.0,0.0,0.0,0.0,0.0,0.0,0.0,0.0,0.0,0.0,0.0,0.0,0.0,0.0,0.007812574105399372
t31,0.0,0.0,0.00030183094737636237,6.563631970378265e-5,0.00014351281720649178,6.0632221481551034e-5,0.00026884775030572023,0.0019604788714048284,2.6080771327374783e-6,3.17332392652375e-6,0.0,0.0,0.0,0.0,0.0,0.00021548449120869161,7.486982634607314e-5,0.00039924740457021547,0.0012778534510228812,0.0004693230103330737,2.974628825712534e-6,3.17504547514631e-6,0.0,0.0,0.0,0.0,0.0,4.8609395515798154e-5,0.00012149162999043248,2.9409163923637355e-5,3.791955250217722e-5,0.00016883713046567559,0.0009723309092211424,1.6626650419072747e-6,1.347681223498733e-6,0.0,0.0,6.766510069721875e-5,7.829491298748248e-5,0.00012741733567472202,0.0,3.564714365650517e-6,8.608569091176024e-5,0.0001252052736852237,0.00017551786885436314,0.0,6.374119193478261e-6,8.126610779772873e-5,0.00011494051411588696,0.00017258972569144987,0.0,5.3997896660388745e-6,0.0,0.0,0.0,0.0,0.0,0.0,0.0,0.0,0.0,0.0,0.0,0.0,0.0,0.0,0.0,0.0,0.0,0.0,0.0,0.0,0.0,0.0,0.0,0.0,0.0,0.0,0.0,0.0,0.0,0.0,0.0,0.0,0.0,0.0,0.0,0.0,0.0,0.0,0.0,0.0,0.0,0.0,0.0,0.0,0.0,0.007675577467845063
t32,0.0,0.0,0.00030468305553161987,6.664849861090551e-5,0.00014482588828319565,6.14562711065045e-5,0.00026922920941298923,0.0019677570249934887,2.7333380759445187e-6,3.327399059929967e-6,0.0,0.0,0.0,0.0,0.0,0.00021760157749808724,7.596128810755503e-5,0.0004002615819262352,0.001282925057455149,0.00047244270681866615,3.122363667687636e-6,3.3312966006277e-6,0.0,0.0,0.0,0.0,0.0,5.207101053316582e-5,0.00013048923707693286,3.173583539080511e-5,4.031668191284598e-5,0.00018410016624880406,0.0010462814135392328,1.7080724915311844e-6,1.3816543155495834e-6,0.0,0.0,7.430546650418514e-5,8.582476590761108e-5,0.00013720573619238846,0.0,3.6470865723164343e-6,8.62935771690749e-5,0.00012634870872693332,0.00017915371024966934,0.0,6.592386001645249e-6,8.158225578897474e-5,0.00011611913162799367,0.00017648923633914945,0.0,5.58641333676116e-6,0.0,0.0,0.0,0.0,0.0,0.0,0.0,0.0,0.0,0.0,0.0,0.0,0.0,0.0,0.0,0.0,0.0,0.0,0.0,0.0,0.0,0.0,0.0,0.0,0.0,0.0,0.0,0.0,0.0,0.0,0.0,0.0,0.0,0.0,0.0,0.0,0.0,0.0,0.0,0.0,0.0,0.0,0.0,0.0,0.0,0.007843539103074157
t33,0.0,0.0,0.0003085830720629842,6.795553397742026e-5,0.000146469004987272,6.253176516973743e-5,0.00026977696281864805,0.0019778032394546716,2.8715671762487423e-6,3.49714424851739e-6,0.0,0.0,0.0,0.0,0.0,0.00022044536821583585,7.738637743065667e-5,0.00040183078737184865,0.0012886238215607416,0.00047594013242005534,3.2874435499712126e-6,3.5053683943548804e-6,0.0,0.0,0.0,0.0,0.0,5.506438672580101e-5,0.0001381098063984619,3.369099593860107e-5,4.215361133504732e-5,0.00019666120795919104,0.0011117773854826573,1.7587825568651324e-6,1.420224157892367e-6,0.0,0.0,8.025411125677249e-5,9.245039750681559e-5,0.00015082884071781341,0.0,3.7487674397119754e-6,8.660832637355577e-5,0.00012792361649594804,0.00018827371863606486,0.0,6.831750990478702e-6,8.19612139740857e-5,0.00011769802118580474,0.000185581162824366,0.0,5.79027398671495e-6,0.0,0.0,0.0,0.0,0.0,0.0,0.0,0.0,0.0,0.0,0.0,0.0,0.0,0.0,0.0,0.0,0.0,0.0,0.0,0.0,0.0,0.0,0.0,0.0,0.0,0.0,0.0,0.0,0.0,0.0,0.0,0.0,0.0,0.0,0.0,0.0,0.0,0.0,0.0,0.0,0.0,0.0,0.0,0.0,0.0,0.008019094190781614
t34,0.0,0.0,0.00031389685358592935,6.96459252971929e-5,0.00014852223290885114,6.393505393970576e-5,0.0002705669491220703,0.0019918747850244554,3.024524680632483e-6,3.6840235003880037e-6,0.0,0.0,0.0,0.0,0.0,0.00022438890489499109,7.927170409831571e-5,0.00040424990034342945,0.0012962312752811825,0.00048048352625298924,3.4723368635631873e-6,3.7004276056733953e-6,0.0,0.0,0.0,0.0,0.0,5.7609332603135785e-5,0.00014441553561215278,3.524220281136076e-5,4.344089376401599e-5,0.00020674002109328653,0.0011703088443376557,1.8144411789254254e-6,1.4637140252139385e-6,0.0,0.0,8.555527119495662e-5,9.8397210650341e-5,0.00014906271825567154,0.0,3.875965903478033e-6,8.708161678200411e-5,0.00013010791332014723,0.00017922047733995427,0.0,7.091126259059533e-6,8.212628499996724e-5,0.00011987872048192063,0.00017656002524156345,0.0,6.010995343771448e-6,0.0,0.0,0.0,0.0,0.0,0.0,0.0,0.0,0.0,0.0,0.0,0.0,0.0,0.0,0.0,0.0,0.0,0.0,0.0,0.0,0.0,0.0,0.0,0.0,0.0,0.0,0.0,0.0,0.0,0.0,0.0,0.0,0.0,0.0,0.0,0.0,0.0,0.0,0.0,0.0,0.0,0.0,0.0,0.0,0.0,0.008142951734597951
t35,0.0,0.0,0.00032124457579675006,7.18880744014359e-5,0.0001511178949499721,6.581622616103012e-5,0.00027180625403992997,0.0020117686798687266,3.1954288475117338e-6,3.892677470957737e-6,0.0,0.0,0.0,0.0,0.0,0.0002300311436534765,8.18422261953561e-5,0.00040799078155905744,0.001307106649998608,0.000486613358786098,3.6807343996430743e-6,3.9204651193801715e-6,0.0,0.0,0.0,0.0,0.0,6.072036880892343e-5,0.00015076787100367278,3.7171191677686514e-5,4.503129152104951e-5,0.00021453937584042836,0.0012215577470751904,1.8565055639458195e-6,1.4953900120457164e-6,0.0,0.0,9.00711819874225e-5,0.00010368817823740085,0.0001565779481872906,0.0,3.973147612182755e-6,8.78345024378048e-5,0.00013321114833290756,0.00018395070204014328,0.0,7.376106462467314e-6,8.271912702760391e-5,0.0001229931973069966,0.00018154839955663365,0.0,6.2548682004726705e-6,0.0,0.0,0.0,0.0,0.0,0.0,0.0,0.0,0.0,0.0,0.0,0.0,0.0,0.0,0.0,0.0,0.0,0.0,0.0,0.0,0.0,0.0,0.0,0.0,0.0,0.0,0.0,0.0,0.0,0.0,0.0,0.0,0.0,0.0,0.0,0.0,0.0,0.0,0.0,0.0,0.0,0.0,0.0,0.0,0.0,0.008315253420140202
t36,0.0,0.0,0.0003314559450642809,7.486861430298625e-5,0.00015444228533843742,6.833465588695208e-5,0.000273823205142728,0.002040430990027004,3.3880186693428364e-6,4.126632801879606e-6,0.0,0.0,0.0,0.0,0.0,0.00023805694013491263,8.532100407623596e-5,0.0004137402558813757,0.0013230281903113597,0.0004951272558680833,3.9172874622655815e-6,4.170374058638583e-6,0.0,0.0,0.0,0.0,0.0,6.319798579860218e-5,0.00015598188050465584,3.8662964177799006e-5,4.615759558557558e-5,0.0002205322160680604,0.0012661374337668524,1.9046929602791537e-6,1.533311548925542e-6,0.0,0.0,9.352824918644854e-5,0.00010828459122774564,0.0001685443465192648,0.0,4.09250387475559e-6,8.900350610129389e-5,0.00013766394027400641,0.00019491305272110784,0.0,7.68410672323714e-6,8.328210234684013e-5,0.00012744859447452124,0.0001925905977768603,0.0,6.522633835576337e-6,0.0,0.0,0.0,0.0,0.0,0.0,0.0,0.0,0.0,0.0,0.0,0.0,0.0,0.0,0.0,0.0,0.0,0.0,0.0,0.0,0.0,0.0,0.0,0.0,0.0,0.0,0.0,0.0,0.0,0.0,0.0,0.0,0.0,0.0,0.0,0.0,0.0,0.0,0.0,0.0,0.0,0.0,0.0,0.0,0.0,0.008521897960498891
t37,0.0,0.0,0.00034575273146384176,7.887631600746954e-5,0.00015874014108252762,7.173753952889897e-5,0.0002770756286524239,0.0020819773408392414,3.6066659229025623e-6,4.390123386799668e-6,0.0,0.0,0.0,0.0,0.0,0.00024951079869441273,9.00747890846736e-5,0.0004225558719486469,0.0013465995042549054,0.0005071693474416464,4.186906969048926e-6,4.454935438763723e-6,0.0,0.0,0.0,0.0,0.0,6.55599374161369e-5,0.00016086768340797222,4.0056029764920764e-5,4.718408805995068e-5,0.0002252462164835423,0.0013051424292197457,1.9589009997243236e-6,1.5773558267247093e-6,0.0,0.0,9.729634226282173e-5,0.00011282815670720023,0.00016328674985614656,0.0,4.2246197230414e-6,9.08083605783129e-5,0.0001441529722501466,0.00018765639772222301,0.0,8.016607407313651e-6,8.367286622705105e-5,0.00013397759929814027,0.0001854354691300491,0.0,6.814549465271421e-6,0.0,0.0,0.0,0.0,0.0,0.0,0.0,0.0,0.0,0.0,0.0,0.0,0.0,0.0,0.0,0.0,0.0,0.0,0.0,0.0,0.0,0.0,0.0,0.0,0.0,0.0,0.0,0.0,0.0,0.0,0.0,0.0,0.0,0.0,0.0,0.0,0.0,0.0,0.0,0.0,0.0,0.0,0.0,0.0,0.0,0.008712471972522638
t38,0.0,0.0,0.0003657369302206608,8.438281212952828e-5,0.00016429819300798823,7.642390714435517e-5,0.0002823503316914908,0.0021425039926064302,3.8557426827404896e-6,4.690228722099311e-6,0.0,0.0,0.0,0.0,0.0,0.00026543249394060626,9.661649016939651e-5,0.0004346306268843853,0.001381907244246148,0.0005244571280690376,4.497171136080237e-6,4.782046186256458e-6,0.0,0.0,0.0,0.0,0.0,6.822214272691674e-5,0.00016625534446847707,4.1702063967343786e-5,4.8492866848186096e-5,0.00022930287547235007,0.001340435787648818,2.01870434719032e-6,1.6268936217688341e-6,0.0,0.0,0.00010010115457058506,0.000116931211854242,0.00016937272983990362,0.0,4.35269054613577e-6,9.361531589908665e-5,0.00015379373004140786,0.00019555953631957882,0.0,8.38113805577763e-6,8.463541681600908e-5,0.00014373836923247505,0.00019391961178608587,0.0,7.139025244729052e-6,0.0,0.0,0.0,0.0,0.0,0.0,0.0,0.0,0.0,0.0,0.0,0.0,0.0,0.0,0.0,0.0,0.0,0.0,0.0,0.0,0.0,0.0,0.0,0.0,0.0,0.0,0.0,0.0,0.0,0.0,0.0,0.0,0.0,0.0,0.0,0.0,0.0,0.0,0.0,0.0,0.0,0.0,0.0,0.0,0.0,0.00900616194814427
t39,0.0,0.0,0.0003937828553747433,9.207612825131021e-5,0.00017145407371867586,8.295222400127504e-5,0.00029107390461467075,0.0022324265006983673,4.1411015766844355e-6,5.032950300997006e-6,0.0,0.0,0.0,0.0,0.0,0.0002879744887361748,0.0001058281643737458,0.00045071890141090855,0.001436753727338348,0.0005503632090357726,4.856756465939644e-6,5.160499511653479e-6,0.0,0.0,0.0,0.0,0.0,7.025660512447821e-5,0.0001712857962186904,4.29505671022464e-5,4.9457179377902313e-5,0.00023340727358993273,0.001374608267154015,2.087135918940602e-6,1.6848800543552876e-6,0.0,0.0,0.00010327862630128057,0.0001212383259956629,0.00018035575509277,0.0,4.482260187808378e-6,9.800099303279553e-5,0.00016860567810856992,0.00021149022851145528,0.0,8.77456334598051e-6,8.59509162463959e-5,0.00015889216858761394,0.0002103575560962943,0.0,7.484675161526136e-6,0.0,0.0,0.0,0.0,0.0,0.0,0.0,0.0,0.0,0.0,0.0,0.0,0.0,0.0,0.0,0.0,0.0,0.0,0.0,0.0,0.0,0.0,0.0,0.0,0.0,0.0,0.0,0.0,0.0,0.0,0.0,0.0,0.0,0.0,0.0,0.0,0.0,0.0,0.0,0.0,0.0,0.0,0.0,0.0,0.0,0.009419244936617981
t40,0.0,0.0,0.00043444748304006397,0.00010326673283167605,0.00018077192869721134,9.237979218061766e-5,0.0003057263733832614,0.0023691805070674404,4.469459726451194e-6,5.42897142282986e-6,0.0,0.0,0.0,0.0,0.0,0.00032206216219889924,0.00011978393641209503,0.00047239545639031103,0.0015270173358768947,0.0005917255105823974,5.277243897352141e-6,5.602662684475875e-6,0.0,0.0,0.0,0.0,0.0,7.338202872167884e-5,0.00017733928912955126,4.5295816006880846e-5,5.121853680078712e-5,0.00023893156809684645,0.0014092585282319155,2.181333717099551e-6,1.767574609648479e-6,0.0,0.0,0.00011021236543396989,0.0001279653946871474,0.00017594286384875756,0.0,4.636147982443378e-6,0.00010480709787914296,0.00019254674942553452,0.00020946327266147395,0.0,9.191866330038474e-6,8.803432219205437e-5,0.00018470599969283282,0.00021022155803705772,0.0,7.861208904264355e-6,0.0,0.0,0.0,0.0,0.0,0.0,0.0,0.0,0.0,0.0,0.0,0.0,0.0,0.0,0.0,0.0,0.0,0.0,0.0,0.0,0.0,0.0,0.0,0.0,0.0,0.0,0.0,0.0,0.0,0.0,0.0,0.0,0.0,0.0,0.0,0.0,0.0,0.0,0.0,0.0,0.0,0.0,0.0,0.0,0.0,0.009964499078781101
t41,0.0,0.0,0.0004972411458620138,0.00012079821420732132,0.00019315355668073406,0.00010696685159215041,0.0003313024481295611,0.002585010631239559,4.848930660987661e-6,5.888323700428966e-6,0.0,0.0,0.0,0.0,0.0,0.00037578747724568187,0.00014163732208787396,0.0005026713472848226,0.0016753342329874803,0.0006570981069890748,5.747840145091389e-6,6.098221195599122e-6,0.0,0.0,0.0,0.0,0.0,7.518878506756357e-5,0.00018211225540901887,4.613991504433929e-5,5.178495773898315e-5,0.00024444445358448076,0.0014466203501092955,2.2017284493857416e-6,1.7794672560037685e-6,0.0,0.0,0.00011051445539431162,0.00013164283191187493,0.00018055851029154737,0.0,4.708932524005474e-6,0.00011570798280813141,0.0002351958897613598,0.0002269509341137068,0.0,9.636903762626228e-6,9.166037752751557e-5,0.00023020180825504942,0.00022890462650395696,0.0,8.216186280280803e-6,0.0,0.0,0.0,0.0,0.0,0.0,0.0,0.0,0.0,0.0,0.0,0.0,0.0,0.0,0.0,0.0,0.0,0.0,0.0,0.0,0.0,0.0,0.0,0.0,0.0,0.0,0.0,0.0,0.0,0.0,0.0,0.0,0.0,0.0,0.0,0.0,0.0,0.0,0.0,0.0,0.0,0.0,0.0,0.0,0.0,0.010833756001801817
t42,0.0,0.0,0.0006057085177298907,0.00015201147531762523,0.00021032729180507455,0.00013231543321585827,0.00037949593901079147,0.0029548731235478007,5.254270530923116e-6,6.374468532801708e-6,0.0,0.0,0.0,0.0,0.0,0.0004656541863036514,0.00017900124903792288,0.0005477572202371601,0.0019351963035852836,0.0007688551800027882,6.246214223350424e-6,6.627628012533273e-6,0.0,0.0,0.0,0.0,0.0,7.791386302901572e-5,0.00018888837934379388,4.804878032438738e-5,5.330136873820068e-5,0.00025309513190765906,0.001494600890347017,2.255276935195614e-6,1.8204737421000202e-6,0.0,0.0,0.00011549803698123525,0.00013818600527433102,0.00019299203375452493,0.0,4.813881064727779e-6,0.00013449948978239742,0.00033008324681482336,0.0002595724572576043,0.0,1.0069705206355632e-5,9.498893001606368e-5,0.0003379187502825388,0.0002636100755713612,0.0,8.50761923470837e-6,0.0,0.0,0.0,0.0,0.0,0.0,0.0,0.0,0.0,0.0,0.0,0.0,0.0,0.0,0.0,0.0,0.0,0.0,0.0,0.0,0.0,0.0,0.0,0.0,0.0,0.0,0.0,0.0,0.0,0.0,0.0,0.0,0.0,0.0,0.0,0.0,0.0,0.0,0.0,0.0,0.0,0.0,0.0,0.0,0.0,0.012366362896701497
t43,0.0,0.0,0.000622079844166635,0.00015715660532487357,0.00021239301995227368,0.00013634751681816144,0.00038308159319490776,0.002978735499745174,5.583044095158725e-6,6.757681400067512e-6,0.0,0.0,0.0,0.0,0.0,0.00040673303812989567,0.00015392483381836613,0.0005211105109643628,0.0017223487955484698,0.0006750677575949854,6.172993310013411e-6,6.551731689204645e-6,0.0,0.0,0.0,0.0,0.0,7.837493259930034e-5,0.00018975847969218728,4.837222641470146e-5,5.354457027369191e-5,0.00025515120501334214,0.0015031314333310804,2.3057638031032763e-6,1.859803004162193e-6,0.0,0.0,0.00011648643762855863,0.00013947769796758417,0.00018355753975095746,0.0,4.905137543937824e-6,0.00013613304764077688,0.0003507291684569288,0.0002439339852446307,0.0,1.0359094064591365e-5,9.237577354052749e-5,0.0002613277476845827,0.00022596301516486283,0.0,8.502557407199324e-6,0.0,0.0,0.0,0.0,0.0,0.0,0.0,0.0,0.0,0.0,0.0,0.0,0.0,0.0,0.0,0.0,0.0,0.0,0.0,0.0,0.0,0.0,0.0,0.0,0.0,0.0,0.0,0.0,0.0,0.0,0.0,0.0,0.0,0.0,0.0,0.0,0.0,0.0,0.0,0.0,0.0,0.0,0.0,0.0,0.0,0.011900294081979255
t44,0.0,0.0,0.0005492620285677662,0.00013498825706548018,0.00020107581980798614,0.00011867049173847733,0.00034835349441550016,0.00269091952049321,5.41321612874898e-6,6.54190244206541e-6,0.0,0.0,0.0,0.0,0.0,0.0003728798695649764,0.00013945283483357638,0.0005047717144709491,0.0016025650990882817,0.0006214754476805374,5.9662971995204124e-6,6.333863762711113e-6,0.0,0.0,0.0,0.0,0.0,7.861447374418931e-5,0.00019143368217123491,4.8296523448478965e-5,5.360527899716517e-5,0.00026058499502302725,0.0015270649833790154,2.321161632375645e-6,1.880882785264186e-6,0.0,0.0,0.00011645273071251352,0.00014142994703023737,0.00018730608506067287,0.0,4.9509387419312265e-6,0.00012219637083052645,0.0002774698385555477,0.00022985645144135407,0.0,1.0281717460559062e-5,9.088638834673853e-5,0.00022536221830120947,0.00021597761405940986,0.0,8.306625200982581e-6,0.0,0.0,0.0,0.0,0.0,0.0,0.0,0.0,0.0,0.0,0.0,0.0,0.0,0.0,0.0,0.0,0.0,0.0,0.0,0.0,0.0,0.0,0.0,0.0,0.0,0.0,0.0,0.0,0.0,0.0,0.0,0.0,0.0,0.0,0.0,0.0,0.0,0.0,0.0,0.0,0.0,0.0,0.0,0.0,0.0,0.01110294876418222
t45,0.0,0.0,0.0005033318699370417,0.00012129973883503611,0.00019297087594919986,0.00010757870379675298,0.00032817030808811185,0.0025108939590645523,5.27534481707203e-6,6.370515179276226e-6,0.0,0.0,0.0,0.0,0.0,0.0003511474784110175,0.00012999507978413478,0.0004942137536558237,0.0015266469162016844,0.0005872241672967338,5.7754463697286954e-6,6.133083291978833e-6,0.0,0.0,0.0,0.0,0.0,6.713948860379404e-5,0.00016001301599756287,3.995064995832657e-5,4.675026393256621e-5,0.0002181718222890356,0.001320359817943545,2.3531718385561676e-6,1.89910063882965e-6,0.0,0.0,9.464820232772747e-5,0.00011264935053038576,0.0001741046242929202,0.0,5.015750275796225e-6,0.00011384824690395697,0.00023914197986150076,0.0002271863376055892,0.0,1.0130712493383397e-5,8.950837531529124e-5,0.00020384100664547978,0.00021554929690307148,0.0,8.107240207627544e-6,0.0,0.0,0.0,0.0,0.0,0.0,0.0,0.0,0.0,0.0,0.0,0.0,0.0,0.0,0.0,0.0,0.0,0.0,0.0,0.0,0.0,0.0,0.0,0.0,0.0,0.0,0.0,0.0,0.0,0.0,0.0,0.0,0.0,0.0,0.0,0.0,0.0,0.0,0.0,0.0,0.0,0.0,0.0,0.0,0.0,0.010227395695243092
t46,0.0,0.0,0.00047123471768661886,0.00011180110370745482,0.000186922560345995,9.982235636425799e-5,0.0003152945401993539,0.0023869992266695107,5.1456908762873035e-6,6.211102733181919e-6,0.0,0.0,0.0,0.0,0.0,0.00033611980565759555,0.0001233663288527551,0.00048713982046696725,0.0014749739953085048,0.0005638536517668662,5.598919257677652e-6,5.947086498185242e-6,0.0,0.0,0.0,0.0,0.0,6.802424573337466e-5,0.00016220016683454,4.060139553419378e-5,4.740464498715555e-5,0.00022269787108350134,0.0013375065354829135,2.4265390946630723e-6,1.9621054886445106e-6,0.0,0.0,9.651903942619935e-5,0.00011494605234741528,0.0001661570178065878,0.0,5.1193793595044715e-6,0.00010839765007470466,0.0002146018978213944,0.00020568252182586282,0.0,9.978727161346702e-6,8.800155680061608e-5,0.0001894267214677857,0.00019642426556903844,0.0,7.911019372131463e-6,0.0,0.0,0.0,0.0,0.0,0.0,0.0,0.0,0.0,0.0,0.0,0.0,0.0,0.0,0.0,0.0,0.0,0.0,0.0,0.0,0.0,0.0,0.0,0.0,0.0,0.0,0.0,0.0,0.0,0.0,0.0,0.0,0.0,0.0,0.0,0.0,0.0,0.0,0.0,0.0,0.0,0.0,0.0,0.0,0.0,0.009866420259662785
t47,0.0,0.0,0.0004471576697352623,0.00010473996928862964,0.0001823146319184769,9.402793436561748e-5,0.000306471673241258,0.0022964208464056205,5.0252470121765425e-6,6.0648934009444535e-6,0.0,0.0,0.0,0.0,0.0,0.0003251340445729344,0.00011853926023241804,0.00048215514400694207,0.001437818665747592,0.0005469822754708458,5.43550206476037e-6,5.774490081215036e-6,0.0,0.0,0.0,0.0,0.0,6.84431380676887e-5,0.00016344995095202722,4.0923643404517545e-5,4.7694418763007934e-5,0.00022567304402101277,0.001348791752453853,2.494505802760849e-6,2.0182060192388497e-6,0.0,0.0,9.771851224019678e-5,0.00011646657020806197,0.00016992204806781644,0.0,5.21874547126589e-6,0.00010458826571364615,0.00019715813861093828,0.00020181699543635277,0.0,9.833197618241228e-6,8.706905254289381e-5,0.00017906436049266018,0.00019404385064385573,0.0,7.72383415295447e-6,0.0,0.0,0.0,0.0,0.0,0.0,0.0,0.0,0.0,0.0,0.0,0.0,0.0,0.0,0.0,0.0,0.0,0.0,0.0,0.0,0.0,0.0,0.0,0.0,0.0,0.0,0.0,0.0,0.0,0.0,0.0,0.0,0.0,0.0,0.0,0.0,0.0,0.0,0.0,0.0,0.0,0.0,0.0,0.0,0.0,0.009634174478227685
t48,0.0,0.0,0.00042807468057806485,9.921681823839214e-5,0.0001787721942714081,8.947203955314518e-5,0.00030004352770625727,0.0022271136287292104,4.9144062024153834e-6,5.929773567712123e-6,0.0,0.0,0.0,0.0,0.0,0.0003166610323265655,0.00011491746183730477,0.0004782837868141516,0.0014101522647603653,0.0005344392828962021,5.285040828531802e-6,5.615179475873233e-6,0.0,0.0,0.0,0.0,0.0,6.868267601584319e-5,0.00016414743171953362,4.109944137800031e-5,4.783142378602249e-5,0.00022763253374898627,0.001356443699424209,2.5577069365717395e-6,2.067404772662923e-6,0.0,0.0,9.856437219999077e-5,0.00011737542334882081,0.00017842390237615224,0.0,5.306016979746455e-6,0.00010177553506690317,0.0001838027540813992,0.0002052627750383741,0.0,9.691890249436357e-6,8.62671038369269e-5,0.0001712305686378673,0.00019846012828368057,0.0,7.544374999243864e-6,0.0,0.0,0.0,0.0,0.0,0.0,0.0,0.0,0.0,0.0,0.0,0.0,0.0,0.0,0.0,0.0,0.0,0.0,0.0,0.0,0.0,0.0,0.0,0.0,0.0,0.0,0.0,0.0,0.0,0.0,0.0,0.0,0.0,0.0,0.0,0.0,0.0,0.0,0.0,0.0,0.0,0.0,0.0,0.0,0.0,0.00947305828066597
t49,0.0,0.0,0.00041210876365319087,9.470737572828049e-5,0.0001759988814461312,8.572521545459233e-5,0.0002949605347120012,0.0021716735483723023,4.813127667723736e-6,5.806453207297861e-6,0.0,0.0,0.0,0.0,0.0,0.0003097676880617085,0.0001121373424048875,0.00047480150247384585,0.0013886873707309973,0.0005248681125878179,5.146945757850736e-6,5.4686099369322725e-6,0.0,0.0,0.0,0.0,0.0,6.871440245646063e-5,0.0001642642287330673,4.1079970574578326e-5,4.7792516413299194e-5,0.00022878358552204928,0.0013610638610074125,2.649698037737847e-6,2.1449915000610112e-6,0.0,0.0,9.919448303614171e-5,0.00011798459495842842,0.00016883812844280382,0.0,5.446074889168733e-6,9.955984037508174e-5,0.0001729944434819673,0.0001900322945976206,0.0,9.552450111506253e-6,8.53814837343066e-5,0.00016507569923495394,0.00018438089466934343,0.0,7.373568360135368e-6,0.0,0.0,0.0,0.0,0.0,0.0,0.0,0.0,0.0,0.0,0.0,0.0,0.0,0.0,0.0,0.0,0.0,0.0,0.0,0.0,0.0,0.0,0.0,0.0,0.0,0.0,0.0,0.0,0.0,0.0,0.0,0.0,0.0,0.0,0.0,0.0,0.0,0.0,0.0,0.0,0.0,0.0,0.0,0.0,0.0,0.009288978682331686
t50,0.0,0.0,0.00039815708933369523,9.091761629391286e-5,0.00017384517086677114,8.25493848424467e-5,0.00029047782973440876,0.002124943768494471,4.718564369075291e-6,5.69350974773452e-6,0.0,0.0,0.0,0.0,0.0,0.0003039908869124174,0.00011002016523861471,0.00047149080864864016,0.001371076240296927,0.0005172690800110873,5.020692771910494e-6,5.334525900791432e-6,0.0,0.0,0.0,0.0,0.0,6.870144773197639e-5,0.00016396851368864583,4.1001690837257974e-5,4.768584123624794e-5,0.00022928263520511068,0.001363053392042946,2.739316985082118e-6,2.2179833000501776e-6,0.0,0.0,9.941171091570176e-5,0.00011821565479524939,0.00017179600421836927,0.0,5.570026403991809e-6,9.755532938777497e-5,0.00016379656781105367,0.0001890192624989888,0.0,9.416326687170521e-6,8.479549655933338e-5,0.0001600497485937355,0.00018440435311517457,0.0,7.215109855799715e-6,0.0,0.0,0.0,0.0,0.0,0.0,0.0,0.0,0.0,0.0,0.0,0.0,0.0,0.0,0.0,0.0,0.0,0.0,0.0,0.0,0.0,0.0,0.0,0.0,0.0,0.0,0.0,0.0,0.0,0.0,0.0,0.0,0.0,0.0,0.0,0.0,0.0,0.0,0.0,0.0,0.0,0.0,0.0,0.0,0.0,0.009165401745332565
t51,0.0,0.0,0.0003854848414786401,8.765152521799668e-5,0.00017222985265755153,7.978230057861765e-5,0.00028612460654089446,0.0020838308757052983,4.632854771862171e-6,5.5911698815928725e-6,0.0,0.0,0.0,0.0,0.0,0.00029901862310482524,0.00010842088521845725,0.000468159465751978,0.0013559624495475093,0.0005111426128601747,4.9056978329799494e-6,5.212263970607216e-6,0.0,0.0,0.0,0.0,0.0,6.872006546188913e-5,0.00016346805088948113,4.0943130483296806e-5,4.760016466157608e-5,0.00022923023071759187,0.001362701686776452,2.8305547187210913e-6,2.2913775978381774e-6,0.0,0.0,9.928310419062895e-5,0.00011807227671937664,0.0001795733509215445,0.0,5.693327762450656e-6,9.560075479110053e-5,0.00015565161105577855,0.00019437157755342456,0.0,9.286015424974404e-6,8.408594401042372e-5,0.00015580652797449096,0.0001904594622525269,0.0,7.067102791870025e-6,0.0,0.0,0.0,0.0,0.0,0.0,0.0,0.0,0.0,0.0,0.0,0.0,0.0,0.0,0.0,0.0,0.0,0.0,0.0,0.0,0.0,0.0,0.0,0.0,0.0,0.0,0.0,0.0,0.0,0.0,0.0,0.0,0.0,0.0,0.0,0.0,0.0,0.0,0.0,0.0,0.0,0.0,0.0,0.0,0.0,0.009070886341874421
t52,0.0,0.0,0.00037349241432002225,8.477091007639303e-5,0.00017106266207907625,7.730761040440539e-5,0.0002814376549702632,0.0020456702343505553,4.5567230103024765e-6,5.499110885278148e-6,0.0,0.0,0.0,0.0,0.0,0.0002946175236492649,0.00010724424120758729,0.0004646408277481322,0.0013420040456557005,0.0005060814839654895,4.8021595333613925e-6,5.102285864333893e-6,0.0,0.0,0.0,0.0,0.0,6.857132943251687e-5,0.00016255247937847883,4.073352848425582e-5,4.737297778442393e-5,0.0002286081937177159,0.0013598883646743448,2.9251078973375654e-6,2.367133421561892e-6,0.0,0.0,9.884524373494543e-5,0.00011753270988090791,0.00016919339363851948,0.0,5.820006261047588e-6,9.357702455496398e-5,0.0001482656484409788,0.00018152652921152863,0.0,9.162028117523847e-6,8.294284971154817e-5,0.00015217906821738176,0.00017838843227676107,0.0,6.928652135077218e-6,0.0,0.0,0.0,0.0,0.0,0.0,0.0,0.0,0.0,0.0,0.0,0.0,0.0,0.0,0.0,0.0,0.0,0.0,0.0,0.0,0.0,0.0,0.0,0.0,0.0,0.0,0.0,0.0,0.0,0.0,0.0,0.0,0.0,0.0,0.0,0.0,0.0,0.0,0.0,0.0,0.0,0.0,0.0,0.0,0.0,0.008925670588691984
t53,0.0,0.0,0.00036170547508051343,8.21944351337394e-5,0.00017028903179406015,7.505922701370837e-5,0.00027590479200397265,0.0020080322399860543,4.488755004465558e-6,5.4173973946002496e-6,0.0,0.0,0.0,0.0,0.0,0.0002906180471314901,0.00010645819355595921,0.000460783708696348,0.0013274473446017417,0.0005014506056342943,4.708690478646244e-6,5.002823477484094e-6,0.0,0.0,0.0,0.0,0.0,6.82598593185018e-5,0.0001612032921502812,4.038603292285006e-5,4.6999896514900825e-5,0.00022731842229477603,0.0013544315700467463,3.0219737428361772e-6,2.4437139628502987e-6,0.0,0.0,9.812175433807995e-5,0.00011675848354393463,0.00017148703026457417,0.0,5.949658066365488e-6,9.130516928348573e-5,0.00014137837722331094,0.00018154901885824136,0.0,9.046767886646607e-6,8.184799451116627e-5,0.00014898150048236536,0.0001793463810351703,0.0,6.80355580141966e-6,0.0,0.0,0.0,0.0,0.0,0.0,0.0,0.0,0.0,0.0,0.0,0.0,0.0,0.0,0.0,0.0,0.0,0.0,0.0,0.0,0.0,0.0,0.0,0.0,0.0,0.0,0.0,0.0,0.0,0.0,0.0,0.0,0.0,0.0,0.0,0.0,0.0,0.0,0.0,0.0,0.0,0.0,0.0,0.0,0.0,0.00881620121923558
t54,0.0,0.0,0.00034968099307022853,7.982292579823772e-5,0.00016984506559591863,7.295104064640246e-5,0.00026898846754887544,0.001968414746724612,4.426944143637949e-6,5.3443878309597935e-6,0.0,0.0,0.0,0.0,0.0,0.00028824466602263743,0.00010650934639236624,0.00045636997880930106,0.0013155421285550623,0.0004988988192835506,4.627038009036515e-6,4.913780529780416e-6,0.0,0.0,0.0,0.0,0.0,6.772900139544722e-5,0.000159378480557202,3.983673883545874e-5,4.64160705499723e-5,0.00022511829746045677,0.0013460684663145013,3.1104460684096155e-6,2.5108312102436013e-6,0.0,0.0,9.710657130441415e-5,0.00011569375784327974,0.0001784553399659642,0.0,6.061135314041022e-6,8.859386739740218e-5,0.0001347132477217975,0.000187372497295958,0.0,8.939098362504494e-6,8.097537694948273e-5,0.0001467354498089713,0.0001864189512047672,0.0,6.6988003642429555e-6,0.0,0.0,0.0,0.0,0.0,0.0,0.0,0.0,0.0,0.0,0.0,0.0,0.0,0.0,0.0,0.0,0.0,0.0,0.0,0.0,0.0,0.0,0.0,0.0,0.0,0.0,0.0,0.0,0.0,0.0,0.0,0.0,0.0,0.0,0.0,0.0,0.0,0.0,0.0,0.0,0.0,0.0,0.0,0.0,0.0,0.008722512754885125
t55,0.0,0.0,0.00035091662598114615,8.078669956831684e-5,0.00017358178741293766,7.377986447128282e-5,0.0002706747196603457,0.0019910426089698174,4.44111949173179e-6,5.36327353286812e-6,0.0,0.0,0.0,0.0,0.0,0.00029796026434450164,0.00011152840702053153,0.0004608736268256256,0.0013443441589660557,0.0005130618894291139,4.624680105204834e-6,4.909292160170145e-6,0.0,0.0,0.0,0.0,0.0,6.692971612618314e-5,0.00015695941342673948,3.905995827316021e-5,4.557179525657549e-5,0.0002217311262441425,0.0013337244184424188,3.2010382634533277e-6,2.579485510742277e-6,0.0,0.0,9.572615089492084e-5,0.00011434012231594533,0.00016736737606841772,0.0,6.1773741148323575e-6,8.862987165747486e-5,0.0001346419872057761,0.00017996634624576756,0.0,8.923028579500997e-6,8.187796265324755e-5,0.00015285920389541055,0.0001798770242010065,0.0,6.65742433380072e-6,0.0,0.0,0.0,0.0,0.0,0.0,0.0,0.0,0.0,0.0,0.0,0.0,0.0,0.0,0.0,0.0,0.0,0.0,0.0,0.0,0.0,0.0,0.0,0.0,0.0,0.0,0.0,0.0,0.0,0.0,0.0,0.0,0.0,0.0,0.0,0.0,0.0,0.0,0.0,0.0,0.0,0.0,0.0,0.0,0.0,0.008774689841649166
t56,0.0,0.0,0.00035230603071321163,8.195051826838024e-5,0.00017811409639370353,7.477832191079337e-5,0.0002705099523155968,0.002010495539629691,4.461061050912409e-6,5.3909790618093975e-6,0.0,0.0,0.0,0.0,0.0,0.00030926801832480827,0.00011763210863115209,0.0004653230444469702,0.001374518564500348,0.0005288512843568277,4.627976872009838e-6,4.9103664633714185e-6,0.0,0.0,0.0,0.0,0.0,6.903659239310531e-5,0.00016050368424533345,4.028010747517529e-5,4.6514165093747405e-5,0.00022507244851128347,0.0013554093372799023,3.321464939280596e-6,2.6750195065543895e-6,0.0,0.0,9.76263809652004e-5,0.00011749654955151279,0.0001725600124211263,0.0,6.336620058904083e-6,8.788657244044325e-5,0.00013402895032127465,0.000184648603457264,0.0,8.921926315669201e-6,8.297397581082112e-5,0.00015985172196063683,0.00018609897392093472,0.0,6.627279651054697e-6,0.0,0.0,0.0,0.0,0.0,0.0,0.0,0.0,0.0,0.0,0.0,0.0,0.0,0.0,0.0,0.0,0.0,0.0,0.0,0.0,0.0,0.0,0.0,0.0,0.0,0.0,0.0,0.0,0.0,0.0,0.0,0.0,0.0,0.0,0.0,0.0,0.0,0.0,0.0,0.0,0.0,0.0,0.0,0.0,0.0,0.008931008249258809
t57,0.0,0.0,0.0003543123019301651,8.340951361213031e-5,0.00018377068543009878,7.603523558777693e-5,0.00026853487647667353,0.0020286945898884503,4.488206804735226e-6,5.429304017117988e-6,0.0,0.0,0.0,0.0,0.0,0.0003231384573054103,0.0001252620555320394,0.0004703947597328654,0.0014093089668933492,0.0005476630585813237,4.637955354133336e-6,4.9180128389558466e-6,0.0,0.0,0.0,0.0,0.0,7.083360687779832e-5,0.00016379479076931376,4.127543835580706e-5,4.721770023602064e-5,0.00022765842214094408,0.0013750491213480082,3.451891424277587e-6,2.781033918598345e-6,0.0,0.0,9.922646353035424e-5,0.0001208171888383117,0.0001828540115497882,0.0,6.514846531917132e-6,8.664178291347297e-5,0.00013317769762799457,0.00019582340786042355,0.0,8.933976728911635e-6,8.407146627766737e-5,0.00016819028486170738,0.00019909311611853667,0.0,6.6059286217280164e-6,0.0,0.0,0.0,0.0,0.0,0.0,0.0,0.0,0.0,0.0,0.0,0.0,0.0,0.0,0.0,0.0,0.0,0.0,0.0,0.0,0.0,0.0,0.0,0.0,0.0,0.0,0.0,0.0,0.0,0.0,0.0,0.0,0.0,0.0,0.0,0.0,0.0,0.0,0.0,0.0,0.0,0.0,0.0,0.0,0.0,0.009114010156516805
t58,0.0,0.0,0.00035712082972713086,8.524948787720523e-5,0.0001908734381591995,7.762823610274452e-5,0.00026459223243090624,0.0020466586061740023,4.527771989440052e-6,5.481007922579687e-6,0.0,0.0,0.0,0.0,0.0,0.0003409056136137829,0.00013510352277172106,0.00047688204618259955,0.001452077389212671,0.0005711551416006955,4.657009034458962e-6,4.93532503768928e-6,0.0,0.0,0.0,0.0,0.0,7.291053214199508e-5,0.00016770550172322664,4.238678744456933e-5,4.797858441992458e-5,0.00023009114055148799,0.0013951528531989776,3.5931713059895002e-6,2.8976578699723872e-6,0.0,0.0,0.00010188581912166636,0.0001253582857090301,0.00017519037503294722,0.0,6.710760784368217e-6,8.508362962572337e-5,0.00013227910778197915,0.00018899149904006552,0.0,8.971979498286202e-6,8.516702552344998e-5,0.00017852115928315,0.0001938598552650205,0.0,6.5927436161989615e-6,0.0,0.0,0.0,0.0,0.0,0.0,0.0,0.0,0.0,0.0,0.0,0.0,0.0,0.0,0.0,0.0,0.0,0.0,0.0,0.0,0.0,0.0,0.0,0.0,0.0,0.0,0.0,0.0,0.0,0.0,0.0,0.0,0.0,0.0,0.0,0.0,0.0,0.0,0.0,0.0,0.0,0.0,0.0,0.0,0.0,0.009269176126774855
t59,0.0,0.0,0.00036045924435363497,8.750953544231592e-5,0.00019969858707541058,7.959095843263591e-5,0.0002581250667378621,0.002061277161389855,4.612143976285564e-6,5.59056464050385e-6,0.0,0.0,0.0,0.0,0.0,0.0003645998241770765,0.0001482928384209911,0.0004858538043112624,0.0015070330316621927,0.0006013983542438524,4.685264457611301e-6,4.962499875258837e-6,0.0,0.0,0.0,0.0,0.0,7.539162864864064e-5,0.00017241214398188305,4.371815329674528e-5,4.888252980848184e-5,0.00023255716546918294,0.0014170756732515388,3.75593284357834e-6,3.0339253891393957e-6,0.0,0.0,0.00010403753196698718,0.000130726831619554,0.00018099017957846488,0.0,6.930397859245973e-6,8.321766782885481e-5,0.00013138650927422814,0.00019510937743159022,0.0,9.102810136351684e-6,8.66748499390849e-5,0.00019173150732562554,0.00020335140936328068,0.0,6.591979063523397e-6,0.0,0.0,0.0,0.0,0.0,0.0,0.0,0.0,0.0,0.0,0.0,0.0,0.0,0.0,0.0,0.0,0.0,0.0,0.0,0.0,0.0,0.0,0.0,0.0,0.0,0.0,0.0,0.0,0.0,0.0,0.0,0.0,0.0,0.0,0.0,0.0,0.0,0.0,0.0,0.0,0.0,0.0,0.0,0.0,0.0,0.009500367083272732
t60,0.0,0.0,0.00046517007060732966,0.0001168912756318485,0.00024655606750542246,0.00010545795574579829,0.00031034096701078627,0.0025701337802930815,5.070004452519534e-6,6.1414328137628875e-6,0.0,0.0,0.0,0.0,0.0,0.0003974743319946207,0.00016669423471060512,0.0004987899794690328,0.0015809950096612954,0.0006419878985198499,4.723466956502129e-6,5.00015875661788e-6,0.0,0.0,0.0,0.0,0.0,7.861087744394204e-5,0.00017869126365104604,4.548895362824532e-5,5.014321296633907e-5,0.00023554577475266885,0.0014435034322153922,3.899510917347531e-6,3.1529370859145445e-6,0.0,0.0,0.00010695918282822002,0.00013805318958724235,0.00019263890363742622,0.0,7.118094312407904e-6,9.916167991761659e-5,0.00017474134868038116,0.00024441874603051025,0.0,9.55087574347385e-6,8.877674299169737e-5,0.00020936836550299907,0.00022160744311421093,0.0,6.600635919126084e-6,0.0,0.0,0.0,0.0,0.0,0.0,0.0,0.0,0.0,0.0,0.0,0.0,0.0,0.0,0.0,0.0,0.0,0.0,0.0,0.0,0.0,0.0,0.0,0.0,0.0,0.0,0.0,0.0,0.0,0.0,0.0,0.0,0.0,0.0,0.0,0.0,0.0,0.0,0.0,0.0,0.0,0.0,0.0,0.0,0.0,0.01065945780505528
t61,0.0,0.0,0.0006773407510273918,0.0001794072053859956,0.00032926781090716813,0.00015949379185564036,0.0003998593838324539,0.0035160596433678323,5.650848979905967e-6,6.835877753737254e-6,0.0,0.0,0.0,0.0,0.0,0.0004454213262768963,0.00019396990086560038,0.0005179280836238276,0.0016846038733532966,0.0006988740023801367,4.773008349774401e-6,5.04970572263905e-6,0.0,0.0,0.0,0.0,0.0,8.35592516026014e-5,0.0001876610840004085,4.871598650987625e-5,5.2430416476501457e-5,0.0002399836906764181,0.001475805417572964,4.108926672634586e-6,3.329021344426612e-6,0.0,0.0,0.00011397384696265473,0.00015046787830589562,0.00018847720545307826,0.0,7.371483736712826e-6,0.0001247941787566875,0.0002668870973937384,0.0002955295055860318,0.0,1.007998291228857e-5,9.206813029527223e-5,0.00023417740464112637,0.00022148429025241825,0.0,6.6176441377740495e-6,0.0,0.0,0.0,0.0,0.0,0.0,0.0,0.0,0.0,0.0,0.0,0.0,0.0,0.0,0.0,0.0,0.0,0.0,0.0,0.0,0.0,0.0,0.0,0.0,0.0,0.0,0.0,0.0,0.0,0.0,0.0,0.0,0.0,0.0,0.0,0.0,0.0,0.0,0.0,0.0,0.0,0.0,0.0,0.0,0.0,0.012632057656971805
t62,0.0,0.0,0.0013797640409429477,0.0004173409942795198,0.0005196567022670096,0.0003543875847915265,0.0006194120001798779,0.006170164215281826,6.361094363272745e-6,7.689869772647614e-6,0.0,0.0,0.0,0.0,0.0,0.0005195210441413424,0.00023792874812953726,0.000544665771917039,0.001835782960761472,0.0007826854156973053,4.831056219850837e-6,5.106996323824018e-6,0.0,0.0,0.0,0.0,0.0,8.830472303141354e-5,0.0001979423574243105,5.104868117982493e-5,5.4008550903839733e-5,0.00024442540798969394,0.0015172032577271963,4.202176931869707e-6,3.4104586736101514e-6,0.0,0.0,0.00011577082502302133,0.0001640430461646729,0.00019528708415966355,0.0,7.502556901450167e-6,0.00017895573934622022,0.0006335944515256418,0.0004350002984971472,0.0,1.0649904977623171e-5,9.613984630399186e-5,0.0002710802982710012,0.00024058693849486376,0.0,6.644598351188235e-6,0.0,0.0,0.0,0.0,0.0,0.0,0.0,0.0,0.0,0.0,0.0,0.0,0.0,0.0,0.0,0.0,0.0,0.0,0.0,0.0,0.0,0.0,0.0,0.0,0.0,0.0,0.0,0.0,0.0,0.0,0.0,0.0,0.0,0.0,0.0,0.0,0.0,0.0,0.0,0.0,0.0,0.0,0.0,0.0,0.0,0.017921099696947242
t63,0.0,0.0,0.002062029043200576,0.00063956950547472,0.0007287597203596831,0.0005412005248012385,0.0007852058918359779,0.008814980722040157,6.719876891755534e-6,8.143141780203051e-6,0.0,0.0,0.0,0.0,0.0,0.000646963459136457,0.00031994910782421606,0.0005820842239535567,0.0020723803201805747,0.0009178708952286639,4.906408698721847e-6,5.182694449959748e-6,0.0,0.0,0.0,0.0,0.0,9.644348973271137e-5,0.00021490239710544284,5.589668641346627e-5,5.750436293123661e-5,0.0002519589987892256,0.001576817038166812,4.364305948072784e-6,3.544287336603515e-6,0.0,0.0,0.0001230340240601186,0.00018895305324724034,0.00021207597925673873,0.0,7.695012599312644e-6,0.00020164886426567524,0.0007971798415128104,0.0005569422722959968,0.0,1.09754609875802e-5,0.000102963607726059,0.0003318035005489028,0.0002754880424303286,0.0,6.684641021255755e-6,0.0,0.0,0.0,0.0,0.0,0.0,0.0,0.0,0.0,0.0,0.0,0.0,0.0,0.0,0.0,0.0,0.0,0.0,0.0,0.0,0.0,0.0,0.0,0.0,0.0,0.0,0.0,0.0,0.0,0.0,0.0,0.0,0.0,0.0,0.0,0.0,0.0,0.0,0.0,0.0,0.0,0.0,0.0,0.0,0.0,0.02321282140223205
t64,0.0,0.0,20.551463686452195,35.33284278142473,0.0015066877290953857,21.7458974201608,0.001495618704793069,0.034238206002765295,7.043943778955893e-6,8.552991133875204e-6,0.0,0.0,0.0,0.0,0.0,0.0009141721734732807,0.0005247224550385204,0.0006363201477268464,0.002480378933769403,0.0011678060711596077,5.000770298470626e-6,5.27820218558849e-6,0.0,0.0,0.0,0.0,0.0,0.00010738531407393235,0.0002355793857285675,6.216566215489374e-5,6.173640244845289e-5,0.0002642051829450104,0.0016589488555116285,4.550823190774782e-6,3.701293018766814e-6,0.0,0.0,0.00013460738741897827,0.00023499008588710336,0.00021239062068062977,0.0,7.896395211580681e-6,0.00026555447161152895,0.0014313547512933135,0.000764284274069781,0.0,1.120348963849599e-5,0.00011456101676081901,0.0004485770734522508,0.00029607801248256486,0.0,6.737840291171052e-6,0.0,0.0,0.0,0.0,0.0,0.0,0.0,0.0,0.0,0.0,0.0,0.0,0.0,0.0,0.0,0.0,0.0,0.0,0.0,0.0,0.0,0.0,0.0,0.0,0.0,0.0,0.0,0.0,0.0,0.0,0.0,0.0,0.0,0.0,0.0,0.0,0.0,0.0,0.0,0.0,0.0,0.0,0.0,0.0,0.0,77.67952018450082
t65,0.0,0.0,11.43683475033143,18.66372286367676,0.14949240186231866,11.251127941078451,40.90887189351175,46.901984285477894,7.495918722214704e-6,9.128936984188827e-6,0.0,0.0,0.0,0.0,0.0,0.0018461075921971087,0.001957215314314892,0.0007204549190184397,0.003320973978271465,0.0017752330719589323,5.11619234972297e-6,5.395457194477129e-6,0.0,0.0,0.0,0.0,0.0,0.00012096119853812035,0.000261330115516601,6.96003367841139e-5,6.618464928225252e-5,0.0002848037890772608,0.0017801204813315593,4.7475213547459e-6,3.865225927529897e-6,0.0,0.0,0.00015383679392442037,0.00035409345061977455,0.00023216077771394164,0.0,8.09794286422904e-6,0.000551414569560637,79.63227044915048,0.0020236556914554078,0.0,1.1464861487970622e-5,0.00013415008297485692,0.0007669392475589884,0.00036223660201328367,0.0,6.809375590798823e-6,0.0,0.0,0.0,0.0,0.0,0.0,0.0,0.0,0.0,0.0,0.0,0.0,0.0,0.0,0.0,0.0,0.0,0.0,0.0,0.0,0.0,0.0,0.0,0.0,0.0,0.0,0.0,0.0,0.0,0.0,0.0,0.0,0.0,0.0,0.0,0.0,0.0,0.0,0.0,0.0,0.0,0.0,0.0,0.0,0.0,208.96114817918368
t66,0.0,0.0,0.0007715570337274445,0.00011883324733003812,0.0012151046162951287,0.00015822828201181207,0.0026564648562976624,0.009662823772465402,5.460097091399053e-6,6.511338196621226e-6,0.0,0.0,0.0,0.0,0.0,47.977979545646086,47.99250592730576,0.0008679025311215927,0.006014052462944077,0.005665792872807553,5.2572528556932645e-6,5.5400738113312455e-6,0.0,0.0,0.0,0.0,0.0,0.00014406685827575427,0.0003027924627248876,8.256325475048473e-5,7.314729259909633e-5,0.00032196885777804635,0.001968679907694327,4.956833627945885e-6,4.040260876514673e-6,0.0,0.0,0.00018360180639715533,0.0005076411109917812,0.00027080919816974613,0.0,8.292101337620525e-6,0.00014878272454655326,0.00011742707020139626,0.00039524825836490565,0.0,9.586955695515197e-6,0.00017858604005053998,0.004635865470413648,0.0005235545001932407,0.0,6.890515234937312e-6,0.0,0.0,0.0,0.0,0.0,0.0,0.0,0.0,0.0,0.0,0.0,0.0,0.0,0.0,0.0,0.0,0.0,0.0,0.0,0.0,0.0,0.0,0.0,0.0,0.0,0.0,0.0,0.0,0.0,0.0,0.0,0.0,0.0,0.0,0.0,0.0,0.0,0.0,0.0,0.0,0.0,0.0,0.0,0.0,0.0,96.00752750286873
t67,0.0,0.0,0.0003717952590106702,7.47768963876617e-5,0.00048730358276316896,7.125046635027862e-5,0.0009557435510563473,0.004145058119164131,4.345513981243058e-6,5.152191992632385e-6,0.0,0.0,0.0,0.0,0.0,0.003599875431587434,0.0008523053278260846,0.0007718044758679639,0.0036018862060069566,0.0020751621470203397,4.568626534303405e-6,4.829184404675094e-6,0.0,0.0,0.0,0.0,0.0,0.00016527746326208388,0.0003361778696329364,9.331665880852051e-5,7.852347014926064e-5,0.0003602944689988091,0.002125790980686826,5.140942174891248e-6,4.194487374219221e-6,0.0,0.0,0.00020893581465386443,0.0005646140701170436,0.00028580272328902995,0.0,8.440845925107296e-6,9.747185633942387e-5,7.411839045824412e-5,0.00025142387568449694,0.0,8.249297290587002e-6,0.00013078737517021783,0.00020597265676895114,0.0003375001867886382,0.0,6.269366740455008e-6,0.0,0.0,0.0,0.0,0.0,0.0,0.0,0.0,0.0,0.0,0.0,0.0,0.0,0.0,0.0,0.0,0.0,0.0,0.0,0.0,0.0,0.0,0.0,0.0,0.0,0.0,0.0,0.0,0.0,0.0,0.0,0.0,0.0,0.0,0.0,0.0,0.0,0.0,0.0,0.0,0.0,0.0,0.0,0.0,0.0,0.022374159780267494
t68,0.0,0.0,0.00026226635835569086,6.23184210049778e-5,0.00031538537276968285,4.971969453129231e-5,0.0006190154452516564,0.0029578482037088956,3.6338431039660195e-6,4.289988557324741e-6,0.0,0.0,0.0,0.0,0.0,0.00127388143745718,0.0003020893305166354,0.0007158964916311208,0.0027423018697640827,0.0013683893226804867,4.054957102755857e-6,4.294952064143415e-6,0.0,0.0,0.0,0.0,0.0,0.0001681042087926023,0.00037406397505331093,0.000107852900888556,8.493529567575103e-5,0.0004158581227062634,0.002318953746671057,5.3445645956625255e-6,4.354872166150781e-6,0.0,0.0,0.0002742760721450623,0.0012204399743826282,0.00034472401454593214,0.0,8.541049172891194e-6,7.726739045614603e-5,5.924017813439614e-5,0.00021078316477855542,0.0,7.284811181312975e-6,0.00011230954867059267,0.00011817829628754245,0.0002748706172300742,0.0,5.804005632122812e-6,0.0,0.0,0.0,0.0,0.0,0.0,0.0,0.0,0.0,0.0,0.0,0.0,0.0,0.0,0.0,0.0,0.0,0.0,0.0,0.0,0.0,0.0,0.0,0.0,0.0,0.0,0.0,0.0,0.0,0.0,0.0,0.0,0.0,0.0,0.0,0.0,0.0,0.0,0.0,0.0,0.0,0.0,0.0,0.0,0.0,0.0168785724976665
t69,0.0,0.0,0.00020829539635293067,5.235060031610636e-5,0.0002286316530596543,3.9452835290839556e-5,0.00046237091746301597,0.002419610689514724,3.1254130390513363e-6,3.6830199488532435e-6,0.0,0.0,0.0,0.0,0.0,0.0007825433877097312,0.00018451150748464274,0.000678251808222049,0.0022690005152005963,0.0010469488702025554,3.656240693847096e-6,3.879175869279981e-6,0.0,0.0,0.0,0.0,0.0,5.338736785436547e-5,0.0001288601246663299,3.1949812828474255e-5,4.0001858312751296e-5,0.00017397327918757801,0.0010354676870370995,4.256555608903987e-6,3.426538844350635e-6,0.0,0.0,6.987705381469682e-5,5.0460157166674275e-5,0.00013636082420085473,0.0,7.46106708128937e-6,6.64228128362465e-5,5.231611097795534e-5,0.00019889727899673193,0.0,6.519885883636338e-6,0.00010144608023417563,9.300913740014405e-5,0.00024711288522770485,0.0,5.417626759015758e-6,0.0,0.0,0.0,0.0,0.0,0.0,0.0,0.0,0.0,0.0,0.0,0.0,0.0,0.0,0.0,0.0,0.0,0.0,0.0,0.0,0.0,0.0,0.0,0.0,0.0,0.0,0.0,0.0,0.0,0.0,0.0,0.0,0.0,0.0,0.0,0.0,0.0,0.0,0.0,0.0,0.0,0.0,0.0,0.0,0.0,0.010892936175286855
t70,0.0,0.0,0.00017916851365234343,4.4415681442440786e-5,0.00018785410322583014,3.392262292115677e-5,0.0003902874178201126,0.002176478895919377,2.758884553748736e-6,3.2441636057944917e-6,0.0,0.0,0.0,0.0,0.0,0.0005711924864849409,0.00013619501651190906,0.0006495702692340445,0.0019623456439938,0.0008604267032691564,3.3363021163749254e-6,3.5443777637064316e-6,0.0,0.0,0.0,0.0,0.0,5.5593490996664334e-5,0.0001358560282430234,3.327955611539569e-5,4.1635866023869035e-5,0.00018774125293251467,0.0011170284338605004,4.299135611810913e-6,3.468270623669214e-6,0.0,0.0,7.392753961086921e-5,6.149749668649208e-5,0.00013511685925311344,0.0,7.464333309045684e-6,6.103687053826706e-5,5.002297715449664e-5,0.00018442941964958855,0.0,5.9177044525419534e-6,9.438232139393172e-5,7.970037890988655e-5,0.00021256832125080057,0.0,5.086409415106764e-6,0.0,0.0,0.0,0.0,0.0,0.0,0.0,0.0,0.0,0.0,0.0,0.0,0.0,0.0,0.0,0.0,0.0,0.0,0.0,0.0,0.0,0.0,0.0,0.0,0.0,0.0,0.0,0.0,0.0,0.0,0.0,0.0,0.0,0.0,0.0,0.0,0.0,0.0,0.0,0.0,0.0,0.0,0.0,0.0,0.0,0.009754793748546323
t71,0.0,0.0,0.00016106056056512276,3.885529053685778e-5,0.00016134610866860497,3.0477194011803754e-5,0.00034232168938256647,0.0020313496498717467,2.4747057696028082e-6,2.90615965556704e-6,0.0,0.0,0.0,0.0,0.0,0.0004531114223667421,0.00010957651178023655,0.0006245800816950119,0.0017425637517316278,0.0007366295878585726,3.075489915667038e-6,3.2714927637637807e-6,0.0,0.0,0.0,0.0,0.0,5.822737357753489e-5,0.00014310669676547832,3.532759323701986e-5,4.3778846796355136e-5,0.00019930549194218777,0.0011714668639373855,4.496916807993309e-6,3.608159978094412e-6,0.0,0.0,8.003347682842451e-5,7.372975707833897e-5,0.00014275710134220717,0.0,7.598404260503802e-6,5.801501361061158e-5,4.8433437276961346e-5,0.0001822138980602307,0.0,5.42041902339628e-6,8.928626895673356e-5,7.272626943539292e-5,0.00019693132826501466,0.0,4.805119184149618e-6,0.0,0.0,0.0,0.0,0.0,0.0,0.0,0.0,0.0,0.0,0.0,0.0,0.0,0.0,0.0,0.0,0.0,0.0,0.0,0.0,0.0,0.0,0.0,0.0,0.0,0.0,0.0,0.0,0.0,0.0,0.0,0.0,0.0,0.0,0.0,0.0,0.0,0.0,0.0,0.0,0.0,0.0,0.0,0.0,0.0,0.009064868132937508
t72,0.0,0.0,0.00015046016117133433,3.496709268159411e-5,0.00014255305801617757,2.8335805600395958e-5,0.0003065437530570578,0.0019276854225277976,2.2473217444333604e-6,2.6362347886892314e-6,0.0,0.0,0.0,0.0,0.0,0.000377199436495525,9.255239350180364e-5,0.0005993526183438402,0.0015746285780826417,0.0006481460462735325,2.8575598983751987e-6,3.0429985272943903e-6,0.0,0.0,0.0,0.0,0.0,6.0370013876532755e-5,0.0001489575749820054,3.686339137460396e-5,4.525395950982496e-5,0.00020825919805064975,0.0012128945562750971,4.648458828594578e-6,3.7209907096814042e-6,0.0,0.0,8.454035659394091e-5,8.372095687045333e-5,0.00015460060227971936,0.0,7.696397646233836e-6,5.625224930283697e-5,4.741721138914668e-5,0.00018483230334667176,0.0,5.004838279592859e-6,8.533857754379694e-5,6.87730147331703e-5,0.0001915521934572107,0.0,4.560341208302871e-6,0.0,0.0,0.0,0.0,0.0,0.0,0.0,0.0,0.0,0.0,0.0,0.0,0.0,0.0,0.0,0.0,0.0,0.0,0.0,0.0,0.0,0.0,0.0,0.0,0.0,0.0,0.0,0.0,0.0,0.0,0.0,0.0,0.0,0.0,0.0,0.0,0.0,0.0,0.0,0.0,0.0,0.0,0.0,0.0,0.0,0.00858846566696856
t73,0.0,0.0,0.0001439710406385164,3.140641872783656e-5,0.0001279782239082119,2.6846635179946295e-5,0.00027708911897724684,0.0018344827650111338,2.0605919490416123e-6,2.4146283554424326e-6,0.0,0.0,0.0,0.0,0.0,0.0003233718387641479,8.073526847559875e-5,0.0005719797599159334,0.0014410211002783163,0.000581617855016318,2.6726716851997138e-6,2.8489642002306165e-6,0.0,0.0,0.0,0.0,0.0,6.222203547408327e-5,0.00015354352209658763,3.806107545635956e-5,4.6309965631707306e-5,0.00021488184852752314,0.001247183149893526,4.848096110332581e-6,3.873528718456615e-6,0.0,0.0,8.849125147181247e-5,9.158803329528618e-5,0.00015040684869580006,0.0,7.852535030226492e-6,5.5109747132288915e-5,4.692339599301798e-5,0.0001759096761425811,0.0,4.649359852252663e-6,8.190952852255374e-5,6.625872215875259e-5,0.00017240642727614058,0.0,4.3477956796665855e-6,0.0,0.0,0.0,0.0,0.0,0.0,0.0,0.0,0.0,0.0,0.0,0.0,0.0,0.0,0.0,0.0,0.0,0.0,0.0,0.0,0.0,0.0,0.0,0.0,0.0,0.0,0.0,0.0,0.0,0.0,0.0,0.0,0.0,0.0,0.0,0.0,0.0,0.0,0.0,0.0,0.0,0.0,0.0,0.0,0.0,0.008167273424242075
t74,0.0,0.0,0.0001397064721498173,2.8569740352411854e-5,0.00011603753410677957,2.5745208502046427e-5,0.00025101845415765093,0.001731784450083234,1.9036943971173503e-6,2.22909570847681e-6,0.0,0.0,0.0,0.0,0.0,0.0002830222696087161,7.193126002670798e-5,0.0005405150734465016,0.0013307970580828717,0.0005292366321247952,2.513027490047202e-6,2.68129640581957e-6,0.0,0.0,0.0,0.0,0.0,6.370765006352409e-5,0.00015662784239388658,3.890586838500382e-5,4.6941611455565166e-5,0.00021948307737950485,0.0012738580729885905,5.0461890409171886e-6,4.0248670872272995e-6,0.0,0.0,9.132430816766232e-5,9.75440371930832e-5,0.00015640549692793977,0.0,7.990523225391378e-6,5.414222399055936e-5,4.667851623905868e-5,0.00017404046119541978,0.0,4.339528666793446e-6,7.853790451642054e-5,6.389108921203487e-5,0.00016376562238258372,0.0,4.16166800590618e-6,0.0,0.0,0.0,0.0,0.0,0.0,0.0,0.0,0.0,0.0,0.0,0.0,0.0,0.0,0.0,0.0,0.0,0.0,0.0,0.0,0.0,0.0,0.0,0.0,0.0,0.0,0.0,0.0,0.0,0.0,0.0,0.0,0.0,0.0,0.0,0.0,0.0,0.0,0.0,0.0,0.0,0.0,0.0,0.0,0.0,0.007809107825160067
t75,0.0,0.0,0.00013624532954556023,2.6759014243762236e-5,0.00010603583544861884,2.4815207686343548e-5,0.0002271071449733259,0.0016084556462652821,1.769977539757847e-6,2.0711049142255282e-6,0.0,0.0,0.0,0.0,0.0,0.00025174800399890325,6.498548794280575e-5,0.0005096664449670853,0.001237635263178006,0.00048691231594673545,2.373572143041731e-6,2.5347836651777933e-6,0.0,0.0,0.0,0.0,0.0,6.477272565761132e-5,0.00015834354662674295,3.934948679172296e-5,4.7164826460499786e-5,0.00022238815234093835,0.001293667748008484,5.2532338726472145e-6,4.178764853357854e-6,0.0,0.0,9.333026593368549e-5,0.0001021080554542441,0.00016683109841643048,0.0,8.129993287447427e-6,5.278136448641601e-5,4.5587491515620524e-5,0.00017279797195529783,0.0,4.065223199906272e-6,7.460270714741517e-5,6.102842595099844e-5,0.00016077392585325836,0.0,3.991192505772273e-6,0.0,0.0,0.0,0.0,0.0,0.0,0.0,0.0,0.0,0.0,0.0,0.0,0.0,0.0,0.0,0.0,0.0,0.0,0.0,0.0,0.0,0.0,0.0,0.0,0.0,0.0,0.0,0.0,0.0,0.0,0.0,0.0,0.0,0.0,0.0,0.0,0.0,0.0,0.0,0.0,0.0,0.0,0.0,0.0,0.0,0.0074702613327771285
t76,0.0,0.0,0.00013243560621371231,2.565114121777211e-5,9.734076830248112e-5,2.3913224793855313e-5,0.00020513470115148265,0.00146251975994418,1.6546113847797322e-6,1.933787597355773e-6,0.0,0.0,0.0,0.0,0.0,0.00022635458591008416,5.925598704434294e-5,0.00048062698682404815,0.0011563600129244794,0.0004516688228778874,2.2507008959602095e-6,2.405739166378804e-6,0.0,0.0,0.0,0.0,0.0,6.553783767030808e-5,0.00015886812199146345,3.9485693079209874e-5,4.708796443496303e-5,0.00022380251097555895,0.0013070307761116546,5.468609845817074e-6,4.333918534338322e-6,0.0,0.0,9.441719444856275e-5,0.00010522787568971318,0.0001600655105137098,0.0,8.270758856459247e-6,5.1001050245377705e-5,4.339539473022504e-5,0.00015542521343924224,0.0,3.825035950692736e-6,6.955396532332563e-5,5.7107486857595845e-5,0.00014383905853655648,0.0,3.832679754427383e-6,0.0,0.0,0.0,0.0,0.0,0.0,0.0,0.0,0.0,0.0,0.0,0.0,0.0,0.0,0.0,0.0,0.0,0.0,0.0,0.0,0.0,0.0,0.0,0.0,0.0,0.0,0.0,0.0,0.0,0.0,0.0,0.0,0.0,0.0,0.0,0.0,0.0,0.0,0.0,0.0,0.0,0.0,0.0,0.0,0.0,0.007077083093238002
t77,0.0,0.0,0.00012737702484553472,2.4414813408431194e-5,8.958091985759891e-5,2.288027258250198e-5,0.00018490169597716176,0.0013008902781426878,1.5532161298956297e-6,1.8108118205747373e-6,0.0,0.0,0.0,0.0,0.0,0.0002026442571519874,5.3501506216859665e-5,0.0004518076371849354,0.0010724563361470564,0.00041586561742752986,2.1394863918787466e-6,2.2896663083054003e-6,0.0,0.0,0.0,0.0,0.0,6.613813577187001e-5,0.00015859382471776254,3.946304075570081e-5,4.688941300691653e-5,0.0002237650946619696,0.0013144373472140877,5.6846170376400075e-6,4.483723541120345e-6,0.0,0.0,9.466344909429606e-5,0.00010716465098794118,0.00016443553673356552,0.0,8.40519541302578e-6,4.852917300740026e-5,4.02478447265678e-5,0.0001382487842853541,0.0,3.598630729210997e-6,6.2746086451511e-5,5.1011364031054666e-5,0.00013061484080733105,0.0,3.6599364977017253e-6,0.0,0.0,0.0,0.0,0.0,0.0,0.0,0.0,0.0,0.0,0.0,0.0,0.0,0.0,0.0,0.0,0.0,0.0,0.0,0.0,0.0,0.0,0.0,0.0,0.0,0.0,0.0,0.0,0.0,0.0,0.0,0.0,0.0,0.0,0.0,0.0,0.0,0.0,0.0,0.0,0.0,0.0,0.0,0.0,0.0,0.006666894229064968
t78,0.0,0.0,0.00011959907936569296,2.2473893302212888e-5,8.339676468741186e-5,2.1163086067531378e-5,0.00015618428626980966,0.0011231623643102868,1.4617370440024801e-6,1.6884026973576918e-6,0.0,0.0,0.0,0.0,0.0,0.00020782355112847087,5.519857603016911e-5,0.0004415902988589751,0.0010767395639104129,0.00042072565485819344,2.079655899767872e-6,2.2263875799447385e-6,0.0,0.0,0.0,0.0,0.0,6.630745808475832e-5,0.00015718550709526983,3.907224994072779e-5,4.634531780922105e-5,0.00022222588849979695,0.0013164589098020973,5.920084060447021e-6,4.6471610789778155e-6,0.0,0.0,9.427353168152007e-5,0.00010801005133770735,0.0001733053103444272,0.0,8.551296714487608e-6,4.358020748127413e-5,3.532928711574232e-5,0.00011409007968694853,0.0,3.2316031387713093e-6,6.181752659261175e-5,5.3298965911042404e-5,0.00013886798577556018,0.0,3.583060093737655e-6,0.0,0.0,0.0,0.0,0.0,0.0,0.0,0.0,0.0,0.0,0.0,0.0,0.0,0.0,0.0,0.0,0.0,0.0,0.0,0.0,0.0,0.0,0.0,0.0,0.0,0.0,0.0,0.0,0.0,0.0,0.0,0.0,0.0,0.0,0.0,0.0,0.0,0.0,0.0,0.0,0.0,0.0,0.0,0.0,0.0,0.006431614784255366
t79,0.0,0.0,0.00013689936729346228,2.5797422412162473e-5,9.043205217331987e-5,2.428208661795703e-5,0.00017281140219590842,0.001222105358146901,1.4358173014484576e-6,1.6585242556154445e-6,0.0,0.0,0.0,0.0,0.0,0.00021110342570208952,5.655119474134686e-5,0.0004257204034467184,0.001063145189121433,0.000417841643902805,2.0294074610156166e-6,2.1738822637064426e-6,0.0,0.0,0.0,0.0,0.0,6.709511376218203e-5,0.00015602581469295447,3.9039561446198056e-5,4.619382386721697e-5,0.00021900804376798975,0.001312792150533818,6.168666802717792e-6,4.824375117350953e-6,0.0,0.0,9.31984387058768e-5,0.00010793132331504735,0.00016444364164675058,0.0,8.709210613486724e-6,5.0597139912717104e-5,4.2613966527308905e-5,0.00012281605860910738,0.0,3.1933472889076293e-6,5.905684570141642e-5,5.367542946542422e-5,0.0001308236600595476,0.0,3.5338650556764284e-6,0.0,0.0,0.0,0.0,0.0,0.0,0.0,0.0,0.0,0.0,0.0,0.0,0.0,0.0,0.0,0.0,0.0,0.0,0.0,0.0,0.0,0.0,0.0,0.0,0.0,0.0,0.0,0.0,0.0,0.0,0.0,0.0,0.0,0.0,0.0,0.0,0.0,0.0,0.0,0.0,0.0,0.0,0.0,0.0,0.0,0.006545727653927585
t80,0.0,0.0,0.00015664014493865336,2.9273528797711408e-5,9.761208737724614e-5,2.791663314955284e-5,0.00018348098422348884,0.001270562776421554,1.411049686721247e-6,1.630639398097572e-6,0.0,0.0,0.0,0.0,0.0,0.00038850522212782084,9.019996269961119e-5,0.0005299561320215122,0.0016627283029542906,0.0006914233421104538,2.1846355896904674e-6,2.3361754623224683e-6,0.0,0.0,0.0,0.0,0.0,7.013239159099532e-5,0.0001610961345331046,4.0520054653532674e-5,4.7499076332060166e-5,0.00022478469964234033,0.0013583911807190626,6.5223766860186245e-6,5.09107736314043e-6,0.0,0.0,9.625840073422135e-5,0.00011284518647465403,0.00017238925735484033,0.0,8.934979915008457e-6,5.795711503500324e-5,5.1942415386925125e-5,0.00013458254221692702,0.0,3.1569910897991944e-6,8.332562581780552e-5,8.70249686418308e-5,0.00017573577943086788,0.0,3.7284470592859074e-6,0.0,0.0,0.0,0.0,0.0,0.0,0.0,0.0,0.0,0.0,0.0,0.0,0.0,0.0,0.0,0.0,0.0,0.0,0.0,0.0,0.0,0.0,0.0,0.0,0.0,0.0,0.0,0.0,0.0,0.0,0.0,0.0,0.0,0.0,0.0,0.0,0.0,0.0,0.0,0.0,0.0,0.0,0.0,0.0,0.0,0.00803778031763615
t81,0.0,0.0,0.0001797269934566928,3.2083910680447134e-5,0.00010519217660942964,3.2171178031515705e-5,0.00019362436519863166,0.0013175870515030608,1.3874435338244395e-6,1.6042606942943462e-6,0.0,0.0,0.0,0.0,0.0,0.0014067957070526757,0.0001826180419782249,0.0007060467066025478,0.0033676371492198,0.001667330194645363,2.3239427908036046e-6,2.485233785598006e-6,0.0,0.0,0.0,0.0,0.0,7.353114940223037e-5,0.0001665207693904779,4.209092048239349e-5,4.890251797846499e-5,0.00022991751144898646,0.0014058791422944565,6.943256901737354e-6,5.4197896809582475e-6,0.0,0.0,0.00010011938628583319,0.00011817418366636023,0.00018609487677113487,0.0,9.200167227609403e-6,6.562804556048193e-5,6.360624019501702e-5,0.00015058608404090786,0.0,3.1219957793102986e-6,0.00012315559732060228,0.00018353074762698164,0.00025117827116681433,0.0,3.887476161347857e-6,0.0,0.0,0.0,0.0,0.0,0.0,0.0,0.0,0.0,0.0,0.0,0.0,0.0,0.0,0.0,0.0,0.0,0.0,0.0,0.0,0.0,0.0,0.0,0.0,0.0,0.0,0.0,0.0,0.0,0.0,0.0,0.0,0.0,0.0,0.0,0.0,0.0,0.0,0.0,0.0,0.0,0.0,0.0,0.0,0.0,0.012436102485165015
t82,0.0,0.0,0.00020706207548451346,3.6011143790797565e-5,0.00011310299995409591,3.7224242144921676e-5,0.00020378539720914077,0.001364854829894355,1.365150998195776e-6,1.579220617849506e-6,0.0,0.0,0.0,0.0,0.0,0.006046534545316279,0.0003160695826774101,0.0007595149558971062,0.004779171903685654,0.002851814043410017,2.3402058230203924e-6,2.5018585567314355e-6,0.0,0.0,0.0,0.0,0.0,7.770234286914025e-5,0.00017309443465839114,4.398379736045327e-5,5.064763213490896e-5,0.00023529697702249935,0.0014597424298837583,7.440641577543649e-6,5.813632058722463e-6,0.0,0.0,0.00010359565618991146,0.0001237422360832812,0.00018203654892176276,0.0,9.501584696528803e-6,7.292145384846248e-5,7.675263388967911e-5,0.00015195302149012728,0.0,3.0879686550532998e-6,0.0001344856277439709,0.0003790263124338312,0.0002635180540474553,0.0,3.915725626995812e-6,0.0,0.0,0.0,0.0,0.0,0.0,0.0,0.0,0.0,0.0,0.0,0.0,0.0,0.0,0.0,0.0,0.0,0.0,0.0,0.0,0.0,0.0,0.0,0.0,0.0,0.0,0.0,0.0,0.0,0.0,0.0,0.0,0.0,0.0,0.0,0.0,0.0,0.0,0.0,0.0,0.0,0.0,0.0,0.0,0.0,0.020281190866652567
t83,0.0,0.0,0.00023875913778080316,4.0630534201436215e-5,0.00012103559890844245,4.299723542387083e-5,0.00021413855476800695,0.0014132335327665866,1.3443589193528266e-6,1.5560462959725354e-6,0.0,0.0,0.0,0.0,0.0,0.015217347237610316,0.00027465027932084356,0.0007493837734005688,0.004340060447347536,0.002515519968016531,2.2555911732839514e-6,2.4120048413745254e-6,0.0,0.0,0.0,0.0,0.0,8.326934385259948e-5,0.00018191250573468127,4.657721523938099e-5,5.314602350077021e-5,0.00024185268180317238,0.001526126041094297,8.058471223490082e-6,6.300685262428384e-6,0.0,0.0,0.00010784458602268043,0.0001303810296374603,0.00019280879398137453,0.0,9.861353000069213e-6,7.743413731045873e-5,8.201664721682969e-5,0.00016060434796940837,0.0,3.05693361352255e-6,0.00011362121580403767,0.0002053523816677048,0.0002478187636816696,0.0,3.802904387027787e-6,0.0,0.0,0.0,0.0,0.0,0.0,0.0,0.0,0.0,0.0,0.0,0.0,0.0,0.0,0.0,0.0,0.0,0.0,0.0,0.0,0.0,0.0,0.0,0.0,0.0,0.0,0.0,0.0,0.0,0.0,0.0,0.0,0.0,0.0,0.0,0.0,0.0,0.0,0.0,0.0,0.0,0.0,0.0,0.0,0.0,0.028657170362777994
t84,0.0,0.0,0.00027168279058718717,4.465973153910452e-5,0.00012813706856330055,4.887777846325008e-5,0.00022488991360942838,0.0014638068511425664,1.3236120845385246e-6,1.5332451110037314e-6,0.0,0.0,0.0,0.0,0.0,0.014101462037425613,0.0002800015335669191,0.0007649979281584051,0.0049271858212399065,0.002903368724895172,2.2045180559345338e-6,2.358036945564174e-6,0.0,0.0,0.0,0.0,0.0,9.149578669688078e-5,0.0001944503202273476,5.099028192985334e-5,5.726060413578185e-5,0.00025159823488601527,0.0016128665767579644,8.796164847425619e-6,6.884041963510583e-6,0.0,0.0,0.00011658932152931383,0.0001409720922066804,0.00021242869641670107,0.0,1.0242890353086542e-5,8.051515603073046e-5,8.504430356456432e-5,0.00017475410084728883,0.0,3.023249020132509e-6,0.00010989245838448115,0.00013792381997635358,0.000263848873235207,0.0,3.7419232536824626e-6,0.0,0.0,0.0,0.0,0.0,0.0,0.0,0.0,0.0,0.0,0.0,0.0,0.0,0.0,0.0,0.0,0.0,0.0,0.0,0.0,0.0,0.0,0.0,0.0,0.0,0.0,0.0,0.0,0.0,0.0,0.0,0.0,0.0,0.0,0.0,0.0,0.0,0.0,0.0,0.0,0.0,0.0,0.0,0.0,0.0,0.028779808487650896
t85,0.0,0.0,0.00029348644492129043,4.740158735877263e-5,0.00013234054492706395,5.2358694849582036e-5,0.0002361311607879607,0.0015174957995647746,1.303129478207297e-6,1.5108674385747191e-6,0.0,0.0,0.0,0.0,0.0,0.01629003399215323,0.0002979593501630549,0.0008029873579759768,0.006077847684678393,0.003628140632222727,2.1553793506769347e-6,2.305731559546534e-6,0.0,0.0,0.0,0.0,0.0,0.0001008411793871322,0.0002101049327690322,5.494925876808701e-5,6.149672439764802e-5,0.0002641983233656968,0.001732809834655903,9.390727113405462e-6,7.3667418268160985e-6,0.0,0.0,0.00012111072486517165,0.00015170151973057522,0.0002146145973506549,0.0,1.0526796256504724e-5,8.285370554010899e-5,8.712476790823957e-5,0.000173119722740294,0.0,2.9905672731189518e-6,0.00010966596753697202,0.00012371922434094044,0.00025986121013049575,0.0,3.6817166070390474e-6,0.0,0.0,0.0,0.0,0.0,0.0,0.0,0.0,0.0,0.0,0.0,0.0,0.0,0.0,0.0,0.0,0.0,0.0,0.0,0.0,0.0,0.0,0.0,0.0,0.0,0.0,0.0,0.0,0.0,0.0,0.0,0.0,0.0,0.0,0.0,0.0,0.0,0.0,0.0,0.0,0.0,0.0,0.0,0.0,0.0,0.03316558659999366
t86,0.0,0.0,0.00031080922617016555,4.878041859252389e-5,0.00013635647411285726,5.5268304537735694e-5,0.00024827932615750596,0.0015756649542860066,1.2830991801421514e-6,1.4901067366698241e-6,0.0,0.0,0.0,0.0,0.0,0.023470780038455603,0.0002598345724519445,0.0008698980751854506,0.009009439611230404,0.005397948846928308,2.1108573282281803e-6,2.258382911004646e-6,0.0,0.0,0.0,0.0,0.0,0.0001161322695149655,0.00023518929550705322,6.223985615542241e-5,6.91067086772034e-5,0.00028512378859123303,0.001915363589445716,1.0301367309943058e-5,8.078003383082105e-6,0.0,0.0,0.00013251604806456936,0.00017079318788163275,0.00023669447613276353,0.0,1.0931394119715404e-5,8.49272828835682e-5,8.901059391307188e-5,0.0001821680313550088,0.0,2.9660022813884686e-6,0.00011344449225338052,0.0001201785262073748,0.0002824524315280154,0.0,3.6283164545630573e-6,0.0,0.0,0.0,0.0,0.0,0.0,0.0,0.0,0.0,0.0,0.0,0.0,0.0,0.0,0.0,0.0,0.0,0.0,0.0,0.0,0.0,0.0,0.0,0.0,0.0,0.0,0.0,0.0,0.0,0.0,0.0,0.0,0.0,0.0,0.0,0.0,0.0,0.0,0.0,0.0,0.0,0.0,0.0,0.0,0.0,0.04552144795592422
t87,0.0,0.0,0.0003265449359686091,4.97986138385074e-5,0.0001402955405173072,5.823296387952113e-5,0.00026157282163274086,0.001639349393620379,1.2637667789914595e-6,1.4698625297766507e-6,0.0,0.0,0.0,0.0,0.0,28.969017420779025,0.00022916984057900596,0.0009833046401059545,0.040298552784432035,20.398055444775196,2.07039785116329e-6,2.2154217123768996e-6,0.0,0.0,0.0,0.0,0.0,0.00014194795758405083,0.0002765479527663052,7.477639906241845e-5,8.189512451026594e-5,0.00032164343611591507,0.0022088730095094146,1.1505689557817192e-5,9.02468279756098e-6,0.0,0.0,0.00015134555465120078,0.00020327063953319222,0.00027879038398419845,0.0,1.139314180514899e-5,8.70710656652741e-5,9.121613794269973e-5,0.00019876584613973692,0.0,2.9391819238793137e-6,0.00012302034718587095,0.00012655546579390546,0.0003361186603370134,0.0,3.578869016295036e-6,0.0,0.0,0.0,0.0,0.0,0.0,0.0,0.0,0.0,0.0,0.0,0.0,0.0,0.0,0.0,0.0,0.0,0.0,0.0,0.0,0.0,0.0,0.0,0.0,0.0,0.0,0.0,0.0,0.0,0.0,0.0,0.0,0.0,0.0,0.0,0.0,0.0,0.0,0.0,0.0,0.0,0.0,0.0,0.0,0.0,49.415806986083545
t88,0.0,0.0,0.0003427752797187044,5.07781324704084e-5,0.00014418013899766016,6.13704198282259e-5,0.0002758668836684483,0.0017100386992205698,1.2449763300348235e-6,1.4497407254786326e-6,0.0,0.0,0.0,0.0,0.0,18.908464652741532,0.00022198307998628797,0.0011908180362568616,0.25149823139767635,8.55977838104998,2.033558301669789e-6,2.176224242746643e-6,0.0,0.0,0.0,0.0,0.0,0.00019309706496481078,0.00035469328115872125,9.996294423510321e-5,0.00010648653948629675,0.0003931973073313049,0.0027514591727166794,1.3136660834676178e-5,1.0309384607922308e-5,0.0,0.0,0.00018625099396648895,0.0002683439642497575,0.00031521684488369897,0.0,1.1911962804021038e-5,8.949131327692795e-5,9.422818072712721e-5,0.00019918932726944004,0.0,2.9088676504878897e-6,0.00014412504392963689,0.0001524149161195064,0.0004189887045004174,0.0,3.5319886435715645e-6,0.0,0.0,0.0,0.0,0.0,0.0,0.0,0.0,0.0,0.0,0.0,0.0,0.0,0.0,0.0,0.0,0.0,0.0,0.0,0.0,0.0,0.0,0.0,0.0,0.0,0.0,0.0,0.0,0.0,0.0,0.0,0.0,0.0,0.0,0.0,0.0,0.0,0.0,0.0,0.0,0.0,0.0,0.0,0.0,0.0,27.729554924822292
t89,0.0,0.0,0.00036184825265223107,5.251619678499801e-5,0.00014802496862351196,6.519468161602775e-5,0.00029133314962733543,0.0017898162113242132,1.2267338953224346e-6,1.4302190154836792e-6,0.0,0.0,0.0,0.0,0.0,0.0007608277764726831,0.00014301621875095587,0.0010341056189714492,0.008141355998982778,0.001764057018073857,1.9078205630455144e-6,2.042259463222835e-6,0.0,0.0,0.0,0.0,0.0,0.00033578170332349314,0.0005601827373954598,0.00017171294448265536,0.0001710116713552003,0.0005732749910789522,0.004045325773882724,1.5306944566215844e-5,1.2009687947847993e-5,0.0,0.0,0.00026686070252143166,0.00044936741750223775,0.0004253796930314991,0.0,1.24637189458549e-5,9.266433136514673e-5,9.888531198507457e-5,0.00021341719238916564,0.0,2.8790847653475556e-6,0.00010965213414633559,7.877059447946883e-5,0.0002571239977921733,0.0,3.376458814232979e-6,0.0,0.0,0.0,0.0,0.0,0.0,0.0,0.0,0.0,0.0,0.0,0.0,0.0,0.0,0.0,0.0,0.0,0.0,0.0,0.0,0.0,0.0,0.0,0.0,0.0,0.0,0.0,0.0,0.0,0.0,0.0,0.0,0.0,0.0,0.0,0.0,0.0,0.0,0.0,0.0,0.0,0.0,0.0,0.0,0.0,0.02245415021658763
t90,0.0,0.0,0.00038797515671333,5.4798630109845085e-5,0.0001520157974244061,7.05252220543165e-5,0.00030972557874736124,0.001883712001987383,1.2097572748283485e-6,1.41236002993573e-6,0.0,0.0,0.0,0.0,0.0,0.0004299112522740671,9.581541563000519e-5,0.0009431739015152003,0.0037457856134142566,0.0009304040577072854,1.7969995640830048e-6,1.9247070875227e-6,0.0,0.0,0.0,0.0,0.0,33.65777397520098,14.514416124302098,59.550181937530006,0.0008605408408418093,0.0017159767543200417,0.011684166780826195,1.8325760239118225e-5,1.4369886476507305e-5,0.0,0.0,0.0006873799688218732,0.006117851014171461,0.0007991322914799185,0.0,1.2988425395524262e-5,9.768934064171016e-5,0.00010703319454796,0.00024189973075967278,0.0,2.8526294517313683e-6,9.163359226020822e-5,5.718856592876008e-5,0.00021535412412709392,0.0,3.2250005550097447e-6,0.0,0.0,0.0,0.0,0.0,0.0,0.0,0.0,0.0,0.0,0.0,0.0,0.0,0.0,0.0,0.0,0.0,0.0,0.0,0.0,0.0,0.0,0.0,0.0,0.0,0.0,0.0,0.0,0.0,0.0,0.0,0.0,0.0,0.0,0.0,0.0,0.0,0.0,0.0,0.0,0.0,0.0,0.0,0.0,0.0,107.75410983138545
t91,0.0,0.0,0.00034066671231068954,5.190885023207928e-5,0.00014849182931254499,6.256589935894107e-5,0.0002953809471773126,0.0017910983847336582,1.18246083901782e-6,1.3815600737204084e-6,0.0,0.0,0.0,0.0,0.0,0.00031489251197099104,7.622544314534705e-5,0.0008821831153568595,0.002624677652289793,0.0006960721444097935,1.7008468225309295e-6,1.8227919981950074e-6,0.0,0.0,0.0,0.0,0.0,18.33883169517513,10.47939379495229,0.4478440812171701,0.0017685507513171942,0.0018199758926586874,0.012502399279732158,1.4796089978876984e-5,1.2025941070942447e-5,0.0,0.0,0.00041278324584322746,0.0013807892529944725,0.0007290722253216757,0.0,1.2400017085450508e-5,8.949397630669293e-5,8.87638369117548e-5,0.00021020536007613198,0.0,2.803029661382608e-6,8.151021843812142e-5,4.93245853741227e-5,0.00018890110856699825,0.0,3.0949318130517934e-6,0.0,0.0,0.0,0.0,0.0,0.0,0.0,0.0,0.0,0.0,0.0,0.0,0.0,0.0,0.0,0.0,0.0,0.0,0.0,0.0,0.0,0.0,0.0,0.0,0.0,0.0,0.0,0.0,0.0,0.0,0.0,0.0,0.0,0.0,0.0,0.0,0.0,0.0,0.0,0.0,0.0,0.0,0.0,0.0,0.0,29.292726712237773
t92,0.0,0.0,0.00030804506471552586,4.867243729408124e-5,0.00014497476717906756,5.693021508040608e-5,0.00028212402211068153,0.001712640233250387,1.1571278756320514e-6,1.3528744673881586e-6,0.0,0.0,0.0,0.0,0.0,0.0002554535538568549,6.471832927623261e-5,0.0008368389399131981,0.0020847314786158733,0.0005879931315327257,1.6154165357135515e-6,1.7321044695255627e-6,0.0,0.0,0.0,0.0,0.0,0.00029871857972286895,0.0009273168530988557,0.0002211361889905456,0.00043511395977398386,0.0008066706295959008,0.004909359140443894,1.0246450487367886e-5,8.43705425822879e-6,0.0,0.0,0.0001634790074118222,0.0001907522089939769,0.00039773880209423214,0.0,1.0828229528202709e-5,8.37105881184056e-5,7.680672751685552e-5,0.00019595445635453205,0.0,2.769435311107577e-6,7.535578401636062e-5,4.5964890926653086e-5,0.00018294162848301283,0.0,2.9784145162840714e-6,0.0,0.0,0.0,0.0,0.0,0.0,0.0,0.0,0.0,0.0,0.0,0.0,0.0,0.0,0.0,0.0,0.0,0.0,0.0,0.0,0.0,0.0,0.0,0.0,0.0,0.0,0.0,0.0,0.0,0.0,0.0,0.0,0.0,0.0,0.0,0.0,0.0,0.0,0.0,0.0,0.0,0.0,0.0,0.0,0.0,0.015435258725816383
t93,0.0,0.0,0.00028402793498612353,4.5732121193037406e-5,0.00014133681214796302,5.256488687239922e-5,0.0002697224378467991,0.0016435813326581034,1.1325127000810486e-6,1.3252223376854693e-6,0.0,0.0,0.0,0.0,0.0,0.00022010429074776342,5.730579813173589e-5,0.0007996581807734878,0.001759114704405613,0.0005285755659963394,1.5388649243591835e-6,1.6506903549539519e-6,0.0,0.0,0.0,0.0,0.0,0.0001656220448857272,0.0004617884662951977,0.00011225447440307424,0.0002495938484837445,0.0005476345250018772,0.0032200600594255576,7.877798319034669e-6,6.55206736292014e-6,0.0,0.0,0.00011233494791813195,0.00011272460724037994,0.00030557916528120967,0.0,9.611942644386064e-6,7.94543844703563e-5,6.965130894388484e-5,0.00019168977780165632,0.0,2.736785459156592e-6,7.167000707179716e-5,4.414567941600258e-5,0.00018553930896642612,0.0,2.8718545857898573e-6,0.0,0.0,0.0,0.0,0.0,0.0,0.0,0.0,0.0,0.0,0.0,0.0,0.0,0.0,0.0,0.0,0.0,0.0,0.0,0.0,0.0,0.0,0.0,0.0,0.0,0.0,0.0,0.0,0.0,0.0,0.0,0.0,0.0,0.0,0.0,0.0,0.0,0.0,0.0,0.0,0.0,0.0,0.0,0.0,0.0,0.011766764410052755
t94,0.0,0.0,0.0002656778442355226,4.3409756708909384e-5,0.00013755731455701955,4.9148604492186326e-5,0.00025809484555121585,0.001582207309096185,1.1083571452215507e-6,1.2982460531131816e-6,0.0,0.0,0.0,0.0,0.0,0.00019733475830688434,5.229994361949185e-5,0.0007659270987154042,0.0015358663495824972,0.0004911127881158224,1.4696718505064288e-6,1.5769171210612096e-6,0.0,0.0,0.0,0.0,0.0,0.0001184399665380033,0.00031988923990622587,8.002652571747301e-5,0.00017654836560454697,0.00042320100024954746,0.0024415364552318047,6.427129599155853e-6,5.375026298745965e-6,0.0,0.0,9.084870984142466e-5,8.639952144271325e-5,0.00024350349385588094,0.0,8.657202155865502e-6,7.62820706675958e-5,6.499083666763644e-5,0.00017343295658557483,0.0,2.702133051672952e-6,6.934799913873907e-5,4.321865055189003e-5,0.00017640557478985292,0.0,2.7738357501186103e-6,0.0,0.0,0.0,0.0,0.0,0.0,0.0,0.0,0.0,0.0,0.0,0.0,0.0,0.0,0.0,0.0,0.0,0.0,0.0,0.0,0.0,0.0,0.0,0.0,0.0,0.0,0.0,0.0,0.0,0.0,0.0,0.0,0.0,0.0,0.0,0.0,0.0,0.0,0.0,0.0,0.0,0.0,0.0,0.0,0.0,0.00999409649879551
t95,0.0,0.0,0.0002511558627625498,4.136711170327502e-5,0.00013354385407543003,4.637798316074123e-5,0.00024695223420036086,0.0015259189015927686,1.0848306669664917e-6,1.2723771783427247e-6,0.0,0.0,0.0,0.0,0.0,0.0001823900061373623,4.886045658698228e-5,0.000732149809416082,0.0013690334130763628,0.0004631103540696932,1.406734248602709e-6,1.5097132396570936e-6,0.0,0.0,0.0,0.0,0.0,9.307838997731894e-5,0.00025000874989336433,6.284316140118388e-5,0.00013576315787084618,0.000347237181209862,0.0019900550928125386,5.354447243978374e-6,4.505766685484042e-6,0.0,0.0,7.773661055215616e-5,7.286889365105595e-5,0.00021372210255588274,0.0,7.839900449672418e-6,7.392704388378786e-5,6.22526375104244e-5,0.0001656121373066334,0.0,2.669329488261792e-6,6.794782697504466e-5,4.2805415896317454e-5,0.00017706126627786784,0.0,2.684347574813018e-6,0.0,0.0,0.0,0.0,0.0,0.0,0.0,0.0,0.0,0.0,0.0,0.0,0.0,0.0,0.0,0.0,0.0,0.0,0.0,0.0,0.0,0.0,0.0,0.0,0.0,0.0,0.0,0.0,0.0,0.0,0.0,0.0,0.0,0.0,0.0,0.0,0.0,0.0,0.0,0.0,0.0,0.0,0.0,0.0,0.0,0.008902107101331672
t96,0.0,0.0,0.00023935218301647136,3.959532036086648e-5,0.0001291144781552941,4.403187227131744e-5,0.00023615898953514025,0.001473168016188371,1.0622332278521834e-6,1.2476912194026568e-6,0.0,0.0,0.0,0.0,0.0,0.00017200692897744336,4.631328948572431e-5,0.0006950141572111084,0.0012373206773759605,0.0004381127047013993,1.3502205049165399e-6,1.4495406071034048e-6,0.0,0.0,0.0,0.0,0.0,7.849072759478914e-5,0.00021033911703865728,5.344544246983108e-5,0.00011227086890121508,0.00029721916994511325,0.0016944572192030664,4.7248814058347786e-6,3.9749661175423305e-6,0.0,0.0,7.254818788575118e-5,6.600548486279354e-5,0.000201813413869699,0.0,7.24844816664793e-6,7.195068298161446e-5,6.056059812286945e-5,0.00016347901034120832,0.0,2.6356580163285016e-6,6.659970873255014e-5,4.2658913647512956e-5,0.00018185086286612152,0.0,2.6042821369727134e-6,0.0,0.0,0.0,0.0,0.0,0.0,0.0,0.0,0.0,0.0,0.0,0.0,0.0,0.0,0.0,0.0,0.0,0.0,0.0,0.0,0.0,0.0,0.0,0.0,0.0,0.0,0.0,0.0,0.0,0.0,0.0,0.0,0.0,0.0,0.0,0.0,0.0,0.0,0.0,0.0,0.0,0.0,0.0,0.0,0.0,0.00815017594714449
t97,0.0,0.0,0.0002254809886671037,3.770451118447192e-5,0.00012317923860242068,4.150989982378099e-5,0.0002255525804155167,0.0014221124752246946,1.0409584295983326e-6,1.2241028824972695e-6,0.0,0.0,0.0,0.0,0.0,0.0001636458814294473,4.4240836070656165e-5,0.0006498617744962143,0.0011282215200444034,0.00041203780779140584,1.298480366544486e-6,1.3944318529631934e-6,0.0,0.0,0.0,0.0,0.0,6.814652687815771e-5,0.00018416879003594274,4.647802549173326e-5,9.447739138633341e-5,0.0002603955989587734,0.00148085776208417,4.244381515893468e-6,3.578275528799318e-6,0.0,0.0,6.867195847084296e-5,6.155038108203543e-5,0.00017793670133022473,0.0,6.769408454752631e-6,6.998831697241859e-5,5.9412741257550214e-5,0.0001472084658996973,0.0,2.6040227398910664e-6,6.507512829940525e-5,4.251966864927406e-5,0.00017259752462010704,0.0,2.530129134345305e-6,0.0,0.0,0.0,0.0,0.0,0.0,0.0,0.0,0.0,0.0,0.0,0.0,0.0,0.0,0.0,0.0,0.0,0.0,0.0,0.0,0.0,0.0,0.0,0.0,0.0,0.0,0.0,0.0,0.0,0.0,0.0,0.0,0.0,0.0,0.0,0.0,0.0,0.0,0.0,0.0,0.0,0.0,0.0,0.0,0.0,0.007497716686072067
t98,0.0,0.0,0.00020990828096468608,3.559591037520169e-5,0.0001167322569212334,3.873733829391277e-5,0.00021489761541196458,0.001371056637946915,1.0199998979402942e-6,1.2008566122607053e-6,0.0,0.0,0.0,0.0,0.0,0.0001554972170786139,4.227593076593206e-5,0.0006023728112392639,0.0010345417710561481,0.00038294509411522916,1.2505936985427374e-6,1.3433907446328569e-6,0.0,0.0,0.0,0.0,0.0,6.040632479045224e-5,0.0001640724815293568,4.1155979819841055e-5,8.028435732993289e-5,0.0002316419931102129,0.0013193694376775454,3.838106880781388e-6,3.2384723097186027e-6,0.0,0.0,6.581035833543844e-5,5.845072452711473e-5,0.00016656941250533882,0.0,6.3286288057480945e-6,6.752986407142868e-5,5.838903257606349e-5,0.0001388076959261531,0.0,2.573126448909903e-6,6.331313156924917e-5,4.219888855565539e-5,0.0001704387435855611,0.0,2.4605161267123537e-6,0.0,0.0,0.0,0.0,0.0,0.0,0.0,0.0,0.0,0.0,0.0,0.0,0.0,0.0,0.0,0.0,0.0,0.0,0.0,0.0,0.0,0.0,0.0,0.0,0.0,0.0,0.0,0.0,0.0,0.0,0.0,0.0,0.0,0.0,0.0,0.0,0.0,0.0,0.0,0.0,0.0,0.0,0.0,0.0,0.0,0.006956252981603692
t99,0.0,0.0,0.00019407394766111124,3.350412823341283e-5,0.00011021646118945517,3.598369763454346e-5,0.00020403062220949734,0.0013195601504067732,9.99701232503545e-7,1.1780207289701572e-6,0.0,0.0,0.0,0.0,0.0,0.00014723626637001315,4.025670484838143e-5,0.0005549268347690184,0.0009516429600768377,0.00035077689412141646,1.206015677153858e-6,1.295777269863483e-6,0.0,0.0,0.0,0.0,0.0,5.4172028694005006e-5,0.0001485736835959599,3.672628676840699e-5,6.924924697379049e-5,0.00020828890568764662,0.0011903069575067585,3.5040345952226905e-6,2.9548484726175884e-6,0.0,0.0,6.326031588557804e-5,5.568850838816584e-5,0.00016144478563274916,0.0,5.940585687685977e-6,6.352445671129393e-5,5.594963889878026e-5,0.00013451030459327444,0.0,2.5420222996419333e-6,6.0763674768979584e-5,4.135350683776198e-5,0.00016816509548610932,0.0,2.39344825869204e-6,0.0,0.0,0.0,0.0,0.0,0.0,0.0,0.0,0.0,0.0,0.0,0.0,0.0,0.0,0.0,0.0,0.0,0.0,0.0,0.0,0.0,0.0,0.0,0.0,0.0,0.0,0.0,0.0,0.0,0.0,0.0,0.0,0.0,0.0,0.0,0.0,0.0,0.0,0.0,0.0,0.0,0.0,0.0,0.0,0.0,0.006476200518172072
t100,0.0,0.0,0.00017806888398909073,3.132010642946524e-5,0.00010377579642373369,3.3184307697606224e-5,0.00019262967717986152,0.0012682204385039675,9.803341333700007e-7,1.1557761168053413e-6,0.0,0.0,0.0,0.0,0.0,0.0001383200642652716,3.803289018050076e-5,0.0005083200733782978,0.0008756966851106869,0.000316555417431988,1.1647106115480524e-6,1.2515733344956645e-6,0.0,0.0,0.0,0.0,0.0,4.889325138753707e-5,0.0001356795678631875,3.297437503798513e-5,6.0430222215870734e-5,0.00018859588674864856,0.001082843105197735,3.2267908476265805e-6,2.7178766127118996e-6,0.0,0.0,6.047980446422575e-5,5.2684125355384004e-5,0.0001426761197833007,0.0,5.601518249205943e-6,5.8422339687780234e-5,5.246483632008322e-5,0.00011815391684980213,0.0,2.510724394486739e-6,5.7352796517812755e-5,3.970469490869577e-5,0.000147312360324842,0.0,2.3288123022305945e-6,0.0,0.0,0.0,0.0,0.0,0.0,0.0,0.0,0.0,0.0,0.0,0.0,0.0,0.0,0.0,0.0,0.0,0.0,0.0,0.0,0.0,0.0,0.0,0.0,0.0,0.0,0.0,0.0,0.0,0.0,0.0,0.0,0.0,0.0,0.0,0.0,0.0,0.0,0.0,0.0,0.0,0.0,0.0,0.0,0.0,0.005983729859855841
t101,0.0,0.0,0.00016207395780873214,2.909226395734828e-5,9.737241534758327e-5,3.026573710900166e-5,0.00017983562637701185,0.0012172803525045634,9.617166173486448e-7,1.1342681710793254e-6,0.0,0.0,0.0,0.0,0.0,0.0001286264732163581,3.5448859688196055e-5,0.0004624833783734546,0.0008024089206425532,0.00028107004274963247,1.1262542066967206e-6,1.2103020074197523e-6,0.0,0.0,0.0,0.0,0.0,4.4182019916708946e-5,0.0001240728116147448,2.9651511755016952e-5,5.3138170922331e-5,0.0001712703835655478,0.0009906287154260297,2.9939117586906185e-6,2.5192161666654824e-6,0.0,0.0,5.708573785441165e-5,4.9179409589413735e-5,0.00013193837415026582,0.0,5.307569002031261e-6,5.257631902625178e-5,4.790665698358261e-5,0.00010836982760896627,0.0,2.480730991967935e-6,5.32610205861295e-5,3.6863859438074814e-5,0.00012883624436524214,0.0,2.2695906933689746e-6,0.0,0.0,0.0,0.0,0.0,0.0,0.0,0.0,0.0,0.0,0.0,0.0,0.0,0.0,0.0,0.0,0.0,0.0,0.0,0.0,0.0,0.0,0.0,0.0,0.0,0.0,0.0,0.0,0.0,0.0,0.0,0.0,0.0,0.0,0.0,0.0,0.0,0.0,0.0,0.0,0.0,0.0,0.0,0.0,0.0,0.0055249226501924206
t102,0.0,0.0,0.00014416277607766544,2.657680110165127e-5,9.047947326940691e-5,2.711812195000286e-5,0.00015704865293684385,0.0011320221258823324,9.440649580142718e-7,1.1134733696525718e-6,0.0,0.0,0.0,0.0,0.0,0.00011623694830019854,3.225739343729173e-5,0.00041612806341788237,0.0007176825277205141,0.00024381739733230276,1.0902756763591378e-6,1.1720580687743962e-6,0.0,0.0,0.0,0.0,0.0,3.9745012446419566e-5,0.0001129845170748936,2.652398292661714e-5,4.658593337231276e-5,0.0001548796640624407,0.0009065803727227965,2.7939309091587884e-6,2.3496110009284663e-6,0.0,0.0,5.283624606348376e-5,4.540754769327511e-5,0.00012475235182620053,0.0,5.046329655135973e-6,4.5932261050643694e-5,4.219484608542107e-5,0.00010124975533004812,0.0,2.4595130356744084e-6,4.8118747021414185e-5,3.3089903289606926e-5,0.00011086436789652392,0.0,2.2145619016405053e-6,0.0,0.0,0.0,0.0,0.0,0.0,0.0,0.0,0.0,0.0,0.0,0.0,0.0,0.0,0.0,0.0,0.0,0.0,0.0,0.0,0.0,0.0,0.0,0.0,0.0,0.0,0.0,0.0,0.0,0.0,0.0,0.0,0.0,0.0,0.0,0.0,0.0,0.0,0.0,0.0,0.0,0.0,0.0,0.0,0.0,0.005014459608863528
t103,0.0,0.0,0.00016345640888872467,3.0720018131984626e-5,9.633032711649635e-5,3.07987873673491e-5,0.00017355238451675236,0.0012437920314020622,9.681468559176544e-7,1.1418722743731473e-6,0.0,0.0,0.0,0.0,0.0,0.0001356113682820389,3.725235905059867e-5,0.0004443902396736922,0.0007910479371741116,0.00026984457474742884,1.0953324608319358e-6,1.1771316657905057e-6,0.0,0.0,0.0,0.0,0.0,4.044285580291007e-5,0.00011622530700501275,2.6414740252692557e-5,4.555713195836715e-5,0.0001520457161641126,0.0009010990806987623,2.689389110754835e-6,2.2591289140079153e-6,0.0,0.0,5.3912386352064505e-5,4.818523275255003e-5,0.00011978783805694994,0.0,4.909207315053243e-6,5.2088706896586494e-5,5.176267538859681e-5,0.0001043753561050354,0.0,2.528765256338911e-6,5.5147432331266075e-5,4.171056246181725e-5,0.00011562775910036917,0.0,2.2285719106499725e-6,0.0,0.0,0.0,0.0,0.0,0.0,0.0,0.0,0.0,0.0,0.0,0.0,0.0,0.0,0.0,0.0,0.0,0.0,0.0,0.0,0.0,0.0,0.0,0.0,0.0,0.0,0.0,0.0,0.0,0.0,0.0,0.0,0.0,0.0,0.0,0.0,0.0,0.0,0.0,0.0,0.0,0.0,0.0,0.0,0.0,0.00536017676344205
t104,0.0,0.0,0.0001908518935755481,3.6524027411971826e-5,0.00010481441795503712,3.600476771649181e-5,0.0001973103360854401,0.0013853828420952727,9.992406861646663e-7,1.17895173507828e-6,0.0,0.0,0.0,0.0,0.0,0.00015729857966406945,4.3270068021715936e-5,0.0004679567755483067,0.0008436075635937454,0.00028482205916803723,1.1002727614318954e-6,1.1821287092359962e-6,0.0,0.0,0.0,0.0,0.0,4.53862049558498e-5,0.00013008495494122688,2.9838480017887148e-5,4.8820410039576034e-5,0.0001627660766916361,0.0009547386484489314,2.669567895788446e-6,2.2383196012559853e-6,0.0,0.0,6.137503516116637e-5,5.916715639593085e-5,0.00012790868905136063,0.0,4.881016848935174e-6,6.0823517540812435e-5,6.685284482489619e-5,0.00011603135063691611,0.0,2.6113484569529725e-6,6.240295133046889e-5,5.3930554010823633e-5,0.0001247433934572197,0.0,2.243953271825618e-6,0.0,0.0,0.0,0.0,0.0,0.0,0.0,0.0,0.0,0.0,0.0,0.0,0.0,0.0,0.0,0.0,0.0,0.0,0.0,0.0,0.0,0.0,0.0,0.0,0.0,0.0,0.0,0.0,0.0,0.0,0.0,0.0,0.0,0.0,0.0,0.0,0.0,0.0,0.0,0.0,0.0,0.0,0.0,0.0,0.0,0.005871818398307008
t105,0.0,0.0,0.00022295352997279166,4.382062450503897e-5,0.00011378780754655529,4.233612919740633e-5,0.00021883870665503772,0.0015242063902835066,1.0324777301201166e-6,1.2185258043971099e-6,0.0,0.0,0.0,0.0,0.0,0.00018307289136937043,5.0674816049440556e-5,0.0004873873715827641,0.0008924774158865821,0.00029767481665531656,1.1053629234500186e-6,1.1873906916213597e-6,0.0,0.0,0.0,0.0,0.0,5.139109645756713e-5,0.00014541816647786168,3.3592759704284906e-5,5.1685172381836586e-5,0.00017259259543509205,0.0010024254278029668,2.650623847501928e-6,2.220032971660911e-6,0.0,0.0,6.960163402464409e-5,7.274901249982952e-5,0.0001397645654008469,0.0,4.8557165436780375e-6,6.983188221056089e-5,8.82670176093902e-5,0.0001324016888159207,0.0,2.700524530050995e-6,6.950359332884838e-5,7.194684414133815e-5,0.0001376100600101213,0.0,2.2600384263425984e-6,0.0,0.0,0.0,0.0,0.0,0.0,0.0,0.0,0.0,0.0,0.0,0.0,0.0,0.0,0.0,0.0,0.0,0.0,0.0,0.0,0.0,0.0,0.0,0.0,0.0,0.0,0.0,0.0,0.0,0.0,0.0,0.0,0.0,0.0,0.0,0.0,0.0,0.0,0.0,0.0,0.0,0.0,0.0,0.0,0.0,0.006405242709473743
t106,0.0,0.0,0.00026162599336083996,5.319142696289748e-5,0.00012355596869074932,5.032731681548126e-5,0.00023804612952112611,0.0016678179528100778,1.068074721113093e-6,1.2608867958817693e-6,0.0,0.0,0.0,0.0,0.0,0.0002136652692120008,5.972617418570636e-5,0.0005032883089443342,0.0009405137231862574,0.00030987941992642175,1.1104331304365323e-6,1.1926715156708426e-6,0.0,0.0,0.0,0.0,0.0,5.885604219346851e-5,0.00016244033704353888,3.804937611552702e-5,5.418588233909992e-5,0.00018127778500019365,0.0010480924275079748,2.6390723760025106e-6,2.210611259601808e-6,0.0,0.0,7.674685121547702e-5,8.84720483698633e-5,0.0001380141059393881,0.0,4.838761563036819e-6,7.859374798691995e-5,0.0001172626914731129,0.00013701336107082605,0.0,2.79701738038024e-6,7.560670181009728e-5,9.663920737252264e-5,0.00013724933398294345,0.0,2.2753810566988117e-6,0.0,0.0,0.0,0.0,0.0,0.0,0.0,0.0,0.0,0.0,0.0,0.0,0.0,0.0,0.0,0.0,0.0,0.0,0.0,0.0,0.0,0.0,0.0,0.0,0.0,0.0,0.0,0.0,0.0,0.0,0.0,0.0,0.0,0.0,0.0,0.0,0.0,0.0,0.0,0.0,0.0,0.0,0.0,0.0,0.0,0.006929530492835668
t107,0.0,0.0,0.0003088119222605908,6.514820821309993e-5,0.00013448392848354395,6.0605279989410414e-5,0.0002557504341201712,0.0018229609494565546,1.1061432178213304e-6,1.3065036903109227e-6,0.0,0.0,0.0,0.0,0.0,0.0002486339743326253,7.032820202267667e-5,0.0005166074377847013,0.0009886438910825667,0.0003219101744421102,1.1156162767817088e-6,1.1981557476094568e-6,0.0,0.0,0.0,0.0,0.0,6.840195494574596e-5,0.0001811747251994068,4.350154890372604e-5,5.656060703556128e-5,0.00018860548557467427,0.0010932759878302283,2.616073357749374e-6,2.1918564679765425e-6,0.0,0.0,8.166001711605513e-5,0.0001003832318340004,0.00014418892471014617,0.0,4.8074101058220265e-6,8.511560184085729e-5,0.00013351776158020942,0.0001508984621702478,0.0,2.902648695744354e-6,7.961877382895988e-5,0.00010868239772066758,0.00014443561225249628,0.0,2.291802241795347e-6,0.0,0.0,0.0,0.0,0.0,0.0,0.0,0.0,0.0,0.0,0.0,0.0,0.0,0.0,0.0,0.0,0.0,0.0,0.0,0.0,0.0,0.0,0.0,0.0,0.0,0.0,0.0,0.0,0.0,0.0,0.0,0.0,0.0,0.0,0.0,0.0,0.0,0.0,0.0,0.0,0.0,0.0,0.0,0.0,0.0,0.007473441704532645
t108,0.0,0.0,0.0003649240920858896,7.9560876019424e-5,0.00014713133902499612,7.327212218649318e-5,0.0002739583696806647,0.002002332492459551,1.147136331036228e-6,1.3556296083351557e-6,0.0,0.0,0.0,0.0,0.0,0.00028314807346606564,8.053719233579888e-5,0.0005284773157853598,0.0010372519302069708,0.00033405316384534664,1.1207964785297175e-6,1.2036504815743803e-6,0.0,0.0,0.0,0.0,0.0,8.182766898207702e-5,0.0002007526876527718,5.140029198006168e-5,5.978570375804531e-5,0.00019893423977147996,0.001134365742312187,2.642320946955693e-6,2.207639495538135e-6,0.0,0.0,8.756510267080379e-5,0.0001101752605963265,0.000157262294051885,0.0,4.8173996780915945e-6,9.213645787111139e-5,0.00015575080526982255,0.0001721979183351885,0.0,3.0144759033023895e-6,8.256036637057916e-5,0.00011865249092035481,0.00015650535237630983,0.0,2.3079021076649506e-6,0.0,0.0,0.0,0.0,0.0,0.0,0.0,0.0,0.0,0.0,0.0,0.0,0.0,0.0,0.0,0.0,0.0,0.0,0.0,0.0,0.0,0.0,0.0,0.0,0.0,0.0,0.0,0.0,0.0,0.0,0.0,0.0,0.0,0.0,0.0,0.0,0.0,0.0,0.0,0.0,0.0,0.0,0.0,0.0,0.0,0.008084336301046591
t109,0.0,0.0,0.00042683554166059873,9.618563999844827e-5,0.0001622878347343408,8.74752340406191e-5,0.00029618107920250487,0.0022293970334451058,1.1905733131347328e-6,1.4081321966265014e-6,0.0,0.0,0.0,0.0,0.0,0.00029909985984139843,8.451591024595267e-5,0.0005395656530313792,0.001086712258412916,0.0003465258146274098,1.1251901292888506e-6,1.2080704466556826e-6,0.0,0.0,0.0,0.0,0.0,0.00012192571327871477,0.00030611634538691345,8.094030260289497e-5,8.116437841557435e-5,0.00026154497927227194,0.0014057053787507442,2.7007617734485118e-6,2.2574591356143476e-6,0.0,0.0,0.00011354444059089567,0.0001576557487090495,0.0001791450075272805,0.0,4.9036899450382186e-6,0.00010121792766087992,0.00019010823043935562,0.00017991293309306395,0.0,3.131804027031652e-6,8.525260284835738e-5,0.00012807820673787845,0.00015382659482100314,0.0,2.321749470300653e-6,0.0,0.0,0.0,0.0,0.0,0.0,0.0,0.0,0.0,0.0,0.0,0.0,0.0,0.0,0.0,0.0,0.0,0.0,0.0,0.0,0.0,0.0,0.0,0.0,0.0,0.0,0.0,0.0,0.0,0.0,0.0,0.0,0.0,0.0,0.0,0.0,0.0,0.0,0.0,0.0,0.0,0.0,0.0,0.0,0.0,0.00922116807981269
t110,0.0,0.0,0.0005236617952890822,0.00012330630068999984,0.00018139846907973226,0.00011005721389463835,0.00032899781171577303,0.0025511382168077225,1.23705475409087e-6,1.4651268150106024e-6,0.0,0.0,0.0,0.0,0.0,0.00031685325470324344,8.903902737072602e-5,0.0005506048442651362,0.0011385951973835406,0.0003599776376416624,1.1297319950186373e-6,1.21264051966427e-6,0.0,0.0,0.0,0.0,0.0,0.0001354443800493838,0.0003182881731323245,8.636530454387405e-5,8.253479083720537e-5,0.0002655889879467084,0.0014541599915358391,2.6603733714398405e-6,2.2190770970215226e-6,0.0,0.0,0.00011003045739243323,0.00016294628172200748,0.00018386826806721777,0.0,4.8714604031702455e-6,0.00011478449278324981,0.00025390440627932675,0.0002035576950775363,0.0,3.2572761748065637e-6,8.785761169077125e-5,0.00013820125179789776,0.00016039890120517563,0.0,2.3371125414167102e-6,0.0,0.0,0.0,0.0,0.0,0.0,0.0,0.0,0.0,0.0,0.0,0.0,0.0,0.0,0.0,0.0,0.0,0.0,0.0,0.0,0.0,0.0,0.0,0.0,0.0,0.0,0.0,0.0,0.0,0.0,0.0,0.0,0.0,0.0,0.0,0.0,0.0,0.0,0.0,0.0,0.0,0.0,0.0,0.0,0.0,0.010051950616573848
t111,0.0,0.0,0.0007076960594718838,0.00017762577580256484,0.00020698892957162022,0.00015321527773567712,0.0003862014830446032,0.003074658883217056,1.2856012378847614e-6,1.524760530258802e-6,0.0,0.0,0.0,0.0,0.0,0.0003358433626024118,9.379843354474332e-5,0.0005623153155326582,0.0011909547424882104,0.0003734614774136433,1.1340614777016323e-6,1.2170377368864306e-6,0.0,0.0,0.0,0.0,0.0,0.0001603472241558702,0.00035934293354246026,9.962354986047875e-5,8.841863359592874e-5,0.00028017751814617776,0.001548129795041709,2.6428051238350406e-6,2.202311633463602e-6,0.0,0.0,0.00011195919083848858,0.0001769609996797517,0.00020087311530748184,0.0,4.858841767435897e-6,0.00013786734624294272,0.0004240947668841968,0.00024275305615196484,0.0,3.3884021217223963e-6,9.039693352899776e-5,0.0001494063487529883,0.00017241729797621568,0.0,2.3514352775631566e-6,0.0,0.0,0.0,0.0,0.0,0.0,0.0,0.0,0.0,0.0,0.0,0.0,0.0,0.0,0.0,0.0,0.0,0.0,0.0,0.0,0.0,0.0,0.0,0.0,0.0,0.0,0.0,0.0,0.0,0.0,0.0,0.0,0.0,0.0,0.0,0.0,0.0,0.0,0.0,0.0,0.0,0.0,0.0,0.0,0.0,0.011526133707037476
t112,0.0,0.0,0.0008790173020257207,0.00023630392606119292,0.00022448536626831444,0.00019625000917269098,0.0004253108721044654,0.0034368380085277707,1.3323705020955041e-6,1.582527610579545e-6,0.0,0.0,0.0,0.0,0.0,0.00035657823300250637,9.889680435151922e-5,0.0005755515170834982,0.0012449556498368894,0.0003873009693708584,1.1381973833532923e-6,1.2212297904488278e-6,0.0,0.0,0.0,0.0,0.0,0.00045308816766147773,0.0010610184106817691,0.00036540734214341467,0.00016035119299234043,0.00043876520676240405,0.002132762897688861,2.748397263894437e-6,2.2902862482103954e-6,0.0,0.0,0.00016662836466681318,0.0003607865456220677,0.00024613220526296096,0.0,4.973094244524377e-6,0.00015354787476135789,0.0006611617696784743,0.0002489916346411519,0.0,3.51844739435481e-6,9.327365735827963e-5,0.0001631751888352194,0.00016830288410635865,0.0,2.3649844033528304e-6,0.0,0.0,0.0,0.0,0.0,0.0,0.0,0.0,0.0,0.0,0.0,0.0,0.0,0.0,0.0,0.0,0.0,0.0,0.0,0.0,0.0,0.0,0.0,0.0,0.0,0.0,0.0,0.0,0.0,0.0,0.0,0.0,0.0,0.0,0.0,0.0,0.0,0.0,0.0,0.0,0.0,0.0,0.0,0.0,0.0,0.014956051535509192
t113,0.0,0.0,0.0012973557910852588,0.00039825377137764177,0.0002489435511796426,0.0003014342998756546,0.0005166622023869199,0.00415537929828114,1.3797049713918493e-6,1.6407841488100184e-6,0.0,0.0,0.0,0.0,0.0,0.00037987154056514494,0.00010455785264111554,0.0005915543502044446,0.0013030879559211526,0.000402127479793022,1.1422878073131788e-6,1.2254232163639532e-6,0.0,0.0,0.0,0.0,0.0,0.000907557033378829,0.00168014618267784,0.0007053019973357885,0.00019687932820204438,0.0004955777825350255,0.0023404452242778086,2.720842506781647e-6,2.2660579379435265e-6,0.0,0.0,0.00017151200590029075,0.00043500405637828356,0.00026601388379918596,0.0,4.951834888380884e-6,0.00018834441236486056,0.010351393715024047,0.00028261190117996577,0.0,3.647949142393638e-6,9.704164708471554e-5,0.00018244008881665344,0.00017506505629172415,0.0,2.3786555728418215e-6,0.0,0.0,0.0,0.0,0.0,0.0,0.0,0.0,0.0,0.0,0.0,0.0,0.0,0.0,0.0,0.0,0.0,0.0,0.0,0.0,0.0,0.0,0.0,0.0,0.0,0.0,0.0,0.0,0.0,0.0,0.0,0.0,0.0,0.0,0.0,0.0,0.0,0.0,0.0,0.0,0.0,0.0,0.0,0.0,0.0,0.02819591594875042
t114,0.0,0.0,0.0010214194428899005,0.0002651186252159262,0.0002342701084366575,0.00021400602830487278,0.00044540489638083126,0.003590806643848011,1.3872506261797348e-6,1.6509647022866925e-6,0.0,0.0,0.0,0.0,0.0,0.00036452821805069564,0.0001003849077136046,0.0005811709406004289,0.0012828033819016558,0.0003974335527304676,1.1390296538784072e-6,1.2218489331300118e-6,0.0,0.0,0.0,0.0,0.0,5.531899298013056,14.631491065510998,34.548833382760996,0.0002779103932905983,0.0006011231567526586,0.0026303786813692905,2.699218161803054e-6,2.2482011031408254e-6,0.0,0.0,0.00018816650501669418,0.0005974635953214554,0.0003067661617545013,0.0,4.925479558517829e-6,0.00015822310624503488,65.3214132544418,0.0002659308708503453,0.0,3.6942935442960726e-6,9.436859802755418e-5,0.00015757396592981993,0.0001796402965819862,0.0,2.3797148388955824e-6,0.0,0.0,0.0,0.0,0.0,0.0,0.0,0.0,0.0,0.0,0.0,0.0,0.0,0.0,0.0,0.0,0.0,0.0,0.0,0.0,0.0,0.0,0.0,0.0,0.0,0.0,0.0,0.0,0.0,0.0,0.0,0.0,0.0,0.0,0.0,0.0,0.0,0.0,0.0,0.0,0.0,0.0,0.0,0.0,0.0,120.04761323880518
t115,0.0,0.0,0.0007715081425413587,0.00018783114803146934,0.00021493849779594386,0.0001608408176280745,0.000393855553033029,0.0030686615878215686,1.3892235805688707e-6,1.6546395620964255e-6,0.0,0.0,0.0,0.0,0.0,0.000350437813725078,9.657243542340558e-5,0.0005726905267515986,0.001262708083843485,0.0003928325475645458,1.1363899273941954e-6,1.2191672117349348e-6,0.0,0.0,0.0,0.0,0.0,17.477383501883335,10.352893393569495,25.442820018130103,0.0005911531069867497,0.0008352542326994297,0.0030733179655213147,2.6816952525068533e-6,2.234486061845929e-6,0.0,0.0,0.00023151418596610498,0.0012800244219267948,0.0003393688749037501,0.0,4.8963345954169785e-6,0.0001353708680087759,0.0011443234338312732,0.0002284932847952862,0.0,3.7136491263740616e-6,9.211188007044007e-5,0.00013909709746738873,0.0001672505681865154,0.0,2.3800920077233066e-6,0.0,0.0,0.0,0.0,0.0,0.0,0.0,0.0,0.0,0.0,0.0,0.0,0.0,0.0,0.0,0.0,0.0,0.0,0.0,0.0,0.0,0.0,0.0,0.0,0.0,0.0,0.0,0.0,0.0,0.0,0.0,0.0,0.0,0.0,0.0,0.0,0.0,0.0,0.0,0.0,0.0,0.0,0.0,0.0,0.0,53.28884837633478
t116,0.0,0.0,0.0006332840771239595,0.00014796251191114983,0.0001998733385075441,0.00013081377919866162,0.0003606466886423517,0.00273214161475955,1.390842442399096e-6,1.6571580962933493e-6,0.0,0.0,0.0,0.0,0.0,0.0003368294154810854,9.294895755393724e-5,0.0005648381745909503,0.0012402221411673977,0.00038757127583865706,1.1334031963761931e-6,1.2160770807941935e-6,0.0,0.0,0.0,0.0,0.0,0.0004104047155046509,0.0014714071275592064,0.0003523946261008739,0.0002774717390956614,0.0005511157492251336,0.0023858439677713296,2.532593668485411e-6,2.1184648964815927e-6,0.0,0.0,0.00013918068989644074,0.00020318937010556224,0.00027060955175359344,0.0,4.700962440029869e-6,0.00012147393284045947,0.0005740063948743435,0.00021395048650404944,0.0,3.7347072466374218e-6,9.051191468446394e-5,0.00012433814525590446,0.00016589220636595333,0.0,2.3791649428555796e-6,0.0,0.0,0.0,0.0,0.0,0.0,0.0,0.0,0.0,0.0,0.0,0.0,0.0,0.0,0.0,0.0,0.0,0.0,0.0,0.0,0.0,0.0,0.0,0.0,0.0,0.0,0.0,0.0,0.0,0.0,0.0,0.0,0.0,0.0,0.0,0.0,0.0,0.0,0.0,0.0,0.0,0.0,0.0,0.0,0.0,0.014199785966323224
t117,0.0,0.0,0.0005426984281273673,0.00012297275008800004,0.00018743241858015856,0.00011103998250295098,0.00033727702805133017,0.0024896226534200103,1.3916929997645182e-6,1.659048035013587e-6,0.0,0.0,0.0,0.0,0.0,0.00032373587865604995,8.956940128197059e-5,0.0005565516108187751,0.001215820510986733,0.0003818697709357976,1.129912514573855e-6,1.2123429008494584e-6,0.0,0.0,0.0,0.0,0.0,0.00019443743139928372,0.0006132819376385175,0.00014932566432416684,0.00018818545773416562,0.00042373965048927135,0.001982416933349619,2.3968708489206376e-6,2.0116248099170818e-6,0.0,0.0,0.00010663180104094406,0.00011979828876105801,0.00024014627775671701,0.0,4.516002422737692e-6,0.00011214116485905444,0.0003715185255289087,0.00020885370107239204,0.0,3.7534926702615435e-6,8.928815680820144e-5,0.00011310801531004718,0.00016976252866368637,0.0,2.3768868114956017e-6,0.0,0.0,0.0,0.0,0.0,0.0,0.0,0.0,0.0,0.0,0.0,0.0,0.0,0.0,0.0,0.0,0.0,0.0,0.0,0.0,0.0,0.0,0.0,0.0,0.0,0.0,0.0,0.0,0.0,0.0,0.0,0.0,0.0,0.0,0.0,0.0,0.0,0.0,0.0,0.0,0.0,0.0,0.0,0.0,0.0,0.011461673842198712
t118,0.0,0.0,0.0004775366222173709,0.00010560274351000009,0.00017670939392088,9.680759139520169e-5,0.0003194339408102336,0.0023016678875650708,1.3919587374109182e-6,1.6604791155049879e-6,0.0,0.0,0.0,0.0,0.0,0.0003109181127955727,8.640975332416308e-5,0.00054668577763733,0.0011891316640064032,0.0003756266193419972,1.1261206211827665e-6,1.2082304414222005e-6,0.0,0.0,0.0,0.0,0.0,0.00013200607796310827,0.00040054257041800785,9.75408018465562e-5,0.00014472735596189485,0.00034847427681741343,0.0017087628577343444,2.2743060920116938e-6,1.913189077658385e-6,0.0,0.0,9.029112482149297e-5,9.170856967708462e-5,0.0002040829783118196,0.0,4.3451646580018286e-6,0.00010544618627522691,0.00027302023753902665,0.0001863733484860314,0.0,3.769442748417127e-6,8.817432677826973e-5,0.00010480949669420846,0.00015744800653922308,0.0,2.3735878442669386e-6,0.0,0.0,0.0,0.0,0.0,0.0,0.0,0.0,0.0,0.0,0.0,0.0,0.0,0.0,0.0,0.0,0.0,0.0,0.0,0.0,0.0,0.0,0.0,0.0,0.0,0.0,0.0,0.0,0.0,0.0,0.0,0.0,0.0,0.0,0.0,0.0,0.0,0.0,0.0,0.0,0.0,0.0,0.0,0.0,0.0,0.010140000801723809
t119,0.0,0.0,0.0004271914723029735,9.26081947040278e-5,0.0001670671532495218,8.584711652275633e-5,0.0003045536225525328,0.0021466130393172516,1.3909337214924066e-6,1.661375976272348e-6,0.0,0.0,0.0,0.0,0.0,0.00029806788551352547,8.345773332694077e-5,0.0005338472341403908,0.0011596175578002014,0.00036864957160605066,1.1217943822463754e-6,1.2034726747125478e-6,0.0,0.0,0.0,0.0,0.0,0.00010071486763036494,0.0003029073246254641,7.229397956989882e-5,0.00011683243767068535,0.0002965821472342886,0.0015086755328032426,2.131759744833879e-6,1.7997758498651172e-6,0.0,0.0,7.870729067510667e-5,7.747717541663531e-5,0.00018479337060117862,0.0,4.166047528362461e-6,0.00010010257933151649,0.0002094996387980408,0.0001786417626567864,0.0,3.7837860906174563e-6,8.738660236574549e-5,9.848955315622258e-5,0.00015520675856651566,0.0,2.3704331169104474e-6,0.0,0.0,0.0,0.0,0.0,0.0,0.0,0.0,0.0,0.0,0.0,0.0,0.0,0.0,0.0,0.0,0.0,0.0,0.0,0.0,0.0,0.0,0.0,0.0,0.0,0.0,0.0,0.0,0.0,0.0,0.0,0.0,0.0,0.0,0.0,0.0,0.0,0.0,0.0,0.0,0.0,0.0,0.0,0.0,0.0,0.009255460981223177
t120,0.0,0.0,0.0003856536326933217,8.224416383595863e-5,0.00015805824230513067,7.68536684579245e-5,0.00029120345553096166,0.002012642707695486,1.3901533036647864e-6,1.6623954019925019e-6,0.0,0.0,0.0,0.0,0.0,0.00028456322406223496,8.071179266630439e-5,0.0005160753595460141,0.0011275060644710658,0.0003611401432391663,1.117918111163042e-6,1.1993579928236017e-6,0.0,0.0,0.0,0.0,0.0,8.329878034885686e-5,0.0002486677693754078,5.9321937636600276e-5,9.930589357979107e-5,0.0002598527322498276,0.0013551183135567353,2.068336973753168e-6,1.742569429161671e-6,0.0,0.0,7.396756456946386e-5,7.080331057672893e-5,0.00017666575901459695,0.0,4.041854173756945e-6,9.554496797632874e-5,0.0001678983341809952,0.00017737509428573733,0.0,3.7950517196944164e-6,8.583013602929762e-5,9.345432913978582e-5,0.0001576783520361729,0.0,2.3683346253064967e-6,0.0,0.0,0.0,0.0,0.0,0.0,0.0,0.0,0.0,0.0,0.0,0.0,0.0,0.0,0.0,0.0,0.0,0.0,0.0,0.0,0.0,0.0,0.0,0.0,0.0,0.0,0.0,0.0,0.0,0.0,0.0,0.0,0.0,0.0,0.0,0.0,0.0,0.0,0.0,0.0,0.0,0.0,0.0,0.0,0.0,0.008600821700791211
t121,0.0,0.0,0.00034648779130011656,7.296883854342428e-5,0.00014928272343612878,6.864123203729678e-5,0.00027826533263061005,0.0018915237097040264,1.3890851710266918e-6,1.662489079906889e-6,0.0,0.0,0.0,0.0,0.0,0.0002602745198536144,7.476922298063968e-5,0.0004901021970584835,0.0010923873444554557,0.0003530509592636853,1.1140022906557514e-6,1.1952201329070736e-6,0.0,0.0,0.0,0.0,0.0,6.920586412841016e-5,0.0002005008987933753,4.806877863646598e-5,7.929544871821296e-5,0.00023114037873428337,0.001228627803990965,1.9819087525196856e-6,1.669295276302623e-6,0.0,0.0,6.991937573901863e-5,6.674642694548129e-5,0.00015575749470326774,0.0,3.900554205921064e-6,9.11927218173089e-5,0.00013993527709883422,0.00015996653677138122,0.0,3.8032231603902107e-6,8.345253052682478e-5,8.916433447376962e-5,0.0001448536689316054,0.0,2.3663349952707364e-6,0.0,0.0,0.0,0.0,0.0,0.0,0.0,0.0,0.0,0.0,0.0,0.0,0.0,0.0,0.0,0.0,0.0,0.0,0.0,0.0,0.0,0.0,0.0,0.0,0.0,0.0,0.0,0.0,0.0,0.0,0.0,0.0,0.0,0.0,0.0,0.0,0.0,0.0,0.0,0.0,0.0,0.0,0.0,0.0,0.0,0.007954663524337588
t122,0.0,0.0,0.0003122026783619657,6.513071947665105e-5,0.00014083098588699673,6.153936210943262e-5,0.000264814534912127,0.0017778347716823693,1.3873353929870182e-6,1.6617013946756145e-6,0.0,0.0,0.0,0.0,0.0,0.00023603041808448414,6.908109979535018e-5,0.00046040603498321637,0.0010535510116573828,0.0003440329105877442,1.1097709786251375e-6,1.1907086736247595e-6,0.0,0.0,0.0,0.0,0.0,5.87395016106912e-5,0.0001663865937477251,3.974711307242458e-5,6.456057427897312e-5,0.0002075734929618076,0.0011224510133267438,1.919232871984418e-6,1.6144741694458281e-6,0.0,0.0,6.64324231686704e-5,6.395978966857521e-5,0.0001449636069654364,0.0,3.7955315019210214e-6,8.640547947110447e-5,0.00012317132022609802,0.00015404884098680355,0.0,3.809958940250306e-6,8.065757459540198e-5,8.517153747103598e-5,0.00014121131564701292,0.0,2.365045812354002e-6,0.0,0.0,0.0,0.0,0.0,0.0,0.0,0.0,0.0,0.0,0.0,0.0,0.0,0.0,0.0,0.0,0.0,0.0,0.0,0.0,0.0,0.0,0.0,0.0,0.0,0.0,0.0,0.0,0.0,0.0,0.0,0.0,0.0,0.0,0.0,0.0,0.0,0.0,0.0,0.0,0.0,0.0,0.0,0.0,0.0,0.007409788464472093
t123,0.0,0.0,0.00028238629688324436,5.850678338439621e-5,0.00013275134354778426,5.5427951661992025e-5,0.00025014599420448557,0.0016682009778147776,1.3850548717972363e-6,1.6598201286965609e-6,0.0,0.0,0.0,0.0,0.0,0.00021361364591852635,6.384663992216071e-5,0.00042909543945945217,0.0010104605420682576,0.0003338246737085193,1.105441596277093e-6,1.186081324495384e-6,0.0,0.0,0.0,0.0,0.0,5.072567929819248e-5,0.00014150282248287223,3.362646683714525e-5,5.3742791373602034e-5,0.0001875170814732332,0.0010292722816261646,1.8569701161774076e-6,1.5607757514440064e-6,0.0,0.0,6.2138683874445e-5,6.003750915942447e-5,0.00013934852281464715,0.0,3.6848825214806998e-6,8.051113603666024e-5,0.00010821390543643525,0.0001530659565372575,0.0,3.813217326245415e-6,7.67174390772642e-5,7.853612443765492e-5,0.0001415058761548105,0.0,2.3629268792501556e-6,0.0,0.0,0.0,0.0,0.0,0.0,0.0,0.0,0.0,0.0,0.0,0.0,0.0,0.0,0.0,0.0,0.0,0.0,0.0,0.0,0.0,0.0,0.0,0.0,0.0,0.0,0.0,0.0,0.0,0.0,0.0,0.0,0.0,0.0,0.0,0.0,0.0,0.0,0.0,0.0,0.0,0.0,0.0,0.0,0.0,0.006913337735709269
t124,0.0,0.0,0.0002559689692258037,5.283512050161202e-5,0.00012501073998405317,5.0113895911445664e-5,0.00023349612976458043,0.001559505276809811,1.3826376496684032e-6,1.6570299948401565e-6,0.0,0.0,0.0,0.0,0.0,0.00019323666889561308,5.91018446777743e-5,0.00039698930202290456,0.0009614536599340834,0.00032169298969706155,1.1010828945111472e-6,1.1814357682527559e-6,0.0,0.0,0.0,0.0,0.0,4.4300492165956616e-5,0.00012225206762601313,2.8909935125562966e-5,4.548936737564294e-5,0.0001696840568757388,0.0009450771347876332,1.7965600472306923e-6,1.5084145561971009e-6,0.0,0.0,5.727290629961773e-5,5.551781715089625e-5,0.00012197502164199516,0.0,3.5779707092774205e-6,7.401442882840781e-5,9.519387484509144e-5,0.0001374955497228274,0.0,3.8124679542216884e-6,7.181404433943416e-5,7.170059915457449e-5,0.0001277180867909594,0.0,2.3597518178648904e-6,0.0,0.0,0.0,0.0,0.0,0.0,0.0,0.0,0.0,0.0,0.0,0.0,0.0,0.0,0.0,0.0,0.0,0.0,0.0,0.0,0.0,0.0,0.0,0.0,0.0,0.0,0.0,0.0,0.0,0.0,0.0,0.0,0.0,0.0,0.0,0.0,0.0,0.0,0.0,0.0,0.0,0.0,0.0,0.0,0.0,0.006396197331547159
t125,0.0,0.0,0.00023175138383446512,4.7871002802444443e-5,0.00011751633283574204,4.5394291808036325e-5,0.00021386722684235975,0.001447010800149551,1.3802965479232312e-6,1.653805139107592e-6,0.0,0.0,0.0,0.0,0.0,0.00017445144189369685,5.4813037222975535e-5,0.00036420481075228993,0.0009023009559511908,0.0003059646523014017,1.0967587215727494e-6,1.1768653953161475e-6,0.0,0.0,0.0,0.0,0.0,3.89080661237472e-5,0.0001065056117602618,2.5095133859941245e-5,3.8884715485508055e-5,0.00015268013576925612,0.0008657691351572473,1.7393450658891912e-6,1.4586943270892616e-6,0.0,0.0,5.175295315032951e-5,5.0128231760834365e-5,0.00011177425786611461,0.0,3.478272589771465e-6,6.709639501701962e-5,8.409739693312391e-5,0.0001312029229748098,0.0,3.8095789521147126e-6,6.632352067255163e-5,6.51306568962254e-5,0.00012180193204042926,0.0,2.356495733448127e-6,0.0,0.0,0.0,0.0,0.0,0.0,0.0,0.0,0.0,0.0,0.0,0.0,0.0,0.0,0.0,0.0,0.0,0.0,0.0,0.0,0.0,0.0,0.0,0.0,0.0,0.0,0.0,0.0,0.0,0.0,0.0,0.0,0.0,0.0,0.0,0.0,0.0,0.0,0.0,0.0,0.0,0.0,0.0,0.0,0.0,0.005900447114333785
t126,0.0,0.0,0.00020765048938497596,4.315774600378922e-5,0.00011002701494470107,4.087714928269498e-5,0.00018950849647403136,0.0013174701837496475,1.3803626102126276e-6,1.6536522615227145e-6,0.0,0.0,0.0,0.0,0.0,0.00015391208649432667,5.103556634003954e-5,0.0003300438869473245,0.0008242226169609175,0.0002839995274998406,1.0944932796851374e-6,1.1740335799568288e-6,0.0,0.0,0.0,0.0,0.0,3.381872809800682e-5,9.0587542919076e-5,2.087038275003531e-5,3.220070414331209e-5,0.00013068843179666462,0.0007722701909528766,1.687536823019087e-6,1.4144706339172906e-6,0.0,0.0,4.52491173369693e-5,4.334164832384709e-5,0.00010399884461183803,0.0,3.4072309677018904e-6,5.9720638576771476e-5,7.593863801633268e-5,0.00012818716919483366,0.0,3.828539087128769e-6,6.044932946026843e-5,5.831235465172178e-5,0.00011869391007487218,0.0,2.363999026713064e-6,0.0,0.0,0.0,0.0,0.0,0.0,0.0,0.0,0.0,0.0,0.0,0.0,0.0,0.0,0.0,0.0,0.0,0.0,0.0,0.0,0.0,0.0,0.0,0.0,0.0,0.0,0.0,0.0,0.0,0.0,0.0,0.0,0.0,0.0,0.0,0.0,0.0,0.0,0.0,0.0,0.0,0.0,0.0,0.0,0.0,0.005344236713259572
t127,0.0,0.0,0.00022626778341809412,4.7102287875117005e-5,0.00011674820108897873,4.454367032173086e-5,0.00020871700273229527,0.0014389834587828566,1.4348915628310415e-6,1.719660628354047e-6,0.0,0.0,0.0,0.0,0.0,0.0001684443991794635,5.60569198631909e-5,0.0003505822331345179,0.0009163124785585998,0.0003146450454485812,1.131283477381295e-6,1.2128350438447265e-6,0.0,0.0,0.0,0.0,0.0,3.889937442597385e-5,0.00010343179625542698,2.4102458572178085e-5,3.586257929496451e-5,0.00014944950890128096,0.0008662790958906395,1.7488097820458262e-6,1.4636665619467196e-6,0.0,0.0,5.4207219285166574e-5,5.3797778284682876e-5,0.00011008291895923805,0.0,3.4899708080482834e-6,6.550945416380422e-5,8.488958448072847e-5,0.00013065080702138419,0.0,3.9581310008627955e-6,6.552636229988127e-5,6.88723640250703e-5,0.00012301825589129429,0.0,2.4347818316811706e-6,0.0,0.0,0.0,0.0,0.0,0.0,0.0,0.0,0.0,0.0,0.0,0.0,0.0,0.0,0.0,0.0,0.0,0.0,0.0,0.0,0.0,0.0,0.0,0.0,0.0,0.0,0.0,0.0,0.0,0.0,0.0,0.0,0.0,0.0,0.0,0.0,0.0,0.0,0.0,0.0,0.0,0.0,0.0,0.0,0.0,0.0058815770688521365
t128,0.0,0.0,0.000247540910541145,5.184199265890757e-5,0.000124448689093711,4.8904785193689966e-5,0.00022730144383607037,0.0015644030823959384,1.497469312238441e-6,1.795471847014944e-6,0.0,0.0,0.0,0.0,0.0,0.00018208820563586636,6.0737695309578256e-5,0.00036722048855577605,0.0009989120549125116,0.00034330192299263475,1.1719826649542008e-6,1.2559228517992593e-6,0.0,0.0,0.0,0.0,0.0,4.435514744281091e-5,0.00011684664351323247,2.757990476403565e-5,3.909522447654356e-5,0.00016756103932366384,0.0009540557033151795,1.8168258461364185e-6,1.5185577198126205e-6,0.0,0.0,6.440911675025215e-5,6.725113286378585e-5,0.00012178551038070172,0.0,3.589155076353346e-6,7.140569722694717e-5,9.424757947499703e-5,0.00014191198461165774,0.0,4.112778111028358e-6,6.97376511231225e-5,7.972859745252683e-5,0.00013391328220605078,0.0,2.513114157407272e-6,0.0,0.0,0.0,0.0,0.0,0.0,0.0,0.0,0.0,0.0,0.0,0.0,0.0,0.0,0.0,0.0,0.0,0.0,0.0,0.0,0.0,0.0,0.0,0.0,0.0,0.0,0.0,0.0,0.0,0.0,0.0,0.0,0.0,0.0,0.0,0.0,0.0,0.0,0.0,0.0,0.0,0.0,0.0,0.0,0.0,0.006429856763638083
t129,0.0,0.0,0.0002701172453974232,5.729385924827808e-5,0.0001326352139579222,5.3831507424796795e-5,0.0002430864799596841,0.0016858174798912167,1.5657383401566332e-6,1.8785507155266162e-6,0.0,0.0,0.0,0.0,0.0,0.00019535969193603756,6.565465606844658e-5,0.0003809629985554779,0.0010735943084392127,0.00037087021356217443,1.2159940250252038e-6,1.3026458442514363e-6,0.0,0.0,0.0,0.0,0.0,5.060038460859987e-5,0.0001308314834537873,3.1391843321423976e-5,4.201791426222203e-5,0.00018415019078978404,0.001039876435514538,1.8920022821928659e-6,1.580440173862728e-6,0.0,0.0,7.650358417177552e-5,8.492833799315144e-5,0.00013800909836446628,0.0,3.699211889559531e-6,7.686408879452965e-5,0.00010423472884051063,0.00015886606766277495,0.0,4.2816852943551535e-6,7.308314552466421e-5,9.178781776008374e-5,0.00014941691501003303,0.0,2.5983041011514704e-6,0.0,0.0,0.0,0.0,0.0,0.0,0.0,0.0,0.0,0.0,0.0,0.0,0.0,0.0,0.0,0.0,0.0,0.0,0.0,0.0,0.0,0.0,0.0,0.0,0.0,0.0,0.0,0.0,0.0,0.0,0.0,0.0,0.0,0.0,0.0,0.0,0.0,0.0,0.0,0.0,0.0,0.0,0.0,0.0,0.0,0.006981800263179096
t130,0.0,0.0,0.00029505945058639206,6.374963539287574e-5,0.00014160039040583646,5.956826162253421e-5,0.0002564450217892203,0.001807922893858103,1.6400414186176508e-6,1.968544160658901e-6,0.0,0.0,0.0,0.0,0.0,0.00020879582511177264,7.103029894513098e-5,0.0003929970523259507,0.001140877834080937,0.0003978704168950316,1.2633717482105439e-6,1.3529662918306183e-6,0.0,0.0,0.0,0.0,0.0,5.788462590540355e-5,0.00014549512032697087,3.560401778483716e-5,4.4749492735711914e-5,0.00019903546534256474,0.0011267846465941695,1.9793111915848067e-6,1.6518959710843436e-6,0.0,0.0,8.825085381139488e-5,0.00010512632789466617,0.00014107990201401365,0.0,3.822512260611652e-6,8.186469136227479e-5,0.00011505943094084785,0.00016109810946419447,0.0,4.462441788228921e-6,7.567742431281004e-5,0.00010487740557004026,0.00015079781141031094,0.0,2.6899940078608727e-6,0.0,0.0,0.0,0.0,0.0,0.0,0.0,0.0,0.0,0.0,0.0,0.0,0.0,0.0,0.0,0.0,0.0,0.0,0.0,0.0,0.0,0.0,0.0,0.0,0.0,0.0,0.0,0.0,0.0,0.0,0.0,0.0,0.0,0.0,0.0,0.0,0.0,0.0,0.0,0.0,0.0,0.0,0.0,0.0,0.0,0.007490133485322683
t131,0.0,0.0,0.00032434341260176384,7.180599387367011e-5,0.00015180669540508008,6.6623086985064e-5,0.00026891660843968867,0.0019382301920114915,1.7211173500726288e-6,2.0669531548324263e-6,0.0,0.0,0.0,0.0,0.0,0.00022354864947751263,7.724323557887931e-5,0.0004048825985476448,0.001203074774866477,0.00042507370308917357,1.3140825369211689e-6,1.406710142347808e-6,0.0,0.0,0.0,0.0,0.0,6.64462178052329e-5,0.00016095628757956416,4.0293123144553455e-5,4.7545186754410845e-5,0.00021239452154919261,0.0012170165605536844,2.0569157586461836e-6,1.7155323772986686e-6,0.0,0.0,9.488911542263294e-5,0.00011324784314308975,0.00015350319448446956,0.0,3.939348735134881e-6,8.660093001665637e-5,0.0001273749636510011,0.00017475715552534287,0.0,4.657186504995587e-6,7.811940511728832e-5,0.00011316348098553412,0.00016214316048340793,0.0,2.791211262468957e-6,0.0,0.0,0.0,0.0,0.0,0.0,0.0,0.0,0.0,0.0,0.0,0.0,0.0,0.0,0.0,0.0,0.0,0.0,0.0,0.0,0.0,0.0,0.0,0.0,0.0,0.0,0.0,0.0,0.0,0.0,0.0,0.0,0.0,0.0,0.0,0.0,0.0,0.0,0.0,0.0,0.0,0.0,0.0,0.0,0.0,0.008025669154915226
t132,0.0,0.0,0.0003610613598086535,8.244633823293434e-5,0.00016391234770264692,7.58158283180142e-5,0.0002827022458553022,0.0020890142317904017,1.8101361253278203e-6,2.1750542294130705e-6,0.0,0.0,0.0,0.0,0.0,0.00024160049750949892,8.491999271310048e-5,0.0004185505108015709,0.0012659342125953238,0.00045446891957614914,1.3686291232680084e-6,1.4645683214131461e-6,0.0,0.0,0.0,0.0,0.0,7.66228406205757e-5,0.00017755939107223537,4.595850426191336e-5,5.1251830753687855e-5,0.00022560308038524222,0.0013134607902434603,2.1738243684673662e-6,1.8146839990363843e-6,0.0,0.0,0.00010420380774867478,0.00012366317413273274,0.00017243485031736346,0.0,4.093625296688154e-6,9.192251947776617e-5,0.00014284504369263673,0.00019654288215125148,0.0,4.8660230579860215e-6,8.063149498626123e-5,0.0001227084707163878,0.00017902857050470117,0.0,2.8960699614613232e-6,0.0,0.0,0.0,0.0,0.0,0.0,0.0,0.0,0.0,0.0,0.0,0.0,0.0,0.0,0.0,0.0,0.0,0.0,0.0,0.0,0.0,0.0,0.0,0.0,0.0,0.0,0.0,0.0,0.0,0.0,0.0,0.0,0.0,0.0,0.0,0.0,0.0,0.0,0.0,0.0,0.0,0.0,0.0,0.0,0.0,0.008647526350451547
t133,0.0,0.0,0.0004018751794005232,9.536275217623105e-5,0.00017693741653413724,8.67509608246545e-5,0.0002941693562409485,0.002236458978125232,1.9040586332134401e-6,2.2898093184961896e-6,0.0,0.0,0.0,0.0,0.0,0.0002671206584298265,9.568312265305553e-5,0.00043645946324143354,0.0013420067664894517,0.0004913419857444914,1.4272309457602421e-6,1.5261801366822802e-6,0.0,0.0,0.0,0.0,0.0,8.507237702523216e-5,0.00019178647479257716,4.9829292232991204e-5,5.43275250415207e-5,0.0002378943212511657,0.0014216207382863806,2.2322211456590136e-6,1.8671854411235915e-6,0.0,0.0,0.00010849812289513603,0.00013265046286911643,0.00017598219063777172,0.0,4.210745669453903e-6,9.686323685911653e-5,0.00015940037525698198,0.00019966606644597357,0.0,5.0863840463707235e-6,8.472948198141043e-5,0.00013615787440629157,0.00018081231894021647,0.0,3.0066990312793285e-6,0.0,0.0,0.0,0.0,0.0,0.0,0.0,0.0,0.0,0.0,0.0,0.0,0.0,0.0,0.0,0.0,0.0,0.0,0.0,0.0,0.0,0.0,0.0,0.0,0.0,0.0,0.0,0.0,0.0,0.0,0.0,0.0,0.0,0.0,0.0,0.0,0.0,0.0,0.0,0.0,0.0,0.0,0.0,0.0,0.0,0.009263008013149904
t134,0.0,0.0,0.00046096602579839916,0.00011474126039035957,0.0001936929988498519,0.00010291866706945883,0.00031187547712679833,0.0024405001829586543,2.00528729475041e-6,2.4154781087549535e-6,0.0,0.0,0.0,0.0,0.0,0.0003028569367937989,0.0001108557214523168,0.00046006058323550696,0.0014375932441097238,0.0005376354368127837,1.4903518098584007e-6,1.5923657271756036e-6,0.0,0.0,0.0,0.0,0.0,9.751304948173383e-5,0.00021206387430754836,5.6231381554708006e-5,5.944549934040776e-5,0.00025316186516947915,0.0015561691388160624,2.322611619664828e-6,1.9432045360815496e-6,0.0,0.0,0.00011729167170503107,0.00014642293995154276,0.00019236149097517582,0.0,4.356763189652426e-6,0.00010417526169913537,0.0001838537668567351,0.0002204296239749323,0.0,5.322873872442731e-6,9.027435979551747e-5,0.0001553938889987416,0.00019754395061104437,0.0,3.126145685554995e-6,0.0,0.0,0.0,0.0,0.0,0.0,0.0,0.0,0.0,0.0,0.0,0.0,0.0,0.0,0.0,0.0,0.0,0.0,0.0,0.0,0.0,0.0,0.0,0.0,0.0,0.0,0.0,0.0,0.0,0.0,0.0,0.0,0.0,0.0,0.0,0.0,0.0,0.0,0.0,0.0,0.0,0.0,0.0,0.0,0.0,0.010140603379679383
t135,0.0,0.0,0.0005561827735973371,0.00014734614646963153,0.00021636711456859715,0.00012948555132380875,0.0003413343372070942,0.002749897510531171,2.1166136412703683e-6,2.554616073992633e-6,0.0,0.0,0.0,0.0,0.0,0.00035651649700093924,0.00013386906925151468,0.0004920495949556426,0.0015722216286305109,0.0006013966770304062,1.5581825300592494e-6,1.6634121805672672e-6,0.0,0.0,0.0,0.0,0.0,0.00011627181653742635,0.00024198386838266583,6.61851127367739e-5,6.704680228458602e-5,0.00027492357292870464,0.0017341763711906646,2.426130166582697e-6,2.0292448709029442e-6,0.0,0.0,0.00012969200599394052,0.00016673111170885843,0.0002206839276871348,0.0,4.5141703378895584e-6,0.00011580234168424074,0.00022424640741281198,0.00025620258992496497,0.0,5.577830763380213e-6,9.825407977051677e-5,0.00018579479918843928,0.00022519765604053494,0.0,3.2525674169759877e-6,0.0,0.0,0.0,0.0,0.0,0.0,0.0,0.0,0.0,0.0,0.0,0.0,0.0,0.0,0.0,0.0,0.0,0.0,0.0,0.0,0.0,0.0,0.0,0.0,0.0,0.0,0.0,0.0,0.0,0.0,0.0,0.0,0.0,0.0,0.0,0.0,0.0,0.0,0.0,0.0,0.0,0.0,0.0,0.0,0.0,0.011445552132020538
t136,0.0,0.0,0.0007396110012467174,0.00021528947396388874,0.0002491122050014087,0.00018240272458993232,0.00039608028419065754,0.0032772135720824927,2.2396624195162374e-6,2.7099607371898634e-6,0.0,0.0,0.0,0.0,0.0,0.0004472194937576288,0.00017348109319553429,0.0005376436839037178,0.0017879729515561256,0.0007017423494774233,1.6316269173727185e-6,1.7403200377052068e-6,0.0,0.0,0.0,0.0,0.0,0.00014888476557969838,0.00029139962302989424,8.425771378357866e-5,7.962758120805368e-5,0.00031012300738006004,0.0019983316332080896,2.54788922097175e-6,2.132414392889768e-6,0.0,0.0,0.0001498843892775419,0.0002013195789961464,0.000235861835029745,0.0,4.6867348598535855e-6,0.00013593782835730396,0.00030508233460388597,0.0002798263024806818,0.0,5.852250329862194e-6,0.00011095970343702858,0.0002429333930144348,0.00023889080898194113,0.0,3.3883700771242854e-6,0.0,0.0,0.0,0.0,0.0,0.0,0.0,0.0,0.0,0.0,0.0,0.0,0.0,0.0,0.0,0.0,0.0,0.0,0.0,0.0,0.0,0.0,0.0,0.0,0.0,0.0,0.0,0.0,0.0,0.0,0.0,0.0,0.0,0.0,0.0,0.0,0.0,0.0,0.0,0.0,0.0,0.0,0.0,0.0,0.0,0.013548018560326096
t137,0.0,0.0,0.0012518852780541933,0.0004428187758911119,0.00030083796409381545,0.0003401762759869557,0.0005162811467125804,0.004357204120569736,2.374631790399222e-6,2.8824448450252463e-6,0.0,0.0,0.0,0.0,0.0,0.0006506161253715076,0.00026594537745987744,0.000607865817821856,0.002201515093279685,0.0008948018121353945,1.709515918986535e-6,1.8221590764756567e-6,0.0,0.0,0.0,0.0,0.0,0.00021506876195737389,0.0003837529846993253,0.00012241438573484147,0.00010145943202565618,0.00037604150205831764,0.002444874561286904,2.686343610565095e-6,2.2493337358422285e-6,0.0,0.0,0.00018617667281844622,0.0002697195682100239,0.0002801741345192783,0.0,4.875307524965331e-6,0.00017693640803603577,0.0005459501263758551,0.00035007954573402773,0.0,6.144915204585361e-6,0.00013317753773196776,0.00039592045996807916,0.00028338944629696753,0.0,3.518985170738435e-6,0.0,0.0,0.0,0.0,0.0,0.0,0.0,0.0,0.0,0.0,0.0,0.0,0.0,0.0,0.0,0.0,0.0,0.0,0.0,0.0,0.0,0.0,0.0,0.0,0.0,0.0,0.0,0.0,0.0,0.0,0.0,0.0,0.0,0.0,0.0,0.0,0.0,0.0,0.0,0.0,0.0,0.0,0.0,0.0,0.0,0.0181233469517074
t138,0.0,0.0,0.010191319901790867,53.992478573235246,0.0003977400991466655,15.954987270716611,0.0009194460553780436,0.007845302766526898,2.5198469129684576e-6,3.0709463317133298e-6,0.0,0.0,0.0,0.0,0.0,0.0016201615390507578,0.0008553734719006845,0.0007309353448763063,0.0032981215646929927,0.0014499876553403781,1.791404830781475e-6,1.9083840678977805e-6,0.0,0.0,0.0,0.0,0.0,0.00044720929110637426,0.0006396499502594472,0.00027353298720829867,0.0001549895000080537,0.0005331669126919958,0.0033836226627987505,2.8405208010069767e-6,2.3806131062569246e-6,0.0,0.0,0.0002727759857024711,0.0004735120193746506,0.00037114244102043245,0.0,5.077620658207767e-6,0.00030570052101998925,79.63380317595332,0.0005207702151240459,0.0,6.4283579532808215e-6,0.00018561404242415237,0.005744187602376877,0.0003811820473323692,0.0,3.6605115914529184e-6,0.0,0.0,0.0,0.0,0.0,0.0,0.0,0.0,0.0,0.0,0.0,0.0,0.0,0.0,0.0,0.0,0.0,0.0,0.0,0.0,0.0,0.0,0.0,0.0,0.0,0.0,0.0,0.0,0.0,0.0,0.0,0.0,0.0,0.0,0.0,0.0,0.0,0.0,0.0,0.0,0.0,0.0,0.0,0.0,0.0,149.6222941426886
t139,0.0,0.0,0.0024333430142540894,0.0013019597737208256,0.00032768457155559405,0.001172383827009408,0.0006157859695970467,0.0050335598725205575,2.4510150273976306e-6,2.9830397813199496e-6,0.0,0.0,0.0,0.0,0.0,0.0008800395460282504,0.0003536547730396345,0.0006543624044287447,0.0023963852621281135,0.0009758583469019923,1.7836884797017384e-6,1.9011948285912173e-6,0.0,0.0,0.0,0.0,0.0,51.99403749493873,7.31302448199423,59.99602728326478,0.0004523743443162478,0.0012921345247277874,0.006969954341623057,3.0115135485213004e-6,2.5301341619230214e-6,0.0,0.0,0.0007537847210839746,0.006925118507784903,0.0005404786075816691,0.0,5.278481132332649e-6,0.00018988248343523195,0.0005366865446382971,0.00036423997577235867,0.0,6.3422475930260405e-6,0.00013834820694206366,0.000491301320650665,0.00028509253696256054,0.0,3.665410729380129e-6,0.0,0.0,0.0,0.0,0.0,0.0,0.0,0.0,0.0,0.0,0.0,0.0,0.0,0.0,0.0,0.0,0.0,0.0,0.0,0.0,0.0,0.0,0.0,0.0,0.0,0.0,0.0,0.0,0.0,0.0,0.0,0.0,0.0,0.0,0.0,0.0,0.0,0.0,0.0,0.0,0.0,0.0,0.0,0.0,0.0,119.33820362039972
t140,0.0,0.0,0.001427267868552809,0.00042497368405514606,0.0002862484840342219,0.0004351329198559965,0.0004988112733373537,0.003967739052496957,2.36965505272518e-6,2.8801892478662276e-6,0.0,0.0,0.0,0.0,0.0,0.0006503975905841642,0.0002388122974766766,0.0006107341886336913,0.002001056459159862,0.0007828023448247901,1.7645991433511394e-6,1.882445877390417e-6,0.0,0.0,0.0,0.0,0.0,0.0011091598863314153,0.002536718564254401,0.0008824857677769269,0.00023189775906615553,0.0006816528650983567,0.0039800324350633765,2.914936147670578e-6,2.4539788142037103e-6,0.0,0.0,0.00023059777691258093,0.00030870345381693825,0.0003724032429079838,0.0,5.210072892037732e-6,0.00014860527514099815,0.00027963174459910884,0.00030844689419176586,0.0,6.164827448032647e-6,0.00011715660665729126,0.00027966029339786806,0.00025089876038200784,0.0,3.635389201616125e-6,0.0,0.0,0.0,0.0,0.0,0.0,0.0,0.0,0.0,0.0,0.0,0.0,0.0,0.0,0.0,0.0,0.0,0.0,0.0,0.0,0.0,0.0,0.0,0.0,0.0,0.0,0.0,0.0,0.0,0.0,0.0,0.0,0.0,0.0,0.0,0.0,0.0,0.0,0.0,0.0,0.0,0.0,0.0,0.0,0.0,0.023071303582433735
t141,0.0,0.0,0.0010187617623613802,0.0002536354330266611,0.00025786641793328573,0.00026419329118635413,0.0004344810658929315,0.0033761967892023395,2.290548512432748e-6,2.782691280268121e-6,0.0,0.0,0.0,0.0,0.0,0.0005306843454754151,0.0001843168658854825,0.0005821104024349925,0.0017665906114583236,0.0006725432338414109,1.7440886525707042e-6,1.8617083777457904e-6,0.0,0.0,0.0,0.0,0.0,0.00037937087019376706,0.0010070666677653548,0.00028035879550198436,0.00016827210317164426,0.000504152922449069,0.0029973895231808867,2.7968065318891556e-6,2.358384964683363e-6,0.0,0.0,0.00015094987574355202,0.00016714341767115525,0.00031278958152317884,0.0,5.0690260321093745e-6,0.00012719021008025737,0.00019753436759449247,0.0002825631175490317,0.0,5.992908101021483e-6,0.0001053446168548037,0.0002057450657896569,0.00023507999983804327,0.0,3.6027859302638677e-6,0.0,0.0,0.0,0.0,0.0,0.0,0.0,0.0,0.0,0.0,0.0,0.0,0.0,0.0,0.0,0.0,0.0,0.0,0.0,0.0,0.0,0.0,0.0,0.0,0.0,0.0,0.0,0.0,0.0,0.0,0.0,0.0,0.0,0.0,0.0,0.0,0.0,0.0,0.0,0.0,0.0,0.0,0.0,0.0,0.0,0.01649083030198844
t142,0.0,0.0,0.0007971150614952557,0.00018163487523949862,0.00023688621851914072,0.00018974249616162946,0.00039278862093736455,0.0029898460311853074,2.215302275660729e-6,2.6911410696343885e-6,0.0,0.0,0.0,0.0,0.0,0.00045392965704374016,0.00015152302385808096,0.0005608684232383122,0.00160538229585068,0.0005989107817994878,1.7227129860141568e-6,1.839893982303771e-6,0.0,0.0,0.0,0.0,0.0,0.00022728913970513422,0.000625694033905949,0.00016013865222908125,0.00013491759768694927,0.00041246287836287966,0.0024756196219368866,2.6536900817772743e-6,2.2446740988493192e-6,0.0,0.0,0.00011617265009839779,0.00012267677607658774,0.0002545620510239498,0.0,4.901761948334438e-6,0.00011426117071226043,0.00015774505236857594,0.00024186271191834074,0.0,5.828245209407678e-6,9.770581157860296e-5,0.0001676190244453905,0.00020373578179475095,0.0,3.5685161606748845e-6,0.0,0.0,0.0,0.0,0.0,0.0,0.0,0.0,0.0,0.0,0.0,0.0,0.0,0.0,0.0,0.0,0.0,0.0,0.0,0.0,0.0,0.0,0.0,0.0,0.0,0.0,0.0,0.0,0.0,0.0,0.0,0.0,0.0,0.0,0.0,0.0,0.0,0.0,0.0,0.0,0.0,0.0,0.0,0.0,0.0,0.01369875637698489
t143,0.0,0.0,0.0006572698863684965,0.00014193853395334918,0.00022048035218272212,0.00014820777110114206,0.00036277314178860743,0.0027121438279268544,2.144115766516942e-6,2.6057499178403935e-6,0.0,0.0,0.0,0.0,0.0,0.00039842329229490076,0.0001291599930868728,0.0005425785363750024,0.0014834067643195478,0.0005447071300548518,1.7013939313059547e-6,1.8183154224834232e-6,0.0,0.0,0.0,0.0,0.0,0.00016470491190499173,0.0004571609704556382,0.00011378084043416318,0.00011637539116104473,0.0003566011377772784,0.002144844413398903,2.60729587994896e-6,2.201235289961046e-6,0.0,0.0,0.00010096346892841975,0.00010289289999306036,0.00023094750534919775,0.0,4.827099030133328e-6,0.00010586580133901514,0.00013483407426979007,0.00022567626596205957,0.0,5.669996810121772e-6,9.232183810622197e-5,0.00014430617916579626,0.00019195757386102657,0.0,3.536263630094187e-6,0.0,0.0,0.0,0.0,0.0,0.0,0.0,0.0,0.0,0.0,0.0,0.0,0.0,0.0,0.0,0.0,0.0,0.0,0.0,0.0,0.0,0.0,0.0,0.0,0.0,0.0,0.0,0.0,0.0,0.0,0.0,0.0,0.0,0.0,0.0,0.0,0.0,0.0,0.0,0.0,0.0,0.0,0.0,0.0,0.0,0.01205143396723736
t144,0.0,0.0,0.000561161013949157,0.00011673893417295533,0.0002070956041655293,0.00012172122767656523,0.00033945241396284584,0.00249930253504948,2.077126219528017e-6,2.5259658760696425e-6,0.0,0.0,0.0,0.0,0.0,0.00035411064586149545,0.00011248315320704175,0.000523861418525376,0.0013844343148950468,0.0005021369527525964,1.679399174970214e-6,1.7959464173217397e-6,0.0,0.0,0.0,0.0,0.0,0.0001293339216843011,0.0003607443598803966,8.795568472046228e-5,0.00010255645540245842,0.000317004020890905,0.0019089744318932969,2.5409698170443722e-6,2.1461100408044874e-6,0.0,0.0,9.113180504234395e-5,9.201696479551497e-5,0.0002209206630242771,0.0,4.733552731947326e-6,0.0001000393101526094,0.00012008103920095703,0.00021996782648042926,0.0,5.519479045023042e-6,8.81302595642545e-5,0.00012820620629531022,0.00018801970483045544,0.0,3.5032388105601765e-6,0.0,0.0,0.0,0.0,0.0,0.0,0.0,0.0,0.0,0.0,0.0,0.0,0.0,0.0,0.0,0.0,0.0,0.0,0.0,0.0,0.0,0.0,0.0,0.0,0.0,0.0,0.0,0.0,0.0,0.0,0.0,0.0,0.0,0.0,0.0,0.0,0.0,0.0,0.0,0.0,0.0,0.0,0.0,0.0,0.0,0.01090410265620933
t145,0.0,0.0,0.0004919020821161987,9.927489658057425e-5,0.00019578824504729186,0.0001033303182726075,0.0003201337856506697,0.0023279310780112894,2.0134825915653516e-6,2.450389629811732e-6,0.0,0.0,0.0,0.0,0.0,0.0003132674474033563,9.863303047850785e-5,0.0005014591472359086,0.0012998756635754366,0.00046714205612811185,1.6570378657404466e-6,1.7731574345192947e-6,0.0,0.0,0.0,0.0,0.0,0.00010657798178723748,0.00029861166119572047,7.166669737920732e-5,9.160589319680245e-5,0.0002866495214709063,0.0017319800206950682,2.4691922829372146e-6,2.082875665595771e-6,0.0,0.0,8.4765293650196e-5,8.550985072261358e-5,0.00019517935111896596,0.0,4.63140007842951e-6,9.571118014937421e-5,0.00010964825517787803,0.0001964836910497477,0.0,5.371149971525326e-6,8.455552400913505e-5,0.00011602711156940952,0.00016777900506616993,0.0,3.4693414802817592e-6,0.0,0.0,0.0,0.0,0.0,0.0,0.0,0.0,0.0,0.0,0.0,0.0,0.0,0.0,0.0,0.0,0.0,0.0,0.0,0.0,0.0,0.0,0.0,0.0,0.0,0.0,0.0,0.0,0.0,0.0,0.0,0.0,0.0,0.0,0.0,0.0,0.0,0.0,0.0,0.0,0.0,0.0,0.0,0.0,0.0,0.00996740681573879
t146,0.0,0.0,0.0004393528725261394,8.644967528014353e-5,0.00018592513207554598,8.982500622007242e-5,0.00030320595610202873,0.0021837986920164565,1.9527894520946505e-6,2.378830635307878e-6,0.0,0.0,0.0,0.0,0.0,0.00027599267443217907,8.700514588037402e-5,0.00047540142727231743,0.001224007425469407,0.0004369490016068633,1.634056444964442e-6,1.7496385131655824e-6,0.0,0.0,0.0,0.0,0.0,9.081665873120957e-5,0.000253104932427336,6.053774241421232e-5,8.26460018742208e-5,0.0002620509241819354,0.0015908957756629314,2.4019287307460023e-6,2.021437708284361e-6,0.0,0.0,8.028266706485504e-5,8.1063822747286e-5,0.00018521365445615828,0.0,4.533659478449515e-6,9.211102461479031e-5,0.00010153269728782172,0.00018839628646573513,0.0,5.229201198769994e-6,8.104645394028783e-5,0.00010614874140545519,0.00016041124666560649,0.0,3.4351186855467977e-6,0.0,0.0,0.0,0.0,0.0,0.0,0.0,0.0,0.0,0.0,0.0,0.0,0.0,0.0,0.0,0.0,0.0,0.0,0.0,0.0,0.0,0.0,0.0,0.0,0.0,0.0,0.0,0.0,0.0,0.0,0.0,0.0,0.0,0.0,0.0,0.0,0.0,0.0,0.0,0.0,0.0,0.0,0.0,0.0,0.0,0.009229508299668697
t147,0.0,0.0,0.0003977016937126553,7.661491288888564e-5,0.00017713329799428227,7.947938230966878e-5,0.00028770853528938553,0.002058306870097322,1.8955885318559932e-6,2.310496966894367e-6,0.0,0.0,0.0,0.0,0.0,0.00024414821400927717,7.741294622548928e-5,0.00044788977202468017,0.0011529063754600359,0.0004095360113387708,1.6108006368103207e-6,1.7257899840369287e-6,0.0,0.0,0.0,0.0,0.0,7.914451816500804e-5,0.00022013081987054726,5.238573041099935e-5,7.492250980674635e-5,0.00024129580304672508,0.0014739218251445636,2.3388994086989218e-6,1.962966759734203e-6,0.0,0.0,7.671159977522684e-5,7.750276297459613e-5,0.00018252092070131565,0.0,4.440705100653117e-6,8.87731485805269e-5,9.444050508330294e-5,0.00018730474770381825,0.0,5.093267260820347e-6,7.685820391881379e-5,9.583237087768243e-5,0.00015827734492729274,0.0,3.399379911901794e-6,0.0,0.0,0.0,0.0,0.0,0.0,0.0,0.0,0.0,0.0,0.0,0.0,0.0,0.0,0.0,0.0,0.0,0.0,0.0,0.0,0.0,0.0,0.0,0.0,0.0,0.0,0.0,0.0,0.0,0.0,0.0,0.0,0.0,0.0,0.0,0.0,0.0,0.0,0.0,0.0,0.0,0.0,0.0,0.0,0.0,0.008613638716899024
t148,0.0,0.0,0.0003634853294382232,6.882644366524221e-5,0.00016909420209813296,7.129567838648542e-5,0.0002729257930462415,0.0019454966593009815,1.8421406990925301e-6,2.2450112514995724e-6,0.0,0.0,0.0,0.0,0.0,0.00021699782811542858,6.940071817404135e-5,0.00041977363539026213,0.0010819885415103607,0.0003826883136339766,1.5875697722971344e-6,1.7019976842284738e-6,0.0,0.0,0.0,0.0,0.0,7.009469859239244e-5,0.00019511754391257134,4.61281017177371e-5,6.799103157466922e-5,0.00022314867381944523,0.0013734243841184179,2.2771796120553067e-6,1.905342531148084e-6,0.0,0.0,7.33104883311691e-5,7.381131770144072e-5,0.00016422614208801186,0.0,4.349427910057417e-6,8.542446848118351e-5,8.773723692200368e-5,0.00016967567062467078,0.0,4.962623445279184e-6,7.176339843489082e-5,8.570439060440527e-5,0.00014133249816271123,0.0,3.3621886369486977e-6,0.0,0.0,0.0,0.0,0.0,0.0,0.0,0.0,0.0,0.0,0.0,0.0,0.0,0.0,0.0,0.0,0.0,0.0,0.0,0.0,0.0,0.0,0.0,0.0,0.0,0.0,0.0,0.0,0.0,0.0,0.0,0.0,0.0,0.0,0.0,0.0,0.0,0.0,0.0,0.0,0.0,0.0,0.0,0.0,0.0,0.008015096669387704
t149,0.0,0.0,0.00033466405665839914,6.248495748304004e-5,0.00016157362783130106,6.46596166902963e-5,0.0002582368596057962,0.0018408900633340405,1.791820750526973e-6,2.182170054247266e-6,0.0,0.0,0.0,0.0,0.0,0.0001933178711176604,6.25509018260211e-5,0.0003912120242190513,0.0010040522508139346,0.0003535338785720973,1.564945922409111e-6,1.678866192320462e-6,0.0,0.0,0.0,0.0,0.0,6.296659966492516e-5,0.00017558943057512162,4.133782094311191e-5,6.181020001559224e-5,0.00020675010312227728,0.00128445002626504,2.2163558757647786e-6,1.8485090345660369e-6,0.0,0.0,6.965074384466177e-5,6.955171348308122e-5,0.00015727735894055248,0.0,4.26145154663392e-6,8.173756632414816e-5,8.112127957905636e-5,0.00016408854819266664,0.0,4.836595280684432e-6,6.589631586477735e-5,7.640538241589692e-5,0.0001341425636527358,0.0,3.324834969000069e-6,0.0,0.0,0.0,0.0,0.0,0.0,0.0,0.0,0.0,0.0,0.0,0.0,0.0,0.0,0.0,0.0,0.0,0.0,0.0,0.0,0.0,0.0,0.0,0.0,0.0,0.0,0.0,0.0,0.0,0.0,0.0,0.0,0.0,0.0,0.0,0.0,0.0,0.0,0.0,0.0,0.0,0.0,0.0,0.0,0.0,0.007483657310661435
t150,0.0,0.0,0.00030967266679273977,5.711406323920006e-5,0.0001544316170960547,5.912858601399321e-5,0.00024301528849151146,0.001739977268397899,1.7440937806152983e-6,2.1220588039206373e-6,0.0,0.0,0.0,0.0,0.0,0.00017193814760250986,5.6566848482240306e-5,0.00036197990821205115,0.0009155969745184362,0.0003235644115325464,1.5423290012997295e-6,1.6544862311648003e-6,0.0,0.0,0.0,0.0,0.0,5.693092582847155e-5,0.00015810526179070372,3.730338296704948e-5,5.613407623339215e-5,0.00019127196410512453,0.0012025102391503004,2.1859349513071625e-6,1.8234074795945474e-6,0.0,0.0,6.550176161684526e-5,6.412024144266166e-5,0.0001550292838539389,0.0,4.222855048572434e-6,7.74711335304295e-5,7.492951092508281e-5,0.0001634610189332797,0.0,4.7144906993858444e-6,5.9322947705302376e-5,6.688447927730533e-5,0.00013040524107780303,0.0,3.2880298649239245e-6,0.0,0.0,0.0,0.0,0.0,0.0,0.0,0.0,0.0,0.0,0.0,0.0,0.0,0.0,0.0,0.0,0.0,0.0,0.0,0.0,0.0,0.0,0.0,0.0,0.0,0.0,0.0,0.0,0.0,0.0,0.0,0.0,0.0,0.0,0.0,0.0,0.0,0.0,0.0,0.0,0.0,0.0,0.0,0.0,0.0,0.006975664934677657
t151,0.0,0.0,0.0003107148544906454,5.844836790875916e-5,0.00015314017846870681,6.0105377162102244e-5,0.00024228269806814162,0.001732853744169606,1.7167038036353085e-6,2.0884024735164247e-6,0.0,0.0,0.0,0.0,0.0,0.0001753493847728919,5.854407052102055e-5,0.0003617066315692519,0.0009305347654410764,0.0003296868041323926,1.5692021473668817e-6,1.6825475627807727e-6,0.0,0.0,0.0,0.0,0.0,5.702889184857054e-5,0.00015929915575086398,3.677918922261427e-5,5.415972074814349e-5,0.00018667866120703145,0.0011863665174687537,2.179092471924472e-6,1.817403743416047e-6,0.0,0.0,6.595338516597585e-5,6.5122930850164e-5,0.0001449877265384773,0.0,4.212023021575798e-6,7.81186323000605e-5,8.138116667880047e-5,0.0001542329053774748,0.0,4.654765111077762e-6,6.038335217011048e-5,7.177622716494016e-5,0.00012715107924872948,0.0,3.3529838579393304e-6,0.0,0.0,0.0,0.0,0.0,0.0,0.0,0.0,0.0,0.0,0.0,0.0,0.0,0.0,0.0,0.0,0.0,0.0,0.0,0.0,0.0,0.0,0.0,0.0,0.0,0.0,0.0,0.0,0.0,0.0,0.0,0.0,0.0,0.0,0.0,0.0,0.0,0.0,0.0,0.0,0.0,0.0,0.0,0.0,0.0,0.006966059542638538
t152,0.0,0.0,0.000310931003076694,5.984789775447879e-5,0.00015159138671363092,6.112608375448163e-5,0.00023890372558926857,0.0017151005907045497,1.689300019135377e-6,2.0553619746861384e-6,0.0,0.0,0.0,0.0,0.0,0.0002020650113087629,6.83336929715214e-5,0.00039017587119988267,0.0010424002306201189,0.0003710666337682659,1.6300321278001683e-6,1.7466839521336785e-6,0.0,0.0,0.0,0.0,0.0,6.031073168991889e-5,0.0001643849487482111,3.8884664697514426e-5,5.482948957608468e-5,0.0001882841968416561,0.0011979608828671948,2.1621508464725207e-6,1.7955447824588551e-6,0.0,0.0,6.87179184532997e-5,7.183884651102634e-5,0.00014787774978298812,0.0,4.191902275654438e-6,7.76621177644503e-5,8.704218981007807e-5,0.00015425834088941622,0.0,4.59856652289828e-6,6.778757373655941e-5,8.668845205593703e-5,0.0001422854065484423,0.0,3.4734976596388546e-6,0.0,0.0,0.0,0.0,0.0,0.0,0.0,0.0,0.0,0.0,0.0,0.0,0.0,0.0,0.0,0.0,0.0,0.0,0.0,0.0,0.0,0.0,0.0,0.0,0.0,0.0,0.0,0.0,0.0,0.0,0.0,0.0,0.0,0.0,0.0,0.0,0.0,0.0,0.0,0.0,0.0,0.0,0.0,0.0,0.0,0.007243698677595311
t153,0.0,0.0,0.00031023312688383675,6.129845094776585e-5,0.0001497912534616857,6.218025840280549e-5,0.00023278001468623493,0.0016867037950562208,1.6627577725770123e-6,2.0233999510586938e-6,0.0,0.0,0.0,0.0,0.0,0.00023718342383926048,8.195413638124452e-5,0.0004199462015547797,0.0011690081608548585,0.00042128509413136994,1.6973846787114604e-6,1.8177419273326615e-6,0.0,0.0,0.0,0.0,0.0,6.338636078937288e-5,0.0001682796631063424,4.0789491921271165e-5,5.466670078874956e-5,0.00018788158522288611,0.0012015329318380017,2.148193772753487e-6,1.7781712964571914e-6,0.0,0.0,7.004465168429733e-5,7.796076417025907e-5,0.00015469655833524274,0.0,4.182322825196237e-6,7.618589222636014e-5,9.141543419471122e-5,0.00015883184573448224,0.0,4.544654181493464e-6,7.584280947059264e-5,0.000107905429125637,0.0001649033263357456,0.0,3.603100640372806e-6,0.0,0.0,0.0,0.0,0.0,0.0,0.0,0.0,0.0,0.0,0.0,0.0,0.0,0.0,0.0,0.0,0.0,0.0,0.0,0.0,0.0,0.0,0.0,0.0,0.0,0.0,0.0,0.0,0.0,0.0,0.0,0.0,0.0,0.0,0.0,0.0,0.0,0.0,0.0,0.0,0.0,0.0,0.0,0.0,0.0,0.007550145088189969
t154,0.0,0.0,0.0003117759849752831,6.387423646038645e-5,0.00014790256155668206,6.426384057537304e-5,0.0002254453330719269,0.0016573067041946335,1.6402088598801416e-6,1.994125199334306e-6,0.0,0.0,0.0,0.0,0.0,0.00028621189083444037,0.00010220878224881117,0.0004541757397381547,0.0013219313255338977,0.0004855108408297892,1.7695376714199597e-6,1.8938580151711852e-6,0.0,0.0,0.0,0.0,0.0,6.785453222057647e-5,0.00017349569945736596,4.381420600413344e-5,5.467909806286797e-5,0.00018683111128735248,0.0012032973869522472,2.142530390619873e-6,1.7700054853027491e-6,0.0,0.0,7.104386619467205e-5,8.35807074971537e-5,0.00014639847380035076,0.0,4.200316048644498e-6,7.411774955640244e-5,9.493899321154421e-5,0.00014848308025794,0.0,4.507935537150335e-6,8.476426215475226e-5,0.00014051922444783142,0.0001751609149728793,0.0,3.7395277558756876e-6,0.0,0.0,0.0,0.0,0.0,0.0,0.0,0.0,0.0,0.0,0.0,0.0,0.0,0.0,0.0,0.0,0.0,0.0,0.0,0.0,0.0,0.0,0.0,0.0,0.0,0.0,0.0,0.0,0.0,0.0,0.0,0.0,0.0,0.0,0.0,0.0,0.0,0.0,0.0,0.0,0.0,0.0,0.0,0.0,0.0,0.007893244591060847
t155,0.0,0.0,0.0004391504463575922,9.004724591853045e-5,0.0001728230304250746,9.259206779465987e-5,0.0002913368800939989,0.002074870269858729,1.6971579487521292e-6,2.0635590015128114e-6,0.0,0.0,0.0,0.0,0.0,0.00036312626465734933,0.00013613116975903618,0.000498456805070964,0.0015304640324856449,0.0005766908375595837,1.8452708116162199e-6,1.973718692846341e-6,0.0,0.0,0.0,0.0,0.0,0.00010637753957100504,0.0002886910572876953,8.102160216638141e-5,8.022742115029048e-5,0.0002619687676941071,0.0015785705606937107,2.2529442966338265e-6,1.8587917926784253e-6,0.0,0.0,9.913386673774078e-5,0.0001311464787779457,0.00018152068424686328,0.0,4.371673123806062e-6,9.490047300027273e-5,0.00014510355590947318,0.0001750719472813412,0.0,4.641736155132364e-6,9.598332863869435e-5,0.0001904969556039752,0.00020222978464135336,0.0,3.8829068457406785e-6,0.0,0.0,0.0,0.0,0.0,0.0,0.0,0.0,0.0,0.0,0.0,0.0,0.0,0.0,0.0,0.0,0.0,0.0,0.0,0.0,0.0,0.0,0.0,0.0,0.0,0.0,0.0,0.0,0.0,0.0,0.0,0.0,0.0,0.0,0.0,0.0,0.0,0.0,0.0,0.0,0.0,0.0,0.0,0.0,0.0,0.010002720832050732
t156,0.0,0.0,0.0007855198638780597,0.00015497995435791856,0.0002087426138897684,0.00017047567987154153,0.0004240874640800875,0.0028226036933128094,1.760279954352394e-6,2.1411928035480635e-6,0.0,0.0,0.0,0.0,0.0,0.0005529563714790642,0.00022826585039081217,0.0005646813210007333,0.0019456043961681658,0.0007634678610371523,1.9229642884335793e-6,2.0558587119251475e-6,0.0,0.0,0.0,0.0,0.0,0.00023007655717839214,0.0009383193343867008,0.0003529680360508903,0.00015133428883397693,0.00043918374714048685,0.002338536968415814,2.3791752193242866e-6,1.9664360397065435e-6,0.0,0.0,0.0001600639539892071,0.0002796382828401731,0.00024578393109743273,0.0,4.569510742240376e-6,0.00013486292297403766,0.00031593116705628274,0.0002235501536202875,0.0,4.7960764076193075e-6,0.00011581441587111768,0.00036068341610066563,0.00025471118866141046,0.0,4.027301562393172e-6,0.0,0.0,0.0,0.0,0.0,0.0,0.0,0.0,0.0,0.0,0.0,0.0,0.0,0.0,0.0,0.0,0.0,0.0,0.0,0.0,0.0,0.0,0.0,0.0,0.0,0.0,0.0,0.0,0.0,0.0,0.0,0.0,0.0,0.0,0.0,0.0,0.0,0.0,0.0,0.0,0.0,0.0,0.0,0.0,0.0,0.015188462229412532
t157,0.0,0.0,0.0007788041189770823,0.00017459743708119878,0.00020476906930934506,0.0001886472948068595,0.000413059775332789,0.0027246291138787937,1.7349395124763492e-6,2.11182166290004e-6,0.0,0.0,0.0,0.0,0.0,0.0006047822973933902,0.00026700905646877065,0.0005719187770121173,0.001969169576868162,0.0007904206134591929,1.9681474738226414e-6,2.10382199341102e-6,0.0,0.0,0.0,0.0,0.0,0.0002748714837263692,0.0010842898607248813,0.0004917825841867693,0.00015462301428580306,0.00043272496419193983,0.0023566525983548066,2.4130068070015143e-6,2.002033134827628e-6,0.0,0.0,0.00015331163173375577,0.0002814074908377759,0.0002307381947500404,0.0,4.634302530709518e-6,0.0001287819082172696,0.0003248756457591798,0.00021058708732773075,0.0,4.765033101439601e-6,0.00011262309148908311,0.0003929374811084316,0.0002461055782393693,0.0,4.114766694378057e-6,0.0,0.0,0.0,0.0,0.0,0.0,0.0,0.0,0.0,0.0,0.0,0.0,0.0,0.0,0.0,0.0,0.0,0.0,0.0,0.0,0.0,0.0,0.0,0.0,0.0,0.0,0.0,0.0,0.0,0.0,0.0,0.0,0.0,0.0,0.0,0.0,0.0,0.0,0.0,0.0,0.0,0.0,0.0,0.0,0.0,0.015589967618431871
t158,0.0,0.0,0.0007792821708418814,0.00018569360305313457,0.00020191044133144589,0.0002002201411088086,0.00039643660680825714,0.002658292177237953,1.7049012578817325e-6,2.0777271483380282e-6,0.0,0.0,0.0,0.0,0.0,0.0007214331500822978,0.0003470620586772885,0.0005932678427875466,0.002087159153090135,0.0008551699467687204,1.9959860113979397e-6,2.132568559586093e-6,0.0,0.0,0.0,0.0,0.0,0.0003182032211995263,0.0012996758426470495,0.0005830386116133197,0.0001591450029076064,0.0004376444700794059,0.002413406520825807,2.3558007037462924e-6,1.9511224452785856e-6,0.0,0.0,0.00014181246979685008,0.0002721164356176998,0.0002326919645515083,0.0,4.591502682249808e-6,0.00012261304800438523,0.00031933970707429134,0.00020863884807547826,0.0,4.7109286403909944e-6,0.00011595877060472711,0.00047978845273881007,0.0002616548569752451,0.0,4.155952101855676e-6,0.0,0.0,0.0,0.0,0.0,0.0,0.0,0.0,0.0,0.0,0.0,0.0,0.0,0.0,0.0,0.0,0.0,0.0,0.0,0.0,0.0,0.0,0.0,0.0,0.0,0.0,0.0,0.0,0.0,0.0,0.0,0.0,0.0,0.0,0.0,0.0,0.0,0.0,0.0,0.0,0.0,0.0,0.0,0.0,0.0,0.016417332004049906
t159,0.0,0.0,0.0007813198491156367,0.00019847283035856163,0.00019954549863430174,0.0002131069540530804,0.0003873410282204267,0.0026135469475605227,1.6747237301244322e-6,2.043916360338354e-6,0.0,0.0,0.0,0.0,0.0,0.001002299782640473,0.0005704401015788729,0.0006312960009612052,0.002340594478120066,0.0009824234290084395,2.0240383207104744e-6,2.1615168135246224e-6,0.0,0.0,0.0,0.0,0.0,0.00038789484327359885,0.0016950552706451912,0.0007607280237553206,0.0001735092807155262,0.0004556332341104382,0.002508546251862043,2.3325601828840806e-6,1.929152946316233e-6,0.0,0.0,0.00013594951359624323,0.0002676643138213948,0.00024757520173248276,0.0,4.579771941698434e-6,0.00011829763812867772,0.00031512410625500394,0.00021433295143759962,0.0,4.656129244108993e-6,0.00012477175250580035,0.0007219581738107655,0.00029497368771962,0.0,4.1952320399776394e-6,0.0,0.0,0.0,0.0,0.0,0.0,0.0,0.0,0.0,0.0,0.0,0.0,0.0,0.0,0.0,0.0,0.0,0.0,0.0,0.0,0.0,0.0,0.0,0.0,0.0,0.0,0.0,0.0,0.0,0.0,0.0,0.0,0.0,0.0,0.0,0.0,0.0,0.0,0.0,0.0,0.0,0.0,0.0,0.0,0.0,0.018367998185200976
t160,0.0,0.0,0.0007848038454452819,0.00021503255541620439,0.00019761463244303998,0.00022861744183285304,0.00038458459239337317,0.002586369850963472,1.6450714133977795e-6,2.010970184367529e-6,0.0,0.0,0.0,0.0,0.0,0.002214533227398848,0.007849058271282868,0.0006947785094630646,0.0028722593981424615,0.0012526285869279205,2.0512397178339322e-6,2.189476911547569e-6,0.0,0.0,0.0,0.0,0.0,0.0005146321299369257,0.002608977464228716,0.0011446096128458374,0.00020124700212524594,0.0004889439695299818,0.0026420143479285877,2.3161191363731817e-6,1.915371954932696e-6,0.0,0.0,0.00013454691342214837,0.00027506978490374206,0.00024343122005002457,0.0,4.5734668331249075e-6,0.00011610834992919412,0.0003196788220079036,0.00020085692602909354,0.0,4.603768578294261e-6,0.0001426779619676129,0.0029809175799431534,0.00031337580096989047,0.0,4.2275025665321094e-6,0.0,0.0,0.0,0.0,0.0,0.0,0.0,0.0,0.0,0.0,0.0,0.0,0.0,0.0,0.0,0.0,0.0,0.0,0.0,0.0,0.0,0.0,0.0,0.0,0.0,0.0,0.0,0.0,0.0,0.0,0.0,0.0,0.0,0.0,0.0,0.0,0.0,0.0,0.0,0.0,0.0,0.0,0.0,0.0,0.0,0.03163290178482385
t161,0.0,0.0,0.0007898696876344966,0.00023668113213856995,0.00019600087026155167,0.00024720990614772204,0.00038711243508609145,0.00257345295885778,1.6165002670418918e-6,1.9792701678965443e-6,0.0,0.0,0.0,0.0,0.0,0.0025027617051258054,18.98120405378588,0.0007032941875903402,0.0027760965647034763,0.001176026843635373,2.016682191909966e-6,2.154047179283391e-6,0.0,0.0,0.0,0.0,0.0,0.0008159215578255546,14.570802780123799,0.0023714679665966126,0.0002499056184662832,0.0005447720276970504,0.0028303275721595646,2.298458481023249e-6,1.9013150701423847e-6,0.0,0.0,0.000139001541518776,0.00030612733888248274,0.00025797410094026017,0.0,4.566044789675416e-6,0.00011611217317663032,0.0003383107541407725,0.0002011483255208133,0.0,4.556206753664178e-6,0.00013613705604331847,0.0022471716741644435,0.0003063983605761466,0.0,4.1426661526898204e-6,0.0,0.0,0.0,0.0,0.0,0.0,0.0,0.0,0.0,0.0,0.0,0.0,0.0,0.0,0.0,0.0,0.0,0.0,0.0,0.0,0.0,0.0,0.0,0.0,0.0,0.0,0.0,0.0,0.0,0.0,0.0,0.0,0.0,0.0,0.0,0.0,0.0,0.0,0.0,0.0,0.0,0.0,0.0,0.0,0.0,33.57448134745962
t162,0.0,0.0,0.0007954010553187263,0.0002675395515714721,0.00019480108478604375,0.000268861825382992,0.00039531394244705486,0.00257758197111209,1.5896745410460236e-6,1.948135455193064e-6,0.0,0.0,0.0,0.0,0.0,0.0012073004356678166,0.0011125103610470513,0.0006551426069018457,0.0022179874927880637,0.0008802146843862141,1.936854025060183e-6,2.0701013015258514e-6,0.0,0.0,0.0,0.0,0.0,0.0029667126698046634,10.405144393522589,22.417965744355055,0.0003650238491839464,0.0006392229129936942,0.0031077537155283427,2.279500920897901e-6,1.887407636901462e-6,0.0,0.0,0.00015280516955290963,0.0004096059100215104,0.00029271337994021454,0.0,4.554251460661453e-6,0.00011850463874815447,0.0003822966164438611,0.0002096609859174951,0.0,4.5090490024885915e-6,0.00011375517157687505,0.00029730604683315216,0.00026937251379245084,0.0,3.984018905354645e-6,0.0,0.0,0.0,0.0,0.0,0.0,0.0,0.0,0.0,0.0,0.0,0.0,0.0,0.0,0.0,0.0,0.0,0.0,0.0,0.0,0.0,0.0,0.0,0.0,0.0,0.0,0.0,0.0,0.0,0.0,0.0,0.0,0.0,0.0,0.0,0.0,0.0,0.0,0.0,0.0,0.0,0.0,0.0,0.0,0.0,32.84303228546264
t163,0.0,0.0,0.0006663587644997445,0.0001895094365406987,0.0001851797092622493,0.0001943941772898977,0.0003659961031810365,0.002394905007676724,1.5488572622469362e-6,1.8964429274273717e-6,0.0,0.0,0.0,0.0,0.0,0.0008229985864283417,0.00042709701647470125,0.0006233185544183522,0.0019029295898369272,0.0007258154280735204,1.8628034650512037e-6,1.9920982538802856e-6,0.0,0.0,0.0,0.0,0.0,0.0002777253212775729,0.0013467225038570907,0.0002808708957969906,0.00023428586814273826,0.0004940944365986915,0.0025358824777432882,2.1957028859889675e-6,1.8249768987244516e-6,0.0,0.0,0.00011508742229858612,0.00016376786763256876,0.00024305972040031867,0.0,4.420811144443001e-6,0.00010978985275540558,0.00024271596242394543,0.0001874644541327456,0.0,4.415067771168146e-6,0.0001011423021424633,0.00017954707645385936,0.00022632489036399677,0.0,3.844325824184926e-6,0.0,0.0,0.0,0.0,0.0,0.0,0.0,0.0,0.0,0.0,0.0,0.0,0.0,0.0,0.0,0.0,0.0,0.0,0.0,0.0,0.0,0.0,0.0,0.0,0.0,0.0,0.0,0.0,0.0,0.0,0.0,0.0,0.0,0.0,0.0,0.0,0.0,0.0,0.0,0.0,0.0,0.0,0.0,0.0,0.0,0.015260984512135572
t164,0.0,0.0,0.0005698410333134919,0.0001470489848194331,0.00017633749813900473,0.00015103971484783124,0.0003428189325363275,0.0022454858580153525,1.5096195932319491e-6,1.8463464344601783e-6,0.0,0.0,0.0,0.0,0.0,0.0006311052692453107,0.00026660638250435134,0.0005995702002797754,0.0016886591351864446,0.0006263073006136558,1.7927042412345555e-6,1.918338972722333e-6,0.0,0.0,0.0,0.0,0.0,0.0001645884832530906,0.0006487419924165131,0.00015014999161893454,0.00017840167300106358,0.0004098846079570307,0.0021676894689423086,2.114315032380784e-6,1.76560868330338e-6,0.0,0.0,9.704519654423094e-5,0.00011584205288972433,0.00021907302599671666,0.0,4.305902059873971e-6,0.0001036368796155682,0.00018361622015719133,0.00018014423439072482,0.0,4.33223836406598e-6,9.32393441497152e-5,0.0001351605879976505,0.00020751504059930253,0.0,3.706011552535593e-6,0.0,0.0,0.0,0.0,0.0,0.0,0.0,0.0,0.0,0.0,0.0,0.0,0.0,0.0,0.0,0.0,0.0,0.0,0.0,0.0,0.0,0.0,0.0,0.0,0.0,0.0,0.0,0.0,0.0,0.0,0.0,0.0,0.0,0.0,0.0,0.0,0.0,0.0,0.0,0.0,0.0,0.0,0.0,0.0,0.0,0.012522840193964553
t165,0.0,0.0,0.0005006519365707179,0.00011880447649334913,0.00016800306038880389,0.0001233866192666085,0.00032217219100153,0.002117731204982382,1.4705337170660029e-6,1.7961766985304004e-6,0.0,0.0,0.0,0.0,0.0,0.0005143895228116154,0.00019476343417329815,0.0005790866462683851,0.0015286571778216442,0.0005550230430305615,1.7259838259460227e-6,1.8482400045695613e-6,0.0,0.0,0.0,0.0,0.0,0.00012762028676272614,0.00040690862139489755,8.897664107848553e-5,0.0001485479653420347,0.00036133135161917074,0.0019013760986104557,2.034615679295581e-6,1.7061384265196726e-6,0.0,0.0,8.770920626930467e-5,9.484591673699769e-5,0.00021738895757492436,0.0,4.187110318347088e-6,9.875423401287823e-5,0.0001485227753819278,0.00017954149519591045,0.0,4.243509678997348e-6,8.787527356565573e-5,0.00011177712259809084,0.00019900475414093638,0.0,3.56752149530009e-6,0.0,0.0,0.0,0.0,0.0,0.0,0.0,0.0,0.0,0.0,0.0,0.0,0.0,0.0,0.0,0.0,0.0,0.0,0.0,0.0,0.0,0.0,0.0,0.0,0.0,0.0,0.0,0.0,0.0,0.0,0.0,0.0,0.0,0.0,0.0,0.0,0.0,0.0,0.0,0.0,0.0,0.0,0.0,0.0,0.0,0.011005429842937864
t166,0.0,0.0,0.00044565946153145324,0.00010100087975893137,0.00016020830891802016,0.00010472401429770683,0.00030579686959190315,0.0020064450842913234,1.4322667511722158e-6,1.746311427752429e-6,0.0,0.0,0.0,0.0,0.0,0.00043635618672647125,0.00015418200218129784,0.0005584595729629746,0.0014038124547130415,0.0005015022837904797,1.6628761548802012e-6,1.781646511441868e-6,0.0,0.0,0.0,0.0,0.0,0.00010222448881646388,0.00031937825274739494,7.199118028161919e-5,0.00012476041161570776,0.00031825722208435645,0.0017010663294562726,1.9366171853481494e-6,1.6275297412384439e-6,0.0,0.0,7.911510214641443e-5,8.248214075946661e-5,0.0001932704165793057,0.0,4.043317815600924e-6,9.494040187571586e-5,0.000127382466188363,0.00016293746673256814,0.0,4.145420834828589e-6,8.445628125010257e-5,9.791777890843754e-5,0.00017556534277320338,0.0,3.4274120049846283e-6,0.0,0.0,0.0,0.0,0.0,0.0,0.0,0.0,0.0,0.0,0.0,0.0,0.0,0.0,0.0,0.0,0.0,0.0,0.0,0.0,0.0,0.0,0.0,0.0,0.0,0.0,0.0,0.0,0.0,0.0,0.0,0.0,0.0,0.0,0.0,0.0,0.0,0.0,0.0,0.0,0.0,0.0,0.0,0.0,0.0,0.009935695799406242
t167,0.0,0.0,0.00040248064835940814,8.822227425455744e-5,0.00015261408991803537,9.10392258043613e-5,0.0002909884880854973,0.001904478317823964,1.3936997863728764e-6,1.6959740087732525e-6,0.0,0.0,0.0,0.0,0.0,0.00037812939580018055,0.00012772223374077238,0.0005343543219502037,0.0012996357257438161,0.00045866278953838723,1.6028019793360142e-6,1.7181605145753482e-6,0.0,0.0,0.0,0.0,0.0,8.779636412387973e-5,0.0002690629683342349,6.232081796968412e-5,0.00010981503990980202,0.00028658587176347077,0.0015483535505343678,1.8893725688695148e-6,1.5959267391610097e-6,0.0,0.0,7.615463888673948e-5,7.700982317922855e-5,0.00018421650180411333,0.0,3.9598750520496214e-6,9.175521222621881e-5,0.00011502982196907672,0.00015756623765535984,0.0,4.040811407214904e-6,8.174872833394507e-5,8.890805241776213e-5,0.00016573642294161368,0.0,3.2848604103042613e-6,0.0,0.0,0.0,0.0,0.0,0.0,0.0,0.0,0.0,0.0,0.0,0.0,0.0,0.0,0.0,0.0,0.0,0.0,0.0,0.0,0.0,0.0,0.0,0.0,0.0,0.0,0.0,0.0,0.0,0.0,0.0,0.0,0.0,0.0,0.0,0.0,0.0,0.0,0.0,0.0,0.0,0.0,0.0,0.0,0.0,0.009151569045535338
t168,0.0,0.0,0.0003664545864343303,7.817176068820853e-5,0.00014499627576925126,8.039779184747923e-5,0.0002764673209181872,0.0018076511911693342,1.3521334027776588e-6,1.6427909155342927e-6,0.0,0.0,0.0,0.0,0.0,0.00031332361779329857,0.00010184449113521035,0.0005022655357458465,0.001208900253480736,0.00042282606715840666,1.5422659648088904e-6,1.6532388048493465e-6,0.0,0.0,0.0,0.0,0.0,7.756854218781541e-5,0.0002347464089252097,5.5051741466948514e-5,9.76515826085924e-5,0.00026070559091297975,0.0014220515287012361,1.8253246473035885e-6,1.5474365848200644e-6,0.0,0.0,7.32391743652217e-5,7.352993415609115e-5,0.00018263918867254895,0.0,3.853597708248234e-6,8.882155345648775e-5,0.00010645651817416449,0.00015758737596222903,0.0,3.926802219978921e-6,7.986972539565987e-5,8.248634546225404e-5,0.0001618844839939973,0.0,3.1381525741045743e-6,0.0,0.0,0.0,0.0,0.0,0.0,0.0,0.0,0.0,0.0,0.0,0.0,0.0,0.0,0.0,0.0,0.0,0.0,0.0,0.0,0.0,0.0,0.0,0.0,0.0,0.0,0.0,0.0,0.0,0.0,0.0,0.0,0.0,0.0,0.0,0.0,0.0,0.0,0.0,0.0,0.0,0.0,0.0,0.0,0.0,0.00847807032940415
